Customer Confirmation Number,Delivery Confirmation Number,Receive Date,Recipient Name,Address Line 1,Address Line 2,City,State,Zip or Postal Code,Country,Weight (LBs),Mail Product Name,Customer Reference,BOL Number,Last Event Description,Last Event Time,Pickup Account Number,DHL Tracking Number,Pickup Address
'20210203144128261O4NBLX0,',"02/04/2021 03:08:43 AM",MANAL ALI AL MAMARI,"AL ANSAB  WAY NO 9027 HOUSE NO 1882A","","MUSCAT","",'131,OM,0,"DHL Parcel Intl Standard","",'42638083,"EN ROUTE TO DHL ECOMMERCE",03:09:09 AM,5344480,'33882102043205011,"1584 CARROLL ST"
'2021020314353593422N4QKH,',"02/04/2021 03:08:44 AM",MAL SCHUBERT,"15 ANZAC PDE","","WERRIS CREEK","NSW",'2341,AU,0,"DHL Parcel Intl Standard","",'42638082,"EN ROUTE TO DHL ECOMMERCE",03:09:09 AM,5344480,'33882102043205020,"1584 CARROLL ST"
'20210203143400385FGMXOGO,',"02/04/2021 03:08:44 AM",SHELLEY HOWE,"336 HOTZ RD","","LOGAN VILLAGE","QLD",'4207,AU,0,"DHL Parcel Intl Standard","",'42638082,"EN ROUTE TO DHL ECOMMERCE",03:09:09 AM,5344480,'33882102043205014,"1584 CARROLL ST"
'20210203143400402IAD0QYS,',"02/04/2021 03:08:44 AM",ANNETTE MCLEAN,"9 CONJOLA CRES","","UPPER COOMERA","QLD",'4209,AU,0,"DHL Parcel Intl Standard","",'42638082,"EN ROUTE TO DHL ECOMMERCE",03:09:09 AM,5344480,'33882102043205015,"1584 CARROLL ST"
'202102031434003210IKZFQ5,',"02/04/2021 03:08:44 AM",ADI SONBOLYAN,"2 SMILANSKY STREET","","HERZELIA","",'4636120,IL,0,"DHL Parcel Intl Standard","",'42638082,"EN ROUTE TO DHL ECOMMERCE",03:09:09 AM,5344480,'33882102043205013,"1584 CARROLL ST"
'20210203143535916ND3MKHR,',"02/04/2021 03:08:44 AM",RACHEL RATZIV,"YAVNEE ST.NUMBER 40 APA.21","","RAMAT HASHARON","",'4720102,IL,0,"DHL Parcel Intl Standard","",'42638082,"EN ROUTE TO DHL ECOMMERCE",03:09:09 AM,5344480,'33882102043205017,"1584 CARROLL ST"
'20210203143851325O504TOF,',"02/04/2021 03:08:44 AM",HAIM FARAZN,"YONA GRIN 1","","PETAH TIKVA","",'4927258,IL,0,"DHL Parcel Intl Standard","",'42638082,"EN ROUTE TO DHL ECOMMERCE",03:09:09 AM,5344480,'33882102043205022,"1584 CARROLL ST"
'20210203143535920JS042ZS,',"02/04/2021 03:08:44 AM",MARK BAUGH,"U 303  403 NEWCASTLE ST","","NORTHBRIDGE","WA",'6003,AU,0,"DHL Parcel Intl Standard","",'42638082,"EN ROUTE TO DHL ECOMMERCE",03:09:09 AM,5344480,'33882102043205018,"1584 CARROLL ST"
'20210203143400408GI4ATLL,',"02/04/2021 03:08:44 AM",ELI NADAL,"10 HERBERT SAMUEL","APT 1","TEL AVIV","",'68018,IL,0,"DHL Parcel Intl Standard","",'42638082,"EN ROUTE TO DHL ECOMMERCE",03:09:09 AM,5344480,'33882102043205016,"1584 CARROLL ST"
'20210203143535933P2PJ2SA,',"02/04/2021 03:08:44 AM",ARIK ABRAMOVITZ,"7 BARAZANI ST","","TEL AVIV","",'6912107,IL,0,"DHL Parcel Intl Standard","",'42638082,"EN ROUTE TO DHL ECOMMERCE",03:09:09 AM,5344480,'33882102043205019,"1584 CARROLL ST"
'202102031435359854KBNSUL,',"02/04/2021 03:08:44 AM",NIGEL HARPER,"408-2730 YONGE ST","","TORONTO","ON",'M4N 2J1,CA,0,"DHL Parcel Intl Standard","",'42638082,"EN ROUTE TO DHL ECOMMERCE",03:09:09 AM,5344480,'33882102043205021,"1584 CARROLL ST"
'20210203150847990YNOH0LY,',"02/04/2021 03:08:43 AM",ANJA VERHOECKX,"704-1355 LANGLOIS AVE","","WINDSOR","ON",'N8X 4L8,CA,0,"DHL Parcel Intl Standard","",'42638083,"EN ROUTE TO DHL ECOMMERCE",03:09:09 AM,5344480,'33882102043205012,"1584 CARROLL ST"
'GM555348799000001149,',"02/04/2021 03:58:07 AM",SHANNON VAN NIEKERK,"U 32  101 MURRAY ST","","PERTH","WA",'6000,AU,.38,"DHL Parcel Intl Standard","",',"EN ROUTE TO DHL ECOMMERCE",03:59:16 AM,5345286,'33882102043289299,"1584 CARROLL ST."
'GM555348799000001156,',"02/04/2021 03:58:07 AM",A DENDEROWICZ,"12 ELMCROFT CRESCENT","","LONDON","MIDDLESEX",'NW11 9SY,GB,.38,"DHL Parcel Intl Standard","",',"EN ROUTE TO DHL ECOMMERCE",03:59:16 AM,5345286,'33882102043289300,"1584 CARROLL ST."
'GM555348799000001132,',"02/04/2021 03:58:07 AM",BREHANNA HARDES,"1401 47C AVE","","LLOYDMINSTER","SK",'S9V 1W7,CA,.38,"DHL Parcel Intl Standard","",',"EN ROUTE TO DHL ECOMMERCE",03:59:16 AM,5345286,'33882102043289298,"1584 CARROLL ST."
','9374869903506268010318,"02/04/2021 10:29:00 AM",,"11 Woodstock Ln","","Burlington","NJ",'08016-4241,US,.0666,"DHL SM Parcel Expedited","",'535816410204153523351,"EN ROUTE TO DHL ECOMMERCE",10:38:44 AM,5358164,'33872102043716564,"50 Lawrence ave"
','9374869903506267959144,"02/04/2021 10:23:55 AM",,"160 Robin Rd Apt 112","","Buffalo","NY",'14228-1171,US,.0622,"DHL SM Parcel Expedited","",'535816410204153523351,"EN ROUTE TO DHL ECOMMERCE",10:38:44 AM,5358164,'33872102043716573,"50 Lawrence ave"
','9374869903506268026579,"02/04/2021 10:31:15 AM",,"1036 Ridgeway Ave","","Rochester","NY",'14615-3822,US,.0666,"DHL SM Parcel Expedited","",'535816410204153523351,"EN ROUTE TO DHL ECOMMERCE",10:38:44 AM,5358164,'33872102043716566,"50 Lawrence ave"
','9374869903506268000029,"02/04/2021 10:28:12 AM",,"30517 Danwood Dr","","Delmar","MD",'21875-2253,US,.0666,"DHL SM Parcel Expedited","",'535816410204153523351,"EN ROUTE TO DHL ECOMMERCE",10:38:44 AM,5358164,'33872102043716568,"50 Lawrence ave"
','9374869903506268005932,"02/04/2021 10:28:45 AM",,"25 Johnny Morrall Cir Apt 117","","Beaufort","SC",'29902-6158,US,.0666,"DHL SM Parcel Expedited","",'535816410204153523351,"EN ROUTE TO DHL ECOMMERCE",10:38:44 AM,5358164,'33872102043716570,"50 Lawrence ave"
','9374869903506267978534,"02/04/2021 10:26:22 AM",,"9953 Hawks Hollow Rd","","Jacksonville","FL",'32257-8626,US,.0666,"DHL SM Parcel Expedited","",'535816410204153523351,"EN ROUTE TO DHL ECOMMERCE",10:38:44 AM,5358164,'33872102043716579,"50 Lawrence ave"
','9374869903506267976363,"02/04/2021 10:26:03 AM",,"5974 Greenfield St","","Pace","FL",'32571-7322,US,.0666,"DHL SM Parcel Expedited","",'535816410204153523351,"EN ROUTE TO DHL ECOMMERCE",10:38:44 AM,5358164,'33872102043716567,"50 Lawrence ave"
','9374869903506267995524,"02/04/2021 10:27:57 AM",,"326 Ashburton Way","","Kissimmee","FL",'34758-4222,US,.0666,"DHL SM Parcel Expedited","",'535816410204153523351,"EN ROUTE TO DHL ECOMMERCE",10:38:44 AM,5358164,'33872102043716569,"50 Lawrence ave"
','9374869903506267869504,"02/04/2021 10:11:33 AM",,"6372 Pembroke Dr","","Independence","KY",'41051-8414,US,.0622,"DHL SM Parcel Expedited","",'535816410204153523351,"EN ROUTE TO DHL ECOMMERCE",10:38:44 AM,5358164,'33872102043716571,"50 Lawrence ave"
','9374869903506267861089,"02/04/2021 10:10:46 AM",,"1012 N Plum Grove Rd Apt 102","","Schaumburg","IL",'60173-4619,US,.0622,"DHL SM Parcel Expedited","",'535816410204153523351,"EN ROUTE TO DHL ECOMMERCE",10:38:44 AM,5358164,'33872102043716576,"50 Lawrence ave"
','9374869903506268024957,"02/04/2021 10:30:27 AM",,"2714 Martsy Ct","","Arlington","TX",'76014-2808,US,.0666,"DHL SM Parcel Expedited","",'535816410204153523351,"EN ROUTE TO DHL ECOMMERCE",10:38:44 AM,5358164,'33872102043716565,"50 Lawrence ave"
','9374869903506268016303,"02/04/2021 10:29:41 AM",,"1001 Carmel Pkwy Apt 17","","Corpus Christi","TX",'78411-2151,US,.0666,"DHL SM Parcel Expedited","",'535816410204153523351,"EN ROUTE TO DHL ECOMMERCE",10:38:44 AM,5358164,'33872102043716577,"50 Lawrence ave"
','9374869903506267983354,"02/04/2021 10:26:40 AM",,"1741 Briarwood St","","Abilene","TX",'79603-3312,US,.0666,"DHL SM Parcel Expedited","",'535816410204153523351,"EN ROUTE TO DHL ECOMMERCE",10:38:44 AM,5358164,'33872102043716563,"50 Lawrence ave"
','9374869903506268013166,"02/04/2021 10:29:15 AM",,"11423 216th St Apt A","","Lakewood","CA",'90715-2561,US,.0666,"DHL SM Parcel Expedited","",'535816410204153523351,"EN ROUTE TO DHL ECOMMERCE",10:38:44 AM,5358164,'33872102043716580,"50 Lawrence ave"
','9374869903506267987833,"02/04/2021 10:26:56 AM",,"9792 Rose Ave","","Montclair","CA",'91763-2930,US,.0666,"DHL SM Parcel Expedited","",'535816410204153523351,"EN ROUTE TO DHL ECOMMERCE",10:38:44 AM,5358164,'33872102043716574,"50 Lawrence ave"
','9374869903506267891642,"02/04/2021 10:14:35 AM",,"6705 Xana Way","","Carlsbad","CA",'92009-6023,US,.0622,"DHL SM Parcel Expedited","",'535816410204153523351,"EN ROUTE TO DHL ECOMMERCE",10:38:44 AM,5358164,'33872102043716575,"50 Lawrence ave"
','9374869903506267987628,"02/04/2021 10:27:11 AM",,"14900 Seneca Rd Apt 1","","Victorville","CA",'92392-2206,US,.0666,"DHL SM Parcel Expedited","",'535816410204153523351,"EN ROUTE TO DHL ECOMMERCE",10:38:44 AM,5358164,'33872102043716578,"50 Lawrence ave"
','9374869903506267927822,"02/04/2021 10:19:38 AM",,"PO Box 1724","","Wailuku","HI",'96793-6724,US,.0622,"DHL SM Parcel Expedited","",'535816410204153523351,"EN ROUTE TO DHL ECOMMERCE",10:38:44 AM,5358164,'33872102043716572,"50 Lawrence ave"
'1D96AF07E67A4BA9B2CEA5BDC,',"02/04/2021 10:32:13 AM",,"26 7e rue","","Eastman","QC",'J0E 1P0,CA,.1325,"DHL Parcel Intl Standard","",'42638451,"EN ROUTE TO DHL ECOMMERCE",10:38:44 AM,5358164,'33872102043716581,"50 Lawrence ave"
'9B126FF26E40428A9DC185F82,',"02/04/2021 10:16:57 AM",,"227 26 Ave NE","","Calgary","AB",'T2E 1Z1,CA,.0625,"DHL Parcel Intl Standard","",'42638451,"EN ROUTE TO DHL ECOMMERCE",10:38:44 AM,5358164,'33872102043716582,"50 Lawrence ave"