Customer Confirmation Number,Delivery Confirmation Number,Receive Date,Recipient Name,Address Line 1,Address Line 2,City,State,Zip or Postal Code,Country,Weight (LBs),Mail Product Name,Customer Reference,BOL Number,Last Event Description,Last Event Time,Pickup Account Number,DHL Tracking Number,Pickup Address
'GM555348587000081953,',"04/08/2021 03:37:19 AM",TERESA ALLEN,"18 SIRIUS COVE RD","","MOSMAN","NSW",'2088,AU,.19,"DHL Parcel Intl Standard","",',"EN ROUTE TO DHL ECOMMERCE",03:39:30 AM,5345286,'33882104084583911,"1584 CARROLL ST."
'GM555348587000081991,',"04/08/2021 03:37:19 AM",TODD CARNEY,"3 ARBUTHNOT PDE","","BENOWA","QLD",'4217,AU,.19,"DHL Parcel Intl Standard","",',"EN ROUTE TO DHL ECOMMERCE",03:39:30 AM,5345286,'33882104084583912,"1584 CARROLL ST."
'GM555348587000081977,',"04/08/2021 03:37:19 AM",AMY O'FARRELL,"23 NORTH ST","","WANDOAN","QLD",'4419,AU,.19,"DHL Parcel Intl Standard","",',"EN ROUTE TO DHL ECOMMERCE",03:39:30 AM,5345286,'33882104084583909,"1584 CARROLL ST."
'GM555348587000081984,',"04/08/2021 03:37:19 AM",JENNY JACKSON,"PARCEL LOCKER 10093 83218","SHOP 1204A, 1 NORTH LAKES DRIVE","NORTH LAKES","QLD",'4509,AU,.19,"DHL Parcel Intl Standard","",',"EN ROUTE TO DHL ECOMMERCE",03:39:30 AM,5345286,'33882104084583910,"1584 CARROLL ST."
'GM555348587000081960,',"04/08/2021 03:37:19 AM",RYAN DELANEY,"18 SANIBEL CT","","PARREARRA","QLD",'4575,AU,.19,"DHL Parcel Intl Standard","",',"EN ROUTE TO DHL ECOMMERCE",03:39:30 AM,5345286,'33882104084583913,"1584 CARROLL ST."