Customer Confirmation Number,Delivery Confirmation Number,Receive Date,Recipient Name,Address Line 1,Address Line 2,City,State,Zip or Postal Code,Country,Weight (LBs),Mail Product Name,Customer Reference,BOL Number,Last Event Description,Last Event Time,Pickup Account Number,DHL Tracking Number,Pickup Address
'YXBECQXM4SYFLIG,'9374869903506472144731,"03/16/2021 10:52:50 AM",,"240 MARVELWOOD DR","","NEW HAVEN","CT",'06515-2449,US,.3438,"DHL SM Parcel Expedited","4859",'534695710316160723551,"EN ROUTE TO DHL ECOMMERCE",12:11:23 PM,5346957,'33872103164086581,"421 KINGSTON AVE"
'YPH0RMDN1HTNQCQ,'9374869903506472164159,"03/16/2021 10:54:47 AM",,"39 PULASKI ST","","BROOKLYN","NY",'11206-6407,US,.0625,"DHL SM Parcel Expedited","4856",'534695710316160723551,"EN ROUTE TO DHL ECOMMERCE",12:11:23 PM,5346957,'33872103164086582,"421 KINGSTON AVE"
'TAWKYM0JYO2RVCA,'9374869903506472111467,"03/16/2021 10:48:51 AM",,"36 CENTER ST","","ELLENVILLE","NY",'12428-1222,US,.9937,"DHL SM Parcel Expedited","4832",'534695710316160723551,"EN ROUTE TO DHL ECOMMERCE",12:11:23 PM,5346957,'33872103164086583,"421 KINGSTON AVE"
','9374869903506471566022,"03/16/2021 09:46:10 AM",,"227 Prospect Ave Apt D","","Hackensack","NJ",'07601-2403,US,.0622,"DHL SM Parcel Expedited","",'535816410316134923451,"EN ROUTE TO DHL ECOMMERCE",09:51:42 AM,5358164,'33872103163755916,"50 Lawrence ave"
','9374869903506471526057,"03/16/2021 09:41:50 AM",,"103 Bernreuter Hall","","University Park,","PA",'16802,US,.0622,"DHL SM Parcel Expedited","",'535816410316134923451,"EN ROUTE TO DHL ECOMMERCE",09:51:42 AM,5358164,'33872103163755924,"50 Lawrence ave"
','9374869903506471348086,"03/16/2021 09:17:53 AM",,"1813 Summit St","# 610","Lebanon","PA",'17042-7302,US,.0666,"DHL SM Parcel Expedited","",'535816410316134923451,"EN ROUTE TO DHL ECOMMERCE",09:51:42 AM,5358164,'33872103163755926,"50 Lawrence ave"
','9374869903506471362778,"03/16/2021 09:20:45 AM",,"225 Meadowfield Rd","","Gaston","SC",'29053-9379,US,.0622,"DHL SM Parcel Expedited","",'535816410316134923451,"EN ROUTE TO DHL ECOMMERCE",09:51:42 AM,5358164,'33872103163755931,"50 Lawrence ave"
','9374869903506471577011,"03/16/2021 09:47:48 AM",,"2566 Palmetto Ridge Cir","","Apopka","FL",'32712-1768,US,.0622,"DHL SM Parcel Expedited","",'535816410316134923451,"EN ROUTE TO DHL ECOMMERCE",09:51:42 AM,5358164,'33872103163755920,"50 Lawrence ave"
','9374869903506471535936,"03/16/2021 09:43:35 AM",,"223 Alice Dr","","Lakeland","FL",'33815-3414,US,.0622,"DHL SM Parcel Expedited","",'535816410316134923451,"EN ROUTE TO DHL ECOMMERCE",09:51:42 AM,5358164,'33872103163755918,"50 Lawrence ave"
','9374869903506471357163,"03/16/2021 09:19:09 AM",,"1122 Welworth Ave","","Evansville","IN",'47714-3337,US,.1332,"DHL SM Parcel Expedited","",'535816410316134923451,"EN ROUTE TO DHL ECOMMERCE",09:51:42 AM,5358164,'33872103163755929,"50 Lawrence ave"
','9374869903506471419175,"03/16/2021 09:27:47 AM",,"504 S Main St","","Capac","MI",'48014-3721,US,.0622,"DHL SM Parcel Expedited","",'535816410316134923451,"EN ROUTE TO DHL ECOMMERCE",09:51:42 AM,5358164,'33872103163755915,"50 Lawrence ave"
','9374869903506471358894,"03/16/2021 09:19:26 AM",,"145 3rd Ave E","","Dickinson","ND",'58601-5231,US,.3775,"DHL SM Parcel Expedited","",'535816410316134923451,"EN ROUTE TO DHL ECOMMERCE",09:51:42 AM,5358164,'33872103163755923,"50 Lawrence ave"
','9374869903506471345375,"03/16/2021 09:17:28 AM",,"401 N Santa Fe Ave","","Chanute","KS",'66720-1348,US,.0666,"DHL SM Parcel Expedited","",'535816410316134923451,"EN ROUTE TO DHL ECOMMERCE",09:51:42 AM,5358164,'33872103163755930,"50 Lawrence ave"
','9374869903506471354001,"03/16/2021 09:18:35 AM",,"3211 Norfolk St Apt 23307","","Houston","TX",'77098-3816,US,.0666,"DHL SM Parcel Expedited","",'535816410316134923451,"EN ROUTE TO DHL ECOMMERCE",09:51:42 AM,5358164,'33872103163755922,"50 Lawrence ave"
','9374869903506471432228,"03/16/2021 09:28:54 AM",,"444 E MEDICAL MEDICAL BLVD,","Apartment L1203","WEBSTER","TX",'77598,US,.0622,"DHL SM Parcel Expedited","",'535816410316134923451,"EN ROUTE TO DHL ECOMMERCE",09:51:42 AM,5358164,'33872103163755921,"50 Lawrence ave"
','9374869903506471391914,"03/16/2021 09:23:52 AM",,"1450 George Dieter Dr Apt 10D","","El Paso","TX",'79936-7608,US,.0622,"DHL SM Parcel Expedited","",'535816410316134923451,"EN ROUTE TO DHL ECOMMERCE",09:51:42 AM,5358164,'33872103163755927,"50 Lawrence ave"
','9374869903506471347393,"03/16/2021 09:18:15 AM",,"14424 Alyssa Marie Dr","","El Paso","TX",'79938-1114,US,.0666,"DHL SM Parcel Expedited","",'535816410316134923451,"EN ROUTE TO DHL ECOMMERCE",09:51:42 AM,5358164,'33872103163755925,"50 Lawrence ave"
','9374869903506471505748,"03/16/2021 09:39:19 AM",,"18892 E Carmel Dr","","Aurora","CO",'80011-3614,US,.0622,"DHL SM Parcel Expedited","",'535816410316134923451,"EN ROUTE TO DHL ECOMMERCE",09:51:42 AM,5358164,'33872103163755917,"50 Lawrence ave"
','9374869903506471408407,"03/16/2021 09:26:35 AM",,"5806 Waring Ave Apt 7","","Los Angeles","CA",'90038-3886,US,.0622,"DHL SM Parcel Expedited","",'535816410316134923451,"EN ROUTE TO DHL ECOMMERCE",09:51:42 AM,5358164,'33872103163755919,"50 Lawrence ave"
','9374869903506471344484,"03/16/2021 09:17:42 AM",,"2849 S Bardell Ave","","Fresno","CA",'93706-5550,US,.0666,"DHL SM Parcel Expedited","",'535816410316134923451,"EN ROUTE TO DHL ECOMMERCE",09:51:42 AM,5358164,'33872103163755928,"50 Lawrence ave"