Ship Date,Customer Reference,Customer Confirmation,Delivery Confirmation,Recipient Address,Service,Weight (oz),Pricing Zone,USPS Comp. Rate,Charge,Surcharges,Total Savings,Total Charges
2021-04-05,,,'9361269903506574841129,", 13887 CARMEL VALLEY RD APT 130, , SAN DIEGO, CA, 92130, US",DHL SmartMail Parcel Plus Expedited,32.000,Zone 08,11.69,11.14,0.00,0.55,11.14
2021-04-05,,,'9374869903506578469127,", 7050 VILLAGE DR STE F, , BUENA PARK, CA, 90621, US",DHL SmartMail Parcel Plus Expedited,32.000,Zone 08,11.69,11.14,0.00,0.55,11.14
2021-04-05,,,'9374869903506579448114,", 1129 LAKE BALDWIN LN UNIT 314, , ORLANDO, FL, 32814, US",DHL SmartMail Parcel Plus Expedited,32.000,Zone 05,8.85,8.35,0.00,0.50,8.35
2021-04-05,,,'9374869903506579209760,", 736 11TH ST NE APT 2, , WASHINGTON, DC, 20002, US",DHL SmartMail Parcel Plus Expedited,32.000,Zone 03,7.96,7.54,0.00,0.42,7.54
2021-04-05,,,'9374869903506574728259,", 5111 N 18TH PL, , PHOENIX, AZ, 85016, US",DHL SmartMail Parcel Plus Expedited,32.000,Zone 08,11.69,11.14,0.00,0.55,11.14
2021-04-05,,,'9374869903506574751066,", 18 ISSAC DR, , DAYTON, NJ, 08810, US",DHL SmartMail Parcel Plus Expedited,32.000,Zone 01,7.79,7.38,0.00,0.41,7.38
2021-04-05,,,'9374869903506574615269,", 3581 STATE ROAD 85, , WESTERLO, NY, 12193, US",DHL SmartMail Parcel Expedited,5.000,Zone 02,3.46,3.38,0.00,0.08,3.38
2021-04-05,,,'9374869903506574807763,", 509 AVENUE A, , KENTWOOD, LA, 70444, US",DHL SmartMail Parcel Expedited,8.000,Zone 06,3.58,3.49,0.00,0.09,3.49
2021-04-05,,,'9374869903506574817458,", 215 NW 32ND ST, , OKLAHOMA CITY, OK, 73118, US",DHL SmartMail Parcel Expedited,11.000,Zone 06,4.38,4.28,0.00,0.10,4.28
2021-04-05,,,'9374869903506578455441,", 1500 LAUREL HILL DR, , WAXHAW, NC, 28173, US",DHL SmartMail Parcel Expedited,6.000,Zone 04,3.51,3.43,0.00,0.08,3.43
2021-04-05,,,'9374869903506578843699,", 10231 ELLER CREEK DR, , FISHERS, IN, 46038, US",DHL SmartMail Parcel Expedited,15.000,Zone 05,5.42,5.21,0.00,0.21,5.21
2021-04-05,,,'9374869903506579115245,", 20300 W COUNTRY CLUB DR APT 103, , AVENTURA, FL, 33180, US",DHL SmartMail Parcel Expedited,6.000,Zone 06,3.58,3.49,0.00,0.09,3.49
2021-04-05,,,'9374869903506579251653,", 415 PALMETTO DR, , VENICE, FL, 34293, US",DHL SmartMail Parcel Expedited,10.000,Zone 06,4.38,4.27,0.00,0.11,4.27
2021-04-05,,,'9374869903506579492223,", 1351 OLD HILLSBORO RD, , HENNIKER, NH, 03242, US",DHL SmartMail Parcel Expedited,6.000,Zone 03,3.49,3.41,0.00,0.08,3.41
2021-04-05,,,'9374869903506579505466,", 200 BROOKSIDE DR, , ANN ARBOR, MI, 48105, US",DHL SmartMail Parcel Expedited,6.000,Zone 04,3.51,3.43,0.00,0.08,3.43
2021-04-05,,,'9374869903506579516295,", 9458 SIDESADDLE DR, , WILTON, CA, 95693, US",DHL SmartMail Parcel Expedited,11.000,Zone 08,4.68,4.57,0.00,0.11,4.57
2021-04-05,,,'9374869903506579534954,", 15 PHILIPS ST, APP 7, LAKE GEORGE, NY, 12845, US",DHL SmartMail Parcel Expedited,9.000,Zone 02,4.04,3.94,0.00,0.10,3.94
2021-04-05,,,'9374869903506579543949,", 1153 COLT DR, , SOUTH LYON, MI, 48178, US",DHL SmartMail Parcel Expedited,9.000,Zone 04,4.12,4.02,0.00,0.10,4.02
2021-04-05,,,'9374869903506580179878,", 1396 TUGALOO DR NE, , BROOKHAVEN, GA, 30319, US",DHL SmartMail Parcel Expedited,9.000,Zone 05,4.20,4.10,0.00,0.10,4.10
2021-04-06,,,'9374869903506586324258,", 14433 SW 32ND ST, , MIAMI, FL, 33175, US",DHL SmartMail Parcel Plus Expedited,32.000,Zone 06,10.44,9.73,0.00,0.71,9.73
2021-04-06,,,'9374869903506588063865,", 5031 JOHNSON IOWA RD SW, , WELLMAN, IA, 52356, US",DHL SmartMail Parcel Plus Expedited,32.000,Zone 05,8.85,8.35,0.00,0.50,8.35
2021-04-06,,,'9374869903506588856849,", 621 E 20TH AVE, , POST FALLS, ID, 83854, US",DHL SmartMail Parcel Plus Expedited,32.000,Zone 08,11.69,11.14,0.00,0.55,11.14
2021-04-06,,,'9374869903506586339320,", 518 GREGORY AVE, A423, WEEHAWKEN, NJ, 07086, US",DHL SmartMail Parcel Expedited,10.000,Zone 01,4.04,3.94,0.00,0.10,3.94
2021-04-06,,,'9374869903506586420608,", 8523 1/2 SATURN ST, , LOS ANGELES, CA, 90035, US",DHL SmartMail Parcel Expedited,8.000,Zone 08,3.85,3.76,0.00,0.09,3.76
2021-04-06,,,'9374869903506588052326,", 3415 SW 39TH BLVD # 822, , GAINESVILLE, FL, 32608, US",DHL SmartMail Parcel Expedited,6.000,Zone 05,3.57,3.48,0.00,0.09,3.48
2021-04-06,,,'9374869903506588068723,", 400 SUMMIT BLVD UNIT 1406, , BROOMFIELD, CO, 80021, US",DHL SmartMail Parcel Expedited,14.000,Zone 07,5.81,5.60,0.00,0.21,5.60
2021-04-06,,,'9374869903506588079217,", 259 FRANKLIN AVE, , HASBROUCK HEIGHTS, NJ, 07604, US",DHL SmartMail Parcel Expedited,6.000,Zone 01,3.46,3.38,0.00,0.08,3.38
2021-04-06,,,'9374869903506588091127,", 1322 WIKIUP DR, , SANTA ROSA, CA, 95403, US",DHL SmartMail Parcel Expedited,8.000,Zone 08,3.85,3.76,0.00,0.09,3.76
2021-04-07,,,'9361269903506595777254,", 20 TRUMAN AVE, , SPRING VALLEY, NY, 10977, US",DHL SmartMail Parcel Plus Expedited,32.000,Zone 01,7.79,7.38,0.00,0.41,7.38
2021-04-07,,,'9361269903506596983029,", PO BOX 276, , NORTH ANSON, ME, 04958, US",DHL SmartMail Parcel Plus Expedited,32.000,Zone 04,8.24,7.79,0.00,0.45,7.79
2021-04-07,,,'9361269903506596985177,", 122 AUTUMN DR, , SARTELL, MN, 56377, US",DHL SmartMail Parcel Plus Expedited,32.000,Zone 06,10.44,9.73,0.00,0.71,9.73
2021-04-07,,,'9361269903506596989403,", 4257 SISTRUNK ST, , SHERMAN, TX, 75090, US",DHL SmartMail Parcel Plus Expedited,32.000,Zone 06,10.44,9.73,0.00,0.71,9.73
2021-04-07,,,'9361269903506596992199,", 5322 TUCKER PHILLIPS DR, , WINGATE, NC, 28174, US",DHL SmartMail Parcel Plus Expedited,32.000,Zone 04,8.24,7.79,0.00,0.45,7.79
2021-04-07,,,'9361269903506596992755,", 51 S LINCOLN AVE, , MUNDELEIN, IL, 60060, US",DHL SmartMail Parcel Plus Expedited,32.000,Zone 05,8.85,8.35,0.00,0.50,8.35
2021-04-07,,,'9361269903506596996456,", 124 S MCKEMY ST APT 11, , TEMPE, AZ, 85281, US",DHL SmartMail Parcel Plus Expedited,32.000,Zone 08,11.69,11.14,0.00,0.55,11.14
2021-04-07,,,'9361269903506596997224,", 6520 PLATT AVE, , WEST HILLS, CA, 91307, US",DHL SmartMail Parcel Plus Expedited,32.000,Zone 08,11.69,11.14,0.00,0.55,11.14
2021-04-07,,,'9361269903506597003511,", 17125 N BAY RD APT 3306, , SUNNY ISLES BEACH, FL, 33160, US",DHL SmartMail Parcel Plus Expedited,32.000,Zone 06,10.44,9.73,0.00,0.71,9.73
2021-04-07,,,'9361269903506597004532,", 68 PARK AVE, , BAY SHORE, NY, 11706, US",DHL SmartMail Parcel Plus Expedited,32.000,Zone 01,7.79,7.38,0.00,0.41,7.38
2021-04-07,,,'9361269903506597008448,", 445 ALTEZ ST NE, , ALBUQUERQUE, NM, 87123, US",DHL SmartMail Parcel Plus Expedited,32.000,Zone 07,11.01,10.35,0.00,0.66,10.35
2021-04-07,,,'9361269903506597011127,", 45 BOG RD UNIT A2, , CONCORD, NH, 03303, US",DHL SmartMail Parcel Plus Expedited,32.000,Zone 03,7.96,7.54,0.00,0.42,7.54
2021-04-07,,,'9361269903506597013459,", 8 FAIRFAX DR, , WHEELING, WV, 26003, US",DHL SmartMail Parcel Plus Expedited,32.000,Zone 04,8.24,7.79,0.00,0.45,7.79
2021-04-07,,,'9361269903506597034133,", 808 DINOSAUR DR, , ERIE, CO, 80516, US",DHL SmartMail Parcel Plus Expedited,32.000,Zone 07,11.01,10.35,0.00,0.66,10.35
2021-04-07,,,'9361269903506597036212,", 207 SE 172ND AVE, , PORTLAND, OR, 97233, US",DHL SmartMail Parcel Plus Expedited,32.000,Zone 08,11.69,11.14,0.00,0.55,11.14
2021-04-07,,,'9361269903506597037028,", 207 SE 172ND AVE, , PORTLAND, OR, 97233, US",DHL SmartMail Parcel Plus Expedited,32.000,Zone 08,11.69,11.14,0.00,0.55,11.14
2021-04-07,,,'9361269903506597041070,", 220 LOUISE ST, , LAKE MILLS, WI, 53551, US",DHL SmartMail Parcel Plus Expedited,32.000,Zone 05,8.85,8.35,0.00,0.50,8.35
2021-04-07,,,'9361269903506597046099,", 3909 ACORN LN, , MCKINNEY, TX, 75070, US",DHL SmartMail Parcel Plus Expedited,32.000,Zone 06,10.44,9.73,0.00,0.71,9.73
2021-04-07,,,'9361269903506597047492,", 1470 E LONE SHORE DR, , EAGLE, ID, 83616, US",DHL SmartMail Parcel Plus Expedited,32.000,Zone 08,11.69,11.14,0.00,0.55,11.14
2021-04-07,,,'9361269903506597050485,", 44214 W MCCLELLAND DR, , MARICOPA, AZ, 85138, US",DHL SmartMail Parcel Plus Expedited,32.000,Zone 08,11.69,11.14,0.00,0.55,11.14
2021-04-07,,,'9361269903506597052144,", 38008 DUCHARME DR, , CLINTON TOWNSHIP, MI, 48038, US",DHL SmartMail Parcel Plus Expedited,32.000,Zone 04,8.24,7.79,0.00,0.45,7.79
2021-04-07,,,'9361269903506597054148,", 1694 STORRS PL, , POMONA, CA, 91766, US",DHL SmartMail Parcel Plus Expedited,32.000,Zone 08,11.69,11.14,0.00,0.55,11.14
2021-04-07,,,'9361269903506597056135,", 3966 FAIRWAY HILLS DRIVE RPD, , CITY, SD, 57702, US",DHL SmartMail Parcel Plus Expedited,32.000,Zone 07,11.01,10.35,0.00,0.66,10.35
2021-04-07,,,'9361269903506597059204,", 3310 N VINE ST, , DENVER, CO, 80205, US",DHL SmartMail Parcel Plus Expedited,32.000,Zone 07,11.01,10.35,0.00,0.66,10.35
2021-04-07,,,'9374869903506595475859,", 4737 45TH ST APT 5A, , WOODSIDE, NY, 11377, US",DHL SmartMail Parcel Plus Expedited,32.000,Zone 01,7.79,7.38,0.00,0.41,7.38
2021-04-07,,,'9374869903506595480167,", 5838 ASHCROFT DR, , INDIANAPOLIS, IN, 46221, US",DHL SmartMail Parcel Plus Expedited,32.000,Zone 05,8.85,8.35,0.00,0.50,8.35
2021-04-07,,,'9374869903506595735311,", 5538 NW 105TH CT, , DORAL, FL, 33178, US",DHL SmartMail Parcel Plus Expedited,32.000,Zone 06,10.44,9.73,0.00,0.71,9.73
2021-04-07,,,'9374869903506596978083,", 7 35TH STREET, , ORLANDO, FL, 32839, US",DHL SmartMail Parcel Plus Expedited,32.000,Zone 05,8.85,8.35,0.00,0.50,8.35
2021-04-07,,,'9374869903506595032571,", 5420 WOODCREEK DR, , CLARKSTON, MI, 48348, US",DHL SmartMail Parcel Expedited,7.000,Zone 04,3.51,3.43,0.00,0.08,3.43
2021-04-07,,,'9374869903506595468004,", 1665 SIXTH AVE APT 5, , BELMONT, CA, 94002, US",DHL SmartMail Parcel Expedited,8.000,Zone 08,3.85,3.76,0.00,0.09,3.76
2021-04-07,,,'9374869903506595486046,", 6 GREVE RD, , PENSACOLA, FL, 32507, US",DHL SmartMail Parcel Expedited,5.000,Zone 06,3.58,3.49,0.00,0.09,3.49
2021-04-07,,,'9374869903506595491958,", 3209 SANTA CRUZ WAY, , SACRAMENTO, CA, 95817, US",DHL SmartMail Parcel Expedited,8.000,Zone 08,3.85,3.76,0.00,0.09,3.76
2021-04-07,,,'9374869903506595497226,", 1108 ALASKA AVE, , LEHIGH ACRES, FL, 33971, US",DHL SmartMail Parcel Expedited,6.000,Zone 06,3.58,3.49,0.00,0.09,3.49
2021-04-07,,,'9374869903506595505990,", 5167 CANNON WAY, , WEST PALM BEACH, FL, 33415, US",DHL SmartMail Parcel Expedited,7.000,Zone 06,3.58,3.49,0.00,0.09,3.49
2021-04-08,,,'9374869903506603044930,", 10120 SW NIMBUS AVE STE C2, , PORTLAND, OR, 97223, US",DHL SmartMail Parcel Plus Expedited,32.000,Zone 08,11.69,11.14,0.00,0.55,11.14
2021-04-08,,,'9374869903506602755639,", 13887 CARMEL VALLEY RD APT 130, , SAN DIEGO, CA, 92130, US",DHL SmartMail Parcel Plus Expedited,32.000,Zone 08,11.69,11.14,0.00,0.55,11.14
2021-04-08,,,'9374869903506603035846,", 645 BOZARTH AVE, , WOODLAND, WA, 98674, US",DHL SmartMail Parcel Expedited,8.000,Zone 08,3.85,3.76,0.00,0.09,3.76
2021-04-09,,,'9361269903506608165528,", 5104 MATIA LN, , PASCO, WA, 99301, US",DHL SmartMail Parcel Plus Expedited,32.000,Zone 08,11.69,11.14,0.00,0.55,11.14
2021-04-09,,,'9361269903506608172830,", 634 9TH AVE, , KIRKLAND, WA, 98033, US",DHL SmartMail Parcel Plus Expedited,32.000,Zone 08,11.69,11.14,0.00,0.55,11.14
2021-04-09,,,'9361269903506608178498,", 8383 LITTLE GULLY RUN, , BOZEMAN, MT, 59715, US",DHL SmartMail Parcel Plus Expedited,32.000,Zone 07,11.01,10.35,0.00,0.66,10.35
2021-04-09,,,'9361269903506608186950,", 190 JOHN TARR RD, , BOWDOIN, ME, 04287, US",DHL SmartMail Parcel Plus Expedited,32.000,Zone 03,7.96,7.54,0.00,0.42,7.54
2021-04-09,,,'9361269903506608190650,", 15645 W 159TH ST, , LOCKPORT, IL, 60491, US",DHL SmartMail Parcel Plus Expedited,32.000,Zone 05,8.85,8.35,0.00,0.50,8.35
2021-04-09,,,'9361269903506608200304,", 21530 MARINE DR # B, , STANWOOD, WA, 98292, US",DHL SmartMail Parcel Plus Expedited,32.000,Zone 08,11.69,11.14,0.00,0.55,11.14
2021-04-09,,,'9361269903506608236181,", 10 SAINT KITTS DR, , TOMS RIVER, NJ, 08757, US",DHL SmartMail Parcel Plus Expedited,32.000,Zone 01,7.79,7.38,0.00,0.41,7.38
2021-04-09,,,'9361269903506608240799,", 1631 S 6TH ST APT 1, , LINCOLN, NE, 68502, US",DHL SmartMail Parcel Plus Expedited,32.000,Zone 06,10.44,9.73,0.00,0.71,9.73
2021-04-09,,,'9361269903506608245114,", 2335 S PLATTE RIVER DR, , DENVER, CO, 80223, US",DHL SmartMail Parcel Plus Expedited,32.000,Zone 07,11.01,10.35,0.00,0.66,10.35
2021-04-09,,,'9361269903506608247279,", 3370 NARROWS VIEW LN NE UNIT 202, , BREMERTON, WA, 98310, US",DHL SmartMail Parcel Plus Expedited,32.000,Zone 08,11.69,11.14,0.00,0.55,11.14
2021-04-09,,,'9361269903506608399930,", 11520 RED RUST LN, , CHARLOTTE, NC, 28277, US",DHL SmartMail Parcel Plus Expedited,32.000,Zone 04,8.24,7.79,0.00,0.45,7.79
2021-04-09,,,'9361269903506608401824,", 4816 BLACKFOOT RD, , COLLEGE PARK, MD, 20740, US",DHL SmartMail Parcel Plus Expedited,32.000,Zone 03,7.96,7.54,0.00,0.42,7.54
2021-04-09,,,'9361269903506608403675,", 244 N 200 E, , WELLSVILLE, UT, 84339, US",DHL SmartMail Parcel Plus Expedited,32.000,Zone 08,11.69,11.14,0.00,0.55,11.14
2021-04-09,,,'9361269903506608409325,", 7254 WC CROSS DR NE, , KALKASKA, MI, 49646, US",DHL SmartMail Parcel Plus Expedited,32.000,Zone 05,8.85,8.35,0.00,0.50,8.35
2021-04-09,,,'9361269903506608416521,", 9754 DREW ST, , OZONE PARK, NY, 11416, US",DHL SmartMail Parcel Plus Expedited,32.000,Zone 01,7.79,7.38,0.00,0.41,7.38
2021-04-09,,,'9361269903506608421969,", 2802 SPRUCE CT, , GENEVA, IL, 60134, US",DHL SmartMail Parcel Plus Expedited,32.000,Zone 05,8.85,8.35,0.00,0.50,8.35
2021-04-09,,,'9361269903506608425004,", 1024 HUDSON ST APT 3, , HOBOKEN, NJ, 07030, US",DHL SmartMail Parcel Plus Expedited,32.000,Zone 01,7.79,7.38,0.00,0.41,7.38
2021-04-09,,,'9361269903506608433382,", 97 LOWTHER RD, , FRAMINGHAM, MA, 01701, US",DHL SmartMail Parcel Plus Expedited,32.000,Zone 02,7.79,7.38,0.00,0.41,7.38
2021-04-09,,,'9361269903506608441578,", 2269 WHITE ROCK LN, , LITTLE ELM, TX, 75068, US",DHL SmartMail Parcel Plus Expedited,32.000,Zone 06,10.44,9.73,0.00,0.71,9.73
2021-04-09,,,'9361269903506608446917,", 595 MAIN ST APT 815, , NEW YORK, NY, 10044, US",DHL SmartMail Parcel Plus Expedited,32.000,Zone 01,7.79,7.38,0.00,0.41,7.38
2021-04-09,,,'9361269903506608448782,", 2106 SAINT JOSEPH ST, , WEST BLOOMFIELD, MI, 48324, US",DHL SmartMail Parcel Plus Expedited,32.000,Zone 04,8.24,7.79,0.00,0.45,7.79
2021-04-09,,,'9361269903506608455391,", 1732 SUNSET ST, , LONGMONT, CO, 80501, US",DHL SmartMail Parcel Plus Expedited,32.000,Zone 07,11.01,10.35,0.00,0.66,10.35
2021-04-09,,,'9361269903506608461897,", 4626 LANDON LN, , BAYTOWN, TX, 77523, US",DHL SmartMail Parcel Plus Expedited,32.000,Zone 06,10.44,9.73,0.00,0.71,9.73
2021-04-09,,,'9361269903506608465277,", 2955 S FAIRVIEW ST, , SANTA ANA, CA, 92704, US",DHL SmartMail Parcel Plus Expedited,32.000,Zone 08,11.69,11.14,0.00,0.55,11.14
2021-04-09,,,'9361269903506608494086,", 715 E PINE ST APT 621N, , SEATTLE, WA, 98122, US",DHL SmartMail Parcel Plus Expedited,32.000,Zone 08,11.69,11.14,0.00,0.55,11.14
2021-04-09,,,'9361269903506608500091,", 2360 CALLE PRINCIPAL, , MESILLA, NM, 88046, US",DHL SmartMail Parcel Plus Expedited,32.000,Zone 08,11.69,11.14,0.00,0.55,11.14
2021-04-09,,,'9361269903506608506741,", 706 E AVENUE F, , MIDLOTHIAN, TX, 76065, US",DHL SmartMail Parcel Plus Expedited,32.000,Zone 06,10.44,9.73,0.00,0.71,9.73
2021-04-09,,,'9361269903506608509537,", 7003 E 132ND ST, , GRANDVIEW, MO, 64030, US",DHL SmartMail Parcel Plus Expedited,32.000,Zone 06,10.44,9.73,0.00,0.71,9.73
2021-04-09,,,'9361269903506608514135,", 1415 RODEN BLVD, , SHEPPARD AFB, TX, 76311, US",DHL SmartMail Parcel Plus Expedited,32.000,Zone 06,10.44,9.73,0.00,0.71,9.73
2021-04-09,,,'9361269903506608518232,", 7065 HOLLYWOOD BLVD STE 100, , LOS ANGELES, CA, 90028, US",DHL SmartMail Parcel Plus Expedited,32.000,Zone 08,11.69,11.14,0.00,0.55,11.14
2021-04-09,,,'9361269903506608524530,", 841 N DAMEN AVE APT 1R, , CHICAGO, IL, 60622, US",DHL SmartMail Parcel Plus Expedited,32.000,Zone 05,8.85,8.35,0.00,0.50,8.35
2021-04-09,,,'9361269903506608532856,", 310 E 238TH ST, , EUCLID, OH, 44123, US",DHL SmartMail Parcel Plus Expedited,32.000,Zone 04,8.24,7.79,0.00,0.45,7.79
2021-04-09,,,'9361269903506608533822,", 1613 14TH AVE E, , HIBBING, MN, 55746, US",DHL SmartMail Parcel Plus Expedited,32.000,Zone 05,8.85,8.35,0.00,0.50,8.35
2021-04-09,,,'9361269903506608539732,", 222 E MCDOWELL RD APT 3051, , PHOENIX, AZ, 85004, US",DHL SmartMail Parcel Plus Expedited,32.000,Zone 08,11.69,11.14,0.00,0.55,11.14
2021-04-09,,,'9361269903506608550195,", 1451 BEAUSHIRE CIR, , WASHINGTON TOWNSHIP, OH, 45459, US",DHL SmartMail Parcel Plus Expedited,32.000,Zone 04,8.24,7.79,0.00,0.45,7.79
2021-04-09,,,'9361269903506608557958,", 2020 E RIO WAY, , SANDY, UT, 84093, US",DHL SmartMail Parcel Plus Expedited,32.000,Zone 08,11.69,11.14,0.00,0.55,11.14
2021-04-09,,,'9361269903506608561504,", 2824 GRAND AVE # A606, , EVERETT, WA, 98201, US",DHL SmartMail Parcel Plus Expedited,32.000,Zone 08,11.69,11.14,0.00,0.55,11.14
2021-04-09,,,'9361269903506608578380,", 110 DUNCAN ST, , ELLWOOD CITY, PA, 16117, US",DHL SmartMail Parcel Plus Expedited,32.000,Zone 04,8.24,7.79,0.00,0.45,7.79
2021-04-09,,,'9374869903506608569315,", 5089 VERMILION TRL, , GILBERT, MN, 55741, US",DHL SmartMail Parcel Plus Expedited,32.000,Zone 05,8.85,8.35,0.00,0.50,8.35
2021-04-09,,,'9374869903506604585081,", 2186 HAYDON LN, , CHAMBLEE, GA, 30341, US",DHL SmartMail Parcel Plus Expedited,32.000,Zone 05,8.85,8.35,0.00,0.50,8.35
2021-04-09,,,'9374869903506607228480,", 4323 BLUE HERON DR, , PONTE VEDRA BEACH, FL, 32082, US",DHL SmartMail Parcel Plus Expedited,32.000,Zone 05,8.85,8.35,0.00,0.50,8.35
2021-04-09,,,'9374869903506608170986,", 75 ORCHARD ST, , TAUNTON, MA, 02780, US",DHL SmartMail Parcel Plus Expedited,32.000,Zone 03,7.96,7.54,0.00,0.42,7.54
2021-04-09,,,'9374869903506607183970,", 10566 NW 57TH ST, , CORAL SPRINGS, FL, 33076, US",DHL SmartMail Parcel Expedited,10.000,Zone 06,4.38,4.27,0.00,0.11,4.27
2021-04-09,,,'9374869903506607823753,", 341 149TH PL, , WHITESTONE, NY, 11357, US",DHL SmartMail Parcel Expedited,9.000,Zone 01,4.04,3.94,0.00,0.10,3.94
2021-04-09,,,'9374869903506608565539,", 18 CELLER RD, , EDISON, NJ, 08817, US",DHL SmartMail Parcel Expedited,7.000,Zone 01,3.46,3.38,0.00,0.08,3.38
2021-04-09,,,'9374869903506608597325,", 6905 COLUMBIA FALLS DR, , MCKINNEY, TX, 75070, US",DHL SmartMail Parcel Expedited,12.000,Zone 06,4.38,4.28,0.00,0.10,4.28
2021-04-09,,,'9374869903506608608274,", 9512 MITCHELL GLEN DR, , CHARLOTTE, NC, 28277, US",DHL SmartMail Parcel Expedited,12.000,Zone 04,4.12,4.02,0.00,0.10,4.02
2021-04-09,,,'9374869903506608680706,", 2752 NW 98TH PLACE, , HIALEAH GARDENS, FL, 33018, US",DHL SmartMail Parcel Expedited,10.000,Zone 06,4.38,4.27,0.00,0.11,4.27
2021-04-09,,,'9374869903506608708226,", 14001 69TH AVE, , FLUSHING, NY, 11367, US",DHL SmartMail Parcel Expedited,9.000,Zone 01,4.04,3.94,0.00,0.10,3.94
