Ship Date,Customer Reference,Customer Confirmation,Delivery Confirmation,Recipient Address,Service,Weight (oz),Pricing Zone,USPS Comp. Rate,Charge,Surcharges,Total Savings,Total Charges
2021-04-05,,'20210405135806370U2KWWWO,'9361269903506577258658,", 1131 MAIN ST, , DUNSTABLE, MA, 01827-1112, US",DHL SmartMail Parcel Plus Expedited,32.000,Zone 03,7.96,7.54,0.00,0.42,7.54
2021-04-05,,'20210405173718781Q1VBBAA,'9361269903506579645876,", 9654 MONTELANICO LOOP UNIT 104, , NAPLES, FL, 34119-2118, US",DHL SmartMail Parcel Plus Expedited,32.000,Zone 06,10.44,9.73,0.00,0.71,9.73
2021-04-05,,'20210405173911602VB030UW,'9361269903506579663382,", 7017 LAMURE DR, , FAYETTEVILLE, NC, 28311-9410, US",DHL SmartMail Parcel Plus Expedited,48.000,Zone 04,8.72,8.33,0.00,0.39,8.33
2021-04-05,,'20210405174019808GRN40DI,'9361269903506579672568,", 152 ADAMS AVE, , VENUS, TX, 76084-3723, US",DHL SmartMail Parcel Plus Expedited,32.000,Zone 06,10.44,9.73,0.00,0.71,9.73
2021-04-05,,'20210405174020350LSSUGID,'9361269903506579673541,", 3320 PASTERN CT, , LEXINGTON, KY, 40513-1004, US",DHL SmartMail Parcel Plus Expedited,32.000,Zone 04,8.24,7.79,0.00,0.45,7.79
2021-04-05,,'202104051941266540EOJTTV,'9361269903506580691503,", 2101 CENTER ST, , WEST DES MOINES, IA, 50265-2230, US",DHL SmartMail Parcel Plus Expedited,48.000,Zone 05,9.64,9.16,0.00,0.48,9.16
2021-04-05,,'20210405194126644H4BJOTS,'9361269903506580692562,", 4425 MUNDY LN APT 4, , BRONX, NY, 10466-1132, US",DHL SmartMail Parcel Plus Expedited,48.000,Zone 01,8.00,7.67,0.00,0.33,7.67
2021-04-05,,'20210405194126646CUXVD2B,'9361269903506580693200,", 153 STATE ST, , BLOOMFIELD, NJ, 07003-2613, US",DHL SmartMail Parcel Plus Expedited,48.000,Zone 01,8.00,7.67,0.00,0.33,7.67
2021-04-05,,'20210405194200928PDOD3BB,'9361269903506580696812,", 812 PICKWICK ST, , SHEFFIELD, AL, 35660-7234, US",DHL SmartMail Parcel Plus Expedited,48.000,Zone 05,9.64,9.16,0.00,0.48,9.16
2021-04-05,,'20210405194250075FRA0G51,'9361269903506580708225,", 1701 TANYA LN APT 15, , UKIAH, CA, 95482-7278, US",DHL SmartMail Parcel Plus Expedited,48.000,Zone 08,16.45,15.54,0.00,0.91,15.54
2021-04-05,,'20210405194320273PCYVLVK,'9361269903506580715278,", 3811 KITTY HAWK LN SW, , VERO BEACH, FL, 32968-4026, US",DHL SmartMail Parcel Plus Expedited,48.000,Zone 05,9.64,9.16,0.00,0.48,9.16
2021-04-05,,'2021040513580639001RDB0E,'9374869903506577260060,", 203 DEADMANS RD, , MILES CITY, MT, 59301-7200, US",DHL SmartMail Parcel Plus Expedited,32.000,Zone 07,11.01,10.35,0.00,0.66,10.35
2021-04-05,,'20210405135806368UM0CMFL,'9374869903506577258647,", 2025 TORIN ST, , THE COLONY, TX, 75056-4243, US",DHL SmartMail Parcel Expedited,7.000,Zone 06,3.58,3.49,0.00,0.09,3.49
2021-04-05,,'202104051358063663SRU25V,'9374869903506577258661,", 3442 ROCK CREEK DR, , NEWTON, NC, 28658-8708, US",DHL SmartMail Parcel Expedited,11.000,Zone 04,4.12,4.02,0.00,0.10,4.02
2021-04-05,,'20210405135806356FS4UJVS,'9374869903506577259231,", 10133 SW CYPRESS WOOD CT, , PORT ST LUCIE, FL, 34987-2843, US",DHL SmartMail Parcel Expedited,10.000,Zone 06,4.38,4.27,0.00,0.11,4.27
2021-04-05,,'20210405135808778RYZU3I0,'9374869903506577259293,", 732 HEAD LN APT 18, , HANNIBAL, MO, 63401-6277, US",DHL SmartMail Parcel Expedited,15.999,Zone 05,5.42,5.22,0.00,0.20,5.22
2021-04-05,,'20210405135811059EB5NTKY,'9374869903506577259460,", 373 ISLAND REEF AVE, , HENDERSON, NV, 89012-5469, US",DHL SmartMail Parcel Expedited,12.000,Zone 08,4.68,4.57,0.00,0.11,4.57
2021-04-05,,'20210405135806362C21UFIE,'9374869903506577260077,", 363 IVY DR, , WOODBURY HEIGHTS, NJ, 08097-1155, US",DHL SmartMail Parcel Expedited,2.000,Zone 02,3.01,2.94,0.00,0.07,2.94
2021-04-05,,'202104051714399932UPIMQ5,'9374869903506579430188,", PO BOX 104, , BISCOE, AR, 72017-0104, US",DHL SmartMail Parcel Expedited,11.000,Zone 06,4.38,4.28,0.00,0.10,4.28
2021-04-05,,'202104051737187875HM3MWW,'9374869903506579644172,", 11545 DISCOVERY VIEW DR, , ANCHORAGE, AK, 99515-2752, US",DHL SmartMail Parcel Expedited,8.000,Zone 13,3.85,4.64,0.00,-0.79,4.64
2021-04-05,,'20210405173721455Y3RJNGJ,'9374869903506579644226,", 32 CALLERY PEAR DR, , BATESVILLE, IN, 47006-9193, US",DHL SmartMail Parcel Expedited,9.000,Zone 04,4.12,4.02,0.00,0.10,4.02
2021-04-05,,'202104051737187822FW5RME,'9374869903506579645124,", 7055 KNOLL LOOP, , MONTGOMERY, AL, 36116-6026, US",DHL SmartMail Parcel Expedited,5.000,Zone 05,3.57,3.48,0.00,0.09,3.48
2021-04-05,,'20210405173718781GKKFL3X,'9374869903506579645131,", 1248 CLOVIS CIR, , DAMMERON VALLEY, UT, 84783-5195, US",DHL SmartMail Parcel Expedited,5.000,Zone 08,3.85,3.76,0.00,0.09,3.76
2021-04-05,,'20210405173718992YRU0TZH,'9374869903506579645148,", 126 CHAPPELL RD, , SURGOINSVILLE, TN, 37873-5300, US",DHL SmartMail Parcel Expedited,6.000,Zone 05,3.57,3.48,0.00,0.09,3.48
2021-04-05,,'202104051737187695H4B3SO,'9374869903506579645889,", 1406 BELLAVISTA CIR, , BUFFALO, MN, 55313-5013, US",DHL SmartMail Parcel Expedited,9.000,Zone 05,4.20,4.10,0.00,0.10,4.10
2021-04-05,,'20210405173826928KAPS5AO,'9374869903506579652597,", 1343 CLIFF DR, , SANTA BARBARA, CA, 93109-1729, US",DHL SmartMail Parcel Expedited,3.000,Zone 08,3.49,3.41,0.00,0.08,3.41
2021-04-05,,'20210405173826928AR3H5DX,'9374869903506579656502,", 95 AUSTIN DR, , PORT SANILAC, MI, 48469-9646, US",DHL SmartMail Parcel Expedited,6.000,Zone 04,3.51,3.43,0.00,0.08,3.43
2021-04-05,,'20210405173826922JOEWU5E,'9374869903506579656540,", 1705 SANTA MARIA CT, , GRAND PRAIRIE, TX, 75051-4435, US",DHL SmartMail Parcel Expedited,7.000,Zone 06,3.58,3.49,0.00,0.09,3.49
2021-04-05,,'20210405173827001HU5MXRS,'9374869903506579657196,", 208 COUNTY ROAD 3495, , HAWKINS, TX, 75765-5005, US",DHL SmartMail Parcel Expedited,5.000,Zone 06,3.58,3.49,0.00,0.09,3.49
2021-04-05,,'20210405173911617I4SK5UW,'9374869903506579660547,", 13117 5TH AVENUE CT E, , TACOMA, WA, 98445-1481, US",DHL SmartMail Parcel Expedited,6.000,Zone 08,3.85,3.76,0.00,0.09,3.76
2021-04-05,,'20210405173911588SWBYLLG,'9374869903506579660554,", 2607 GRANT ST, , BERKELEY, CA, 94703-1915, US",DHL SmartMail Parcel Expedited,8.000,Zone 08,3.85,3.76,0.00,0.09,3.76
2021-04-05,,'20210405173914304KLM4LGX,'9374869903506579660615,", 2868 SAGE AVE, , DAYTON, OH, 45417-4231, US",DHL SmartMail Parcel Expedited,11.000,Zone 04,4.12,4.02,0.00,0.10,4.02
2021-04-05,,'20210405173911602CHPG1RF,'9374869903506579662817,", 1705 OAK BRANCH CT, , BRANDON, FL, 33511-4869, US",DHL SmartMail Parcel Expedited,3.000,Zone 05,3.12,3.04,0.00,0.08,3.04
2021-04-05,,'20210405173913131K1VNCNR,'9374869903506579662824,", 1114 GLOBE ST, , HOUSTON, TX, 77034-1109, US",DHL SmartMail Parcel Expedited,13.000,Zone 06,5.66,5.42,0.00,0.24,5.42
2021-04-05,,'20210405173913192P5VOCGN,'9374869903506579662848,", 1247 ILIUM DR, , LAFAYETTE, CO, 80026-1267, US",DHL SmartMail Parcel Expedited,2.000,Zone 07,3.35,3.27,0.00,0.08,3.27
2021-04-05,,'20210405173913332DJ5SRBE,'9374869903506579663487,", 11243 JOE MORRISON LN, , CHARLOTTE, NC, 28214-6422, US",DHL SmartMail Parcel Expedited,7.000,Zone 04,3.51,3.43,0.00,0.08,3.43
2021-04-05,,'20210405173911600SCTV5LY,'9374869903506579664033,", 820 CALVIN AVE, , LEHIGH ACRES, FL, 33972-7408, US",DHL SmartMail Parcel Expedited,11.000,Zone 06,4.38,4.28,0.00,0.10,4.28
2021-04-05,,'20210405173912945P0RJLT2,'9374869903506579664248,", 1806 16TH AVE, , MILTON, WA, 98354-9176, US",DHL SmartMail Parcel Ground,14.000,Zone 08,5.98,5.48,0.00,0.50,5.48
2021-04-05,,'20210405174020353QM0RXRD,'9374869903506579671789,", 181 NORTHERN AVE NW APT 103, , BLACKDUCK, MN, 56630-2145, US",DHL SmartMail Parcel Expedited,6.000,Zone 06,3.58,3.49,0.00,0.09,3.49
2021-04-05,,'20210405174019405Z0ZXF2I,'9374869903506579672472,", 5785 TENA LN, , BEAUMONT, TX, 77707-3625, US",DHL SmartMail Parcel Expedited,11.000,Zone 06,4.38,4.28,0.00,0.10,4.28
2021-04-05,,'20210405174019385SGDU4D5,'9374869903506579673400,", 10826 EVERWOOD LN, , HOUSTON, TX, 77024-5416, US",DHL SmartMail Parcel Expedited,10.000,Zone 06,4.38,4.27,0.00,0.11,4.27
2021-04-05,,'20210405174019397DKLDGB5,'9374869903506579673417,", 65 POPLAR DR, , DENVER, PA, 17517-9027, US",DHL SmartMail Parcel Expedited,10.000,Zone 02,4.04,3.94,0.00,0.10,3.94
2021-04-05,,'20210405174020347ETS3VUE,'9374869903506579673479,", 1624 MISSOURI AVE, , EAST SAINT LOUIS, IL, 62205-1241, US",DHL SmartMail Parcel Expedited,7.000,Zone 05,3.57,3.48,0.00,0.09,3.48
2021-04-05,,'20210405174020548ZPNGQT0,'9374869903506579673486,", 8805 Q ST APT 120, , OMAHA, NE, 68127-4878, US",DHL SmartMail Parcel Expedited,10.000,Zone 06,4.38,4.27,0.00,0.11,4.27
2021-04-05,,'20210405174022959GIGW1DM,'9374869903506579673585,", 6153 BRYNWOOD DR APT 2, , ROCKFORD, IL, 61114-5807, US",DHL SmartMail Parcel Expedited,7.000,Zone 05,3.57,3.48,0.00,0.09,3.48
2021-04-05,,'20210405174025824HOZEMPG,'9374869903506579673721,", 3763 GANSON DR, , COLUMBUS, OH, 43224-2848, US",DHL SmartMail Parcel Expedited,11.000,Zone 04,4.12,4.02,0.00,0.10,4.02
2021-04-05,,'20210405174019391N5Z5KQW,'9374869903506579674254,", 212 FINLAY ST, , STATEN ISLAND, NY, 10307-1655, US",DHL SmartMail Parcel Expedited,15.999,Zone 01,5.19,4.99,0.00,0.20,4.99
2021-04-05,,'20210405174019395GTSBVV3,'9374869903506579674261,", 3828 JOYNER ST, , FLINT, MI, 48532-3849, US",DHL SmartMail Parcel Expedited,5.000,Zone 04,3.51,3.43,0.00,0.08,3.43
2021-04-05,,'20210405174020346TCINVHA,'9374869903506579674308,", 42 LEE CIRCLE DR, , ROCHESTER, NY, 14626-4008, US",DHL SmartMail Parcel Expedited,11.000,Zone 03,4.09,3.99,0.00,0.10,3.99
2021-04-05,,'20210405174022960OB0CV3M,'9374869903506579674438,", 1206 SWIFTS HWY APT 6, , JEFFERSON CITY, MO, 65109-2529, US",DHL SmartMail Parcel Expedited,11.000,Zone 05,4.20,4.10,0.00,0.10,4.10
2021-04-05,,'20210405174023655EJ0OSIT,'9374869903506579674513,", 10 LUFKIN AVE, , MEXICO, ME, 04257-1313, US",DHL SmartMail Parcel Expedited,4.000,Zone 03,3.03,2.96,0.00,0.07,2.96
2021-04-05,,'2021040517402702140VT41O,'9374869903506579675862,", 745 MOSES DR, , RAHWAY, NJ, 07065-2775, US",DHL SmartMail Parcel Expedited,6.000,Zone 01,3.46,3.38,0.00,0.08,3.38
2021-04-05,,'20210405183355326OPWMS3V,'9374869903506580114367,", 8851 NW 78TH ST APT 189, , TAMARAC, FL, 33321-2067, US",DHL SmartMail Parcel Expedited,2.000,Zone 06,3.22,3.14,0.00,0.08,3.14
2021-04-05,,'20210405194126652SRB4YWR,'9374869903506580692575,", 2947 MEADOWLARK LN, , MACHESNEY PARK, IL, 61115-7674, US",DHL SmartMail Parcel Expedited,7.000,Zone 05,3.57,3.48,0.00,0.09,3.48
2021-04-05,,'20210405194126643RMHKC0R,'9374869903506580693213,", 2316 AUGUSTA DR, , PEARLAND, TX, 77581-5183, US",DHL SmartMail Parcel Expedited,14.000,Zone 06,5.66,5.42,0.00,0.24,5.42
2021-04-05,,'20210405194126645AQPM0NJ,'9374869903506580694166,", 4098 PECHIN ST, , PHILADELPHIA, PA, 19128-3628, US",DHL SmartMail Parcel Expedited,11.000,Zone 02,4.04,3.94,0.00,0.10,3.94
2021-04-05,,'20210405194200915QNMBTZS,'9374869903506580696795,", 105 MEADOW LN, , DIAMOND, IL, 60416-7099, US",DHL SmartMail Parcel Expedited,9.000,Zone 05,4.20,4.10,0.00,0.10,4.10
2021-04-05,,'20210405194200920UFZ2K2D,'9374869903506580698775,", 7284 TONAWANDA CREEK RD, , LOCKPORT, NY, 14094-9039, US",DHL SmartMail Parcel Expedited,8.000,Zone 03,3.49,3.41,0.00,0.08,3.41
2021-04-05,,'202104051942009203Z5JI3U,'9374869903506580699116,", 4815 ROSWELL MILL DR, , ALPHARETTA, GA, 30022-4569, US",DHL SmartMail Parcel Expedited,4.000,Zone 05,3.12,3.04,0.00,0.08,3.04
2021-04-05,,'20210405194201153ERJC5R0,'9374869903506580700034,", 791 LOS ALTOS AVE, , LOS ALTOS, CA, 94022-1632, US",DHL SmartMail Parcel Expedited,4.000,Zone 08,3.49,3.41,0.00,0.08,3.41
2021-04-05,,'202104051942009204CLQOUQ,'9374869903506580700072,", 3081 NW 167TH PL, , BEAVERTON, OR, 97006-5295, US",DHL SmartMail Parcel Expedited,5.000,Zone 08,3.85,3.76,0.00,0.09,3.76
2021-04-05,,'20210405194250077N51B1DP,'9374869903506580707163,", 496 South C.R. 353, , Orange Grove, TX, 78372, US",DHL SmartMail Parcel Expedited,8.000,Zone 07,3.69,3.60,0.00,0.09,3.60
2021-04-05,,'20210405194250078KFRHQHG,'9374869903506580708139,", 14801 HIGHLAND TRL, , MINNETONKA, MN, 55345-4618, US",DHL SmartMail Parcel Expedited,9.000,Zone 05,4.20,4.10,0.00,0.10,4.10
2021-04-05,,'20210405194250076PTNHYTT,'9374869903506580708245,", 200 LIONS HILL RD APT E11, , STATE COLLEGE, PA, 16803-1894, US",DHL SmartMail Parcel Expedited,10.000,Zone 03,4.09,3.99,0.00,0.10,3.99
2021-04-05,,'202104051942500772D4PHQ4,'9374869903506580709020,", 556 HOLLY BERRY LN, , SELMA, NC, 27576-5515, US",DHL SmartMail Parcel Expedited,12.000,Zone 04,4.12,4.02,0.00,0.10,4.02
2021-04-05,,'20210405194341970WYJ44OU,'9374869903506580718619,", 8709 NEW RIVER CIR, , RALEIGH, NC, 27603-9141, US",DHL SmartMail Parcel Expedited,8.000,Zone 04,3.51,3.43,0.00,0.08,3.43
2021-04-05,,'20210405204936626G3040QZ,'9374869903506581254345,", 807 BEDFORDSHIRE RD, , LOUISVILLE, KY, 40222-5568, US",DHL SmartMail Parcel Expedited,8.000,Zone 05,3.57,3.48,0.00,0.09,3.48
2021-04-05,,'20210405173826904S1NEOHN,'9361269903506579656537,", 5160 JOSEPH ST, , MAPLE HEIGHTS, OH, 44137-1532, US",DHL SmartMail Parcel Expedited,11.000,Zone 04,4.12,4.02,0.00,0.10,4.02
2021-04-05,,'20210405173912380NCXPNH5,'9361269903506579664211,", 1104 N HAWTHORNE ST APT B, , CHATTANOOGA, TN, 37406-3105, US",DHL SmartMail Parcel Expedited,11.000,Zone 05,4.20,4.10,0.00,0.10,4.10
2021-04-06,,'202104061816342633N15MNX,'9374869903506588328261,", 952 DALMORE DR, , FAYETTEVILLE, NC, 28311-1145, US",DHL SmartMail Parcel Expedited,6.000,Zone 04,3.51,3.43,0.00,0.08,3.43
2021-04-06,,'20210406181634266X1SLL53,'9374869903506588328278,", 57 CAMP ST, , WORCESTER, MA, 01603-2373, US",DHL SmartMail Parcel Expedited,4.000,Zone 02,3.01,2.94,0.00,0.07,2.94
2021-04-06,,'20210406181634271ISVRCZ2,'9374869903506588328285,", 1612 ALTON WAY, , AUBREY, TX, 76227-1477, US",DHL SmartMail Parcel Ground,6.000,Zone 06,3.58,3.48,0.00,0.10,3.48
2021-04-06,,'20210406181636894XEUJWZQ,'9374869903506588328360,", 15 SWEETWATER CIR, , LOWER GWYNEDD, PA, 19002-2037, US",DHL SmartMail Parcel Expedited,8.000,Zone 02,3.46,3.38,0.00,0.08,3.38
2021-04-06,,'20210406181634239FOKICZD,'9374869903506588329121,", 274 SAWMILL RD APT B, , BRICK, NJ, 08724-1787, US",DHL SmartMail Parcel Expedited,4.000,Zone 01,3.01,2.94,0.00,0.07,2.94
2021-04-06,,'20210406181643215HTUW5YK,'9374869903506588329237,", 2055 NE 204TH ST, , MIAMI, FL, 33179-2218, US",DHL SmartMail Parcel Expedited,4.000,Zone 06,3.22,3.14,0.00,0.08,3.14
2021-04-06,,'20210406181634262QVJFNJY,'9374869903506588330233,", 830 WHITETAIL DRAW RD, , SAINT MARIES, ID, 83861-9750, US",DHL SmartMail Parcel Expedited,4.000,Zone 08,3.49,3.41,0.00,0.08,3.41
2021-04-06,,'20210406181634266DHGNJZS,'9374869903506588330240,", 95 AUSTIN DR, , PORT SANILAC, MI, 48469-9646, US",DHL SmartMail Parcel Expedited,4.000,Zone 04,3.06,2.99,0.00,0.07,2.99
2021-04-06,,'20210406181639194W2JAMIU,'9374869903506588330394,", 201B HELEN CIR, , STARKVILLE, MS, 39759-3961, US",DHL SmartMail Parcel Expedited,4.000,Zone 06,3.22,3.14,0.00,0.08,3.14
2021-04-06,,'202104061947459594XFXHPC,'9374869903506589058402,", 22 PIN OAK LN, , CHAPPAQUA, NY, 10514-2308, US",DHL SmartMail Parcel Expedited,4.000,Zone 01,3.01,2.94,0.00,0.07,2.94
2021-04-06,,'20210406194745948IIPRMBM,'9374869903506589058419,", 219 SADDLE RIDGE DR, , HARRISBURG, PA, 17110-3977, US",DHL SmartMail Parcel Expedited,6.000,Zone 02,3.46,3.38,0.00,0.08,3.38
2021-04-06,,'20210406181643991ADSUDHJ,'9361269903506588331135,", 125 HARPER DR, , TABOR CITY, NC, 28463-8361, US",DHL SmartMail Parcel Expedited,6.000,Zone 04,3.51,3.43,0.00,0.08,3.43
2021-04-07,,'202104071852521871H14RHU,'9361269903506595829472,", 1909 BREAKER LN, , FLOWER MOUND, TX, 75022-5484, US",DHL SmartMail Parcel Plus Expedited,32.000,Zone 06,10.44,9.73,0.00,0.71,9.73
2021-04-07,,'2021040718525573132AFHNF,'9374869903506595831372,", 8455 LOWELL AVE APT A, , OVERLAND PARK, KS, 66212-2716, US",DHL SmartMail Parcel Plus Expedited,32.000,Zone 06,10.44,9.73,0.00,0.71,9.73
2021-04-07,,'202104071852521842EKB2EC,'9374869903506595830429,", 10801 East Taylor Road, , Gulfport, MS, 39503, US",DHL SmartMail Parcel Plus Expedited,32.000,Zone 06,10.44,9.73,0.00,0.71,9.73
2021-04-07,,'20210407185252190SAUOWKY,'9374869903506595829461,", 6113 GLENN AVE, , COOPERSBURG, PA, 18036-9421, US",DHL SmartMail Parcel Expedited,13.000,Zone 01,5.19,4.98,0.00,0.21,4.98
2021-04-07,,'20210407185252189AW2FED4,'9374869903506595831280,", 741 TANGLEWOOD CIR, , WESTON, FL, 33327-1839, US",DHL SmartMail Parcel Expedited,15.000,Zone 06,5.66,5.43,0.00,0.23,5.43
2021-04-07,,'20210407185252193BZI20MQ,'9374869903506595831297,", 785 MASON CIR, , VISTA, CA, 92084-1828, US",DHL SmartMail Parcel Expedited,6.000,Zone 08,3.85,3.76,0.00,0.09,3.76
2021-04-07,,'20210407185252182MG3JFDK,'9374869903506595831303,", 139 3 PONDS LN, , MALVERN, PA, 19355-9662, US",DHL SmartMail Parcel Expedited,2.000,Zone 02,3.01,2.94,0.00,0.07,2.94
2021-04-07,,'20210407185254558IYFP0YA,'9374869903506595831334,", 1145 NEVADA SKY ST, , LAS VEGAS, NV, 89128-2147, US",DHL SmartMail Parcel Expedited,6.000,Zone 08,3.85,3.76,0.00,0.09,3.76
2021-04-07,,'20210407185636721CWJB4LJ,'9374869903506595853251,", 261 GARRISON BRANCH RD, , WEAVERVILLE, NC, 28787-9360, US",DHL SmartMail Parcel Expedited,5.000,Zone 04,3.51,3.43,0.00,0.08,3.43
2021-04-07,,'20210407185636730X1NVQNW,'9374869903506595854166,", 900 MOE DR STE B, , AKRON, OH, 44310-2519, US",DHL SmartMail Parcel Expedited,10.000,Zone 04,4.12,4.02,0.00,0.10,4.02
2021-04-08,,'20210408182205523H2A4BLR,'9361269903506602834925,", 9 BOND PL, , LUMBERTON, NJ, 08048-4517, US",DHL SmartMail Parcel Plus Expedited,32.000,Zone 02,7.79,7.38,0.00,0.41,7.38
2021-04-08,,'20210408172303173UIVVDRD,'9374869903506602443697,", 414 N FILLMORE ST, , JEROME, ID, 83338-2436, US",DHL SmartMail Parcel Expedited,8.000,Zone 08,3.85,3.76,0.00,0.09,3.76
2021-04-08,,'20210408182205511LZPAWW2,'9374869903506602831647,", 8444 NAVE RD SW, , MASSILLON, OH, 44646-9435, US",DHL SmartMail Parcel Expedited,9.000,Zone 04,4.12,4.02,0.00,0.10,4.02
2021-04-08,,'20210408182205519TE0PU1L,'9374869903506602833061,", 7410 LACKMAN RD, , SHAWNEE, KS, 66217-9418, US",DHL SmartMail Parcel Expedited,5.000,Zone 06,3.58,3.49,0.00,0.09,3.49
2021-04-08,,'20210408182205510SB3WUMJ,'9374869903506602834044,", 21633 MONMOUTH TER, , ASHBURN, VA, 20147-4508, US",DHL SmartMail Parcel Expedited,7.000,Zone 03,3.49,3.41,0.00,0.08,3.41
2021-04-08,,'202104081822055491G1MZLL,'9374869903506602834068,", 117 CAROLINE ST, , STATEN ISLAND, NY, 10310-2321, US",DHL SmartMail Parcel Expedited,3.000,Zone 01,3.01,2.94,0.00,0.07,2.94
2021-04-08,,'20210408182208110ITKDBHK,'9374869903506602834105,", 545 IRON KETTLE RD, , TOMS RIVER, NJ, 08753-6284, US",DHL SmartMail Parcel Expedited,9.000,Zone 01,4.04,3.94,0.00,0.10,3.94
2021-04-08,,'20210408182209205DYULWPC,'9374869903506602834167,", 523 VZ COUNTY ROAD 4811, , CHANDLER, TX, 75758-3621, US",DHL SmartMail Parcel Expedited,5.000,Zone 06,3.58,3.49,0.00,0.09,3.49
2021-04-08,,'20210408182205494OSZMVCS,'9374869903506602834907,", 7055 KNOLL LOOP, , MONTGOMERY, AL, 36116-6026, US",DHL SmartMail Parcel Expedited,12.000,Zone 05,4.20,4.10,0.00,0.10,4.10
2021-04-08,,'20210408203110476MEP4AWO,'9374869903506603634087,", 5335 FIDLER AVE, , LAKEWOOD, CA, 90712-2001, US",DHL SmartMail Parcel Expedited,11.000,Zone 08,4.68,4.57,0.00,0.11,4.57
2021-04-09,,'20210409140558381B15H35Y,'9361269903506607012342,", 1751 E TREMAINE AVE, , GILBERT, AZ, 85234-8146, US",DHL SmartMail Parcel Plus Expedited,32.000,Zone 08,11.69,11.14,0.00,0.55,11.14
2021-04-09,,'20210409140558372OBXRC1H,'9374869903506607008747,", 1306 ROSS ST, , GEORGE WEST, TX, 78022-3430, US",DHL SmartMail Parcel Expedited,15.000,Zone 07,5.81,5.61,0.00,0.20,5.61
2021-04-09,,'202104091405583761X0YMF1,'9374869903506607011464,", 101 ASHLAND CT, , KNIGHTDALE, NC, 27545-9613, US",DHL SmartMail Parcel Expedited,2.000,Zone 04,3.06,2.99,0.00,0.07,2.99
2021-04-09,,'20210409140558371TWX0AP4,'9374869903506607011471,", 6371 WEDGEVIEW CT BLDG I, , TUCKER, GA, 30084-1380, US",DHL SmartMail Parcel Expedited,4.000,Zone 05,3.12,3.04,0.00,0.08,3.04
2021-04-09,,'20210409140558369H3CWGDU,'9374869903506607012331,", 9916 HAGEL CIR, , LORTON, VA, 22079-4306, US",DHL SmartMail Parcel Expedited,3.000,Zone 03,3.03,2.96,0.00,0.07,2.96
2021-04-09,,'20210409140603168PPA3SEG,'9374869903506607012560,", 3452 W POTOMAC AVE BSMT, , CHICAGO, IL, 60651-3061, US",DHL SmartMail Parcel Expedited,8.000,Zone 05,3.57,3.48,0.00,0.09,3.48
2021-04-09,,'20210409140558358DSXLZ2Q,'9374869903506607013024,", 86 MAIN ST APT 5, , LITTLETON, NH, 03561-4044, US",DHL SmartMail Parcel Expedited,2.000,Zone 03,3.03,2.96,0.00,0.07,2.96
2021-04-09,,'20210409150707420RFP03HM,'9374869903506607716659,", 6519 PARTON CT APT C, , PEACHTREE CORNERS, GA, 30092-6118, US",DHL SmartMail Parcel Expedited,12.000,Zone 05,4.20,4.10,0.00,0.10,4.10
2021-04-09,,'20210409150707415OOBODRU,'9374869903506607717915,", 2324 HEATH LAKE DR, , MINT HILL, NC, 28227-4601, US",DHL SmartMail Parcel Expedited,12.000,Zone 04,4.12,4.02,0.00,0.10,4.02
