Ship Date,Customer Reference,Customer Confirmation,Delivery Confirmation,Recipient Address,Service,Weight (oz),Pricing Zone,USPS Comp. Rate,Charge,Surcharges,Total Savings,Total Charges
2021-03-26,,'GFDHL1167109,'9374869903506530038590,", 4286 la Canada rd., , Fallbrook, CA, 92028, US",DHL SmartMail Parcel Expedited,5.000,Zone 08,3.85,3.74,0.00,0.11,3.74
2021-03-26,,'GFDHL1167110,'9374869903506530038682,", 33691 CALLE MIRAMAR, , San Juan Capistrano, CA, 92675, US",DHL SmartMail Parcel Expedited,7.000,Zone 08,3.85,3.76,0.00,0.09,3.76
2021-03-26,,'GFDHL1167145,'9374869903506530085723,", 200 Moon Circle Unit 223, , Folsom, CA, 95630, US",DHL SmartMail Parcel Expedited,1.000,Zone 08,3.49,3.33,0.00,0.16,3.33
2021-03-26,,'GFDHL1167146,'9374869903506530088175,", 52641 D W Seaton, , Chesterfield, MI, 48047, US",DHL SmartMail Parcel Expedited,2.000,Zone 04,3.06,2.99,0.00,0.07,2.99
2021-03-26,,'GFDHL1167149,'9374869903506530089288,", 5246  Belfast rd., , Batavia, OH, 45103, US",DHL SmartMail Parcel Expedited,1.000,Zone 04,3.06,2.99,0.00,0.07,2.99
2021-04-05,,'GFDHL1171752,'9361269903506576664795,", 107 clarke ave, , Staten Island, NY, 10306-1113, US",DHL SmartMail Parcel Plus Ground,32.000,Zone 01,7.79,6.91,0.00,0.88,6.91
2021-04-05,,'GFDHL1171754,'9361269903506576668076,", 2645 Union Lake Rd, , Commerce Township, MI, 48382-3560, US",DHL SmartMail Parcel Plus Ground,32.000,Zone 04,8.24,7.28,0.00,0.96,7.28
2021-04-05,,'GFDHL1171751,'9361269903506576668083,", 537 palisade ave, , Jersey City, NJ, 07307, US",DHL SmartMail Parcel Plus Ground,32.000,Zone 01,7.79,6.91,0.00,0.88,6.91
2021-04-05,,'GFDHL1171761,'9361269903506576668328,", 108 Sesco Dr, , Hampton, VA, 23664, US",DHL SmartMail Parcel Plus Ground,32.000,Zone 03,7.96,7.06,0.00,0.90,7.06
2021-04-05,,'GFDHL1171768,'9361269903506576668601,", 1996 OVERSEAS HWY, , MARATHON, FL, 33050-2127, US",DHL SmartMail Parcel Plus Ground,32.000,Zone 06,10.44,9.02,0.00,1.42,9.02
2021-04-05,,'GFDHL1171769,'9361269903506576668656,", 1135 SYCAMORE LN, , WALNUT COVE, NC, 27052-6412, US",DHL SmartMail Parcel Plus Ground,32.000,Zone 04,8.24,7.28,0.00,0.96,7.28
2021-04-05,,'GFDHL1171772,'9361269903506576668731,", 1507 W OAKLEY PARK RD, , COMMERCE TOWNSHIP, MI, 48390-1144, US",DHL SmartMail Parcel Plus Ground,32.000,Zone 04,8.24,7.28,0.00,0.96,7.28
2021-04-05,,'GFDHL1171774,'9361269903506576668793,", 1648 CHASE ARBOR CMN, BUILDING # 12, VIRGINIA BEACH, VA, 23462-7410, US",DHL SmartMail Parcel Plus Ground,32.000,Zone 03,7.96,7.06,0.00,0.90,7.06
2021-04-05,,'GFDHL1171776,'9361269903506576668830,", 308 HAWKINS AVE, , COLUMBIA, MS, 39429-2010, US",DHL SmartMail Parcel Plus Ground,32.000,Zone 06,10.44,9.02,0.00,1.42,9.02
2021-04-05,,'GFDHL1171777,'9361269903506576668847,", 746 Sherman Ave, , Millville, NJ, 08332, US",DHL SmartMail Parcel Plus Ground,32.000,Zone 02,7.79,6.91,0.00,0.88,6.91
2021-04-05,,'GFDHL1171771,'9361269903506576669707,", 5757 DOW AVE APT 537, , ALEXANDRIA, VA, 22304-5110, US",DHL SmartMail Parcel Plus Ground,32.000,Zone 03,7.96,7.06,0.00,0.90,7.06
2021-04-05,,'GFDHL1171778,'9361269903506576669806,", 600 East 7th street, , Brooklyn, NY, 11218, US",DHL SmartMail Parcel Plus Ground,32.000,Zone 01,7.79,6.91,0.00,0.88,6.91
2021-04-05,,'GFDHL1171773,'9361269903506576669820,", 780 AVENUE D, , ROCHESTER, NY, 14621-4749, US",DHL SmartMail Parcel Plus Ground,32.000,Zone 03,7.96,7.06,0.00,0.90,7.06
2021-04-05,,'GFDHL1171755,'9361269903506576669981,", 20509 Reserve Falls Terrace, #302, Sterling, VA, 20165, US",DHL SmartMail Parcel Plus Ground,32.000,Zone 03,7.96,7.06,0.00,0.90,7.06
2021-04-05,,'GFDHL1171753,'9361269903506576669998,", 5752 Pine St, , Philadelphia, PA, 19143, US",DHL SmartMail Parcel Plus Ground,32.000,Zone 02,7.79,6.91,0.00,0.88,6.91
2021-04-05,,'GFDHL1171760,'9361269903506576670314,", 123 high street, , Lockport, NY, 14094, US",DHL SmartMail Parcel Plus Ground,32.000,Zone 03,7.96,7.06,0.00,0.90,7.06
2021-04-05,,'GFDHL1171759,'9361269903506576670345,", 1265 Harpster Ave, , Akron, OH, 44314, US",DHL SmartMail Parcel Plus Ground,32.000,Zone 04,8.24,7.28,0.00,0.96,7.28
2021-04-05,,'GFDHL1171762,'9361269903506576670383,", 8106 Foxdale Dr, , Norfolk, VA, 23518, US",DHL SmartMail Parcel Plus Ground,32.000,Zone 03,7.96,7.06,0.00,0.90,7.06
2021-04-05,,'GFDHL1171765,'9361269903506576670468,", 613 39th Street, , Beaver Falls, PA, 15010, US",DHL SmartMail Parcel Plus Ground,32.000,Zone 04,8.24,7.28,0.00,0.96,7.28
2021-04-05,,'GFDHL1171770,'9361269903506576670598,", 9 LURA LEA LN, , WARREN, AR, 71671-3022, US",DHL SmartMail Parcel Plus Ground,32.000,Zone 06,10.44,9.02,0.00,1.42,9.02
2021-04-05,,'GFDHL1171775,'9361269903506576670741,", 76 WINNIE RD, , RED BANKS, MS, 38661-9771, US",DHL SmartMail Parcel Plus Ground,32.000,Zone 05,8.85,7.78,0.00,1.07,7.78
2021-04-05,,'GFDHL1171756,'9361269903506576670925,", 2202 Barnett Ave, # B, Wilmington, NC, 28403, US",DHL SmartMail Parcel Plus Ground,32.000,Zone 04,8.24,7.28,0.00,0.96,7.28
2021-04-05,,'GFDHL1171758,'9361269903506576671014,", 108 Speicher Dr, , Annapolis, MD, 21401, US",DHL SmartMail Parcel Plus Ground,32.000,Zone 02,7.79,6.91,0.00,0.88,6.91
2021-04-05,,'GFDHL1171757,'9361269903506576671021,", 108 Shellbark Court, , Troy, MO, 63379, US",DHL SmartMail Parcel Plus Ground,32.000,Zone 05,8.85,7.78,0.00,1.07,7.78
2021-04-05,,'GFDHL1171763,'9361269903506576671175,", 3004 Crystal Lake Dr, , Elizabeth City, NC, 27909, US",DHL SmartMail Parcel Plus Ground,32.000,Zone 04,8.24,7.28,0.00,0.96,7.28
2021-04-05,,'GFDHL1171767,'9361269903506576671281,", 275 MOSSY SPRINGS DR., , OAKLAND, TN, 38060, US",DHL SmartMail Parcel Plus Ground,32.000,Zone 05,8.85,7.78,0.00,1.07,7.78
2021-04-05,,'GFDHL1171764,'9361269903506576671311,", 235 Peachtree Street, , Waynesboro, GA, 30830, US",DHL SmartMail Parcel Plus Ground,32.000,Zone 05,8.85,7.78,0.00,1.07,7.78
2021-04-05,,'GFDHL1171786,'9361269903506576671762,", 456 BURRITT AVE, , STRATFORD, CT, 06615-6252, US",DHL SmartMail Parcel Plus Ground,32.000,Zone 01,7.79,6.91,0.00,0.88,6.91
2021-04-05,,'GFDHL1171789,'9361269903506576671847,", 11 ELLSWORTH ST APT 2, , WORCESTER, MA, 01610-1857, US",DHL SmartMail Parcel Plus Ground,32.000,Zone 02,7.79,6.91,0.00,0.88,6.91
2021-04-05,,'GFDHL1171780,'9361269903506576671922,", 710 FAIRCLOTH ST, , RALEIGH, NC, 27607-4013, US",DHL SmartMail Parcel Plus Ground,32.000,Zone 04,8.24,7.28,0.00,0.96,7.28
2021-04-05,,'GFDHL1171783,'9361269903506576671984,", 35 S CONGRESS ST BROMLEY 515, , ATHENS, OH, 45701-1600, US",DHL SmartMail Parcel Plus Ground,32.000,Zone 04,8.24,7.28,0.00,0.96,7.28
2021-04-05,,'GFDHL1171784,'9361269903506576672035,", 419 BRUCE AVE, , STRATFORD, CT, 06615-5525, US",DHL SmartMail Parcel Plus Ground,32.000,Zone 01,7.79,6.91,0.00,0.88,6.91
2021-04-05,,'GFDHL1171779,'9361269903506576672851,", 1548 CREEKSIDE RD, , WHITEHALL, PA, 18052-5602, US",DHL SmartMail Parcel Plus Ground,32.000,Zone 01,7.79,6.91,0.00,0.88,6.91
2021-04-05,,'GFDHL1171790,'9361269903506576673063,", 99 Townline Road, , East Northport, NY, 11731, US",DHL SmartMail Parcel Plus Ground,32.000,Zone 01,7.79,6.91,0.00,0.88,6.91
2021-04-05,,'GFDHL1171781,'9361269903506576673889,", 1870 HART ST APT 1R, , RIDGEWOOD, NY, 11385-1111, US",DHL SmartMail Parcel Plus Ground,32.000,Zone 01,7.79,6.91,0.00,0.88,6.91
2021-04-05,,'GFDHL1171782,'9361269903506576673902,", 4585 W FORK RD # 570, , DARBY, MT, 59829-9630, US",DHL SmartMail Parcel Plus Ground,32.000,Zone 08,11.69,9.69,0.00,2.00,9.69
2021-04-05,,'GFDHL1171785,'9361269903506576673957,", 28758 Ramblewood Dr., , Farmington Hills, MI, 48334, US",DHL SmartMail Parcel Plus Ground,32.000,Zone 04,8.24,7.28,0.00,0.96,7.28
2021-04-05,,'GFDHL1171787,'9361269903506576673971,", 24 SANDRA DR, , TOTOWA, NJ, 07512-1166, US",DHL SmartMail Parcel Plus Ground,32.000,Zone 01,7.79,6.91,0.00,0.88,6.91
2021-04-05,,'GFDHL1171788,'9361269903506576674022,", 70 BOWMAN DR, , NAUGATUCK, CT, 06770-5002, US",DHL SmartMail Parcel Plus Ground,32.000,Zone 02,7.79,6.91,0.00,0.88,6.91
2021-04-05,,'GFDHL1171791,'9361269903506576674862,", 513 2ND ST, , CALIFORNIA, PA, 15419-1312, US",DHL SmartMail Parcel Plus Ground,32.000,Zone 04,8.24,7.28,0.00,0.96,7.28
2021-04-05,,'GFDHL1172094,'9361269903506577435479,", 515 Indiana Ln, , Newfield, NY, 14867-9018, US",DHL SmartMail Parcel Plus Ground,32.000,Zone 03,7.96,7.06,0.00,0.90,7.06
2021-04-05,,'GFDHL1172109,'9361269903506577435554,", 8228 State Park, , Center Line, MI, 48015-1767, US",DHL SmartMail Parcel Plus Ground,32.000,Zone 04,8.24,7.28,0.00,0.96,7.28
2021-04-05,,'GFDHL1172110,'9361269903506577435578,", 207 Albert St, , Newton Falls, OH, 44444-1048, US",DHL SmartMail Parcel Plus Ground,32.000,Zone 04,8.24,7.28,0.00,0.96,7.28
2021-04-05,,'GFDHL1172098,'9361269903506577436735,", 6285 Sinclair RD, , Eau Claire, MI, 49111-8418, US",DHL SmartMail Parcel Plus Ground,32.000,Zone 04,8.24,7.28,0.00,0.96,7.28
2021-04-05,,'GFDHL1172097,'9361269903506577436742,", 603 Bira St, , Uniondale, NY, 11553-2607, US",DHL SmartMail Parcel Plus Ground,32.000,Zone 01,7.79,6.91,0.00,0.88,6.91
2021-04-05,,'GFDHL1172099,'9361269903506577436803,", 141 OLEYLINE RD, , DOUGLASSVILLE, PA, 19518-8825, US",DHL SmartMail Parcel Plus Ground,32.000,Zone 02,7.79,6.91,0.00,0.88,6.91
2021-04-05,,'GFDHL1172096,'9361269903506577437817,", 247 fox mountain rd, , max meadows, VA, 24360-3838, US",DHL SmartMail Parcel Plus Ground,32.000,Zone 04,8.24,7.28,0.00,0.96,7.28
2021-04-05,,'GFDHL1172095,'9361269903506577437831,", 1102 LAKESHORE DR, , CAMDEN, NJ, 08104-2630, US",DHL SmartMail Parcel Plus Ground,32.000,Zone 02,7.79,6.91,0.00,0.88,6.91
2021-04-05,,'GFDHL1172100,'9361269903506577438630,", 9 BASIN DR STE 120, , KEARNY, NJ, 07032-6520, US",DHL SmartMail Parcel Plus Ground,32.000,Zone 01,7.79,6.91,0.00,0.88,6.91
2021-04-05,,'GFDHL1172107,'9361269903506577438715,", 2619 Merrywood Rd, , Charlotte, NC, 28210-6715, US",DHL SmartMail Parcel Plus Ground,32.000,Zone 04,8.24,7.28,0.00,0.96,7.28
2021-04-05,,'GFDHL1172111,'9361269903506577438845,", E13928 Winchel Valley Rd, , Ontario, WI, 54651, US",DHL SmartMail Parcel Plus Ground,32.000,Zone 05,8.85,7.78,0.00,1.07,7.78
2021-04-05,,'GFDHL1172102,'9361269903506577438913,", 337 Crafton St, Apt 1, Winston Salem, NC, 27103-2846, US",DHL SmartMail Parcel Plus Ground,32.000,Zone 04,8.24,7.28,0.00,0.96,7.28
2021-04-05,,'GFDHL1172103,'9361269903506577439019,", 8355 Schleppi Rd, , Westerville, OH, 43081-9311, US",DHL SmartMail Parcel Plus Ground,32.000,Zone 04,8.24,7.28,0.00,0.96,7.28
2021-04-05,,'GFDHL1172104,'9361269903506577439088,", 685B Highway 45, , Corinth, MS, 38834-7917, US",DHL SmartMail Parcel Plus Ground,32.000,Zone 05,8.85,7.78,0.00,1.07,7.78
2021-04-05,,'GFDHL1172108,'9361269903506577439170,", 4919 Dartmouth Dr, , burlington, KY, 41005-8042, US",DHL SmartMail Parcel Plus Ground,32.000,Zone 04,8.24,7.28,0.00,0.96,7.28
2021-04-05,,'GFDHL1172101,'9361269903506577439859,", 9330 Coleman Rd, , Haslett, MI, 48840-9319, US",DHL SmartMail Parcel Plus Ground,32.000,Zone 04,8.24,7.28,0.00,0.96,7.28
2021-04-05,,'GFDHL1172105,'9361269903506577439866,", 206 Quentin Rd, Apt 1F, Brooklyn, NY, 11223-1429, US",DHL SmartMail Parcel Plus Ground,32.000,Zone 01,7.79,6.91,0.00,0.88,6.91
2021-04-05,,'GFDHL1172106,'9361269903506577439873,", 4533 Hidden Ridge Ct, , Columbus, OH, 43230-4130, US",DHL SmartMail Parcel Plus Ground,32.000,Zone 04,8.24,7.28,0.00,0.96,7.28
2021-04-05,,'GFDHL1172383,'9361269903506577950521,", 35231 bock, , Westland, MI, 48185, US",DHL SmartMail Parcel Plus Ground,32.000,Zone 04,8.24,7.28,0.00,0.96,7.28
2021-04-05,,'GFDHL1172388,'9361269903506577950613,", 521 OLD OAK STREET, , EAST STROUDSBURG, PA, 18301-1416, US",DHL SmartMail Parcel Plus Ground,48.000,Zone 01,8.00,7.27,0.00,0.73,7.27
2021-04-05,,'GFDHL1172389,'9361269903506577950705,", 220 E Spring St Apt 1A, , Zelienople, PA, 16063-1380, US",DHL SmartMail Parcel Plus Ground,48.000,Zone 04,8.72,7.87,0.00,0.85,7.87
2021-04-05,,'GFDHL1172398,'9361269903506577950835,", 1114 Reservoir Rd., , Waynesboro, MS, 39367-9307, US",DHL SmartMail Parcel Plus Ground,32.000,Zone 06,10.44,9.02,0.00,1.42,9.02
2021-04-05,,'GFDHL1172399,'9361269903506577950842,", 2948 Strathmeade St, , Falls Church, VA, 22042, US",DHL SmartMail Parcel Plus Ground,32.000,Zone 03,7.96,7.06,0.00,0.90,7.06
2021-04-05,,'GFDHL1172390,'9361269903506577951573,", 860 N. Plumas St, , Willows, CA, 95988-2111, US",DHL SmartMail Parcel Plus Ground,48.000,Zone 08,16.45,13.31,0.00,3.14,13.31
2021-04-05,,'GFDHL1172391,'9361269903506577951689,", 16 Marie Ave, , Cheektowaga, NY, 14227-1410, US",DHL SmartMail Parcel Plus Ground,32.000,Zone 03,7.96,7.06,0.00,0.90,7.06
2021-04-05,,'GFDHL1172401,'9361269903506577951818,", 3003 OAK LN, , HOPEWELL, VA, 23860-4216, US",DHL SmartMail Parcel Plus Ground,32.000,Zone 03,7.96,7.06,0.00,0.90,7.06
2021-04-05,,'GFDHL1172384,'9361269903506577952273,", 826 E Pine St, , Millville, NJ, 08332, US",DHL SmartMail Parcel Plus Ground,32.000,Zone 02,7.79,6.91,0.00,0.88,6.91
2021-04-05,,'GFDHL1172387,'9361269903506577952280,", 230 Elm Ave, , Clarksdale, MS, 38614, US",DHL SmartMail Parcel Plus Ground,48.000,Zone 05,9.64,8.61,0.00,1.03,8.61
2021-04-05,,'GFDHL1172393,'9361269903506577952426,", 241 Porky Oliver Dr, , Middletown, DE, 19709-9381, US",DHL SmartMail Parcel Plus Ground,32.000,Zone 02,7.79,6.91,0.00,0.88,6.91
2021-04-05,,'GFDHL1172395,'9361269903506577952549,", 6695 Knickerbocker Road, , Ontario, NY, 14519, US",DHL SmartMail Parcel Plus Ground,32.000,Zone 03,7.96,7.06,0.00,0.90,7.06
2021-04-05,,'GFDHL1172396,'9361269903506577952563,", 6 Volvo Dr, , Rockleigh, NJ, 07647-2508, US",DHL SmartMail Parcel Plus Ground,32.000,Zone 01,7.79,6.91,0.00,0.88,6.91
2021-04-05,,'GFDHL1172397,'9361269903506577952686,", 198-12 29 ave, , Flushing, NY, 11358, US",DHL SmartMail Parcel Plus Ground,32.000,Zone 01,7.79,6.91,0.00,0.88,6.91
2021-04-05,,'GFDHL1172403,'9361269903506577952723,", 195 Harris Creek Rd, , Louisa, VA, 23093-4201, US",DHL SmartMail Parcel Plus Ground,32.000,Zone 03,7.96,7.06,0.00,0.90,7.06
2021-04-05,,'GFDHL1172404,'9361269903506577952792,", 736 Rosemary Rd, , Columbus, IN, 47203, US",DHL SmartMail Parcel Plus Ground,32.000,Zone 05,8.85,7.78,0.00,1.07,7.78
2021-04-05,,'GFDHL1172406,'9361269903506577952822,", 737 W 2nd St, , Florence, NJ, 08518-1103, US",DHL SmartMail Parcel Plus Ground,32.000,Zone 01,7.79,6.91,0.00,0.88,6.91
2021-04-05,,'GFDHL1172386,'9361269903506577953164,", 181 Anderson Rd, , Wyalusing, PA, 18853, US",DHL SmartMail Parcel Plus Ground,32.000,Zone 01,7.79,6.91,0.00,0.88,6.91
2021-04-05,,'GFDHL1172385,'9361269903506577953171,", 158 Central Park DR, , Harrington, DE, 19952, US",DHL SmartMail Parcel Plus Ground,32.000,Zone 02,7.79,6.91,0.00,0.88,6.91
2021-04-05,,'GFDHL1172394,'9361269903506577953461,", 1104 Hampden Street, , Holyoke, MA, 01040, US",DHL SmartMail Parcel Plus Ground,32.000,Zone 02,7.79,6.91,0.00,0.88,6.91
2021-04-05,,'GFDHL1172392,'9361269903506577953485,", 16 Lake Ave, , National Park, NJ, 08063-1710, US",DHL SmartMail Parcel Plus Ground,32.000,Zone 02,7.79,6.91,0.00,0.88,6.91
2021-04-05,,'GFDHL1172402,'9361269903506577953751,", 5 Stoney brook drive, , Old Bridge, NJ, 08857-1608, US",DHL SmartMail Parcel Plus Ground,32.000,Zone 01,7.79,6.91,0.00,0.88,6.91
2021-04-05,,'GFDHL1172400,'9361269903506577953898,", 146 Warren Ave, , Whitman, MA, 02382, US",DHL SmartMail Parcel Plus Ground,32.000,Zone 03,7.96,7.06,0.00,0.90,7.06
2021-04-05,,'GFDHL1172405,'9361269903506577954864,", 2481 Bluff Canyon Rd, , Tuscumbia, AL, 35674, US",DHL SmartMail Parcel Plus Ground,32.000,Zone 05,8.85,7.78,0.00,1.07,7.78
2021-04-05,,'GFDHL1172518,'9361269903506578226779,", 4179 119th Ln NW, , Coon Rapids, MN, 55433-1658, US",DHL SmartMail Parcel Plus Ground,32.000,Zone 05,8.85,7.78,0.00,1.07,7.78
2021-04-05,,'GFDHL1172728,'9361269903506578579271,", 22600 Hwy 84, BOX 532, Grove Hill, AL, 36451-5481, US",DHL SmartMail Parcel Plus Ground,32.000,Zone 05,8.85,7.78,0.00,1.07,7.78
2021-04-05,,'GFDHL1172738,'9361269903506578579523,", 1081 Douglas avenue, , Wantagh, NY, 11793, US",DHL SmartMail Parcel Plus Ground,32.000,Zone 01,7.79,6.91,0.00,0.88,6.91
2021-04-05,,'GFDHL1172742,'9361269903506578579561,", 686 Zimmerman Rd, , Compton, IL, 61318-9779, US",DHL SmartMail Parcel Plus Ground,32.000,Zone 05,8.85,7.78,0.00,1.07,7.78
2021-04-05,,'GFDHL1172740,'9361269903506578579592,", 4534 Murdock avenue, , Bronx, NY, 10466, US",DHL SmartMail Parcel Plus Ground,32.000,Zone 01,7.79,6.91,0.00,0.88,6.91
2021-04-05,,'GFDHL1172749,'9361269903506578579646,", 3773 ADELIA DR, , APPLING, GA, 30802-4219, US",DHL SmartMail Parcel Plus Ground,32.000,Zone 05,8.85,7.78,0.00,1.07,7.78
2021-04-05,,'GFDHL1172725,'9361269903506578580499,", 2348 SANTA FE DR, , VIRGINIA BEACH, VA, 23456-6754, US",DHL SmartMail Parcel Plus Ground,32.000,Zone 03,7.96,7.06,0.00,0.90,7.06
2021-04-05,,'GFDHL1172724,'9361269903506578580505,", 10 LIBERTY ST APT 28G, , NEW YORK, NY, 10005-1551, US",DHL SmartMail Parcel Plus Ground,32.000,Zone 01,7.79,6.91,0.00,0.88,6.91
2021-04-05,,'GFDHL1172732,'9361269903506578580741,", 125 bella howington drive, , Lillington, NC, 27546, US",DHL SmartMail Parcel Plus Ground,32.000,Zone 04,8.24,7.28,0.00,0.96,7.28
2021-04-05,,'GFDHL1172721,'9361269903506578581267,", 371 CAMPBELL GLEN LN, , FLEETWOOD, NC, 28626-9361, US",DHL SmartMail Parcel Plus Ground,32.000,Zone 04,8.24,7.28,0.00,0.96,7.28
2021-04-05,,'GFDHL1172722,'9361269903506578581274,", 27726 HIGHWAY E16, , HORNICK, IA, 51026-8509, US",DHL SmartMail Parcel Plus Ground,32.000,Zone 06,10.44,9.02,0.00,1.42,9.02
2021-04-05,,'GFDHL1172727,'9361269903506578581434,", 8560 NOTTINGHAM TER, , WILLIAMSVILLE, NY, 14221-7417, US",DHL SmartMail Parcel Plus Ground,32.000,Zone 03,7.96,7.06,0.00,0.90,7.06
2021-04-05,,'GFDHL1172729,'9361269903506578581441,", 28 Leonard St, , Norwalk, CT, 06850-4105, US",DHL SmartMail Parcel Plus Ground,32.000,Zone 01,7.79,6.91,0.00,0.88,6.91
2021-04-05,,'GFDHL1172726,'9361269903506578581526,", 47 WANDA DR, Unit C, CLEVELAND, GA, 30528-1184, US",DHL SmartMail Parcel Plus Ground,32.000,Zone 05,8.85,7.78,0.00,1.07,7.78
2021-04-05,,'GFDHL1172734,'9361269903506578581601,", 8304 Franklin Rd, , Plant City, FL, 33565, US",DHL SmartMail Parcel Plus Ground,32.000,Zone 05,8.85,7.78,0.00,1.07,7.78
2021-04-05,,'GFDHL1172731,'9361269903506578581618,", 1339 Brannon Rd, , Horse Shoe, NC, 28742, US",DHL SmartMail Parcel Plus Ground,32.000,Zone 04,8.24,7.28,0.00,0.96,7.28
2021-04-05,,'GFDHL1172733,'9361269903506578581625,", 27 Quail Hollow Drive, , Milton, VT, 05468, US",DHL SmartMail Parcel Plus Ground,32.000,Zone 03,7.96,7.06,0.00,0.90,7.06
2021-04-05,,'GFDHL1172737,'9361269903506578581670,", 347 Plain St., , Lowell, MA, 01852, US",DHL SmartMail Parcel Plus Ground,32.000,Zone 03,7.96,7.06,0.00,0.90,7.06
2021-04-05,,'GFDHL1172743,'9361269903506578581786,", 190 Polk Road 41 S, , Mena, AR, 71953, US",DHL SmartMail Parcel Plus Ground,32.000,Zone 06,10.44,9.02,0.00,1.42,9.02
2021-04-05,,'GFDHL1172723,'9361269903506578581908,", 1123 BOREN BLVD, , WHEELERSBURG, OH, 45694-9252, US",DHL SmartMail Parcel Plus Ground,32.000,Zone 04,8.24,7.28,0.00,0.96,7.28
2021-04-05,,'GFDHL1172730,'9361269903506578582097,", 1106 HWY 58, , SWANSBORO, NC, 28584-8301, US",DHL SmartMail Parcel Plus Ground,32.000,Zone 04,8.24,7.28,0.00,0.96,7.28
2021-04-05,,'GFDHL1172736,'9361269903506578582189,", 4015 S Warner Rd, , Lafayette Hill, PA, 19444, US",DHL SmartMail Parcel Plus Ground,32.000,Zone 02,7.79,6.91,0.00,0.88,6.91
2021-04-05,,'GFDHL1172744,'9361269903506578582394,", 808 Martin Luther King drive, , Jasper, FL, 32052, US",DHL SmartMail Parcel Plus Ground,32.000,Zone 05,8.85,7.78,0.00,1.07,7.78
2021-04-05,,'GFDHL1172748,'9361269903506578582530,", 8054 Main St, Apt 3, Ellicott City, MD, 21043-4847, US",DHL SmartMail Parcel Plus Ground,32.000,Zone 02,7.79,6.91,0.00,0.88,6.91
2021-04-05,,'GFDHL1172753,'9361269903506578582660,", 13 HASTINGS DR, , HORSHAM, PA, 19044-1025, US",DHL SmartMail Parcel Plus Ground,32.000,Zone 02,7.79,6.91,0.00,0.88,6.91
2021-04-05,,'GFDHL1172754,'9361269903506578582677,", 855 PARK PLACE DR, , VIRGINIA BEACH, VA, 23451-4807, US",DHL SmartMail Parcel Plus Ground,32.000,Zone 03,7.96,7.06,0.00,0.90,7.06
2021-04-05,,'GFDHL1172759,'9361269903506578582745,", 4815 Tumbleweed Drive, , GREENSBORO, NC, 27407-8032, US",DHL SmartMail Parcel Plus Ground,32.000,Zone 04,8.24,7.28,0.00,0.96,7.28
2021-04-05,,'GFDHL1172739,'9361269903506578582974,", 305 Fulford Street, , Beaufort, NC, 28516, US",DHL SmartMail Parcel Plus Ground,32.000,Zone 04,8.24,7.28,0.00,0.96,7.28
2021-04-05,,'GFDHL1172741,'9361269903506578583025,", 16 Smith Street, , Haverhill, MA, 01832, US",DHL SmartMail Parcel Plus Ground,32.000,Zone 03,7.96,7.06,0.00,0.90,7.06
2021-04-05,,'GFDHL1172746,'9361269903506578583179,", 1020 E 10th Street, , Ocilla, GA, 31774, US",DHL SmartMail Parcel Plus Ground,32.000,Zone 05,8.85,7.78,0.00,1.07,7.78
2021-04-05,,'GFDHL1172747,'9361269903506578583247,", 15530 Durand Ave, , Union Grove, WI, 53182, US",DHL SmartMail Parcel Plus Ground,32.000,Zone 05,8.85,7.78,0.00,1.07,7.78
2021-04-05,,'GFDHL1172750,'9361269903506578583278,", LOBBY 55 PROSPECT ST, , BROOKLYN, NY, 11201-1497, US",DHL SmartMail Parcel Plus Ground,32.000,Zone 01,7.79,6.91,0.00,0.88,6.91
2021-04-05,,'GFDHL1172752,'9361269903506578583360,", 2260 OXLEY DR, , WATERFORD, MI, 48328-1833, US",DHL SmartMail Parcel Plus Ground,32.000,Zone 04,8.24,7.28,0.00,0.96,7.28
2021-04-05,,'GFDHL1172757,'9361269903506578583414,", 2815 LYDIA DR SW, , WARREN, OH, 44481-9619, US",DHL SmartMail Parcel Plus Ground,32.000,Zone 04,8.24,7.28,0.00,0.96,7.28
2021-04-05,,'GFDHL1172756,'9361269903506578583421,", 14 HALMSTAD ST APT 2, , WORCESTER, MA, 01607-1940, US",DHL SmartMail Parcel Plus Ground,32.000,Zone 02,7.79,6.91,0.00,0.88,6.91
2021-04-05,,'GFDHL1172758,'9361269903506578583452,", 3683 Lysander Road  Apt  suite  floor  etc., , Cato, NY, 13033, US",DHL SmartMail Parcel Plus Ground,32.000,Zone 03,7.96,7.06,0.00,0.90,7.06
2021-04-05,,'GFDHL1172755,'9361269903506578584039,", 8 CHERRY HILL RD, , NORWICH, CT, 06360-5202, US",DHL SmartMail Parcel Plus Ground,32.000,Zone 02,7.79,6.91,0.00,0.88,6.91
2021-04-05,,'GFDHL1172919,'9361269903506578708664,", 3220 Oregon pike, , Leola, PA, 17540, US",DHL SmartMail Parcel Plus Ground,48.000,Zone 02,8.00,7.27,0.00,0.73,7.27
2021-04-05,,'GFDHL1172911,'9361269903506578709388,", 228 Howard Ave, , Lancaster, PA, 17602, US",DHL SmartMail Parcel Plus Ground,48.000,Zone 02,8.00,7.27,0.00,0.73,7.27
2021-04-05,,'GFDHL1172914,'9361269903506578709500,", 1144 MEANDER RUN RD, , LOCUST DALE, VA, 22948, US",DHL SmartMail Parcel Plus Ground,48.000,Zone 03,8.35,7.58,0.00,0.77,7.58
2021-04-05,,'GFDHL1172915,'9361269903506578709517,", 863 old silver spring road, , Mechanicsburg, PA, 17055, US",DHL SmartMail Parcel Plus Ground,48.000,Zone 02,8.00,7.27,0.00,0.73,7.27
2021-04-05,,'GFDHL1172923,'9361269903506578709692,", 1112 Rush Henrietta TL RD, , Rush, NY, 14543, US",DHL SmartMail Parcel Plus Ground,48.000,Zone 03,8.35,7.58,0.00,0.77,7.58
2021-04-05,,'GFDHL1172924,'9361269903506578709722,", 508  Stone Ridge Lane, , MURRAY, KY, 42071, US",DHL SmartMail Parcel Plus Ground,48.000,Zone 05,9.64,8.61,0.00,1.03,8.61
2021-04-05,,'GFDHL1172926,'9361269903506578709746,", 580 ILYSSA WAY, , Staten Island, NY, 10312, US",DHL SmartMail Parcel Plus Ground,48.000,Zone 01,8.00,7.27,0.00,0.73,7.27
2021-04-05,,'GFDHL1172927,'9361269903506578709753,", 170 Belfast Rd, , Wind Gap, PA, 18091, US",DHL SmartMail Parcel Plus Ground,48.000,Zone 01,8.00,7.27,0.00,0.73,7.27
2021-04-05,,'GFDHL1172909,'9361269903506578710292,", 40 middleton dr, , New fairfield, CT, 06812, US",DHL SmartMail Parcel Plus Ground,48.000,Zone 01,8.00,7.27,0.00,0.73,7.27
2021-04-05,,'GFDHL1172913,'9361269903506578710315,", 44 Travertine Drive, , Pike Road, AL, 36064, US",DHL SmartMail Parcel Plus Ground,48.000,Zone 05,9.64,8.61,0.00,1.03,8.61
2021-04-05,,'GFDHL1172918,'9361269903506578710469,", 44 Travertine Drive, , Pike Road, AL, 36064, US",DHL SmartMail Parcel Plus Ground,48.000,Zone 05,9.64,8.61,0.00,1.03,8.61
2021-04-05,,'GFDHL1172921,'9361269903506578710483,", 115 Academy Ln, , Upper Darby, PA, 19082, US",DHL SmartMail Parcel Plus Ground,48.000,Zone 02,8.00,7.27,0.00,0.73,7.27
2021-04-05,,'GFDHL1172925,'9361269903506578710544,", 8 Arrowhead Lane, , East Setauket, NY, 11733, US",DHL SmartMail Parcel Plus Ground,48.000,Zone 01,8.00,7.27,0.00,0.73,7.27
2021-04-05,,'GFDHL1172929,'9361269903506578710629,", 104 Cezanne Ct, , Landenberg, PA, 19350, US",DHL SmartMail Parcel Plus Ground,48.000,Zone 02,8.00,7.27,0.00,0.73,7.27
2021-04-05,,'GFDHL1172941,'9361269903506578710803,", 368 Spring Farm Rd, , Dendron, VA, 23839-2438, US",DHL SmartMail Parcel Plus Ground,48.000,Zone 03,8.35,7.58,0.00,0.77,7.58
2021-04-05,,'GFDHL1172912,'9361269903506578710995,", 46 Deforest dr, , Branford, CT, 06405, US",DHL SmartMail Parcel Plus Ground,48.000,Zone 02,8.00,7.27,0.00,0.73,7.27
2021-04-05,,'GFDHL1172910,'9361269903506578711008,", 18722 NW 238th ST, , High Springs, FL, 32643, US",DHL SmartMail Parcel Plus Ground,48.000,Zone 05,9.64,8.61,0.00,1.03,8.61
2021-04-05,,'GFDHL1172916,'9361269903506578711121,", 232 Sylvan Street, , Riverside, NJ, 08075, US",DHL SmartMail Parcel Plus Ground,48.000,Zone 02,8.00,7.27,0.00,0.73,7.27
2021-04-05,,'GFDHL1172917,'9361269903506578711190,", 321 Dvorak Ct  Apt 209, , STOUGHTON, WI, 53589, US",DHL SmartMail Parcel Plus Ground,48.000,Zone 05,9.64,8.61,0.00,1.03,8.61
2021-04-05,,'GFDHL1172920,'9361269903506578711220,", 2876 Springhaven Place, , Macungie, PA, 18062, US",DHL SmartMail Parcel Plus Ground,48.000,Zone 01,8.00,7.27,0.00,0.73,7.27
2021-04-05,,'GFDHL1172930,'9361269903506578711343,", 158 Falcon Ln, , Bellefonte, PA, 16823, US",DHL SmartMail Parcel Plus Ground,48.000,Zone 03,8.35,7.58,0.00,0.77,7.58
2021-04-05,,'GFDHL1172932,'9361269903506578711398,", 20 Wellesley Rd, , Parlin, NJ, 08859, US",DHL SmartMail Parcel Plus Ground,48.000,Zone 01,8.00,7.27,0.00,0.73,7.27
2021-04-05,,'GFDHL1172935,'9361269903506578711442,", 517 idlewild st apt 3  3, , Kaukauna, WI, 54130, US",DHL SmartMail Parcel Plus Ground,48.000,Zone 05,9.64,8.61,0.00,1.03,8.61
2021-04-05,,'GFDHL1172936,'9361269903506578711466,", 604 Delmar Road, , Edgewater, MD, 21037, US",DHL SmartMail Parcel Plus Ground,48.000,Zone 02,8.00,7.27,0.00,0.73,7.27
2021-04-05,,'GFDHL1172940,'9361269903506578711534,", 8635 Orchard Dr, , Mercersburg, PA, 17236, US",DHL SmartMail Parcel Plus Ground,48.000,Zone 02,8.00,7.27,0.00,0.73,7.27
2021-04-05,,'GFDHL1172945,'9361269903506578711633,", 17 Hopkins Branch Way, , Fredericksburg, VA, 22406, US",DHL SmartMail Parcel Plus Ground,32.000,Zone 03,7.96,7.06,0.00,0.90,7.06
2021-04-05,,'GFDHL1172946,'9361269903506578711640,", 274 Kimberly Ln, , Watertown, CT, 06795, US",DHL SmartMail Parcel Plus Ground,32.000,Zone 02,7.79,6.91,0.00,0.88,6.91
2021-04-05,,'GFDHL1172928,'9361269903506578711862,", 120 Franklin ave, , Hawthorne, NJ, 07506, US",DHL SmartMail Parcel Plus Ground,48.000,Zone 01,8.00,7.27,0.00,0.73,7.27
2021-04-05,,'GFDHL1172931,'9361269903506578711893,", 38 Chapel Street Apt.C, , Norwalk, CT, 06850, US",DHL SmartMail Parcel Plus Ground,48.000,Zone 01,8.00,7.27,0.00,0.73,7.27
2021-04-05,,'GFDHL1172933,'9361269903506578711978,", 2371 Briar Patch Rd, , Prospect, TN, 38477, US",DHL SmartMail Parcel Plus Ground,48.000,Zone 05,9.64,8.61,0.00,1.03,8.61
2021-04-05,,'GFDHL1172937,'9361269903506578712012,", 76 Valentine St, , Glen Cove, NY, 11542-2334, US",DHL SmartMail Parcel Plus Ground,48.000,Zone 01,8.00,7.27,0.00,0.73,7.27
2021-04-05,,'GFDHL1172938,'9361269903506578712081,", 1801 eastbrook circle, , Moberly, MO, 65270, US",DHL SmartMail Parcel Plus Ground,48.000,Zone 05,9.64,8.61,0.00,1.03,8.61
2021-04-05,,'GFDHL1172939,'9361269903506578712111,", 37 CHAPEL ST, , PITTSTON, PA, 18640-2205, US",DHL SmartMail Parcel Plus Ground,48.000,Zone 01,8.00,7.27,0.00,0.73,7.27
2021-04-05,,'GFDHL1172942,'9361269903506578712142,", 57 CLUB RD SUITE100, , PLATTSBURGH, NY, 12903-4031, US",DHL SmartMail Parcel Plus Ground,32.000,Zone 02,7.79,6.91,0.00,0.88,6.91
2021-04-05,,'GFDHL1172943,'9361269903506578712234,", 565 MORRIS AVE, 1ST FLOOR USE BACK PORCH !, SUMMIT, NJ, 07901-1308, US",DHL SmartMail Parcel Plus Ground,32.000,Zone 01,7.79,6.91,0.00,0.88,6.91
2021-04-05,,'GFDHL1172934,'9361269903506578712937,", 57 Manor Rd, , Reedsville, PA, 17084, US",DHL SmartMail Parcel Plus Ground,48.000,Zone 02,8.00,7.27,0.00,0.73,7.27
2021-04-05,,'GFDHL1173079,'9361269903506578990250,", 775 E Falmouth Hwy, # 258, East Falmouth, MA, 02536-6191, US",DHL SmartMail Parcel Plus Ground,32.000,Zone 03,7.96,7.06,0.00,0.90,7.06
2021-04-05,,'GFDHL1173078,'9361269903506578991868,", 22 N Central Ave, , Sicklerville, NJ, 08081-9350, US",DHL SmartMail Parcel Plus Ground,32.000,Zone 02,7.79,6.91,0.00,0.88,6.91
2021-04-05,,'GFDHL1173082,'9361269903506578991882,", 15750 st. rt. 328, , logan, OH, 43138-8652, US",DHL SmartMail Parcel Plus Ground,32.000,Zone 04,8.24,7.28,0.00,0.96,7.28
2021-04-05,,'GFDHL1173080,'9361269903506578991899,", 389 Read Dr, , Columbus, MS, 39702, US",DHL SmartMail Parcel Plus Ground,32.000,Zone 06,10.44,9.02,0.00,1.42,9.02
2021-04-05,,'GFDHL1173081,'9361269903506578991905,", 5897 O Meara Pl, , Cincinnati, OH, 45213-2034, US",DHL SmartMail Parcel Plus Ground,32.000,Zone 04,8.24,7.28,0.00,0.96,7.28
2021-04-05,,'GFDHL1173087,'9361269903506578992926,", 3246 Mary dr, , Flint, MI, 48507, US",DHL SmartMail Parcel Plus Ground,32.000,Zone 04,8.24,7.28,0.00,0.96,7.28
2021-04-05,,'GFDHL1172148,'9374869903506577494557,", 600 OLD RIVER RD, , STARKS, LA, 70661-3308, US",DHL SmartMail Parcel Plus Expedited,32.000,Zone 06,10.44,9.03,0.00,1.41,9.03
2021-04-05,,'GFDHL1172131,'9374869903506577484886,", 315 GLEN AVE, , VALPARAISO, FL, 32580-1232, US",DHL SmartMail Parcel Plus Expedited,32.000,Zone 06,10.44,9.03,0.00,1.41,9.03
2021-04-05,,'GFDHL1172152,'9374869903506577501903,", 15338 HIGHWAY 8, , COLFAX, LA, 71417-5054, US",DHL SmartMail Parcel Plus Expedited,32.000,Zone 06,10.44,9.03,0.00,1.41,9.03
2021-04-05,,'GFDHL1172158,'9374869903506577506403,", 1711 County Road 278, , Blue Springs, MS, 38828-8255, US",DHL SmartMail Parcel Plus Expedited,32.000,Zone 05,8.85,7.85,0.00,1.00,7.85
2021-04-05,,'GFDHL1172127,'9374869903506577483995,", 4750 DRESDEN CT, , JACKSONVILLE, FL, 32257-1206, US",DHL SmartMail Parcel Plus Expedited,32.000,Zone 05,8.85,7.85,0.00,1.00,7.85
2021-04-05,,'GFDHL1172143,'9374869903506577489508,", 110180 S 4672 RD, , GANS, OK, 74936-9412, US",DHL SmartMail Parcel Plus Expedited,32.000,Zone 06,10.44,9.03,0.00,1.41,9.03
2021-04-05,,'GFDHL1172145,'9374869903506577492454,", 844 MILLIGAN RD, , IDAHO FALLS, ID, 83402-3329, US",DHL SmartMail Parcel Plus Expedited,32.000,Zone 08,11.69,10.59,0.00,1.10,10.59
2021-04-05,,'GFDHL1172149,'9374869903506577499019,", 1235 COPA D ORO, , MARATHON, FL, 33050-2447, US",DHL SmartMail Parcel Plus Expedited,32.000,Zone 06,10.44,9.03,0.00,1.41,9.03
2021-04-05,,'GFDHL1172363,'9374869903506577932936,", 32252 Ridgeway Ave, , Laguna Niguel, CA, 92677-4229, US",DHL SmartMail Parcel Plus Expedited,32.000,Zone 08,11.69,10.59,0.00,1.10,10.59
2021-04-05,,'GFDHL1172876,'9374869903506578689587,", 6101 Edsall Rd Unit 1704, , Alexandria, VA, 22304, US",DHL SmartMail Parcel Plus Expedited,32.000,Zone 03,7.96,7.13,0.00,0.83,7.13
2021-04-05,,'GFDHL1172878,'9374869903506578692860,", 24531 Los Alisos Blvd. #310, , Laguna Hills, CA, 92653, US",DHL SmartMail Parcel Plus Expedited,32.000,Zone 08,11.69,10.59,0.00,1.10,10.59
2021-04-05,,'GFDHL1172835,'9374869903506578686708,", 5840 State Hwy Z, , McFall, MO, 64657, US",DHL SmartMail Parcel Plus Expedited,32.000,Zone 06,10.44,9.03,0.00,1.41,9.03
2021-04-05,,'GFDHL1172833,'9374869903506578687705,", 1792 E WEST HWY, , Silver Spring, MD, 20910, US",DHL SmartMail Parcel Plus Expedited,32.000,Zone 03,7.96,7.13,0.00,0.83,7.13
2021-04-05,,'GFDHL1172834,'9374869903506578688047,", 80 Damon Rd, APT 7112, Northampton, MA, 01060, US",DHL SmartMail Parcel Plus Expedited,32.000,Zone 02,7.79,6.97,0.00,0.82,6.97
2021-04-05,,'GFDHL1172838,'9374869903506578687781,", 19194 Ave 22 1/2, , Chowchilla, CA, 93610, US",DHL SmartMail Parcel Plus Expedited,32.000,Zone 08,11.69,10.59,0.00,1.10,10.59
2021-04-05,,'GFDHL1172839,'9374869903506578687828,", 1245 Market St, APT 2304, San Diego, CA, 92101-7361, US",DHL SmartMail Parcel Plus Expedited,32.000,Zone 08,11.69,10.59,0.00,1.10,10.59
2021-04-05,,'GFDHL1172837,'9374869903506578686777,", 12281 Regal Lily Ln, , Orlando, FL, 32827, US",DHL SmartMail Parcel Plus Expedited,32.000,Zone 05,8.85,7.85,0.00,1.00,7.85
2021-04-05,,'GFDHL1173026,'9374869903506578844856,", 500 Main Street, Apt D3, Novinger, MO, 63559-2597, US",DHL SmartMail Parcel Plus Expedited,32.000,Zone 05,8.85,7.85,0.00,1.00,7.85
2021-04-05,,'GFDHL1173029,'9374869903506578845150,", 2950 Cedar Ln, , Ephraim, WI, 54211, US",DHL SmartMail Parcel Plus Expedited,32.000,Zone 05,8.85,7.85,0.00,1.00,7.85
2021-04-05,,'GFDHL1172836,'9374869903506578687903,", 1609 Miracosta Circle B, , Chula Vista, CA, 91913, US",DHL SmartMail Parcel Plus Expedited,32.000,Zone 08,11.69,10.59,0.00,1.10,10.59
2021-04-05,,'GFDHL1172832,'9374869903506578687675,", 10606 N Apalona Rd, , St Croix, IN, 47576, US",DHL SmartMail Parcel Plus Expedited,32.000,Zone 05,8.85,7.85,0.00,1.00,7.85
2021-04-05,,'GFDHL1172861,'9374869903506578688528,", 113 Steeplebush Run, , Swedesboro, NJ, 08085, US",DHL SmartMail Parcel Plus Expedited,32.000,Zone 02,7.79,6.97,0.00,0.82,6.97
2021-04-05,,'GFDHL1171715,'9374869903506576575752,", 9030 Vicksburg Rd, , Spring Hill, FL, 34608-6252, US",DHL SmartMail Parcel Expedited,5.000,Zone 05,3.57,3.45,0.00,0.12,3.45
2021-04-05,,'GFDHL1171717,'9374869903506576576841,", 149 Sanders Rd, apt 3, Buffalo, NY, 14216-1365, US",DHL SmartMail Parcel Expedited,5.000,Zone 03,3.49,3.38,0.00,0.11,3.38
2021-04-05,,'GFDHL1171716,'9374869903506576577756,", 10575 154th Ave NE, , Pembina, ND, 58271-9743, US",DHL SmartMail Parcel Expedited,5.000,Zone 06,3.58,3.45,0.00,0.13,3.45
2021-04-05,,'GFDHL1171720,'9374869903506576582729,", 3184 Ridgecrest Street, , Memphis, TN, 38127, US",DHL SmartMail Parcel Expedited,5.000,Zone 05,3.57,3.45,0.00,0.12,3.45
2021-04-05,,'GFDHL1171718,'9374869903506576583894,", 471 Marshall Dr, , Halls, TN, 38040-5122, US",DHL SmartMail Parcel Expedited,5.000,Zone 05,3.57,3.45,0.00,0.12,3.45
2021-04-05,,'GFDHL1171719,'9374869903506576584914,", 10098 87th St., , Largo, FL, 33777, US",DHL SmartMail Parcel Expedited,5.000,Zone 06,3.58,3.45,0.00,0.13,3.45
2021-04-05,,'GFDHL1171721,'9374869903506576585508,", 712 ridgewood ave, , Lansing, MI, 48910, US",DHL SmartMail Parcel Expedited,5.000,Zone 04,3.51,3.39,0.00,0.12,3.39
2021-04-05,,'GFDHL1171722,'9374869903506576587403,", 148 Wesley Dr NW, , Cedar Rapids, IA, 52405, US",DHL SmartMail Parcel Expedited,5.000,Zone 05,3.57,3.45,0.00,0.12,3.45
2021-04-05,,'GFDHL1171723,'9374869903506576589384,", 12713 Forestedge Circle, , Orlando, FL, 32828, US",DHL SmartMail Parcel Expedited,8.000,Zone 05,3.57,3.48,0.00,0.09,3.48
2021-04-05,,'GFDHL1171724,'9374869903506576592261,", 561 N Lakeshore Dr, , Panama City Beach, FL, 32413, US",DHL SmartMail Parcel Expedited,5.000,Zone 06,3.58,3.45,0.00,0.13,3.45
2021-04-05,,'GFDHL1171725,'9374869903506576593497,", 110 CUMBERLAND AVE  lower, , Buffalo, NY, 14220, US",DHL SmartMail Parcel Expedited,5.000,Zone 03,3.49,3.38,0.00,0.11,3.38
2021-04-05,,'GFDHL1171726,'9374869903506576594784,", 900 N Hazel Mountain Rd, , Dante, VA, 24237, US",DHL SmartMail Parcel Expedited,5.000,Zone 05,3.57,3.45,0.00,0.12,3.45
2021-04-05,,'GFDHL1171727,'9374869903506576596504,", 1441 Colby, , Forest, VA, 24551, US",DHL SmartMail Parcel Expedited,5.000,Zone 04,3.51,3.39,0.00,0.12,3.39
2021-04-05,,'GFDHL1171728,'9374869903506576597525,", 3527 Coloma Road, , Benton Harbor, MI, 49022, US",DHL SmartMail Parcel Expedited,5.000,Zone 04,3.51,3.39,0.00,0.12,3.39
2021-04-05,,'GFDHL1171730,'9374869903506576602526,", 207 2nd St Ne, , Waseca, MN, 56093, US",DHL SmartMail Parcel Expedited,5.000,Zone 06,3.58,3.45,0.00,0.13,3.45
2021-04-05,,'GFDHL1171729,'9374869903506576603080,", 1433 east Mitchell ave., , Waterloo, IA, 50702, US",DHL SmartMail Parcel Expedited,5.000,Zone 05,3.57,3.45,0.00,0.12,3.45
2021-04-05,,'GFDHL1171731,'9374869903506576607569,", 102 Hunterswood Ct, , Jacksonville, NC, 28546, US",DHL SmartMail Parcel Expedited,5.000,Zone 04,3.51,3.39,0.00,0.12,3.39
2021-04-05,,'GFDHL1171733,'9374869903506576614574,", 26000 Singing Lark Ct  Leesburg  FL 34748, , Leesburg, FL, 34748, US",DHL SmartMail Parcel Expedited,5.000,Zone 05,3.57,3.45,0.00,0.12,3.45
2021-04-05,,'GFDHL1171732,'9374869903506576614598,", 5420 Austin Peay Hwy, , Westmoreland, TN, 37186-2346, US",DHL SmartMail Parcel Expedited,5.000,Zone 05,3.57,3.45,0.00,0.12,3.45
2021-04-05,,'GFDHL1171736,'9374869903506576614628,", 411 Alder Rd, , Dover, DE, 19904, US",DHL SmartMail Parcel Expedited,5.000,Zone 02,3.46,3.35,0.00,0.11,3.35
2021-04-05,,'GFDHL1171737,'9374869903506576615779,", 4825 angling rd ext, , Wooster, OH, 44691, US",DHL SmartMail Parcel Expedited,5.000,Zone 04,3.51,3.39,0.00,0.12,3.39
2021-04-05,,'GFDHL1171735,'9374869903506576615977,", 2997 E US Highway 20, , La Porte, IN, 46350-8852, US",DHL SmartMail Parcel Expedited,5.000,Zone 05,3.57,3.45,0.00,0.12,3.45
2021-04-05,,'GFDHL1171734,'9374869903506576615991,", 4900 Delano rd 5A, , college park, GA, 30349, US",DHL SmartMail Parcel Expedited,5.000,Zone 05,3.57,3.45,0.00,0.12,3.45
2021-04-05,,'GFDHL1171743,'9374869903506576616318,", 1076 Chelsea Way, , Collegeville, PA, 19426, US",DHL SmartMail Parcel Expedited,5.000,Zone 02,3.46,3.35,0.00,0.11,3.35
2021-04-05,,'GFDHL1171744,'9374869903506576616387,", 3000 E. High St. Lot # 119, , Pottstown, PA, 19464, US",DHL SmartMail Parcel Expedited,5.000,Zone 02,3.46,3.35,0.00,0.11,3.35
2021-04-05,,'GFDHL1171745,'9374869903506576616431,", 1588 Berkshire Dr, , Newton, NC, 28658, US",DHL SmartMail Parcel Expedited,5.000,Zone 04,3.51,3.39,0.00,0.12,3.39
2021-04-05,,'GFDHL1171738,'9374869903506576616974,", 4421 CREEKSIDE COURT, , Hephzibah, GA, 30815, US",DHL SmartMail Parcel Expedited,5.000,Zone 05,3.57,3.45,0.00,0.12,3.45
2021-04-05,,'GFDHL1171742,'9374869903506576617216,", 12406 N 15th St Apt K, , Tampa, FL, 33612, US",DHL SmartMail Parcel Expedited,5.000,Zone 05,3.57,3.45,0.00,0.12,3.45
2021-04-05,,'GFDHL1171749,'9374869903506576617469,", 1131 Johnson Ferry Rd, , Marietta, GA, 30068, US",DHL SmartMail Parcel Expedited,5.000,Zone 05,3.57,3.45,0.00,0.12,3.45
2021-04-05,,'GFDHL1171740,'9374869903506576617957,", 1930 Joe's Lake Road, , Cambridge, MN, 55008, US",DHL SmartMail Parcel Expedited,5.000,Zone 05,3.57,3.45,0.00,0.12,3.45
2021-04-05,,'GFDHL1171741,'9374869903506576618121,", 2885 Lambert Court, , Easton, PA, 18040, US",DHL SmartMail Parcel Expedited,5.000,Zone 01,3.46,3.35,0.00,0.11,3.35
2021-04-05,,'GFDHL1171747,'9374869903506576618206,", 5525 Westerborne Drive, , Greensboro, NC, 27407, US",DHL SmartMail Parcel Expedited,5.000,Zone 04,3.51,3.39,0.00,0.12,3.39
2021-04-05,,'GFDHL1171748,'9374869903506576618374,", 4825 Angling Road Ext, , Wooster, OH, 44691, US",DHL SmartMail Parcel Expedited,5.000,Zone 04,3.51,3.39,0.00,0.12,3.39
2021-04-05,,'GFDHL1171739,'9374869903506576618886,", 519 Broadlawn Terr, , EAST VINELAND, NJ, 08360, US",DHL SmartMail Parcel Expedited,5.000,Zone 02,3.46,3.35,0.00,0.11,3.35
2021-04-05,,'GFDHL1171746,'9374869903506576619173,", 4496 maple leaf ct, , Medina, MN, 55340, US",DHL SmartMail Parcel Expedited,5.000,Zone 05,3.57,3.45,0.00,0.12,3.45
2021-04-05,,'GFDHL1171750,'9374869903506576619319,", 1016 Bradley dr, , Lawrenceburg, KY, 40342, US",DHL SmartMail Parcel Expedited,5.000,Zone 04,3.51,3.39,0.00,0.12,3.39
2021-04-05,,'GFDHL1171792,'9374869903506576773622,", 3299 E Boundary Cone Rd. #226, , Mohave Valley, AZ, 86440, US",DHL SmartMail Parcel Expedited,5.000,Zone 08,3.85,3.74,0.00,0.11,3.74
2021-04-05,,'GFDHL1171793,'9374869903506576774698,", 45 Red Oak Forest Rd, , Fairview, NC, 28730, US",DHL SmartMail Parcel Expedited,2.000,Zone 04,3.06,2.99,0.00,0.07,2.99
2021-04-05,,'GFDHL1171794,'9374869903506576774711,", 329 W Caracas Ave Apt D, , Hershey, PA, 17033, US",DHL SmartMail Parcel Expedited,4.000,Zone 02,3.01,2.94,0.00,0.07,2.94
2021-04-05,,'GFDHL1171798,'9374869903506576775886,", 211 Sourwood Ct, , Pickerington, OH, 43147, US",DHL SmartMail Parcel Expedited,12.000,Zone 04,4.12,3.96,0.00,0.16,3.96
2021-04-05,,'GFDHL1171800,'9374869903506576778900,", 7352 ADANA AVE, , Port Charlotte, FL, 33981, US",DHL SmartMail Parcel Expedited,2.000,Zone 06,3.22,3.14,0.00,0.08,3.14
2021-04-05,,'GFDHL1172130,'9374869903506577481847,", 4624NW 74th ave unit 4  D01-156927, D01-156927, Doral, FL, 33166-6447, US",DHL SmartMail Parcel Expedited,10.000,Zone 06,4.38,4.16,0.00,0.22,4.16
2021-04-05,,'GFDHL1172128,'9374869903506577482332,", 307 Pinckney St, , Sumter, SC, 29150-3031, US",DHL SmartMail Parcel Expedited,10.000,Zone 04,4.12,3.94,0.00,0.18,3.94
2021-04-05,,'GFDHL1172133,'9374869903506577482424,", 5152 Flamingo Dr, , St James City, FL, 33956-2832, US",DHL SmartMail Parcel Expedited,13.000,Zone 06,5.66,5.18,0.00,0.48,5.18
2021-04-05,,'GFDHL1172129,'9374869903506577483223,", 29757 East Shore Drive, , Pengilly, MN, 55775-2104, US",DHL SmartMail Parcel Expedited,10.000,Zone 05,4.20,4.01,0.00,0.19,4.01
2021-04-05,,'GFDHL1172136,'9374869903506577483353,", 435 Whiteoak Creek Rd, , Athens, WV, 24712-9663, US",DHL SmartMail Parcel Expedited,10.000,Zone 04,4.12,3.94,0.00,0.18,3.94
2021-04-05,,'GFDHL1172138,'9374869903506577483445,", 401 smith st, , ANDALUSIA, AL, 36420-3055, US",DHL SmartMail Parcel Expedited,13.000,Zone 05,5.42,4.98,0.00,0.44,4.98
2021-04-05,,'GFDHL1172134,'9374869903506577483483,", 88a colburn rd, , New Boston, NH, 03070-4800, US",DHL SmartMail Parcel Expedited,10.000,Zone 03,4.09,3.91,0.00,0.18,3.91
2021-04-05,,'GFDHL1172135,'9374869903506577484039,", 525chestnut mt. rd., , lynchburg, VA, 24504-5211, US",DHL SmartMail Parcel Expedited,13.000,Zone 04,5.27,4.85,0.00,0.42,4.85
2021-04-05,,'GFDHL1172137,'9374869903506577485036,", 307 165th Ct NE, , Bradenton, FL, 34212-5532, US",DHL SmartMail Parcel Expedited,13.000,Zone 06,5.66,5.18,0.00,0.48,5.18
2021-04-05,,'GFDHL1172141,'9374869903506577488969,", 201 W US HIGHWAY 80, , BLOOMINGDALE, GA, 31302-9264, US",DHL SmartMail Parcel Expedited,14.000,Zone 05,5.42,4.99,0.00,0.43,4.99
2021-04-05,,'GFDHL1172154,'9374869903506577501316,", 12551 Jerome St, , Atlanta, MI, 49709-9306, US",DHL SmartMail Parcel Expedited,13.000,Zone 05,5.42,4.98,0.00,0.44,4.98
2021-04-05,,'GFDHL1172156,'9374869903506577501804,", 111 N Florida St Bushnell Fl 33513, , Bushnell, FL, 33513-6118, US",DHL SmartMail Parcel Expedited,13.000,Zone 05,5.42,4.98,0.00,0.44,4.98
2021-04-05,,'GFDHL1172159,'9374869903506577506809,", 36889 Spang Rd. Apt2A, , Hill City, MN, 55748-1533, US",DHL SmartMail Parcel Expedited,13.000,Zone 05,5.42,4.98,0.00,0.44,4.98
2021-04-05,,'GFDHL1172162,'9374869903506577513067,", 1535 Old Bethlehem Rd, , Olivehill, TN, 38475-9139, US",DHL SmartMail Parcel Expedited,13.000,Zone 05,5.42,4.98,0.00,0.44,4.98
2021-04-05,,'GFDHL1172353,'9374869903506577929523,", 4304 Stone Mill Dr, , Indianapolis, IN, 46237-2459, US",DHL SmartMail Parcel Expedited,6.000,Zone 05,3.57,3.46,0.00,0.11,3.46
2021-04-05,,'GFDHL1172355,'9374869903506577929547,", 161 New York 443, , Schoharie, NY, 12157, US",DHL SmartMail Parcel Expedited,15.000,Zone 02,5.19,4.79,0.00,0.40,4.79
2021-04-05,,'GFDHL1172362,'9374869903506577929646,", 314 West 142nd Street, 7, New York, NY, 10030, US",DHL SmartMail Parcel Expedited,4.000,Zone 01,3.01,2.94,0.00,0.07,2.94
2021-04-05,,'GFDHL1172369,'9374869903506577929769,", 1521 N 15th St, , Harrisburg, PA, 17103-1216, US",DHL SmartMail Parcel Expedited,4.000,Zone 02,3.01,2.94,0.00,0.07,2.94
2021-04-05,,'GFDHL1172361,'9374869903506577930796,", 13306 GABLE VILLAGE DR, , SAN ANTONIO, TX, 78231-2237, US",DHL SmartMail Parcel Expedited,4.000,Zone 07,3.35,3.27,0.00,0.08,3.27
2021-04-05,,'GFDHL1172358,'9374869903506577931199,", 2004 E 9th Street, , Lehigh Acres, FL, 33936, US",DHL SmartMail Parcel Expedited,9.000,Zone 06,4.38,4.13,0.00,0.25,4.13
2021-04-05,,'GFDHL1172374,'9374869903506577931410,", 1754 spurgeon LN, , Westville, FL, 32464-5003, US",DHL SmartMail Parcel Expedited,5.000,Zone 06,3.58,3.45,0.00,0.13,3.45
2021-04-05,,'GFDHL1172375,'9374869903506577931427,", 3700 Hermine St. Durham  NC, , United States, NC, 27705, US",DHL SmartMail Parcel Expedited,5.000,Zone 04,3.51,3.39,0.00,0.12,3.39
2021-04-05,,'GFDHL1172376,'9374869903506577931434,", 123 Clemente St Apt 1, , holyoke, MA, 01040-5667, US",DHL SmartMail Parcel Expedited,12.000,Zone 02,4.04,3.88,0.00,0.16,3.88
2021-04-05,,'GFDHL1172356,'9374869903506577932363,", 4032 kimberley glen ct, , chantilly, VA, 20151-3538, US",DHL SmartMail Parcel Expedited,5.000,Zone 03,3.49,3.38,0.00,0.11,3.38
2021-04-05,,'GFDHL1172354,'9374869903506577932370,", 1060 Sw 44th Ave, , Plantation, FL, 33317-4536, US",DHL SmartMail Parcel Expedited,7.000,Zone 06,3.58,3.49,0.00,0.09,3.49
2021-04-05,,'GFDHL1172360,'9374869903506577932554,", 20250 Robert Walker Rd, Lot 2, Citronelle, AL, 36522, US",DHL SmartMail Parcel Expedited,4.000,Zone 06,3.22,3.14,0.00,0.08,3.14
2021-04-05,,'GFDHL1172359,'9374869903506577932561,", 259 Indian Dr, , EASTANOLLEE, GA, 30538, US",DHL SmartMail Parcel Expedited,11.000,Zone 05,4.20,4.02,0.00,0.18,4.02
2021-04-05,,'GFDHL1172365,'9374869903506577932677,", 128 SMITHRIDGE PARK, , RENO, NV, 89502-5724, US",DHL SmartMail Parcel Expedited,12.000,Zone 08,4.68,4.57,0.00,0.11,4.57
2021-04-05,,'GFDHL1172368,'9374869903506577932714,", 10 Franklin St, , Westford, MA, 01886-1016, US",DHL SmartMail Parcel Expedited,13.000,Zone 03,5.23,4.81,0.00,0.42,4.81
2021-04-05,,'GFDHL1172370,'9374869903506577932721,", 576 country ridge rd, , Bassett, VA, 24055-4533, US",DHL SmartMail Parcel Expedited,7.000,Zone 04,3.51,3.42,0.00,0.09,3.42
2021-04-05,,'GFDHL1172372,'9374869903506577932783,", 199 Powhatan Dr. NE, , Cleveland, TN, 37323, US",DHL SmartMail Parcel Expedited,7.000,Zone 05,3.57,3.47,0.00,0.10,3.47
2021-04-05,,'GFDHL1172364,'9374869903506577932998,", 8 MCCULLOUGH DR U98347, , NEW CASTLE, DE, 19720-9000, US",DHL SmartMail Parcel Expedited,8.000,Zone 02,3.46,3.38,0.00,0.08,3.38
2021-04-05,,'GFDHL1172367,'9374869903506577933285,", 3109 Christine rd, , Memphis, TN, 38118-5728, US",DHL SmartMail Parcel Expedited,6.000,Zone 05,3.57,3.46,0.00,0.11,3.46
2021-04-05,,'GFDHL1172371,'9374869903506577933315,", 377 S Central Ave, , Lima, OH, 45804-1301, US",DHL SmartMail Parcel Expedited,3.000,Zone 04,3.06,2.99,0.00,0.07,2.99
2021-04-05,,'GFDHL1172373,'9374869903506577933421,", 7848 Callan Ct, , New Port Richey, FL, 34654-5607, US",DHL SmartMail Parcel Expedited,4.000,Zone 05,3.12,3.04,0.00,0.08,3.04
2021-04-05,,'GFDHL1172505,'9374869903506578212228,", 8540 NW 66TH ST AP121071, , MIAMI, FL, 33195-2698, US",DHL SmartMail Parcel Expedited,11.000,Zone 06,4.38,4.18,0.00,0.20,4.18
2021-04-05,,'GFDHL1172507,'9374869903506578214024,", 109 14th St N, , Northwood, IA, 50459-1308, US",DHL SmartMail Parcel Expedited,12.000,Zone 05,4.20,4.04,0.00,0.16,4.04
2021-04-05,,'GFDHL1172511,'9374869903506578221329,", 365 MIRANDA BEITIA 1345NW 98th CT STE2, , MIAMI, FL, 33172-2780, US",DHL SmartMail Parcel Expedited,9.000,Zone 06,4.38,4.13,0.00,0.25,4.13
2021-04-05,,'GFDHL1172514,'9374869903506578223071,", 85 pearl st, , Tiffin, OH, 44883-3540, US",DHL SmartMail Parcel Expedited,8.000,Zone 04,3.51,3.43,0.00,0.08,3.43
2021-04-05,,'GFDHL1172515,'9374869903506578225044,", 210 FAIRLANE DR, , MANCHESTER, TN, 37355-2947, US",DHL SmartMail Parcel Expedited,5.000,Zone 05,3.57,3.45,0.00,0.12,3.45
2021-04-05,,'GFDHL1172519,'9374869903506578228366,", 913 Chase Lake Rd, , Howell, MI, 48855-9399, US",DHL SmartMail Parcel Expedited,12.000,Zone 04,4.12,3.96,0.00,0.16,3.96
2021-04-05,,'GFDHL1172522,'9374869903506578229349,", 1568 PORTOFINO MEADOWS BLVD, , ORLANDO, FL, 32824-4774, US",DHL SmartMail Parcel Expedited,6.000,Zone 05,3.57,3.46,0.00,0.11,3.46
2021-04-05,,'GFDHL1172527,'9374869903506578235579,", 1632 N. Jefferson, , Huntington, IN, 46750-1403, US",DHL SmartMail Parcel Expedited,5.000,Zone 04,3.51,3.39,0.00,0.12,3.39
2021-04-05,,'GFDHL1172528,'9374869903506578239935,", 1545 Oak Ridge Lane, , Houlton, WI, 54082, US",DHL SmartMail Parcel Expedited,5.000,Zone 05,3.57,3.45,0.00,0.12,3.45
2021-04-05,,'GFDHL1172617,'9374869903506578406511,", 1900 Kenwood Ave, , williamsport, PA, 17701-1521, US",DHL SmartMail Parcel Expedited,3.000,Zone 02,3.01,2.94,0.00,0.07,2.94
2021-04-05,,'GFDHL1172621,'9374869903506578406603,", 3504 Green Hollow Dr, , Iselin, NJ, 08830-2929, US",DHL SmartMail Parcel Expedited,10.000,Zone 01,4.04,3.86,0.00,0.18,3.86
2021-04-05,,'GFDHL1172622,'9374869903506578406627,", 2482 Ambassador Ave, , Spring Hill, FL, 34609-4505, US",DHL SmartMail Parcel Expedited,10.000,Zone 05,4.20,4.01,0.00,0.19,4.01
2021-04-05,,'GFDHL1172629,'9374869903506578406719,", 5425 Yarborough Ln, , Lakeland, FL, 33812, US",DHL SmartMail Parcel Expedited,9.000,Zone 06,4.38,4.13,0.00,0.25,4.13
2021-04-05,,'GFDHL1172633,'9374869903506578406771,", 5522 South 38th Terr, , St Joseph, MO, 64503, US",DHL SmartMail Parcel Expedited,9.000,Zone 06,4.38,4.13,0.00,0.25,4.13
2021-04-05,,'GFDHL1172615,'9374869903506578407310,", 319 Red Oak Dr, , Kendallville, IN, 46755, US",DHL SmartMail Parcel Expedited,3.000,Zone 04,3.06,2.99,0.00,0.07,2.99
2021-04-05,,'GFDHL1172625,'9374869903506578407556,", 2157 Bellefontaine St, , Indianapolis, IN, 46202-1857, US",DHL SmartMail Parcel Expedited,10.000,Zone 05,4.20,4.01,0.00,0.19,4.01
2021-04-05,,'GFDHL1172631,'9374869903506578407686,", 2560 Dodd Road, , Willoughby Hills, OH, 44094, US",DHL SmartMail Parcel Expedited,8.000,Zone 04,3.51,3.43,0.00,0.08,3.43
2021-04-05,,'GFDHL1172632,'9374869903506578407716,", 507 Eugene St., , Longview, TX, 75602, US",DHL SmartMail Parcel Expedited,9.000,Zone 06,4.38,4.13,0.00,0.25,4.13
2021-04-05,,'GFDHL1172634,'9374869903506578407747,", 1419 Llano St, , Pasadena, TX, 77504, US",DHL SmartMail Parcel Expedited,9.000,Zone 06,4.38,4.13,0.00,0.25,4.13
2021-04-05,,'GFDHL1172613,'9374869903506578408010,", 5567 Patrick Court, , Peachtree Corners, GA, 30092-1555, US",DHL SmartMail Parcel Expedited,3.000,Zone 05,3.12,3.04,0.00,0.08,3.04
2021-04-05,,'GFDHL1172618,'9374869903506578408119,", 136 montura ave, , clewiston, FL, 33440-8881, US",DHL SmartMail Parcel Expedited,14.000,Zone 06,5.66,5.18,0.00,0.48,5.18
2021-04-05,,'GFDHL1172623,'9374869903506578408263,", 1594 Wayside Cv, , Cordova, TN, 38016-1605, US",DHL SmartMail Parcel Expedited,10.000,Zone 05,4.20,4.01,0.00,0.19,4.01
2021-04-05,,'GFDHL1172627,'9374869903506578408331,", 683 Devonshire Ave, , Sheffield Lake, OH, 44054, US",DHL SmartMail Parcel Expedited,3.000,Zone 04,3.06,2.99,0.00,0.07,2.99
2021-04-05,,'GFDHL1172626,'9374869903506578408362,", 2703 Boswell drive, , KILLEEN, TX, 76543, US",DHL SmartMail Parcel Expedited,3.000,Zone 07,3.35,3.25,0.00,0.10,3.25
2021-04-05,,'GFDHL1172630,'9374869903506578408379,", 7766 N 88TH ST, , Omaha, NE, 68122-5268, US",DHL SmartMail Parcel Expedited,8.000,Zone 06,3.58,3.49,0.00,0.09,3.49
2021-04-05,,'GFDHL1172614,'9374869903506578408881,", 276 Main St 2md Floor Right, , Milford, MA, 01757, US",DHL SmartMail Parcel Expedited,5.000,Zone 02,3.46,3.35,0.00,0.11,3.35
2021-04-05,,'GFDHL1172616,'9374869903506578408898,", 2326 Rhodehamel Rd, , Saint Paris, OH, 43072, US",DHL SmartMail Parcel Expedited,5.000,Zone 04,3.51,3.39,0.00,0.12,3.39
2021-04-05,,'GFDHL1172768,'9374869903506578597233,", 3017 Foxchase Rut, , Fort Wayne, IN, 46825, US",DHL SmartMail Parcel Expedited,5.000,Zone 04,3.51,3.39,0.00,0.12,3.39
2021-04-05,,'GFDHL1172769,'9374869903506578601077,", 129 East Street, , Potosi, WI, 53820, US",DHL SmartMail Parcel Expedited,5.000,Zone 05,3.57,3.45,0.00,0.12,3.45
2021-04-05,,'GFDHL1172771,'9374869903506578602517,", 1659 Hamill Rd, , Hixson, TN, 37343-4902, US",DHL SmartMail Parcel Expedited,3.000,Zone 05,3.12,3.04,0.00,0.08,3.04
2021-04-05,,'GFDHL1172772,'9374869903506578605433,", 309 NE 30th Ter, , Cape Coral, FL, 33909-6866, US",DHL SmartMail Parcel Expedited,14.000,Zone 06,5.66,5.18,0.00,0.48,5.18
2021-04-05,,'GFDHL1172775,'9374869903506578609493,", 8646 N Atlantic Ave, , Cape Canaveral, FL, 32920-3413, US",DHL SmartMail Parcel Expedited,10.000,Zone 05,4.20,4.01,0.00,0.19,4.01
2021-04-05,,'GFDHL1172778,'9374869903506578617993,", 303 E Imogene St, , Arcadia, FL, 34266, US",DHL SmartMail Parcel Expedited,7.000,Zone 06,3.58,3.49,0.00,0.09,3.49
2021-04-05,,'GFDHL1172783,'9374869903506578623444,", 1331 BRICKELL BAY DR APT 4501, , MIAMI, FL, 33131-3695, US",DHL SmartMail Parcel Expedited,3.000,Zone 06,3.22,3.14,0.00,0.08,3.14
2021-04-05,,'GFDHL1172785,'9374869903506578628074,", 3934 Derby Glen Drive, , Clermont, FL, 34711, US",DHL SmartMail Parcel Expedited,3.000,Zone 05,3.12,3.04,0.00,0.08,3.04
2021-04-05,,'GFDHL1172787,'9374869903506578630435,", 501 Old Richmond Rd  214, , Port Wentworth, GA, 31407, US",DHL SmartMail Parcel Expedited,4.000,Zone 05,3.12,3.04,0.00,0.08,3.04
2021-04-05,,'GFDHL1172790,'9374869903506578636512,", 11155 Cathy Drive, , Goodrich, MI, 48438, US",DHL SmartMail Parcel Expedited,3.000,Zone 04,3.06,2.99,0.00,0.07,2.99
2021-04-05,,'GFDHL1172799,'9374869903506578653496,", 7320 Virginia Ave, , Kansas City, MO, 64131-1741, US",DHL SmartMail Parcel Expedited,10.000,Zone 06,4.38,4.16,0.00,0.22,4.16
2021-04-05,,'GFDHL1172805,'9374869903506578667356,", 702 Champions Drive  suite121, , Davenport, FL, 33897, US",DHL SmartMail Parcel Expedited,9.000,Zone 06,4.38,4.13,0.00,0.25,4.13
2021-04-05,,'GFDHL1172822,'9374869903506578684605,", 24 Keystone St, , West Roxbury, MA, 02132, US",DHL SmartMail Parcel Expedited,8.000,Zone 03,3.49,3.41,0.00,0.08,3.41
2021-04-05,,'GFDHL1172817,'9374869903506578684643,", 7920 N MACARTHUR BLVD APT 1064, , IRVING, TX, 75063-3823, US",DHL SmartMail Parcel Expedited,2.000,Zone 06,3.22,3.14,0.00,0.08,3.14
2021-04-05,,'GFDHL1172826,'9374869903506578684674,", 2322 SAN PEDRO AVE, , SAN ANTONIO, TX, 78212-3237, US",DHL SmartMail Parcel Expedited,9.000,Zone 07,4.53,4.31,0.00,0.22,4.31
2021-04-05,,'GFDHL1172831,'9374869903506578684766,", 282 Newton Rd, , Falmouth, VA, 22405, US",DHL SmartMail Parcel Expedited,10.000,Zone 03,4.09,3.91,0.00,0.18,3.91
2021-04-05,,'GFDHL1172815,'9374869903506578685435,", 334 Sweet Gum S, , Bolingbrook, IL, 60490, US",DHL SmartMail Parcel Expedited,2.000,Zone 05,3.12,3.04,0.00,0.08,3.04
2021-04-05,,'GFDHL1172820,'9374869903506578685602,", 1541 Rhea Springs Rd, , Spring City, TN, 37381, US",DHL SmartMail Parcel Expedited,2.000,Zone 05,3.12,3.04,0.00,0.08,3.04
2021-04-05,,'GFDHL1172819,'9374869903506578685640,", 135 Andover Dr, , Savannah, GA, 31405, US",DHL SmartMail Parcel Expedited,10.000,Zone 05,4.20,4.01,0.00,0.19,4.01
2021-04-05,,'GFDHL1172825,'9374869903506578685671,", 1108 Atherton Drive, , Tracy, CA, 95304, US",DHL SmartMail Parcel Expedited,9.000,Zone 08,4.68,4.52,0.00,0.16,4.52
2021-04-05,,'GFDHL1172827,'9374869903506578685688,", 2719 HARVEST CRK, , SAN ANTONIO, TX, 78244-1022, US",DHL SmartMail Parcel Expedited,5.000,Zone 07,3.69,3.57,0.00,0.12,3.57
2021-04-05,,'GFDHL1172828,'9374869903506578685718,", 77 BOYDEN AVE, , MAPLEWOOD, NJ, 07040, US",DHL SmartMail Parcel Expedited,9.000,Zone 01,4.04,3.85,0.00,0.19,3.85
2021-04-05,,'GFDHL1172829,'9374869903506578685732,", 3100 Ashe rd #6, , Bakersfield, CA, 93309, US",DHL SmartMail Parcel Expedited,1.000,Zone 08,3.49,3.33,0.00,0.16,3.33
2021-04-05,,'GFDHL1172816,'9374869903506578686241,", 325 N 31ST ST APT 6, , BISMARCK, ND, 58501-5188, US",DHL SmartMail Parcel Expedited,2.000,Zone 06,3.22,3.14,0.00,0.08,3.14
2021-04-05,,'GFDHL1172818,'9374869903506578686265,", 5373 NW Lianna Way, , Portland, OR, 97229, US",DHL SmartMail Parcel Expedited,10.000,Zone 08,4.68,4.56,0.00,0.12,4.56
2021-04-05,,'GFDHL1172821,'9374869903506578687460,", 559 W 158th St, Bsmt # B, New York, NY, 10032-7223, US",DHL SmartMail Parcel Expedited,4.000,Zone 01,3.01,2.94,0.00,0.07,2.94
2021-04-05,,'GFDHL1172824,'9374869903506578687552,", 2727 Shepardson St, , Bellingham, WA, 98226, US",DHL SmartMail Parcel Expedited,8.000,Zone 08,3.85,3.76,0.00,0.09,3.76
2021-04-05,,'GFDHL1172844,'9374869903506578688122,", 50 Blydenburgh Ave, , Smithtown, NY, 11787, US",DHL SmartMail Parcel Expedited,6.000,Zone 01,3.46,3.36,0.00,0.10,3.36
2021-04-05,,'GFDHL1172863,'9374869903506578688573,", 19102 Pierce Drive, , Strongsville, OH, 44149, US",DHL SmartMail Parcel Expedited,6.000,Zone 04,3.51,3.41,0.00,0.10,3.41
2021-04-05,,'GFDHL1172869,'9374869903506578688788,", 821 W 15TH ST, , Anderson, IN, 46016, US",DHL SmartMail Parcel Expedited,15.000,Zone 05,5.42,5.00,0.00,0.42,5.00
2021-04-05,,'GFDHL1172841,'9374869903506578688900,", 710 Flora Vista Dr, , Santa Barbara, CA, 93109, US",DHL SmartMail Parcel Expedited,1.000,Zone 08,3.49,3.33,0.00,0.16,3.33
2021-04-05,,'GFDHL1172842,'9374869903506578688924,", 141 Southeast 2nd Street, , Satellite Beach, FL, 32937, US",DHL SmartMail Parcel Expedited,6.000,Zone 05,3.57,3.46,0.00,0.11,3.46
2021-04-05,,'GFDHL1172852,'9374869903506578689082,", 6884 Adriano Dr, , Boynton Beach, FL, 33437, US",DHL SmartMail Parcel Expedited,1.000,Zone 06,3.22,3.12,0.00,0.10,3.12
2021-04-05,,'GFDHL1172857,'9374869903506578689174,", 144 VILLAGE VIEW WAY, , LEXINGTON, SC, 29072-8118, US",DHL SmartMail Parcel Expedited,4.000,Zone 04,3.06,2.99,0.00,0.07,2.99
2021-04-05,,'GFDHL1172860,'9374869903506578689228,", 1380 San Jose Ave, , Concord, CA, 94518, US",DHL SmartMail Parcel Expedited,2.000,Zone 08,3.49,3.35,0.00,0.14,3.35
2021-04-05,,'GFDHL1172872,'9374869903506578689488,", 47 Beechland Circle, , Roslindale, MA, 02131, US",DHL SmartMail Parcel Expedited,2.000,Zone 03,3.03,2.96,0.00,0.07,2.96
2021-04-05,,'GFDHL1172843,'9374869903506578689945,", 1483 210th St., , Saint Croix Falls, WI, 54024, US",DHL SmartMail Parcel Expedited,6.000,Zone 05,3.57,3.46,0.00,0.11,3.46
2021-04-05,,'GFDHL1172847,'9374869903506578690019,", 205 ROCK ST APT J6, , PHILADELPHIA, PA, 19128-3742, US",DHL SmartMail Parcel Expedited,6.000,Zone 02,3.46,3.36,0.00,0.10,3.36
2021-04-05,,'GFDHL1172851,'9374869903506578690095,", 6942 W Villa Chula, , Glendale, AZ, 85310, US",DHL SmartMail Parcel Expedited,2.000,Zone 08,3.49,3.35,0.00,0.14,3.35
2021-04-05,,'GFDHL1172853,'9374869903506578690156,", 255 WEATHERLY RUN, , ALPHARETTA, GA, 30005-4339, US",DHL SmartMail Parcel Expedited,7.000,Zone 05,3.57,3.47,0.00,0.10,3.47
2021-04-05,,'GFDHL1172854,'9374869903506578690163,", 965 NILE AVE NE, , RENTON, WA, 98059-4389, US",DHL SmartMail Parcel Expedited,13.000,Zone 08,5.98,5.65,0.00,0.33,5.65
2021-04-05,,'GFDHL1172855,'9374869903506578690170,", 8260 NW 14th St., AP X-43196, MIAMI, FL, 33191-1501, US",DHL SmartMail Parcel Expedited,10.000,Zone 06,4.38,4.16,0.00,0.22,4.16
2021-04-05,,'GFDHL1172846,'9374869903506578691009,", 3050 Lawrin Court, , Chesapeake Beach, MD, 20732, US",DHL SmartMail Parcel Expedited,6.000,Zone 03,3.49,3.39,0.00,0.10,3.39
2021-04-05,,'GFDHL1172848,'9374869903506578691030,", 43-32 Kissena Blvd #12N, , Flushing, NY, 11355, US",DHL SmartMail Parcel Expedited,3.000,Zone 01,3.01,2.94,0.00,0.07,2.94
2021-04-05,,'GFDHL1172850,'9374869903506578691122,", 2348 Hawthorne Way, , Saline, MI, 48176, US",DHL SmartMail Parcel Expedited,8.000,Zone 04,3.51,3.43,0.00,0.08,3.43
2021-04-05,,'GFDHL1172856,'9374869903506578691290,", 1269 PENNSYLVANIA AVE, , SAINT LOUIS, MO, 63130-1925, US",DHL SmartMail Parcel Expedited,4.000,Zone 05,3.12,3.04,0.00,0.08,3.04
2021-04-05,,'GFDHL1172858,'9374869903506578691320,", 5752 Hillcrest Dr., , Los Angeles, CA, 90043, US",DHL SmartMail Parcel Expedited,4.000,Zone 08,3.49,3.41,0.00,0.08,3.41
2021-04-05,,'GFDHL1172868,'9374869903506578691634,", 18026 bullock st, , Encino, CA, 91316, US",DHL SmartMail Parcel Expedited,14.000,Zone 08,5.98,5.68,0.00,0.30,5.68
2021-04-05,,'GFDHL1172870,'9374869903506578691719,", 5050 Nelson Court, , Wadsworth, IL, 60083, US",DHL SmartMail Parcel Expedited,15.000,Zone 05,5.42,5.00,0.00,0.42,5.00
2021-04-05,,'GFDHL1172871,'9374869903506578691740,", 1631 Hedges Plaza, , Nevada, MO, 64772-4260, US",DHL SmartMail Parcel Expedited,2.000,Zone 06,3.22,3.14,0.00,0.08,3.14
2021-04-05,,'GFDHL1172890,'9374869903506578692334,", 930 North 77th Street, , Seattle, WA, 98103, US",DHL SmartMail Parcel Expedited,7.000,Zone 08,3.85,3.76,0.00,0.09,3.76
2021-04-05,,'GFDHL1172889,'9374869903506578694123,", 10174 Co. RD. 67, , Langston, AL, 35575, US",DHL SmartMail Parcel Expedited,7.000,Zone 05,3.57,3.47,0.00,0.10,3.47
2021-04-05,,'GFDHL1172894,'9374869903506578694192,", 4042 E Megan Ct, , Gilbert, AZ, 85295, US",DHL SmartMail Parcel Expedited,9.000,Zone 08,4.68,4.52,0.00,0.16,4.52
2021-04-05,,'GFDHL1172888,'9374869903506578694932,", 242 Twin Oaks Dr, , La Vernia, TX, 78121, US",DHL SmartMail Parcel Expedited,7.000,Zone 07,3.69,3.60,0.00,0.09,3.60
2021-04-05,,'GFDHL1172896,'9374869903506578695076,", 33 overlook drive, , Chelmsford, MA, 01824, US",DHL SmartMail Parcel Expedited,1.000,Zone 03,3.03,2.96,0.00,0.07,2.96
2021-04-05,,'GFDHL1172995,'9374869903506578799835,", 2140 16th ave east, Apt 147, BRADENTON, FL, 34207-2225, US",DHL SmartMail Parcel Expedited,2.000,Zone 06,3.22,3.14,0.00,0.08,3.14
2021-04-05,,'GFDHL1172997,'9374869903506578804515,", 5th Avenue, , Miami, FL, 33299, US",DHL SmartMail Parcel Expedited,2.000,Zone 06,3.22,3.14,0.00,0.08,3.14
2021-04-05,,'GFDHL1172999,'9374869903506578807219,", 3423 Springfield D, , Holiday, FL, 34691, US",DHL SmartMail Parcel Expedited,2.000,Zone 05,3.12,3.04,0.00,0.08,3.04
2021-04-05,,'GFDHL1173000,'9374869903506578808612,", 307 Old Rail Road, , Bloomingdale, GA, 31302, US",DHL SmartMail Parcel Expedited,9.000,Zone 05,4.20,4.00,0.00,0.20,4.00
2021-04-05,,'GFDHL1173002,'9374869903506578811148,", 22788 SW 94TH PATH, , CUTLER BAY, FL, 33190-1266, US",DHL SmartMail Parcel Expedited,9.000,Zone 06,4.38,4.13,0.00,0.25,4.13
2021-04-05,,'GFDHL1173004,'9374869903506578812923,", 1200 SW 38th Terrace, , Cape Coral, FL, 33914, US",DHL SmartMail Parcel Expedited,5.000,Zone 06,3.58,3.45,0.00,0.13,3.45
2021-04-05,,'GFDHL1173007,'9374869903506578813364,", 22352 Hamilton Rd, , Eckert, CO, 81418, US",DHL SmartMail Parcel Expedited,1.000,Zone 07,3.35,3.22,0.00,0.13,3.22
2021-04-05,,'GFDHL1173010,'9374869903506578815474,", 29892 State Rd. 2, , New Carlisle, IN, 46552, US",DHL SmartMail Parcel Expedited,2.000,Zone 05,3.12,3.04,0.00,0.08,3.04
2021-04-05,,'GFDHL1173012,'9374869903506578816860,", 386 Sorrel St, , Grand Junction, CO, 81501-7850, US",DHL SmartMail Parcel Expedited,2.000,Zone 07,3.35,3.23,0.00,0.12,3.23
2021-04-05,,'GFDHL1173019,'9374869903506578821161,", 848 chelsea ct, , Colorado Springs, CO, 80918-7001, US",DHL SmartMail Parcel Expedited,4.000,Zone 07,3.35,3.27,0.00,0.08,3.27
2021-04-05,,'GFDHL1173020,'9374869903506578823646,", 19890 mountain meadow north, , Hidden valley lake, CA, 95467, US",DHL SmartMail Parcel Expedited,1.000,Zone 08,3.49,3.33,0.00,0.16,3.33
2021-04-05,,'GFDHL1173021,'9374869903506578828658,", 6841 sw 147th ave apt 2c, , Miami, FL, 33193, US",DHL SmartMail Parcel Expedited,4.000,Zone 06,3.22,3.14,0.00,0.08,3.14
2021-04-05,,'GFDHL1173031,'9374869903506578853551,", 5775 Westchester Farm Drive, , Weldon Spring, MO, 63304, US",DHL SmartMail Parcel Expedited,6.000,Zone 05,3.57,3.46,0.00,0.11,3.46
2021-04-05,,'GFDHL1173032,'9374869903506578857122,", 418 Winter Bluff Dr, , Fenton, MO, 63026, US",DHL SmartMail Parcel Expedited,2.000,Zone 05,3.12,3.04,0.00,0.08,3.04
2021-04-05,,'GFDHL1173034,'9374869903506578859300,", 6651 FM 20, , Seguin, TX, 78155, US",DHL SmartMail Parcel Expedited,1.000,Zone 07,3.35,3.22,0.00,0.13,3.22
2021-04-05,,'GFDHL1173035,'9374869903506578861969,", 88 PIMLICO DR, , CRAWFORDVILLE, FL, 32327-2499, US",DHL SmartMail Parcel Expedited,13.000,Zone 05,5.42,4.98,0.00,0.44,4.98
2021-04-05,,'GFDHL1173036,'9374869903506578863697,", 47 Douglass ave, , Defuniak Springs, FL, 32435, US",DHL SmartMail Parcel Expedited,13.000,Zone 06,5.66,5.18,0.00,0.48,5.18
2021-04-05,,'GFDHL1173037,'9374869903506578864472,", 2801 HIGHWAY 6 E LOT 352, , IOWA CITY, IA, 52240-2656, US",DHL SmartMail Parcel Expedited,2.000,Zone 05,3.12,3.04,0.00,0.08,3.04
2021-04-05,,'GFDHL1173041,'9374869903506578871517,", 505 North Carolina Run, , Sanford, FL, 32773, US",DHL SmartMail Parcel Expedited,7.000,Zone 05,3.57,3.47,0.00,0.10,3.47
2021-04-05,,'GFDHL1173072,'9374869903506578981599,", 1521 N 15th St, , Harrisburg, PA, 17103-1216, US",DHL SmartMail Parcel Expedited,11.000,Zone 02,4.04,3.87,0.00,0.17,3.87
2021-04-05,,'GFDHL1173073,'9374869903506578981612,", 3760 Ancroft Cir, , Norcross, GA, 30092-2652, US",DHL SmartMail Parcel Expedited,15.999,Zone 05,5.42,5.02,0.00,0.40,5.02
2021-04-05,,'GFDHL1173074,'9374869903506578983067,", 3801S.W 1st lane, , cape coral, FL, 33991, US",DHL SmartMail Parcel Expedited,10.000,Zone 06,4.38,4.16,0.00,0.22,4.16
2021-04-05,,'GFDHL1172992,'9361269903506578798634,", 9057 Canopy Oak Ln, #202, Riverview, FL, 33578, US",DHL SmartMail Parcel Expedited,1.000,Zone 05,3.12,3.04,0.00,0.08,3.04
2021-04-05,,'GFDHL1172880,'9361269903506578692123,", 210 Bessemer Ave, , Lyndora, PA, 16045, US",DHL SmartMail Parcel Expedited,1.000,Zone 04,3.06,2.99,0.00,0.07,2.99
2021-04-05,,'GFDHL1172866,'9361269903506578690426,", 32 Cheryl Road, , West Seneca, NY, 14224, US",DHL SmartMail Parcel Expedited,5.000,Zone 03,3.49,3.38,0.00,0.11,3.38
2021-04-05,,'GFDHL1172882,'9361269903506578692154,", 235 Florida Ave, #30, Greenwood, SC, 29646-4450, US",DHL SmartMail Parcel Expedited,1.000,Zone 04,3.06,2.99,0.00,0.07,2.99
2021-04-05,,'GFDHL1172885,'9361269903506578693137,", 8836 Meadow Grove Way, #308, Charlotte, NC, 28216, US",DHL SmartMail Parcel Expedited,1.000,Zone 04,3.06,2.99,0.00,0.07,2.99
2021-04-05,,'GFDHL1172990,'9361269903506578797910,", 7600 Ramona St, , Miramar, FL, 33023, US",DHL SmartMail Parcel Expedited,1.000,Zone 06,3.22,3.12,0.00,0.10,3.12
2021-04-05,,'GFDHL1171796,'9361269903506576775569,", 10337 Wildflower Way, , Broadview Heights, OH, 44147, US",DHL SmartMail Parcel Expedited,9.000,Zone 04,4.12,3.92,0.00,0.20,3.92
2021-04-05,,'GFDHL1172884,'9361269903506578693991,", 30 Sherman Ave, , St. Louis, MO, 63125, US",DHL SmartMail Parcel Expedited,2.000,Zone 05,3.12,3.04,0.00,0.08,3.04
2021-04-05,,'GFDHL1172887,'9361269903506578693151,", 20485 SW Annadel St, , Beaverton, OR, 97078, US",DHL SmartMail Parcel Expedited,1.000,Zone 08,3.49,3.33,0.00,0.16,3.33
2021-04-05,,'GFDHL1172883,'9361269903506578692192,", 112 Bard Ave, Apt #3, Staten Island, NY, 10310, US",DHL SmartMail Parcel Expedited,1.000,Zone 01,3.01,2.94,0.00,0.07,2.94
2021-04-05,,'GFDHL1172830,'9361269903506578686542,", 1874 Hidden View Lane, , Roseville, CA, 95661, US",DHL SmartMail Parcel Expedited,12.000,Zone 08,4.68,4.57,0.00,0.11,4.57
2021-04-05,,'GFDHL1172840,'9361269903506578689888,", 1948 E Washington Blvd, , Pasadena, CA, 91104-1718, US",DHL SmartMail Parcel Expedited,7.000,Zone 08,3.85,3.76,0.00,0.09,3.76
2021-04-06,,'GFDHL1174081,'9374869903506586100661,", 302 Lake Park dr, , RICHLANDS, VA, 24641, US",DHL SmartMail Parcel Plus Expedited,96.000,Zone 04,9.64,9.20,9.00,0.44,18.20
2021-04-06,,'GFDHL1173909,'9361269903506585813412,", 229 Drake Ln, , Summertown, TN, 38483-5015, US",DHL SmartMail Parcel Plus Ground,32.000,Zone 05,8.85,7.78,0.00,1.07,7.78
2021-04-06,,'GFDHL1173907,'9361269903506585813429,", 83 TRELLA ST, , BELLEVILLE, PA, 17004-8603, US",DHL SmartMail Parcel Plus Ground,32.000,Zone 02,7.79,6.91,0.00,0.88,6.91
2021-04-06,,'GFDHL1173912,'9361269903506585813689,", 700 Fremont St, , Boyne City, MI, 49712-1135, US",DHL SmartMail Parcel Plus Ground,32.000,Zone 05,8.85,7.78,0.00,1.07,7.78
2021-04-06,,'GFDHL1173914,'9361269903506585813702,", 695 Norton Street Up, , Rochester, NY, 14621, US",DHL SmartMail Parcel Plus Ground,32.000,Zone 03,7.96,7.06,0.00,0.90,7.06
2021-04-06,,'GFDHL1173910,'9361269903506585814211,", 6626 Hines Rd, , Richmond, VA, 23231, US",DHL SmartMail Parcel Plus Ground,32.000,Zone 03,7.96,7.06,0.00,0.90,7.06
2021-04-06,,'GFDHL1173918,'9361269903506585814884,", 1125 Halifax Place, , Hamilton, NJ, 08619, US",DHL SmartMail Parcel Plus Ground,32.000,Zone 01,7.79,6.91,0.00,0.88,6.91
2021-04-06,,'GFDHL1173913,'9361269903506585814969,", 313 E everett Street, , Homer, MI, 49245, US",DHL SmartMail Parcel Plus Ground,32.000,Zone 04,8.24,7.28,0.00,0.96,7.28
2021-04-06,,'GFDHL1173911,'9361269903506585814990,", 351 Satterfield St., , Fairmont, WV, 26554, US",DHL SmartMail Parcel Plus Ground,32.000,Zone 04,8.24,7.28,0.00,0.96,7.28
2021-04-06,,'GFDHL1173926,'9361269903506585817007,", 1127 1st Ave NW, , Fayette, AL, 35555-1703, US",DHL SmartMail Parcel Plus Ground,32.000,Zone 05,8.85,7.78,0.00,1.07,7.78
2021-04-06,,'GFDHL1173928,'9361269903506585817069,", 718 LEWIS FARM RD, , KINGS MOUNTAIN, NC, 28086-9430, US",DHL SmartMail Parcel Plus Ground,32.000,Zone 04,8.24,7.28,0.00,0.96,7.28
2021-04-06,,'GFDHL1174002,'9361269903506586019318,", 2394 RACE TRACK ST., , MORGANTON, NC, 28655, US",DHL SmartMail Parcel Plus Ground,32.000,Zone 04,8.24,7.28,0.00,0.96,7.28
2021-04-06,,'GFDHL1174004,'9361269903506586019349,", 1745 Gilbert Rd, , Conway, SC, 29527, US",DHL SmartMail Parcel Plus Ground,32.000,Zone 04,8.24,7.28,0.00,0.96,7.28
2021-04-06,,'GFDHL1174003,'9361269903506586020079,", 312 Airport Dr, , Holly, MI, 48442, US",DHL SmartMail Parcel Plus Ground,32.000,Zone 04,8.24,7.28,0.00,0.96,7.28
2021-04-06,,'GFDHL1174028,'9361269903506586029225,", 34003 Rockford Rd, , Merriman, NE, 69218-6530, US",DHL SmartMail Parcel Plus Expedited,16.000,Zone 06,8.34,7.30,0.00,1.04,7.30
2021-04-06,,'GFDHL1174128,'9361269903506586170149,", 3614 W 50th St, , Cleveland, OH, 44102-5814, US",DHL SmartMail Parcel Plus Ground,32.000,Zone 04,8.24,7.28,0.00,0.96,7.28
2021-04-06,,'GFDHL1173967,'9374869903506585950045,", 2749 18th street, , Sarasota, FL, 34234-7844, US",DHL SmartMail Parcel Plus Expedited,32.000,Zone 06,10.44,9.03,0.00,1.41,9.03
2021-04-06,,'GFDHL1173964,'9374869903506585948332,", 3130 SW 76th Ave, , Miami, FL, 33155, US",DHL SmartMail Parcel Plus Expedited,32.000,Zone 06,10.44,9.03,0.00,1.41,9.03
2021-04-06,,'GFDHL1173968,'9374869903506585949179,", 3427 EAGLECHASE DR NW, , WILSON, NC, 27896-7308, US",DHL SmartMail Parcel Plus Expedited,32.000,Zone 04,8.24,7.35,0.00,0.89,7.35
2021-04-06,,'GFDHL1173906,'9374869903506585812794,", 798 FARM RD, , WAITSFIELD, VT, 05673-4422, US",DHL SmartMail Parcel Expedited,12.000,Zone 03,4.09,3.93,0.00,0.16,3.93
2021-04-06,,'GFDHL1173908,'9374869903506585813388,", 7749 Fieldcrest Ct, , Pensacola, FL, 32526-4444, US",DHL SmartMail Parcel Expedited,12.000,Zone 06,4.38,4.18,0.00,0.20,4.18
2021-04-06,,'GFDHL1173924,'9374869903506585814750,", 2N550 Diane Ave, , Glen Ellyn, IL, 60137, US",DHL SmartMail Parcel Expedited,9.000,Zone 05,4.20,4.00,0.00,0.20,4.00
2021-04-06,,'GFDHL1173925,'9374869903506585815238,", 4556 S Chatham, , Mesa, AZ, 85212-7097, US",DHL SmartMail Parcel Expedited,6.000,Zone 08,3.85,3.76,0.00,0.09,3.76
2021-04-06,,'GFDHL1173922,'9374869903506585816136,", 9220 w 116 th st, , Overland Park, KS, 66210-1904, US",DHL SmartMail Parcel Expedited,10.000,Zone 06,4.38,4.16,0.00,0.22,4.16
2021-04-06,,'GFDHL1173923,'9374869903506585816907,", 4355 Gile Hollow Rd, , Hinsdale, NY, 14743-9749, US",DHL SmartMail Parcel Expedited,7.000,Zone 03,3.49,3.40,0.00,0.09,3.40
2021-04-06,,'GFDHL1173966,'9374869903506585948325,", 10073 King rd, , Clymer, NY, 14724, US",DHL SmartMail Parcel Expedited,8.000,Zone 03,3.49,3.41,0.00,0.08,3.41
2021-04-06,,'GFDHL1173965,'9374869903506585948424,", 613 N FRANCES ST APT 301, , MADISON, WI, 53703-1161, US",DHL SmartMail Parcel Expedited,12.000,Zone 05,4.20,4.04,0.00,0.16,4.04
2021-04-06,,'GFDHL1173973,'9374869903506585948639,", 6415 STANMORE CT, , JOHNSTON, IA, 50131-2987, US",DHL SmartMail Parcel Expedited,6.000,Zone 05,3.57,3.46,0.00,0.11,3.46
2021-04-06,,'GFDHL1173969,'9374869903506585949216,", 17841 N Miller Way, , Maricopa, AZ, 85139, US",DHL SmartMail Parcel Expedited,9.000,Zone 08,4.68,4.52,0.00,0.16,4.52
2021-04-06,,'GFDHL1173972,'9374869903506585949285,", 4182 Hearthstone Dr, , Sarasota, FL, 34238, US",DHL SmartMail Parcel Expedited,7.000,Zone 06,3.58,3.49,0.00,0.09,3.49
2021-04-06,,'GFDHL1173970,'9374869903506585949377,", 857 Boling Rd, , Seymour, TN, 37865-3525, US",DHL SmartMail Parcel Expedited,3.000,Zone 05,3.12,3.04,0.00,0.08,3.04
2021-04-06,,'GFDHL1173971,'9374869903506585950144,", 13584 texas woods cir, , orlando, FL, 32824-9426, US",DHL SmartMail Parcel Expedited,14.000,Zone 05,5.42,4.99,0.00,0.43,4.99
2021-04-06,,'GFDHL1173988,'9374869903506586002576,", 1744 N Seminary St, , Galesburg, IL, 61401, US",DHL SmartMail Parcel Expedited,4.000,Zone 05,3.12,3.04,0.00,0.08,3.04
2021-04-06,,'GFDHL1173993,'9374869903506586007441,", 8450 NW 70TH ST UNBM0021, , MIAMI, FL, 33166-2687, US",DHL SmartMail Parcel Expedited,6.000,Zone 06,3.58,3.48,0.00,0.10,3.48
2021-04-06,,'GFDHL1173994,'9374869903506586008288,", 1190 BONANZA AVE, , SOUTH LAKE TAHOE, CA, 96150-3625, US",DHL SmartMail Parcel Expedited,9.000,Zone 08,4.68,4.52,0.00,0.16,4.52
2021-04-06,,'GFDHL1173995,'9374869903506586009131,", 8840 164th St, 311265, Jamaica, NY, 11432, US",DHL SmartMail Parcel Expedited,3.000,Zone 01,3.01,2.94,0.00,0.07,2.94
2021-04-06,,'GFDHL1173992,'9374869903506586009186,", 15011 House Rd, , Hockley, TX, 77447, US",DHL SmartMail Parcel Expedited,15.000,Zone 06,5.66,5.21,0.00,0.45,5.21
2021-04-06,,'GFDHL1173997,'9374869903506586009209,", 7430 Talbot Colony, , Sandy Springs, GA, 30328, US",DHL SmartMail Parcel Expedited,15.000,Zone 05,5.42,5.00,0.00,0.42,5.00
2021-04-06,,'GFDHL1174027,'9374869903506586028675,", 2 Jennifer Lane, , West Stockbridge, MA, 01266, US",DHL SmartMail Parcel Expedited,2.000,Zone 02,3.01,2.94,0.00,0.07,2.94
2021-04-06,,'GFDHL1174026,'9374869903506586028699,", 2710 Oak Fire St, , San Antonio, TX, 78247, US",DHL SmartMail Parcel Expedited,2.000,Zone 07,3.35,3.23,0.00,0.12,3.23
2021-04-06,,'GFDHL1174031,'9374869903506586029269,", 36 Peterson rd, , North Andover, MA, 01845, US",DHL SmartMail Parcel Expedited,4.000,Zone 03,3.03,2.96,0.00,0.07,2.96
2021-04-06,,'GFDHL1174035,'9374869903506586029290,", 3003 Ala Napuaa Place Apt 408, , Honolulu, HI, 96818, US",DHL SmartMail Parcel Expedited,1.000,Zone 12,3.49,4.27,0.00,-0.78,4.27
2021-04-06,,'GFDHL1174029,'9374869903506586030449,", 211, , Honolulu, HI, 96818, US",DHL SmartMail Parcel Expedited,1.000,Zone 12,3.49,4.27,0.00,-0.78,4.27
2021-04-06,,'GFDHL1174034,'9374869903506586031101,", 406 locust st, , Kannapolis, NC, 28081, US",DHL SmartMail Parcel Expedited,15.000,Zone 04,5.27,4.87,0.00,0.40,4.87
2021-04-06,,'GFDHL1174046,'9374869903506586046525,", 901 W Argyle ST. APT. 2K, , Chicago, IL, 60640, US",DHL SmartMail Parcel Expedited,8.000,Zone 05,3.57,3.48,0.00,0.09,3.48
2021-04-06,,'GFDHL1174052,'9374869903506586052014,", 21397 JACKSONVILLE ST, , FARMINGTON HILLS, MI, 48336-5843, US",DHL SmartMail Parcel Expedited,5.000,Zone 04,3.51,3.39,0.00,0.12,3.39
2021-04-06,,'GFDHL1174053,'9374869903506586053110,", 16 Royal Tern Ln, , Aliso Viejo, CA, 92656-1213, US",DHL SmartMail Parcel Expedited,5.000,Zone 08,3.85,3.74,0.00,0.11,3.74
2021-04-06,,'GFDHL1174060,'9374869903506586058030,", 5571 Mountain Garland Drive, , Colorado Springs, CO, 80923, US",DHL SmartMail Parcel Expedited,1.000,Zone 07,3.35,3.22,0.00,0.13,3.22
2021-04-06,,'GFDHL1174127,'9374869903506586168456,", 230 3rd St Po 32, , Clay Center, OH, 43408-0032, US",DHL SmartMail Parcel Expedited,15.999,Zone 04,5.27,4.88,0.00,0.39,4.88
2021-04-06,,'GFDHL1174126,'9374869903506586170152,", 7171 Kossuth Rd, , Bolivar, NY, 14715-9648, US",DHL SmartMail Parcel Expedited,8.000,Zone 03,3.49,3.41,0.00,0.08,3.41
2021-04-06,,'GFDHL1174125,'9374869903506586170169,", 6979 highway 140 #6, , Midpines, CA, 95345, US",DHL SmartMail Parcel Expedited,10.000,Zone 08,4.68,4.56,0.00,0.12,4.56
2021-04-06,,'GFDHL1174049,'9361269903506586047458,", 6725 Anders Terrace, , Springfield, VA, 22151, US",DHL SmartMail Parcel Ground,3.000,Zone 03,3.03,2.92,0.00,0.11,2.92
2021-04-06,,'GFDHL1174047,'9361269903506586048080,", 208 River Ave, , Point Pleasant Beach, NJ, 08742, US",DHL SmartMail Parcel Ground,1.000,Zone 01,3.01,2.90,0.00,0.11,2.90
2021-04-06,,'GFDHL1173999,'9361269903506586007537,", 92 Jasper Ave, , Teaneck, NJ, 07666, US",DHL SmartMail Parcel Expedited,1.000,Zone 01,3.01,2.94,0.00,0.07,2.94
2021-04-06,,'GFDHL1173990,'9361269903506586002549,", 424 8th Street Apr 4, , Santa Rosa, CA, 95401, US",DHL SmartMail Parcel Expedited,12.000,Zone 08,4.68,4.57,0.00,0.11,4.57
2021-04-06,,'GFDHL1173989,'9361269903506586002556,", 15166 W Jimmie Kerr Blvd, , Casa Grande, AZ, 85122, US",DHL SmartMail Parcel Expedited,3.000,Zone 08,3.49,3.39,0.00,0.10,3.39
2021-04-07,,'GFDHL1175233,'9361269903506593843326,", 550 CENTRAL AVE UNIT N9, , LINWOOD, NJ, 08221-1359, US",DHL SmartMail Parcel Plus Ground,80.000,Zone 02,8.20,7.73,0.00,0.47,7.73
2021-04-07,,'GFDHL1175232,'9361269903506593844149,", 958 MAIN ST, , HOPE VALLEY, RI, 02832-1911, US",DHL SmartMail Parcel Plus Ground,80.000,Zone 03,8.63,8.14,0.00,0.49,8.14
2021-04-07,,'GFDHL1175238,'9361269903506593846976,", 475 S. Huron Street, , Tiffin, OH, 44883, US",DHL SmartMail Parcel Plus Ground,32.000,Zone 04,8.24,7.28,0.00,0.96,7.28
2021-04-07,,'GFDHL1175239,'9361269903506593846983,", 1097 main road, , Milford, ME, 04461, US",DHL SmartMail Parcel Plus Ground,32.000,Zone 04,8.24,7.28,0.00,0.96,7.28
2021-04-07,,'GFDHL1175240,'9361269903506593847010,", 5 Huntley Dr, , Lancaster, NY, 14086, US",DHL SmartMail Parcel Plus Ground,32.000,Zone 03,7.96,7.06,0.00,0.90,7.06
2021-04-07,,'GFDHL1175243,'9361269903506593847058,", 158 Westridge Drive, , Statesville, NC, 28625-2597, US",DHL SmartMail Parcel Plus Ground,32.000,Zone 04,8.24,7.28,0.00,0.96,7.28
2021-04-07,,'GFDHL1175237,'9361269903506593847911,", 32 E Church St, , Homer City, PA, 15748, US",DHL SmartMail Parcel Plus Ground,32.000,Zone 03,7.96,7.06,0.00,0.90,7.06
2021-04-07,,'GFDHL1175242,'9361269903506593847959,", 39 maple ridge Ct, , McMinnville, TN, 37110, US",DHL SmartMail Parcel Plus Ground,32.000,Zone 05,8.85,7.78,0.00,1.07,7.78
2021-04-07,,'GFDHL1175244,'9361269903506593847973,", 26 Jones Blvd, , Rice, VA, 23966-2541, US",DHL SmartMail Parcel Plus Ground,32.000,Zone 03,7.96,7.06,0.00,0.90,7.06
2021-04-07,,'GFDHL1175246,'9361269903506593847997,", 7600 Roosevelt Blvd, , Philadelphia, PA, 19152-4134, US",DHL SmartMail Parcel Plus Ground,32.000,Zone 02,7.79,6.91,0.00,0.88,6.91
2021-04-07,,'GFDHL1175241,'9361269903506593848857,", 6135 McKee st  Port, , charlotte, FL, 33981, US",DHL SmartMail Parcel Plus Ground,32.000,Zone 06,10.44,9.02,0.00,1.42,9.02
2021-04-07,,'GFDHL1175245,'9361269903506593848888,", 3285 S Madden Rd, , Hustontown, PA, 17229-9169, US",DHL SmartMail Parcel Plus Ground,32.000,Zone 02,7.79,6.91,0.00,0.88,6.91
2021-04-07,,'GFDHL1175251,'9361269903506593924773,", 14546B Long Creek Hwy, , Mountain Rest, SC, 29664-9727, US",DHL SmartMail Parcel Plus Ground,144.000,Zone 04,12.45,11.70,13.50,0.75,25.20
2021-04-07,,'GFDHL1175250,'9361269903506593924971,", 18 Boulden CIR STE 2, CAMARATC LLC C34016, New Castle, DE, 19720-3494, US",DHL SmartMail Parcel Plus Ground,48.000,Zone 02,8.00,7.27,0.00,0.73,7.27
2021-04-07,,'GFDHL1175252,'9361269903506593925480,", 359 Waynesburg Rd, , Washington, PA, 15301, US",DHL SmartMail Parcel Plus Ground,32.000,Zone 04,8.24,7.28,0.00,0.96,7.28
2021-04-07,,'GFDHL1175249,'9361269903506593925909,", 20540 HEMLOCK CIR, , STRONGSVILLE, OH, 44149-5608, US",DHL SmartMail Parcel Plus Ground,32.000,Zone 04,8.24,7.28,0.00,0.96,7.28
2021-04-07,,'GFDHL1175253,'9361269903506593927125,", 111 41 42 ave Apt 1 Corona NY 11368, Apt 1, Corona, NY, 11368, US",DHL SmartMail Parcel Plus Ground,32.000,Zone 01,7.79,6.91,0.00,0.88,6.91
2021-04-07,,'GFDHL1175257,'9361269903506593927682,", 273 Brittany Frms Rd, Apt D, New Britain, CT, 06053, US",DHL SmartMail Parcel Plus Ground,32.000,Zone 02,7.79,6.91,0.00,0.88,6.91
2021-04-07,,'GFDHL1175256,'9361269903506593930026,", 1523 chapel street, , New Haven, CT, 06511-4323, US",DHL SmartMail Parcel Plus Ground,32.000,Zone 02,7.79,6.91,0.00,0.88,6.91
2021-04-07,,'GFDHL1175261,'9361269903506593933072,", 235 W 76TH ST APT 15D, , NEW YORK, NY, 10023-8217, US",DHL SmartMail Parcel Plus Ground,64.000,Zone 01,8.10,7.50,0.00,0.60,7.50
2021-04-07,,'GFDHL1175263,'9361269903506593992680,", 8375 Reed Mine Rd, , Midland, NC, 28107, US",DHL SmartMail Parcel Plus Ground,48.000,Zone 04,8.72,7.87,0.00,0.85,7.87
2021-04-07,,'GFDHL1175274,'9361269903506593994479,", 550 N Reo St, Suite 200, Tampa, FL, 33609, US",DHL SmartMail Parcel Plus Expedited,16.000,Zone 05,7.88,6.93,0.00,0.95,6.93
2021-04-07,,'GFDHL1175268,'9361269903506593995117,", 41w412 Brierwood Dr, , Saint Charles, IL, 60175, US",DHL SmartMail Parcel Plus Ground,48.000,Zone 05,9.64,8.61,0.00,1.03,8.61
2021-04-07,,'GFDHL1175264,'9361269903506593995872,", 1549 Rosson Rd, , Adams, TN, 37010, US",DHL SmartMail Parcel Plus Ground,48.000,Zone 05,9.64,8.61,0.00,1.03,8.61
2021-04-07,,'GFDHL1175266,'9361269903506593995896,", 75 Grist Mill Rd, , Littleton, MA, 01460, US",DHL SmartMail Parcel Plus Ground,48.000,Zone 02,8.00,7.27,0.00,0.73,7.27
2021-04-07,,'GFDHL1175267,'9361269903506593996855,", 5 Birchwood CT Apt 1G, , Mineola, NY, 11501, US",DHL SmartMail Parcel Plus Ground,48.000,Zone 01,8.00,7.27,0.00,0.73,7.27
2021-04-07,,'GFDHL1175286,'9361269903506594037946,", 7560 Blacklick Ridge blvd, , Blacklick, OH, 43004-9144, US",DHL SmartMail Parcel Plus Ground,32.000,Zone 04,8.24,7.28,0.00,0.96,7.28
2021-04-07,,'GFDHL1175254,'9374869903506593927183,", 3500 Hess Rd, , Monkton, MD, 21111-2216, US",DHL SmartMail Parcel Plus Expedited,32.000,Zone 02,7.79,6.97,0.00,0.82,6.97
2021-04-07,,'GFDHL1175234,'9374869903506593842677,", 2240 McAdams St, , Prescott, MI, 48756-9564, US",DHL SmartMail Parcel Expedited,8.000,Zone 04,3.51,3.43,0.00,0.08,3.43
2021-04-07,,'GFDHL1175235,'9374869903506593842707,", 1191 Royal Oak Rd NW, , SUPPLY, NC, 28462, US",DHL SmartMail Parcel Expedited,8.000,Zone 04,3.51,3.43,0.00,0.08,3.43
2021-04-07,,'GFDHL1175236,'9374869903506593842738,", 521 Rt 47 N, , Goshen, NJ, 08210, US",DHL SmartMail Parcel Expedited,8.000,Zone 02,3.46,3.38,0.00,0.08,3.38
2021-04-07,,'GFDHL1175248,'9374869903506593923833,", 849 londonderry rd, , schenectady, NY, 12309-6419, US",DHL SmartMail Parcel Expedited,8.000,Zone 02,3.46,3.38,0.00,0.08,3.38
2021-04-07,,'GFDHL1175255,'9374869903506593928852,", 18 Haverhill st, , methuen, MA, 01844-4202, US",DHL SmartMail Parcel Expedited,7.000,Zone 03,3.49,3.40,0.00,0.09,3.40
2021-04-07,,'GFDHL1175258,'9374869903506593929422,", 789 N 6th St [Call Box#018], Apt 305, Newark, NJ, 07107-2738, US",DHL SmartMail Parcel Expedited,9.000,Zone 01,4.04,3.85,0.00,0.19,3.85
2021-04-07,,'GFDHL1175260,'9374869903506593930640,", 4207 97TH AVE E, , PARRISH, FL, 34219-9423, US",DHL SmartMail Parcel Expedited,12.000,Zone 06,4.38,4.18,0.00,0.20,4.18
2021-04-07,,'GFDHL1175259,'9374869903506593931425,", 13 dale ave, , Ossining, NY, 10562, US",DHL SmartMail Parcel Expedited,9.000,Zone 01,4.04,3.85,0.00,0.19,3.85
2021-04-07,,'GFDHL1175265,'9374869903506593995090,", 3814 N. Gila Plain Trail, , Buckeye, AZ, 85396, US",DHL SmartMail Parcel Expedited,10.000,Zone 08,4.68,4.56,0.00,0.12,4.56
2021-04-07,,'GFDHL1175269,'9374869903506593996035,", 202 W 600 N, , Alexandria, IN, 46001-8207, US",DHL SmartMail Parcel Expedited,1.000,Zone 05,3.12,3.04,0.00,0.08,3.04
2021-04-07,,'GFDHL1175271,'9374869903506593996127,", 2838 RIDGE VIEW CT, , XENIA, OH, 45385-8647, US",DHL SmartMail Parcel Expedited,9.000,Zone 04,4.12,3.92,0.00,0.20,3.92
2021-04-07,,'GFDHL1175272,'9374869903506593996271,", 1005 S 248th St, , Des Moines, WA, 98198, US",DHL SmartMail Parcel Expedited,11.000,Zone 08,4.68,4.57,0.00,0.11,4.57
2021-04-07,,'GFDHL1175273,'9374869903506593996950,", 142 Highland Ave, , Clifton, NJ, 07011, US",DHL SmartMail Parcel Expedited,15.000,Zone 01,5.19,4.79,0.00,0.40,4.79
2021-04-07,,'GFDHL1175283,'9374869903506594035764,", 1115 E LaPaloma Ln, , Roswell, NM, 88201, US",DHL SmartMail Parcel Expedited,7.000,Zone 07,3.69,3.60,0.00,0.09,3.60
2021-04-07,,'GFDHL1175284,'9374869903506594036136,", 307 AVENUE B, , NEW BERN, NC, 28560-3223, US",DHL SmartMail Parcel Expedited,15.999,Zone 04,5.27,4.88,0.00,0.39,4.88
2021-04-07,,'GFDHL1175285,'9374869903506594037522,", 1135 S DELANO CT E APT 308E, , Chicago, IL, 60605, US",DHL SmartMail Parcel Expedited,11.000,Zone 05,4.20,4.02,0.00,0.18,4.02
2021-04-08,,'GFDHL1176053,'9361269903506600731363,", 7207 CARRICO MILL RD, , HUGHESVILLE, MD, 20637-2307, US",DHL SmartMail Parcel Plus Ground,64.000,Zone 03,8.58,7.92,0.00,0.66,7.92
2021-04-08,,'GFDHL1176055,'9361269903506600731431,", 39 JEFFERSON DR APT A, , MAPLE SHADE, NJ, 08052-1436, US",DHL SmartMail Parcel Plus Ground,64.000,Zone 02,8.10,7.50,0.00,0.60,7.50
2021-04-08,,'GFDHL1176056,'9361269903506600731448,", 471 WHITE OAK RD, , BLUE BELL, PA, 19422-1544, US",DHL SmartMail Parcel Plus Ground,64.000,Zone 02,8.10,7.50,0.00,0.60,7.50
2021-04-08,,'GFDHL1176054,'9361269903506600733336,", 793 County Road, , Milford, ME, 04461, US",DHL SmartMail Parcel Plus Ground,64.000,Zone 04,9.21,8.42,0.00,0.79,8.42
2021-04-08,,'GFDHL1176058,'9361269903506600736924,", 1309 Main St, , Wellsburg, WV, 26070-1417, US",DHL SmartMail Parcel Plus Ground,64.000,Zone 04,9.21,8.42,0.00,0.79,8.42
2021-04-08,,'GFDHL1176233,'9361269903506601198677,", 1086 SOMERS POINT RD, , EGG HARBOR TOWNSHIP, NJ, 08234-7008, US",DHL SmartMail Parcel Plus Ground,32.000,Zone 02,7.79,6.91,0.00,0.88,6.91
2021-04-08,,'GFDHL1176234,'9361269903506601199254,", 513 N. Cottage Lane, , Mulberry, IN, 46058-9545, US",DHL SmartMail Parcel Plus Ground,32.000,Zone 05,8.85,7.78,0.00,1.07,7.78
2021-04-08,,'GFDHL1176236,'9361269903506601200899,", 151 SILVER FALLS DR, , TROUTMAN, NC, 28166-0099, US",DHL SmartMail Parcel Plus Ground,48.000,Zone 04,8.72,7.87,0.00,0.85,7.87
2021-04-08,,'GFDHL1176237,'9361269903506601201070,", 5125 alliance rd nw, , malvern, OH, 44644-9452, US",DHL SmartMail Parcel Plus Ground,48.000,Zone 04,8.72,7.87,0.00,0.85,7.87
2021-04-08,,'GFDHL1176238,'9361269903506601205160,", 10469 N Crosser Hill Dr, , Pickerington, OH, 43147, US",DHL SmartMail Parcel Plus Ground,32.000,Zone 04,8.24,7.28,0.00,0.96,7.28
2021-04-08,,'GFDHL1176243,'9361269903506601205771,", 1320 2nd St SE, , MINOT, ND, 58701, US",DHL SmartMail Parcel Plus Ground,32.000,Zone 06,10.44,9.02,0.00,1.42,9.02
2021-04-08,,'GFDHL1176240,'9361269903506601206402,", 10 Kimberly Ct, , Severna Park, MD, 21146-3704, US",DHL SmartMail Parcel Plus Ground,32.000,Zone 02,7.79,6.91,0.00,0.88,6.91
2021-04-08,,'GFDHL1176244,'9361269903506601209915,", 244 w 102nd street Apt 4B, , New York, NY, 10025, US",DHL SmartMail Parcel Plus Ground,32.000,Zone 01,7.79,6.91,0.00,0.88,6.91
2021-04-08,,'GFDHL1176246,'9361269903506601210690,", 206 3rd. St., , Aurora, IN, 47001, US",DHL SmartMail Parcel Plus Ground,80.000,Zone 04,9.53,8.84,0.00,0.69,8.84
2021-04-08,,'GFDHL1176247,'9361269903506601210751,", 1000 Kings Hwy, Unit 248, Port Charlotte, FL, 33980, US",DHL SmartMail Parcel Plus Ground,32.000,Zone 06,10.44,9.02,0.00,1.42,9.02
2021-04-08,,'GFDHL1176615,'9374869903506603001667,", 2217 E 133rd St S, , Warner, OK, 74469-8029, US",DHL SmartMail Parcel Ground,12.000,Zone 06,4.38,4.16,0.00,0.22,4.16
2021-04-09,,'GFDHL1176952,'9361269903506607439309,", 147 summer street, , Paterson, NJ, 07501-1226, US",DHL SmartMail Parcel Plus Ground,64.000,Zone 01,8.10,7.50,0.00,0.60,7.50
2021-04-09,,'GFDHL1176954,'9361269903506607442576,", 23 manger circle, , Pelham, NY, 10803, US",DHL SmartMail Parcel Plus Ground,64.000,Zone 01,8.10,7.50,0.00,0.60,7.50
2021-04-09,,'GFDHL1176958,'9361269903506607444235,", 674 OCEAN AVE APT 106, , REVERE, MA, 02151, US",DHL SmartMail Parcel Plus Ground,64.000,Zone 03,8.58,7.92,0.00,0.66,7.92
2021-04-09,,'GFDHL1176955,'9361269903506607444891,", 5 Emily St., , Worcester, MA, 01606, US",DHL SmartMail Parcel Plus Ground,64.000,Zone 02,8.10,7.50,0.00,0.60,7.50
2021-04-09,,'GFDHL1176957,'9361269903506607444945,", 1518 Meadow Ln, , Elkhorn, WI, 53121, US",DHL SmartMail Parcel Plus Ground,64.000,Zone 05,10.43,9.40,0.00,1.03,9.40
2021-04-09,,'GFDHL1176956,'9361269903506607445072,", 1518 MEADOW LN, , Elkhorn, WI, 53121, US",DHL SmartMail Parcel Plus Ground,64.000,Zone 05,10.43,9.40,0.00,1.03,9.40
2021-04-09,,'GFDHL1177113,'9361269903506607920371,", 1512 Walnut Ave, , Buena Vista, VA, 24416, US",DHL SmartMail Parcel Plus Ground,48.000,Zone 03,8.35,7.58,0.00,0.77,7.58
2021-04-09,,'GFDHL1176947,'9374869903506607432665,", 2300 Camino Grande St, , Gautier, MS, 39553-6816, US",DHL SmartMail Parcel Expedited,9.000,Zone 06,4.38,4.13,0.00,0.25,4.13
2021-04-09,,'GFDHL1177030,'9374869903506607639491,", 2134 Vyse Ave, Apt 5D, Bronx, NY, 10460-2148, US",DHL SmartMail Parcel Expedited,14.000,Zone 01,5.19,4.78,0.00,0.41,4.78
2021-04-09,,'GFDHL1177111,'9374869903506607920384,", 1598 Lucretia Ave, , San Jose, CA, 95122, US",DHL SmartMail Parcel Expedited,2.000,Zone 08,3.49,3.35,0.00,0.14,3.35
2021-04-09,,'GFDHL1177115,'9374869903506607920421,", 1673 margate place, , Westlake Village, CA, 91361, US",DHL SmartMail Parcel Expedited,10.000,Zone 08,4.68,4.56,0.00,0.12,4.56
2021-04-09,,'GFDHL1177116,'9374869903506607922289,", 2727 FERNCLIFF AVE, , DAYTON, OH, 45420-3224, US",DHL SmartMail Parcel Expedited,6.000,Zone 04,3.51,3.41,0.00,0.10,3.41
2021-04-09,,'GFDHL1177118,'9374869903506607953504,", 302 LYNNE PLACE, , Chester Springs, PA, 19425, US",DHL SmartMail Parcel Expedited,2.000,Zone 02,3.01,2.94,0.00,0.07,2.94
