Customer Confirmation Number,Delivery Confirmation Number,Receive Date,Recipient Name,Address Line 1,Address Line 2,City,State,Zip or Postal Code,Country,Weight (LBs),Mail Product Name,Customer Reference,BOL Number,Last Event Description,Last Event Time,Pickup Account Number,DHL Tracking Number,Pickup Address
'20210119155405653OJMZS2Q,',"01/19/2021 10:54:09 AM",,"33 Cookes Rd","","Windsor Gardens","SA",'5087,AU,.25,"DHL Parcel Intl Standard","",'43182266,"EN ROUTE TO DHL ECOMMERCE",11:02:33 AM,5345229,'33872101193085600,"1584 CARROLL ST"
'20210119155532156BDS0SNR,',"01/19/2021 10:55:33 AM",,"199 Boul Jd Gauthier","","Shippagan","NB",'E8S 1M9,CA,.25,"DHL Parcel Intl Standard","",'43182266,"EN ROUTE TO DHL ECOMMERCE",11:02:33 AM,5345229,'33872101193085601,"1584 CARROLL ST"
'20210119155409066OGIBUQ3,',"01/19/2021 10:54:10 AM",,"1417 Rue Saint Albert","","Ancienne-Lorette","QC",'G2E 1P7,CA,.1875,"DHL Parcel Intl Standard","",'43182266,"EN ROUTE TO DHL ECOMMERCE",11:02:33 AM,5345229,'33872101193085596,"1584 CARROLL ST"
'20210119155359969XZF212O,',"01/19/2021 10:54:03 AM",,"5155 Av du Parc","","Montreal","QC",'H2V 4G3,CA,.25,"DHL Parcel Intl Standard","",'43182266,"EN ROUTE TO DHL ECOMMERCE",11:02:33 AM,5345229,'33872101193085599,"1584 CARROLL ST"
'20210119155401850SEW5HKF,',"01/19/2021 10:54:05 AM",,"819 Elmwood Rd","","Keswick","ON",'L4P 3E9,CA,.1875,"DHL Parcel Intl Standard","",'43182266,"EN ROUTE TO DHL ECOMMERCE",11:02:33 AM,5345229,'33872101193085595,"1584 CARROLL ST"
'20210119155404128QNORV3G,',"01/19/2021 10:54:06 AM",,"2-16 Sheffield St","","Toronto","ON",'M6M 3E6,CA,.8125,"DHL Parcel Intl Standard","",'43182266,"EN ROUTE TO DHL ECOMMERCE",11:02:33 AM,5345229,'33872101193085594,"1584 CARROLL ST"
'20210119155406690ORLTLB4,',"01/19/2021 10:54:09 AM",,"2-16 Sheffield St","","Toronto","ON",'M6M 3E6,CA,.125,"DHL Parcel Intl Standard","",'43182266,"EN ROUTE TO DHL ECOMMERCE",11:02:33 AM,5345229,'33872101193085598,"1584 CARROLL ST"
'20210119155416032FOUBR10,',"01/19/2021 10:54:17 AM",,"623 Bay St Apt 208","","Sault Ste. Marie","ON",'P6A 6R9,CA,.1875,"DHL Parcel Intl Standard","",'43182266,"EN ROUTE TO DHL ECOMMERCE",11:02:33 AM,5345229,'33872101193085592,"1584 CARROLL ST"
'20210119155359945GQ15OV0,',"01/19/2021 10:54:03 AM",,"361-2233 34 Ave SW","","Calgary","AB",'T2T 6N2,CA,.1875,"DHL Parcel Intl Standard","",'43182266,"EN ROUTE TO DHL ECOMMERCE",11:02:33 AM,5345229,'33872101193085597,"1584 CARROLL ST"
'20210119155401850BLBU34K,',"01/19/2021 10:54:03 AM",,"10809 139 St NW","","Edmonton","AB",'T5M 1P6,CA,.5,"DHL Parcel Intl Standard","",'43182266,"EN ROUTE TO DHL ECOMMERCE",11:02:33 AM,5345229,'33872101193085593,"1584 CARROLL ST"
'20210119155403677VE5UIGI,',"01/19/2021 10:54:08 AM",,"20993 Swallow Pl","","Hope","BC",'V0X 1L1,CA,.375,"DHL Parcel Intl Standard","",'43182266,"EN ROUTE TO DHL ECOMMERCE",11:02:33 AM,5345229,'33872101193085591,"1584 CARROLL ST"
'GM555348587000081236,',"01/19/2021 03:13:28 AM",JOSH JARDINE,"289 GORDON RD","","MIRAMICHI","NB",'E1N 3S6,CA,.19,"DHL Parcel Intl Standard","",',"EN ROUTE TO DHL ECOMMERCE",03:14:20 AM,5345286,'33882101192396553,"1584 CARROLL ST."
','9361269903506181033306,"01/19/2021 09:50:18 AM",,"608 MOOSE HILL RD","","LEICESTER","MA",'01524,US,1.5,"DHL SM Parcel Plus Expedited","1365568",'535426410119161023351,"EN ROUTE TO DHL ECOMMERCE",11:12:00 AM,5354264,'33872101193108333,"382 ROUTE 59"
','9374869903506181044643,"01/19/2021 09:51:24 AM",,"26 TREMONT ST # B","","WOBURN","MA",'01801,US,.3125,"DHL SM Parcel Expedited","1365568",'535426410119161023351,"EN ROUTE TO DHL ECOMMERCE",11:12:00 AM,5354264,'33872101193108344,"382 ROUTE 59"
','9374869903506181004692,"01/19/2021 09:47:28 AM",,"37 COBURN ST APT 2","","LYNN","MA",'01902,US,.25,"DHL SM Parcel Expedited","1365568",'535426410119161023351,"EN ROUTE TO DHL ECOMMERCE",11:12:00 AM,5354264,'33872101193108361,"382 ROUTE 59"
','9374869903506181042779,"01/19/2021 09:51:24 AM",,"1515 LAMBERTS MILL RD","ROOM 320","COLONIA","NJ",'07067,US,.375,"DHL SM Parcel Expedited","1365568",'535426410119161023351,"EN ROUTE TO DHL ECOMMERCE",11:12:00 AM,5354264,'33872101193108328,"382 ROUTE 59"
','9374869903506181087046,"01/19/2021 09:54:33 AM",,"165 CARSON CT","","WOODBURY","NJ",'08096,US,.25,"DHL SM Parcel Expedited","1365568",'535426410119161023351,"EN ROUTE TO DHL ECOMMERCE",11:12:00 AM,5354264,'33872101193108320,"382 ROUTE 59"
','9374869903506181003794,"01/19/2021 09:47:29 AM",,"275 W 118TH ST APT 5A","","NEW YORK","NY",'10026,US,.25,"DHL SM Parcel Expedited","1365568",'535426410119161023351,"EN ROUTE TO DHL ECOMMERCE",11:12:00 AM,5354264,'33872101193108360,"382 ROUTE 59"
','9374869903506181005897,"01/19/2021 09:47:28 AM",,"182 CATERSON TER","","HARTSDALE","NY",'10530,US,.25,"DHL SM Parcel Expedited","1365568",'535426410119161023351,"EN ROUTE TO DHL ECOMMERCE",11:12:00 AM,5354264,'33872101193108337,"382 ROUTE 59"
','9374869903506181108994,"01/19/2021 09:56:47 AM",,"181 SPRINGVILLE RD","","HAMPTON BAYS","NY",'11946,US,.375,"DHL SM Parcel Expedited","1365568",'535426410119161023351,"EN ROUTE TO DHL ECOMMERCE",11:12:00 AM,5354264,'33872101193108319,"382 ROUTE 59"
','9361269903506181073623,"01/19/2021 09:53:48 AM",,"602 COUNTY LINE RD","","CHATEAUGAY","NY",'12920,US,1.3125,"DHL SM Parcel Plus Expedited","1365568",'535426410119161023351,"EN ROUTE TO DHL ECOMMERCE",11:12:00 AM,5354264,'33872101193108325,"382 ROUTE 59"
','9374869903506181003770,"01/19/2021 09:47:28 AM",,"205 W BEARD AVE # 2","","SYRACUSE","NY",'13205,US,.25,"DHL SM Parcel Expedited","1365568",'535426410119161023351,"EN ROUTE TO DHL ECOMMERCE",11:12:00 AM,5354264,'33872101193108330,"382 ROUTE 59"
','9374869903506181087053,"01/19/2021 09:54:33 AM",,"33 MEDFORD ST","","BINGHAMTON","NY",'13903,US,.25,"DHL SM Parcel Expedited","1365568",'535426410119161023351,"EN ROUTE TO DHL ECOMMERCE",11:12:00 AM,5354264,'33872101193108365,"382 ROUTE 59"
','9361269903506181073593,"01/19/2021 09:53:47 AM",,"9510 GREENSPRING CT","","LANHAM","MD",'20706,US,2.25,"DHL SM Parcel Plus Expedited","1365568",'535426410119161023351,"EN ROUTE TO DHL ECOMMERCE",11:12:00 AM,5354264,'33872101193108341,"382 ROUTE 59"
','9374869903506181011515,"01/19/2021 09:48:15 AM",,"171 GOLDEN LN","","STANLEY","VA",'22851,US,.625,"DHL SM Parcel Expedited","1365568",'535426410119161023351,"EN ROUTE TO DHL ECOMMERCE",11:12:00 AM,5354264,'33872101193108352,"382 ROUTE 59"
','9374869903506181099100,"01/19/2021 09:55:47 AM",,"2022 3RD AVE","","RICHMOND","VA",'23222,US,.3125,"DHL SM Parcel Expedited","1365568",'535426410119161023351,"EN ROUTE TO DHL ECOMMERCE",11:12:00 AM,5354264,'33872101193108340,"382 ROUTE 59"
','9374869903506181099186,"01/19/2021 09:55:49 AM",,"440 BANK ST","","WAVERLY","VA",'23890,US,.5,"DHL SM Parcel Expedited","1365568",'535426410119161023351,"EN ROUTE TO DHL ECOMMERCE",11:12:00 AM,5354264,'33872101193108336,"382 ROUTE 59"
','9374869903506181046593,"01/19/2021 09:51:24 AM",,"16486 S SAINT PAUL ST","","SAINT PAUL","VA",'24283,US,.6875,"DHL SM Parcel Expedited","1365568",'535426410119161023351,"EN ROUTE TO DHL ECOMMERCE",11:12:00 AM,5354264,'33872101193108366,"382 ROUTE 59"
','9374869903506181011478,"01/19/2021 09:48:15 AM",,"104 GARDEN ST","","CHAPEL HILL","NC",'27517,US,.625,"DHL SM Parcel Expedited","1365568",'535426410119161023351,"EN ROUTE TO DHL ECOMMERCE",11:12:00 AM,5354264,'33872101193108357,"382 ROUTE 59"
','9374869903506181099087,"01/19/2021 09:55:47 AM",,"164 LIGHTHOUSE COVE LOOP","","CAROLINA SHORES","NC",'28467,US,.3125,"DHL SM Parcel Expedited","1365568",'535426410119161023351,"EN ROUTE TO DHL ECOMMERCE",11:12:00 AM,5354264,'33872101193108312,"382 ROUTE 59"
','9374869903506181103616,"01/19/2021 09:56:17 AM",,"242 WINGATE DR","","ELLIJAY","GA",'30540,US,.625,"DHL SM Parcel Expedited","1365568",'535426410119161023351,"EN ROUTE TO DHL ECOMMERCE",11:12:00 AM,5354264,'33872101193108315,"382 ROUTE 59"
','9374869903506181011492,"01/19/2021 09:48:15 AM",,"3014 LEXINGTON DR","","MONROE","GA",'30655,US,.625,"DHL SM Parcel Expedited","1365568",'535426410119161023351,"EN ROUTE TO DHL ECOMMERCE",11:12:00 AM,5354264,'33872101193108355,"382 ROUTE 59"
','9374869903506181034118,"01/19/2021 09:50:18 AM",,"2893 FALLS AVE","","THE VILLAGES","FL",'32163,US,.375,"DHL SM Parcel Expedited","1365568",'535426410119161023351,"EN ROUTE TO DHL ECOMMERCE",11:12:00 AM,5354264,'33872101193108353,"382 ROUTE 59"
','9374869903506181103609,"01/19/2021 09:56:17 AM",,"1823 JACKSON BLUFF RD","","TALLAHASSEE","FL",'32304,US,.625,"DHL SM Parcel Expedited","1365568",'535426410119161023351,"EN ROUTE TO DHL ECOMMERCE",11:12:00 AM,5354264,'33872101193108311,"382 ROUTE 59"
','9374869903506181048009,"01/19/2021 09:51:28 AM",,"6 GREVE RD","","PENSACOLA","FL",'32507,US,.625,"DHL SM Parcel Expedited","1365568",'535426410119161023351,"EN ROUTE TO DHL ECOMMERCE",11:12:00 AM,5354264,'33872101193108351,"382 ROUTE 59"
','9374869903506181114964,"01/19/2021 09:57:17 AM",,"775 BROADWAY ST","","VERO BEACH","FL",'32960,US,.5,"DHL SM Parcel Expedited","1365568",'535426410119161023351,"EN ROUTE TO DHL ECOMMERCE",11:12:00 AM,5354264,'33872101193108322,"382 ROUTE 59"
','9374869903506181032374,"01/19/2021 09:50:18 AM",,"11 ISLAND AVE APT 403","","MIAMI BEACH","FL",'33139,US,.6875,"DHL SM Parcel Expedited","1365568",'535426410119161023351,"EN ROUTE TO DHL ECOMMERCE",11:12:00 AM,5354264,'33872101193108362,"382 ROUTE 59"
','9374869903506181114933,"01/19/2021 09:57:17 AM",,"2318 WARBLER CIR","","LAKELAND","FL",'33810,US,.375,"DHL SM Parcel Expedited","1365568",'535426410119161023351,"EN ROUTE TO DHL ECOMMERCE",11:12:00 AM,5354264,'33872101193108318,"382 ROUTE 59"
','9374869903506181032367,"01/19/2021 09:50:18 AM",,"2911 SUMMERTREE DR","","SEBRING","FL",'33872,US,.375,"DHL SM Parcel Expedited","1365568",'535426410119161023351,"EN ROUTE TO DHL ECOMMERCE",11:12:00 AM,5354264,'33872101193108348,"382 ROUTE 59"
','9374869903506181034934,"01/19/2021 09:50:18 AM",,"111 17TH ST NW","","NAPLES","FL",'34120,US,.375,"DHL SM Parcel Expedited","1365568",'535426410119161023351,"EN ROUTE TO DHL ECOMMERCE",11:12:00 AM,5354264,'33872101193108345,"382 ROUTE 59"
','9374869903506181013151,"01/19/2021 09:48:15 AM",,"4120 PECAN DR","","NEW PORT RICHEY","FL",'34652,US,.625,"DHL SM Parcel Expedited","1365568",'535426410119161023351,"EN ROUTE TO DHL ECOMMERCE",11:12:00 AM,5354264,'33872101193108349,"382 ROUTE 59"
','9374869903506181084489,"01/19/2021 09:54:33 AM",,"99 COMMONS DR","","CENTREVILLE","AL",'35042,US,.25,"DHL SM Parcel Expedited","1365568",'535426410119161023351,"EN ROUTE TO DHL ECOMMERCE",11:12:00 AM,5354264,'33872101193108327,"382 ROUTE 59"
','9374869903506181104965,"01/19/2021 09:56:17 AM",,"7074 COUNTY ROAD 24","","CLANTON","AL",'35045,US,.625,"DHL SM Parcel Expedited","1365568",'535426410119161023351,"EN ROUTE TO DHL ECOMMERCE",11:12:00 AM,5354264,'33872101193108314,"382 ROUTE 59"
','9374869903506181045466,"01/19/2021 09:51:24 AM",,"18401 PEAVY LN","","LITTLE RIVER","AL",'36550,US,.4375,"DHL SM Parcel Expedited","1365568",'535426410119161023351,"EN ROUTE TO DHL ECOMMERCE",11:12:00 AM,5354264,'33872101193108334,"382 ROUTE 59"
','9374869903506181110829,"01/19/2021 09:56:48 AM",,"393 WHEELBARROW RD","","SPARTA","TN",'38583,US,.75,"DHL SM Parcel Expedited","1365568",'535426410119161023351,"EN ROUTE TO DHL ECOMMERCE",11:12:00 AM,5354264,'33872101193108332,"382 ROUTE 59"
','9361269903506181113237,"01/19/2021 09:57:17 AM",,"114 ACADEMY ST # 110","","PLEASANTVILLE","OH",'43148,US,1.25,"DHL SM Parcel Plus Expedited","1365568",'535426410119161023351,"EN ROUTE TO DHL ECOMMERCE",11:12:00 AM,5354264,'33872101193108310,"382 ROUTE 59"
','9374869903506181035078,"01/19/2021 09:50:19 AM",,"4969 DENBIGH CT","","COLUMBUS","OH",'43220,US,.8125,"DHL SM Parcel Expedited","1365568",'535426410119161023351,"EN ROUTE TO DHL ECOMMERCE",11:12:00 AM,5354264,'33872101193108324,"382 ROUTE 59"
','9374869903506181112571,"01/19/2021 09:57:17 AM",,"5000 W ERIE AVE LOT 27","","LORAIN","OH",'44053,US,.8125,"DHL SM Parcel Expedited","1365568",'535426410119161023351,"EN ROUTE TO DHL ECOMMERCE",11:12:00 AM,5354264,'33872101193108317,"382 ROUTE 59"
','9374869903506181098493,"01/19/2021 09:55:47 AM",,"3439 LINWOOD AVE","","CINCINNATI","OH",'45226,US,.25,"DHL SM Parcel Expedited","1365568",'535426410119161023351,"EN ROUTE TO DHL ECOMMERCE",11:12:00 AM,5354264,'33872101193108323,"382 ROUTE 59"
','9374869903506181004715,"01/19/2021 09:47:29 AM",,"3648 N GLEN ARM RD APT C","","INDIANAPOLIS","IN",'46224,US,.25,"DHL SM Parcel Expedited","1365568",'535426410119161023351,"EN ROUTE TO DHL ECOMMERCE",11:12:00 AM,5354264,'33872101193108356,"382 ROUTE 59"
','9374869903506181099094,"01/19/2021 09:55:47 AM",,"6050 S 800 E-92","DENISE ARBUCKLE FOR IRINA","FORT WAYNE","IN",'46814,US,.375,"DHL SM Parcel Expedited","1365568",'535426410119161023351,"EN ROUTE TO DHL ECOMMERCE",11:12:00 AM,5354264,'33872101193108313,"382 ROUTE 59"
','9374869903506181108987,"01/19/2021 09:56:47 AM",,"1971 BIGHORN DR","","ARKDALE","WI",'54613,US,.75,"DHL SM Parcel Expedited","1365568",'535426410119161023351,"EN ROUTE TO DHL ECOMMERCE",11:12:00 AM,5354264,'33872101193108331,"382 ROUTE 59"
','9374869903506181072707,"01/19/2021 09:53:48 AM",,"3779 OLD HIGHWAY 16","","BRIMSON","MN",'55602,US,.9375,"DHL SM Parcel Expedited","1365568",'535426410119161023351,"EN ROUTE TO DHL ECOMMERCE",11:12:00 AM,5354264,'33872101193108367,"382 ROUTE 59"
','9361269903506181074712,"01/19/2021 09:53:48 AM",,"5109 N CHERRILL ST","","PEORIA","IL",'61614,US,1.1875,"DHL SM Parcel Plus Expedited","1365568",'535426410119161023351,"EN ROUTE TO DHL ECOMMERCE",11:12:00 AM,5354264,'33872101193108363,"382 ROUTE 59"
','9361269903506181075771,"01/19/2021 09:53:48 AM",,"5 WACH DR","","BLOOMINGTON","IL",'61701,US,2,"DHL SM Parcel Plus Expedited","1365568",'535426410119161023351,"EN ROUTE TO DHL ECOMMERCE",11:12:00 AM,5354264,'33872101193108364,"382 ROUTE 59"
','9374869903506181045473,"01/19/2021 09:51:24 AM",,"525 CLEARWOOD DR BLDG 8","THE FALLS ON CLEARWOOD","RICHARDSON","TX",'75081,US,.625,"DHL SM Parcel Expedited","1365568",'535426410119161023351,"EN ROUTE TO DHL ECOMMERCE",11:12:00 AM,5354264,'33872101193108339,"382 ROUTE 59"
','9374869903506181087886,"01/19/2021 09:54:33 AM",,"837 EASTRIDGE CIR","","RED OAK","TX",'75154,US,.25,"DHL SM Parcel Expedited","1365568",'535426410119161023351,"EN ROUTE TO DHL ECOMMERCE",11:12:00 AM,5354264,'33872101193108326,"382 ROUTE 59"
','9374869903506181099070,"01/19/2021 09:55:47 AM",,"5825 PINEHURST DR","","MONTGOMERY","TX",'77316,US,.75,"DHL SM Parcel Expedited","1365568",'535426410119161023351,"EN ROUTE TO DHL ECOMMERCE",11:12:00 AM,5354264,'33872101193108308,"382 ROUTE 59"
','9374869903506181011508,"01/19/2021 09:48:15 AM",,"12635 SCARSDALE ST APT 607","","SAN ANTONIO","TX",'78217,US,.625,"DHL SM Parcel Expedited","1365568",'535426410119161023351,"EN ROUTE TO DHL ECOMMERCE",11:12:00 AM,5354264,'33872101193108343,"382 ROUTE 59"
','9361269903506181113220,"01/19/2021 09:57:17 AM",,"7522 PIPERS RUN ST","","SAN ANTONIO","TX",'78251,US,3.9375,"DHL SM Parcel Plus Expedited","1365568",'535426410119161023351,"EN ROUTE TO DHL ECOMMERCE",11:12:00 AM,5354264,'33872101193108342,"382 ROUTE 59"
','9374869903506181093849,"01/19/2021 09:55:09 AM",,"740 N JOHNSON AVE","","POCATELLO","ID",'83204,US,.3125,"DHL SM Parcel Expedited","1365568",'535426410119161023351,"EN ROUTE TO DHL ECOMMERCE",11:12:00 AM,5354264,'33872101193108329,"382 ROUTE 59"
','9374869903506181044780,"01/19/2021 09:51:27 AM",,"19602 N 32ND ST LOT 9","","PHOENIX","AZ",'85050,US,.625,"DHL SM Parcel Expedited","1365568",'535426410119161023351,"EN ROUTE TO DHL ECOMMERCE",11:12:00 AM,5354264,'33872101193108347,"382 ROUTE 59"
','9374869903506181093276,"01/19/2021 09:55:09 AM",,"1536 COUNTY RD APT A","","MINDEN","NV",'89423,US,.1875,"DHL SM Parcel Expedited","1365568",'535426410119161023351,"EN ROUTE TO DHL ECOMMERCE",11:12:00 AM,5354264,'33872101193108358,"382 ROUTE 59"
','9374869903506181034972,"01/19/2021 09:50:19 AM",,"245 S EL MOLINO AVE RM 241","","PASADENA","CA",'91101,US,.375,"DHL SM Parcel Expedited","1365568",'535426410119161023351,"EN ROUTE TO DHL ECOMMERCE",11:12:00 AM,5354264,'33872101193108346,"382 ROUTE 59"
','9361269903506181044609,"01/19/2021 09:51:24 AM",,"173 G ST","","CHULA VISTA","CA",'91910,US,1.8125,"DHL SM Parcel Plus Expedited","1365568",'535426410119161023351,"EN ROUTE TO DHL ECOMMERCE",11:12:00 AM,5354264,'33872101193108338,"382 ROUTE 59"
','9361269903506181044661,"01/19/2021 09:51:25 AM",,"106 E AVENIDA SAN JUAN","","SAN CLEMENTE","CA",'92672,US,1.75,"DHL SM Parcel Plus Expedited","1365568",'535426410119161023351,"EN ROUTE TO DHL ECOMMERCE",11:12:00 AM,5354264,'33872101193108350,"382 ROUTE 59"
','9374869903506181013120,"01/19/2021 09:48:15 AM",,"8029 BOTHWELL DR","","SACRAMENTO","CA",'95829,US,.625,"DHL SM Parcel Expedited","1365568",'535426410119161023351,"EN ROUTE TO DHL ECOMMERCE",11:12:00 AM,5354264,'33872101193108354,"382 ROUTE 59"
','9361269903506181113213,"01/19/2021 09:57:17 AM",,"731 CARROLL AVE","","SACRAMENTO","CA",'95838,US,4.875,"DHL SM Parcel Plus Expedited","1365568",'535426410119161023351,"EN ROUTE TO DHL ECOMMERCE",11:12:00 AM,5354264,'33872101193108321,"382 ROUTE 59"
','9374869903506181112656,"01/19/2021 09:57:18 AM",,"3168 COLE CT","","LIVE OAK","CA",'95953,US,.6875,"DHL SM Parcel Expedited","1365568",'535426410119161023351,"EN ROUTE TO DHL ECOMMERCE",11:12:00 AM,5354264,'33872101193108309,"382 ROUTE 59"
','9361269903506181099937,"01/19/2021 09:55:47 AM",,"17500 COLD DECK LANE","","ROUND MOUNTAIN","CA",'96084,US,1.125,"DHL SM Parcel Plus Expedited","1365568",'535426410119161023351,"EN ROUTE TO DHL ECOMMERCE",11:12:00 AM,5354264,'33872101193108316,"382 ROUTE 59"
','9374869903506181093887,"01/19/2021 09:55:09 AM",,"1590 VAN LIEU CT","","WOODBURN","OR",'97071,US,.1875,"DHL SM Parcel Expedited","1365568",'535426410119161023351,"EN ROUTE TO DHL ECOMMERCE",11:12:00 AM,5354264,'33872101193108359,"382 ROUTE 59"
','9374869903506181034347,"01/19/2021 09:50:21 AM",,"2070","PLEASANT VALLEY RD","MERLIN","OR",'97532,US,.8125,"DHL SM Parcel Expedited","1365568",'535426410119161023351,"EN ROUTE TO DHL ECOMMERCE",11:12:00 AM,5354264,'33872101193108335,"382 ROUTE 59"
','9374869903506181159668,"01/19/2021 10:02:18 AM",,"345 Herzl St","","Brooklyn","NY",'11212-4441,US,.0622,"DHL SM Parcel Expedited","",'535816410119152223551,"EN ROUTE TO DHL ECOMMERCE",10:32:46 AM,5358164,'33872101193041885,"50 Lawrence ave"
','9374869903506181286906,"01/19/2021 10:16:23 AM",,"2312 Hamilton Ave","","Wilson","NY",'14172-9788,US,.0666,"DHL SM Parcel Expedited","",'535816410119152223551,"EN ROUTE TO DHL ECOMMERCE",10:32:46 AM,5358164,'33872101193041876,"50 Lawrence ave"
','9374869903506181266403,"01/19/2021 10:14:09 AM",,"214 Mullen Dr","","Avondale","PA",'19311-1469,US,.1332,"DHL SM Parcel Expedited","",'535816410119152223551,"EN ROUTE TO DHL ECOMMERCE",10:32:46 AM,5358164,'33872101193041880,"50 Lawrence ave"
','9374869903506181287804,"01/19/2021 10:16:54 AM",,"2710 2nd St SE","","Washington","DC",'20032-1701,US,.0666,"DHL SM Parcel Expedited","",'535816410119152223551,"EN ROUTE TO DHL ECOMMERCE",10:32:46 AM,5358164,'33872101193041872,"50 Lawrence ave"
','9374869903506181251430,"01/19/2021 10:12:31 AM",,"10200 Colony Village Way Apt 205","","North Chesterfield","VA",'23237-3375,US,.0666,"DHL SM Parcel Expedited","",'535816410119152223551,"EN ROUTE TO DHL ECOMMERCE",10:32:46 AM,5358164,'33872101193041863,"50 Lawrence ave"
','9374869903506181257722,"01/19/2021 10:13:13 AM",,"10200 Colony Village Way","Apt 205","North Chesterfield","VA",'23237-3375,US,.0666,"DHL SM Parcel Expedited","",'535816410119152223551,"EN ROUTE TO DHL ECOMMERCE",10:32:46 AM,5358164,'33872101193041874,"50 Lawrence ave"
','9374869903506181230961,"01/19/2021 10:09:38 AM",,"172 General Lee Ave","","Inwood","WV",'25428-3786,US,.0666,"DHL SM Parcel Expedited","",'535816410119152223551,"EN ROUTE TO DHL ECOMMERCE",10:32:46 AM,5358164,'33872101193041884,"50 Lawrence ave"
','9374869903506181223826,"01/19/2021 10:08:57 AM",,"700 LAMMS GROVE RD","","CARTHAGE","NC",'28327-7360,US,.0666,"DHL SM Parcel Expedited","",'535816410119152223551,"EN ROUTE TO DHL ECOMMERCE",10:32:46 AM,5358164,'33872101193041870,"50 Lawrence ave"
','9374869903506181270004,"01/19/2021 10:14:26 AM",,"2724 CEDAR HILL RD NE","","NAVASSA","NC",'28451-8144,US,.2443,"DHL SM Parcel Expedited","",'535816410119152223551,"EN ROUTE TO DHL ECOMMERCE",10:32:46 AM,5358164,'33872101193041878,"50 Lawrence ave"
','9374869903506181181201,"01/19/2021 10:04:19 AM",,"224 Crabapple Ln","","Powder Springs","GA",'30127-4297,US,.0622,"DHL SM Parcel Expedited","",'535816410119152223551,"EN ROUTE TO DHL ECOMMERCE",10:32:46 AM,5358164,'33872101193041867,"50 Lawrence ave"
','9374869903506181232576,"01/19/2021 10:10:13 AM",,"35 Meadow Pt","","Douglasville","GA",'30134-4402,US,.0666,"DHL SM Parcel Expedited","",'535816410119152223551,"EN ROUTE TO DHL ECOMMERCE",10:32:46 AM,5358164,'33872101193041869,"50 Lawrence ave"
','9374869903506181194829,"01/19/2021 10:05:45 AM",,"1530 SW 124th Pl","","Miami","FL",'33184-2347,US,.0622,"DHL SM Parcel Expedited","",'535816410119152223551,"EN ROUTE TO DHL ECOMMERCE",10:32:46 AM,5358164,'33872101193041871,"50 Lawrence ave"
','9374869903506180792507,"01/19/2021 09:21:39 AM",,"1701 Central Ave Unit 341","","Saint Petersburg","FL",'33713-8976,US,.0622,"DHL SM Parcel Expedited","",'535816410119152223551,"EN ROUTE TO DHL ECOMMERCE",10:32:46 AM,5358164,'33872101193041890,"50 Lawrence ave"
','9374869903506180758817,"01/19/2021 09:18:09 AM",,"1928 Linden Dr","","Birmingham","AL",'35214-4871,US,.0622,"DHL SM Parcel Expedited","",'535816410119152223551,"EN ROUTE TO DHL ECOMMERCE",10:32:46 AM,5358164,'33872101193041888,"50 Lawrence ave"
','9374869903506181240175,"01/19/2021 10:10:45 AM",,"7071 Lakeview Dr","","Montgomery","AL",'36117-4439,US,.0666,"DHL SM Parcel Expedited","",'535816410119152223551,"EN ROUTE TO DHL ECOMMERCE",10:32:46 AM,5358164,'33872101193041882,"50 Lawrence ave"
','9374869903506181150542,"01/19/2021 10:01:11 AM",,"408 Bell Ave","","Campbellsville","KY",'42718-2344,US,.0622,"DHL SM Parcel Expedited","",'535816410119152223551,"EN ROUTE TO DHL ECOMMERCE",10:32:46 AM,5358164,'33872101193041883,"50 Lawrence ave"
','9374869903506181237502,"01/19/2021 10:10:28 AM",,"PO Box 115","217 Murray AVE W","Hackensack","MN",'56452-0115,US,.0666,"DHL SM Parcel Expedited","",'535816410119152223551,"EN ROUTE TO DHL ECOMMERCE",10:32:46 AM,5358164,'33872101193041881,"50 Lawrence ave"
','9374869903506181262016,"01/19/2021 10:13:46 AM",,"100 Braddock Rd","","Chadron","NE",'69337-6941,US,.1332,"DHL SM Parcel Expedited","",'535816410119152223551,"EN ROUTE TO DHL ECOMMERCE",10:32:46 AM,5358164,'33872101193041873,"50 Lawrence ave"
','9374869903506180783970,"01/19/2021 09:20:50 AM",,"106 Laris Dr","","Raceland","LA",'70394-2547,US,.0622,"DHL SM Parcel Expedited","",'535816410119152223551,"EN ROUTE TO DHL ECOMMERCE",10:32:46 AM,5358164,'33872101193041889,"50 Lawrence ave"
','9374869903506181306789,"01/19/2021 10:18:58 AM",,"6111 Noel Rd","","New Iberia","LA",'70560-8842,US,.1332,"DHL SM Parcel Expedited","",'535816410119152223551,"EN ROUTE TO DHL ECOMMERCE",10:32:46 AM,5358164,'33872101193041868,"50 Lawrence ave"
','9374869903506181128510,"01/19/2021 09:58:56 AM",,"824 N Franklin St Apt 4C","","Blytheville","AR",'72315-2051,US,.0622,"DHL SM Parcel Expedited","",'535816410119152223551,"EN ROUTE TO DHL ECOMMERCE",10:32:46 AM,5358164,'33872101193041865,"50 Lawrence ave"
','9374869903506181114339,"01/19/2021 09:57:22 AM",,"2501 Clover Ln","","Arlington","TX",'76015-1916,US,.0622,"DHL SM Parcel Expedited","",'535816410119152223551,"EN ROUTE TO DHL ECOMMERCE",10:32:46 AM,5358164,'33872101193041862,"50 Lawrence ave"
','9374869903506180747934,"01/19/2021 09:16:46 AM",,"4815 S Miles Cir","","Taylorsville","UT",'84129-2858,US,.0622,"DHL SM Parcel Expedited","",'535816410119152223551,"EN ROUTE TO DHL ECOMMERCE",10:32:46 AM,5358164,'33872101193041891,"50 Lawrence ave"
','9374869903506181092392,"01/19/2021 09:55:15 AM",,"1130 N 2nd St Apt 106","","Phoenix","AZ",'85004-1832,US,.0622,"DHL SM Parcel Expedited","",'535816410119152223551,"EN ROUTE TO DHL ECOMMERCE",10:32:46 AM,5358164,'33872101193041887,"50 Lawrence ave"
','9374869903506181171332,"01/19/2021 10:03:17 AM",,"7032 Picaroon Ln","","Las Vegas","NV",'89145-0133,US,.0622,"DHL SM Parcel Expedited","",'535816410119152223551,"EN ROUTE TO DHL ECOMMERCE",10:32:46 AM,5358164,'33872101193041866,"50 Lawrence ave"
','9374869903506181224427,"01/19/2021 10:09:13 AM",,"256 S La Fayette Park Pl Apt 201","","Los Angeles","CA",'90057-1385,US,.0666,"DHL SM Parcel Expedited","",'535816410119152223551,"EN ROUTE TO DHL ECOMMERCE",10:32:46 AM,5358164,'33872101193041864,"50 Lawrence ave"
','9374869903506181318508,"01/19/2021 10:20:02 AM",,"9847 Cedar Ave","Spc 25","Bloomington","CA",'92316-1865,US,.1776,"DHL SM Parcel Expedited","",'535816410119152223551,"EN ROUTE TO DHL ECOMMERCE",10:32:46 AM,5358164,'33872101193041875,"50 Lawrence ave"
','9374869903506181316191,"01/19/2021 10:19:44 AM",,"9847 Cedar Ave Spc 25","","Bloomington","CA",'92316-1865,US,.1776,"DHL SM Parcel Expedited","",'535816410119152223551,"EN ROUTE TO DHL ECOMMERCE",10:32:46 AM,5358164,'33872101193041877,"50 Lawrence ave"
','9374869903506181217047,"01/19/2021 10:08:10 AM",,"2881 Laughlin Rd","","Windsor","CA",'95492-8226,US,.0666,"DHL SM Parcel Expedited","",'535816410119152223551,"EN ROUTE TO DHL ECOMMERCE",10:32:46 AM,5358164,'33872101193041861,"50 Lawrence ave"
','9374869903506180682167,"01/19/2021 09:11:18 AM",,"6616 N Campbell Ave","","Portland","OR",'97217-4960,US,.0666,"DHL SM Parcel Expedited","",'535816410119152223551,"EN ROUTE TO DHL ECOMMERCE",10:32:46 AM,5358164,'33872101193041886,"50 Lawrence ave"
','9374869903506181218396,"01/19/2021 10:08:31 AM",,"12807 NW 20th Ave","","Vancouver","WA",'98685-2310,US,.0666,"DHL SM Parcel Expedited","",'535816410119152223551,"EN ROUTE TO DHL ECOMMERCE",10:32:46 AM,5358164,'33872101193041879,"50 Lawrence ave"
'D66B89010CE94D19998E9BB13,',"01/19/2021 10:21:42 AM",,"58 Brazeau Cr. SW","","Calgary","AB",'T2W0Z1,CA,.1762,"DHL Parcel Intl Standard","",'43182249,"EN ROUTE TO DHL ECOMMERCE",10:32:46 AM,5358164,'33872101193040281,"50 Lawrence ave"