Customer Confirmation Number,Delivery Confirmation Number,Receive Date,Recipient Name,Address Line 1,Address Line 2,City,State,Zip or Postal Code,Country,Weight (LBs),Mail Product Name,Customer Reference,BOL Number,Last Event Description,Last Event Time,Pickup Account Number,DHL Tracking Number,Pickup Address
','9374869903506299827749,"02/10/2021 10:06:10 AM",,"502 Cooke St","","Farmington","CT",'06032-3051,US,.0666,"DHL SM Parcel Expedited","",'535816410210152523151,"EN ROUTE TO DHL ECOMMERCE",10:27:08 AM,5358164,'33872102109085926,"50 Lawrence ave"
','9374869903506299654352,"02/10/2021 09:42:27 AM",,"5 W River Styx Rd Unit 303","","Hopatcong","NJ",'07843-1893,US,.0622,"DHL SM Parcel Expedited","",'535816410210152523151,"EN ROUTE TO DHL ECOMMERCE",10:27:08 AM,5358164,'33872102109085931,"50 Lawrence ave"
'8445E8F422A941E4A16D34A73,',"02/10/2021 10:07:58 AM",,"59, Avinguda Coll De Portal, Atico 1, Apartment","","Barcelona","Cataluña",'08024,ES,.0662,"DHL Parcel Intl Standard","",'45541127,"EN ROUTE TO DHL ECOMMERCE",10:27:08 AM,5358164,'33872102109085970,"50 Lawrence ave"
','9374869903506299826346,"02/10/2021 10:05:31 AM",,"173 Heritage Dr","","Collegeville","PA",'19426-2597,US,.0666,"DHL SM Parcel Expedited","",'535816410210152523151,"EN ROUTE TO DHL ECOMMERCE",10:27:08 AM,5358164,'33872102109085923,"50 Lawrence ave"
','9374869903506299833740,"02/10/2021 10:06:57 AM",,"9478 Merrimac Ln","","Marshall","VA",'20115-2863,US,.0666,"DHL SM Parcel Expedited","",'535816410210152523151,"EN ROUTE TO DHL ECOMMERCE",10:27:08 AM,5358164,'33872102109085936,"50 Lawrence ave"
','9374869903506299794775,"02/10/2021 10:01:05 AM",,"14601 Governor Sprigg Pl","","Upper Marlboro","MD",'20772-5907,US,.0622,"DHL SM Parcel Expedited","",'535816410210152523151,"EN ROUTE TO DHL ECOMMERCE",10:27:08 AM,5358164,'33872102109085928,"50 Lawrence ave"
','9374869903506299619443,"02/10/2021 09:37:37 AM",,"3600 Wilburn Dr","","Fredericksburg","VA",'22407-4866,US,.0622,"DHL SM Parcel Expedited","",'535816410210152523151,"EN ROUTE TO DHL ECOMMERCE",10:27:08 AM,5358164,'33872102109085939,"50 Lawrence ave"
','9374869903506299486892,"02/10/2021 09:21:00 AM",,"313 Thompson Ave","","Oak Hill","WV",'25901-2923,US,.0622,"DHL SM Parcel Expedited","",'535816410210152523151,"EN ROUTE TO DHL ECOMMERCE",10:27:08 AM,5358164,'33872102109085937,"50 Lawrence ave"
','9374869903506299760541,"02/10/2021 09:55:55 AM",,"1642 Carthage Ln","","High Point","NC",'27260-4696,US,.0622,"DHL SM Parcel Expedited","",'535816410210152523151,"EN ROUTE TO DHL ECOMMERCE",10:27:08 AM,5358164,'33872102109085929,"50 Lawrence ave"
','9374869903506299633302,"02/10/2021 09:39:55 AM",,"125 Laurel Forest Dr","","Tyrone","GA",'30290-1969,US,.0622,"DHL SM Parcel Expedited","",'535816410210152523151,"EN ROUTE TO DHL ECOMMERCE",10:27:08 AM,5358164,'33872102109085934,"50 Lawrence ave"
','9374869903506299774371,"02/10/2021 09:57:44 AM",,"1620 W 6th Ave","","Hialeah","FL",'33010-2821,US,.0622,"DHL SM Parcel Expedited","",'535816410210152523151,"EN ROUTE TO DHL ECOMMERCE",10:27:08 AM,5358164,'33872102109085938,"50 Lawrence ave"
','9374869903506299832392,"02/10/2021 10:06:41 AM",,"13779 SW 157th Ter","","Miami","FL",'33177-1276,US,.0666,"DHL SM Parcel Expedited","",'535816410210152523151,"EN ROUTE TO DHL ECOMMERCE",10:27:08 AM,5358164,'33872102109085921,"50 Lawrence ave"
','9374869903506299831036,"02/10/2021 10:06:26 AM",,"9192 Pomelo Rd E","","Fort Myers","FL",'33967-3720,US,.0666,"DHL SM Parcel Expedited","",'535816410210152523151,"EN ROUTE TO DHL ECOMMERCE",10:27:08 AM,5358164,'33872102109085935,"50 Lawrence ave"
','9374869903506299719303,"02/10/2021 09:52:00 AM",,"1230 Atkins Trimm Blvd","","Hoover","AL",'35226-2015,US,.0622,"DHL SM Parcel Expedited","",'535816410210152523151,"EN ROUTE TO DHL ECOMMERCE",10:27:08 AM,5358164,'33872102109085924,"50 Lawrence ave"
'49EB5EFC7EC04FFAA5C0B44BA,',"02/10/2021 10:09:27 AM",,"72 Bell Road RD6 Teawamutu","","Teawamutu","",'3800,NZ,.3088,"DHL Parcel Intl Standard","",'45541127,"EN ROUTE TO DHL ECOMMERCE",10:27:08 AM,5358164,'33872102109085972,"50 Lawrence ave"
','9374869903506299625499,"02/10/2021 09:38:41 AM",,"9364 Bascom Rd","","Chardon","OH",'44024-8412,US,.0622,"DHL SM Parcel Expedited","",'535816410210152523151,"EN ROUTE TO DHL ECOMMERCE",10:27:08 AM,5358164,'33872102109085930,"50 Lawrence ave"
','9374869903506299816965,"02/10/2021 10:04:20 AM",,"55699 Sheridan Blvd","","Elkhart","IN",'46514-9364,US,.0666,"DHL SM Parcel Expedited","",'535816410210152523151,"EN ROUTE TO DHL ECOMMERCE",10:27:08 AM,5358164,'33872102109085925,"50 Lawrence ave"
','9374869903506299820405,"02/10/2021 10:04:50 AM",,"605 Salem Rd","","Mount Vernon","IL",'62864-3538,US,.0666,"DHL SM Parcel Expedited","",'535816410210152523151,"EN ROUTE TO DHL ECOMMERCE",10:27:08 AM,5358164,'33872102109085933,"50 Lawrence ave"
','9374869903506299819249,"02/10/2021 10:04:35 AM",,"1902 8th Ave","","Lake Charles","LA",'70601-6608,US,.0666,"DHL SM Parcel Expedited","",'535816410210152523151,"EN ROUTE TO DHL ECOMMERCE",10:27:08 AM,5358164,'33872102109085922,"50 Lawrence ave"
','9374869903506299668243,"02/10/2021 09:44:03 AM",,"PO Box 123","","Cookson","OK",'74427-0123,US,.0622,"DHL SM Parcel Expedited","",'535816410210152523151,"EN ROUTE TO DHL ECOMMERCE",10:27:08 AM,5358164,'33872102109085932,"50 Lawrence ave"
','9374869903506299823390,"02/10/2021 10:05:05 AM",,"103 Laurinda St","","Henderson","TX",'75654-4335,US,.0666,"DHL SM Parcel Expedited","",'535816410210152523151,"EN ROUTE TO DHL ECOMMERCE",10:27:08 AM,5358164,'33872102109085927,"50 Lawrence ave"
','9374869903506299738946,"02/10/2021 09:54:13 AM",,"2215 Calle Parral","","West Covina","CA",'91792-2182,US,.0622,"DHL SM Parcel Expedited","",'535816410210152523151,"EN ROUTE TO DHL ECOMMERCE",10:27:08 AM,5358164,'33872102109085940,"50 Lawrence ave"
'90A80A8593C143A18B0E74CBE,',"02/10/2021 10:08:33 AM",,"12155 98A avenue","","Surrey","BC",'v3v 7s5,CA,.0662,"DHL Parcel Intl Standard","",'45541127,"EN ROUTE TO DHL ECOMMERCE",10:27:08 AM,5358164,'33872102109085971,"50 Lawrence ave"