Customer Confirmation Number,Delivery Confirmation Number,Receive Date,Recipient Name,Address Line 1,Address Line 2,City,State,Zip or Postal Code,Country,Weight (LBs),Mail Product Name,Customer Reference,BOL Number,Last Event Description,Last Event Time,Pickup Account Number,DHL Tracking Number,Pickup Address
'20210120165935574ALBEL05,',"01/20/2021 12:45:47 PM",DANIEL QUINTAL,"45-490 REGENT ST","","FREDERICTON","NB",'E3B 0V4,CA,0,"DHL Parcel Intl Standard","",'43184344,"EN ROUTE TO DHL ECOMMERCE",12:49:17 PM,5345229,'33882101206992553,"1584 CARROLL ST"
'20210120165936326MG2XHUS,',"01/20/2021 12:45:47 PM",CÉDRIC DELCOURT,"316 10E RUE N","","THETFORD MINES","QC",'G6G 5K9,CA,0,"DHL Parcel Intl Standard","",'43184344,"EN ROUTE TO DHL ECOMMERCE",12:49:17 PM,5345229,'33882101206992554,"1584 CARROLL ST"
'GM555348587000081267,',"01/20/2021 03:53:15 AM",ANNA QUENNEVILLE,"21311 GROVE RD","","COATSWORTH STATION","ON",'N0P 1H0,CA,.19,"DHL Parcel Intl Standard","",',"EN ROUTE TO DHL ECOMMERCE",03:54:21 AM,5345286,'33882101205752425,"1584 CARROLL ST."
'GM555348587000081274,',"01/20/2021 03:53:15 AM",BRIANNE ERDELYI,"1616 136 AVE SE","","CALGARY","AB",'T2J 5K7,CA,.19,"DHL Parcel Intl Standard","",',"EN ROUTE TO DHL ECOMMERCE",03:54:21 AM,5345286,'33882101205752422,"1584 CARROLL ST."
'GM555348587000081243,',"01/20/2021 03:53:15 AM",CHRISTINA CHURCHILL,"106-14751 125 ST NW","","EDMONTON","AB",'T5X 0L4,CA,.19,"DHL Parcel Intl Standard","",',"EN ROUTE TO DHL ECOMMERCE",03:54:21 AM,5345286,'33882101205752424,"1584 CARROLL ST."
'GM555348587000081281,',"01/20/2021 03:53:15 AM",DANIELLE HILLIER,"162 CAMPBELL CRES","","FORT MCMURRAY","AB",'T9K 2N4,CA,.19,"DHL Parcel Intl Standard","",',"EN ROUTE TO DHL ECOMMERCE",03:54:21 AM,5345286,'33882101205752423,"1584 CARROLL ST."
'GM555348587000081250,',"01/20/2021 03:53:15 AM",MATEJA CLIFFORD,"BRAEBURN HOUSE  - UNIT 04-266-01","6363 AGRONOMY RD","VANCOUVER","BC",'V6T 1Z4,CA,.19,"DHL Parcel Intl Standard","",',"EN ROUTE TO DHL ECOMMERCE",03:54:21 AM,5345286,'33882101205752421,"1584 CARROLL ST."
','9374869903506187643192,"01/20/2021 09:48:33 AM",,"10 Eben St","","Milford","MA",'01757-1162,US,.0622,"DHL SM Parcel Expedited","",'535816410120154223551,"EN ROUTE TO DHL ECOMMERCE",11:50:49 AM,5358164,'33872101206809325,"50 Lawrence ave"
','9374869903506188140287,"01/20/2021 10:38:24 AM",,"69 Northside Rd","","North Haven","CT",'06473-3021,US,.1776,"DHL SM Parcel Expedited","",'535816410120154223551,"EN ROUTE TO DHL ECOMMERCE",11:50:49 AM,5358164,'33872101206809313,"50 Lawrence ave"
','9374869903506188107587,"01/20/2021 10:34:46 AM",,"451 Hulsetown Rd","","Campbell Hall","NY",'10916-3201,US,.0666,"DHL SM Parcel Expedited","",'535816410120154223551,"EN ROUTE TO DHL ECOMMERCE",11:50:49 AM,5358164,'33872101206809305,"50 Lawrence ave"
','9374869903506188132930,"01/20/2021 10:37:10 AM",,"88 Guenther Ave","","Valley Stream","NY",'11580-3609,US,.0666,"DHL SM Parcel Expedited","",'535816410120154223551,"EN ROUTE TO DHL ECOMMERCE",11:50:49 AM,5358164,'33872101206809304,"50 Lawrence ave"
','9374869903506188105866,"01/20/2021 10:34:22 AM",,"53 Sunnyside Ave","","Carnegie","PA",'15106-1436,US,.0666,"DHL SM Parcel Expedited","",'535816410120154223551,"EN ROUTE TO DHL ECOMMERCE",11:50:49 AM,5358164,'33872101206809310,"50 Lawrence ave"
','9374869903506188102421,"01/20/2021 10:34:06 AM",,"129 Level Rd","","Collegeville","PA",'19426-3313,US,.0666,"DHL SM Parcel Expedited","",'535816410120154223551,"EN ROUTE TO DHL ECOMMERCE",11:50:49 AM,5358164,'33872101206809299,"50 Lawrence ave"
','9374869903506187969186,"01/20/2021 10:21:15 AM",,"1700 S Garfield St","Apt 202","Arlington","VA",'22204-5244,US,.0622,"DHL SM Parcel Expedited","",'535816410120154223551,"EN ROUTE TO DHL ECOMMERCE",11:50:49 AM,5358164,'33872101206809322,"50 Lawrence ave"
','9374869903506187843080,"01/20/2021 10:07:48 AM",,"557 Warrenton Rd","","Fredericksburg","VA",'22406-1025,US,.0622,"DHL SM Parcel Expedited","",'535816410120154223551,"EN ROUTE TO DHL ECOMMERCE",11:50:49 AM,5358164,'33872101206809320,"50 Lawrence ave"
','9374869903506188049092,"01/20/2021 10:28:09 AM",,"2920 Waters Edge Ct","","Beaufort","SC",'29902-4357,US,.0622,"DHL SM Parcel Expedited","",'535816410120154223551,"EN ROUTE TO DHL ECOMMERCE",11:50:49 AM,5358164,'33872101206809327,"50 Lawrence ave"
','9374869903506188098076,"01/20/2021 10:33:21 AM",,"3027 Valley Brook Pl","","Decatur","GA",'30033-4447,US,.0666,"DHL SM Parcel Expedited","",'535816410120154223551,"EN ROUTE TO DHL ECOMMERCE",11:50:49 AM,5358164,'33872101206809311,"50 Lawrence ave"
','9374869903506188127813,"01/20/2021 10:36:44 AM",,"3113 Blackmon Ct","","Hephzibah","GA",'30815-7062,US,.0666,"DHL SM Parcel Expedited","",'535816410120154223551,"EN ROUTE TO DHL ECOMMERCE",11:50:49 AM,5358164,'33872101206809303,"50 Lawrence ave"
','9374869903506188033350,"01/20/2021 10:27:20 AM",,"149 Runner Rd","","Savannah","GA",'31410-1619,US,.0622,"DHL SM Parcel Expedited","",'535816410120154223551,"EN ROUTE TO DHL ECOMMERCE",11:50:49 AM,5358164,'33872101206809319,"50 Lawrence ave"
','9374869903506187989580,"01/20/2021 10:23:40 AM",,"32307 Oak Bluff Dr","","Sorrento","FL",'32776-8146,US,.0622,"DHL SM Parcel Expedited","",'535816410120154223551,"EN ROUTE TO DHL ECOMMERCE",11:50:49 AM,5358164,'33872101206809316,"50 Lawrence ave"
','9374869903506188013024,"01/20/2021 10:25:23 AM",,"731 Lyons Rd Apt 16208","","Coconut Creek","FL",'33063-6775,US,.0622,"DHL SM Parcel Expedited","",'535816410120154223551,"EN ROUTE TO DHL ECOMMERCE",11:50:49 AM,5358164,'33872101206809326,"50 Lawrence ave"
','9374869903506188101233,"01/20/2021 10:33:51 AM",,"2342 NW 97th St","","Miami","FL",'33147-2444,US,.0666,"DHL SM Parcel Expedited","",'535816410120154223551,"EN ROUTE TO DHL ECOMMERCE",11:50:49 AM,5358164,'33872101206809298,"50 Lawrence ave"
','9374869903506188121828,"01/20/2021 10:35:35 AM",,"13779 SW 157th Ter","","Miami","FL",'33177-1276,US,.0666,"DHL SM Parcel Expedited","",'535816410120154223551,"EN ROUTE TO DHL ECOMMERCE",11:50:49 AM,5358164,'33872101206809315,"50 Lawrence ave"
','9374869903506187734586,"01/20/2021 09:56:10 AM",,"12326 Fourth St","","Fort Myers","FL",'33905-4812,US,.0622,"DHL SM Parcel Expedited","",'535816410120154223551,"EN ROUTE TO DHL ECOMMERCE",11:50:49 AM,5358164,'33872101206809329,"50 Lawrence ave"
','9374869903506188056687,"01/20/2021 10:29:29 AM",,"5692 Buxbriar Ave","","Memphis","TN",'38120-1830,US,.0622,"DHL SM Parcel Expedited","",'535816410120154223551,"EN ROUTE TO DHL ECOMMERCE",11:50:49 AM,5358164,'33872101206809306,"50 Lawrence ave"
'A7FA3B2850F44556B1A9D790C,',"01/20/2021 10:40:53 AM",,"Segev 7","","Shoam","Israel",'6081507,IL,.0662,"DHL Parcel Intl Standard","",'43184225,"EN ROUTE TO DHL ECOMMERCE",11:50:49 AM,5358164,'33872101206821769,"50 Lawrence ave"
'A7FA3B2850F44556B1A9D790C,',"01/20/2021 10:51:16 AM",HAIM FRANCO,"SEGEV 7","","SHOAM","ISRAEL",'6081507,IL,0,"DHL Parcel Intl Standard","",'43184225,"EN ROUTE TO DHL ECOMMERCE",10:54:24 AM,5358164,'33882101206684774,"50 Lawrence ave"
','9374869903506187885424,"01/20/2021 10:12:26 AM",,"1301 Blossom Ln","","Farmington","MO",'63640-3711,US,.0622,"DHL SM Parcel Expedited","",'535816410120154223551,"EN ROUTE TO DHL ECOMMERCE",11:50:49 AM,5358164,'33872101206809317,"50 Lawrence ave"
','9374869903506188088350,"01/20/2021 10:32:28 AM",,"10709 Cliffe Hollow Dr","","Oklahoma City","OK",'73162-1229,US,.0666,"DHL SM Parcel Expedited","",'535816410120154223551,"EN ROUTE TO DHL ECOMMERCE",11:50:49 AM,5358164,'33872101206809302,"50 Lawrence ave"
','9374869903506188138505,"01/20/2021 10:37:57 AM",,"306 NW 1st St","","Wilburton","OK",'74578-2409,US,.1776,"DHL SM Parcel Expedited","",'535816410120154223551,"EN ROUTE TO DHL ECOMMERCE",11:50:49 AM,5358164,'33872101206809297,"50 Lawrence ave"
','9374869903506187807891,"01/20/2021 10:04:34 AM",,"609 Brock Dr","","Anna","TX",'75409-0345,US,.0622,"DHL SM Parcel Expedited","",'535816410120154223551,"EN ROUTE TO DHL ECOMMERCE",11:50:49 AM,5358164,'33872101206809323,"50 Lawrence ave"
','9374869903506187985209,"01/20/2021 10:22:56 AM",,"3129 E Park Row Dr","Apt 242","Arlington","TX",'76010-3789,US,.0622,"DHL SM Parcel Expedited","",'535816410120154223551,"EN ROUTE TO DHL ECOMMERCE",11:50:49 AM,5358164,'33872101206809328,"50 Lawrence ave"
','9374869903506187703841,"01/20/2021 09:53:52 AM",,"1902 VINCENT ST","","BROWNWOOD","TX",'76801,US,.0622,"DHL SM Parcel Expedited","",'535816410120154223551,"EN ROUTE TO DHL ECOMMERCE",11:50:49 AM,5358164,'33872101206809318,"50 Lawrence ave"
','9374869903506188133548,"01/20/2021 10:37:28 AM",,"11012 Thornwood Dr","","La Porte","TX",'77571-4488,US,.1332,"DHL SM Parcel Expedited","",'535816410120154223551,"EN ROUTE TO DHL ECOMMERCE",11:50:49 AM,5358164,'33872101206809301,"50 Lawrence ave"
','9374869903506188080002,"01/20/2021 10:31:37 AM",,"14885 Worden Way","","Caldwell","ID",'83607-0814,US,.0666,"DHL SM Parcel Expedited","",'535816410120154223551,"EN ROUTE TO DHL ECOMMERCE",11:50:49 AM,5358164,'33872101206809300,"50 Lawrence ave"
','9374869903506188176231,"01/20/2021 10:41:36 AM",,"14885 Worden Way","","Caldwell","ID",'83607-0814,US,.0666,"DHL SM Parcel Expedited","",'535816410120154223551,"EN ROUTE TO DHL ECOMMERCE",11:50:49 AM,5358164,'33872101206809309,"50 Lawrence ave"
','9374869903506188091411,"01/20/2021 10:32:45 AM",,"6008 Comstock Ave Apt D","","Whittier","CA",'90601-3486,US,.0666,"DHL SM Parcel Expedited","",'535816410120154223551,"EN ROUTE TO DHL ECOMMERCE",11:50:49 AM,5358164,'33872101206809307,"50 Lawrence ave"
','9374869903506187909267,"01/20/2021 10:14:42 AM",,"14201 Nordhoff St","Apt F9","Panorama City","CA",'91402-1921,US,.0622,"DHL SM Parcel Expedited","",'535816410120154223551,"EN ROUTE TO DHL ECOMMERCE",11:50:49 AM,5358164,'33872101206809321,"50 Lawrence ave"
','9374869903506187689701,"01/20/2021 09:52:40 AM",,"959 Vine St","Apt 11","Oceanside","CA",'92054-4291,US,.0622,"DHL SM Parcel Expedited","",'535816410120154223551,"EN ROUTE TO DHL ECOMMERCE",11:50:49 AM,5358164,'33872101206809324,"50 Lawrence ave"
','9374869903506187717985,"01/20/2021 09:54:56 AM",,"PO Box 120486","","San Diego","CA",'92112-0486,US,.0622,"DHL SM Parcel Expedited","",'535816410120154223551,"EN ROUTE TO DHL ECOMMERCE",11:50:49 AM,5358164,'33872101206809330,"50 Lawrence ave"
','9374869903506188123051,"01/20/2021 10:35:58 AM",,"2302 Hopeton Ave","","San Jose","CA",'95122-3021,US,.0666,"DHL SM Parcel Expedited","",'535816410120154223551,"EN ROUTE TO DHL ECOMMERCE",11:50:49 AM,5358164,'33872101206809314,"50 Lawrence ave"
','9374869903506188116152,"01/20/2021 10:35:16 AM",,"2963 SE Tumblestone Dr","","Hillsboro","OR",'97123-7963,US,.0666,"DHL SM Parcel Expedited","",'535816410120154223551,"EN ROUTE TO DHL ECOMMERCE",11:50:49 AM,5358164,'33872101206809308,"50 Lawrence ave"
','9374869903506188084345,"01/20/2021 10:32:10 AM",,"14236 SE 6th St Apt Y101","","Bellevue","WA",'98007-8006,US,.0666,"DHL SM Parcel Expedited","",'535816410120154223551,"EN ROUTE TO DHL ECOMMERCE",11:50:49 AM,5358164,'33872101206809312,"50 Lawrence ave"
'D0B7EBB4ED39471B805B80C06,',"01/20/2021 10:39:28 AM",,"213 86 Moirs Mill Road","","Bedford","NS",'B4A3Y2,CA,.1762,"DHL Parcel Intl Standard","",'43184225,"EN ROUTE TO DHL ECOMMERCE",11:50:49 AM,5358164,'33872101206821767,"50 Lawrence ave"
'D0B7EBB4ED39471B805B80C06,',"01/20/2021 10:51:16 AM",ROBERT ADSHADE,"213 86 MOIRS MILL ROAD","","BEDFORD","NS",'B4A3Y2,CA,0,"DHL Parcel Intl Standard","",'43184225,"EN ROUTE TO DHL ECOMMERCE",10:54:24 AM,5358164,'33882101206684775,"50 Lawrence ave"
'7EF4466DBA014B41A4E15AEB8,',"01/20/2021 10:40:18 AM",,"Oakwood Hoase St columba's Terace","","Tullamore","Offaly",'R35 AY23,IE,.0662,"DHL Parcel Intl Standard","",'43184225,"EN ROUTE TO DHL ECOMMERCE",11:50:49 AM,5358164,'33872101206821768,"50 Lawrence ave"
'7EF4466DBA014B41A4E15AEB8,',"01/20/2021 10:51:16 AM",RICARDAS KISELIOVAS,"OAKWOOD HOASE ST COLUMBA'S TERACE","","TULLAMORE","OFFALY",'R35 AY23,IE,0,"DHL Parcel Intl Standard","",'43184225,"EN ROUTE TO DHL ECOMMERCE",10:54:24 AM,5358164,'33882101206684773,"50 Lawrence ave"
'20210120165931285SY1CHPC,',"01/20/2021 12:45:30 PM",TEST,"23 BALACLAVA RD","","ST KILDA EAST","VIC",'3183,AU,0,"DHL Parcel Intl Standard","",'43184324,"EN ROUTE TO DHL ECOMMERCE",12:49:17 PM,5359915,'33882101206992544,"4601 1ST AVE"