Customer Confirmation Number,Delivery Confirmation Number,Receive Date,Recipient Name,Address Line 1,Address Line 2,City,State,Zip or Postal Code,Country,Weight (LBs),Mail Product Name,Customer Reference,BOL Number,Last Event Description,Last Event Time,Pickup Account Number,DHL Tracking Number,Pickup Address
'GM555348587000082073,',"04/10/2021 03:10:52 AM",MRS. MARY AYOUB,"70 BELLEVUE ST","","NORTH PARRAMATTA","NSW",'2151,AU,.19,"DHL Parcel Intl Standard","",',"EN ROUTE TO DHL ECOMMERCE",03:14:23 AM,5345286,'33882104100845511,"1584 CARROLL ST."
'GM555348587000082127,',"04/10/2021 03:10:52 AM",NATALIE GOYENA,"36 SUNNINGDALE DR","","COLEBEE","NSW",'2761,AU,.19,"DHL Parcel Intl Standard","",',"EN ROUTE TO DHL ECOMMERCE",03:14:23 AM,5345286,'33882104100845510,"1584 CARROLL ST."
'GM555348587000082097,',"04/10/2021 03:10:52 AM",MARIE SABBAGH,"PO BOX 1010","","NEWPORT","VIC",'3015,AU,.19,"DHL Parcel Intl Standard","",',"EN ROUTE TO DHL ECOMMERCE",03:14:23 AM,5345286,'33882104100845512,"1584 CARROLL ST."
'GM555348587000082059,',"04/10/2021 03:10:52 AM",STEPHEN RAWLINSON,"112 GREEN ST","","IVANHOE","VIC",'3079,AU,.19,"DHL Parcel Intl Standard","",',"EN ROUTE TO DHL ECOMMERCE",03:14:23 AM,5345286,'33882104100845513,"1584 CARROLL ST."
'GM555348587000082141,',"04/10/2021 03:10:52 AM",JANA GIANNOPOULOS,"31 TUXEN ST","","BALWYN NORTH","VIC",'3104,AU,.19,"DHL Parcel Intl Standard","",',"EN ROUTE TO DHL ECOMMERCE",03:14:23 AM,5345286,'33882104100845456,"1584 CARROLL ST."
'GM555348587000082110,',"04/10/2021 03:10:52 AM",NATALIE MASON,"17 HOME RD","","NAR NAR GOON","VIC",'3812,AU,.19,"DHL Parcel Intl Standard","",',"EN ROUTE TO DHL ECOMMERCE",03:14:23 AM,5345286,'33882104100845455,"1584 CARROLL ST."
'GM555348587000082134,',"04/10/2021 03:10:52 AM",EMILY LATTER,"29 PEGASUS AVE","","EATONS HILL","QLD",'4037,AU,.19,"DHL Parcel Intl Standard","",',"EN ROUTE TO DHL ECOMMERCE",03:14:23 AM,5345286,'33882104100845515,"1584 CARROLL ST."
'GM555348587000082066,',"04/10/2021 03:10:52 AM",SCOTT HAWKEN,"47 FODORA PL","","BURPENGARY EAST","QLD",'4505,AU,.19,"DHL Parcel Intl Standard","",',"EN ROUTE TO DHL ECOMMERCE",03:14:23 AM,5345286,'33882104100845514,"1584 CARROLL ST."
'GM555348587000082103,',"04/10/2021 03:10:52 AM",KAREN SINNOTT,"4 ALLIA PL","","HOCKING","WA",'6065,AU,.19,"DHL Parcel Intl Standard","",',"EN ROUTE TO DHL ECOMMERCE",03:14:23 AM,5345286,'33882104100845458,"1584 CARROLL ST."
'GM555348587000082080,',"04/10/2021 03:10:52 AM",AMANDA BOOTH,"15 SAINTE MAXIME AVE","","PORT KENNEDY","WA",'6172,AU,.19,"DHL Parcel Intl Standard","",',"EN ROUTE TO DHL ECOMMERCE",03:14:23 AM,5345286,'33882104100845457,"1584 CARROLL ST."