Customer Confirmation Number,Delivery Confirmation Number,Receive Date,Recipient Name,Address Line 1,Address Line 2,City,State,Zip or Postal Code,Country,Weight (LBs),Mail Product Name,Customer Reference,BOL Number,Last Event Description,Last Event Time,Pickup Account Number,DHL Tracking Number,Pickup Address
'GM555348587000081465,',"02/24/2021 03:47:11 AM",MELANIE MACVICAR,"59-8089 209 ST","","LANGLEY","BC",'V2Y 0B1,CA,.19,"DHL Parcel Intl Standard","",',"EN ROUTE TO DHL ECOMMERCE",03:49:50 AM,5345286,'33882102246510569,"1584 CARROLL ST."
','9374869903506366836575,"02/24/2021 09:19:04 AM",,"12 Marshall St Apt 7B","","Irvington","NJ",'07111-8766,US,.0622,"DHL SM Parcel Expedited","",'535816410224151423651,"EN ROUTE TO DHL ECOMMERCE",10:21:19 AM,5358164,'33872102246985248,"50 Lawrence ave"
','9374869903506367224210,"02/24/2021 10:09:28 AM",,"32 Mountain Ave","","Hazlet","NJ",'07730-2174,US,.0666,"DHL SM Parcel Expedited","",'535816410224151423651,"EN ROUTE TO DHL ECOMMERCE",10:21:19 AM,5358164,'33872102246985227,"50 Lawrence ave"
','9374869903506366667575,"02/24/2021 08:53:18 AM",,"18221 150TH DR","BAH 183925","SPRNGFLD GDNS","NY",'11413-4014,US,.0622,"DHL SM Parcel Expedited","",'535816410224151423651,"EN ROUTE TO DHL ECOMMERCE",10:21:19 AM,5358164,'33872102246985241,"50 Lawrence ave"
','9374869903506367224593,"02/24/2021 10:09:38 AM",,"658 Caledonia Rd","","Dix Hills","NY",'11746-5122,US,.0666,"DHL SM Parcel Expedited","",'535816410224151423651,"EN ROUTE TO DHL ECOMMERCE",10:21:19 AM,5358164,'33872102246985233,"50 Lawrence ave"
','9374869903506366864639,"02/24/2021 09:23:49 AM",,"164 Miller Rd","","Hicksville","NY",'11801-1833,US,.0622,"DHL SM Parcel Expedited","",'535816410224151423651,"EN ROUTE TO DHL ECOMMERCE",10:21:19 AM,5358164,'33872102246985247,"50 Lawrence ave"
','9374869903506367223220,"02/24/2021 10:09:06 AM",,"618 Maple Ave","","Glenside","PA",'19038-2515,US,.0666,"DHL SM Parcel Expedited","",'535816410224151423651,"EN ROUTE TO DHL ECOMMERCE",10:21:19 AM,5358164,'33872102246985225,"50 Lawrence ave"
','9374869903506367218998,"02/24/2021 10:08:28 AM",,"420 7th St NW","Apt 1007","Washington","DC",'20004-2215,US,.0666,"DHL SM Parcel Expedited","",'535816410224151423651,"EN ROUTE TO DHL ECOMMERCE",10:21:19 AM,5358164,'33872102246985224,"50 Lawrence ave"
'8D2A629B4F0E49629DA6599F5,',"02/24/2021 10:14:16 AM",,"17 Stefanie PL.","Bonnyrigg","Bonnyrigg","NSW",'2177,AU,.1875,"DHL Parcel Intl Standard","",'42582026,"EN ROUTE TO DHL ECOMMERCE",10:21:19 AM,5358164,'33872102246985258,"50 Lawrence ave"
','9374869903506367247523,"02/24/2021 10:12:15 AM",,"30517 Danwood Dr","","Delmar","MD",'21875-2253,US,.1332,"DHL SM Parcel Expedited","",'535816410224151423651,"EN ROUTE TO DHL ECOMMERCE",10:21:19 AM,5358164,'33872102246985228,"50 Lawrence ave"
','9374869903506367252305,"02/24/2021 10:12:33 AM",,"1012 Hillside Ave Unit B","","Norfolk","VA",'23503-2008,US,.1332,"DHL SM Parcel Expedited","",'535816410224151423651,"EN ROUTE TO DHL ECOMMERCE",10:21:19 AM,5358164,'33872102246985230,"50 Lawrence ave"
','9374869903506366895664,"02/24/2021 09:29:05 AM",,"2305 Blue Cedar Ct","","Apex","NC",'27523-7155,US,.0622,"DHL SM Parcel Expedited","",'535816410224151423651,"EN ROUTE TO DHL ECOMMERCE",10:21:19 AM,5358164,'33872102246985242,"50 Lawrence ave"
','9374869903506366649304,"02/24/2021 08:50:20 AM",,"228 Becca Ln","","Pelion","SC",'29123-8960,US,.0622,"DHL SM Parcel Expedited","",'535816410224151423651,"EN ROUTE TO DHL ECOMMERCE",10:21:19 AM,5358164,'33872102246985244,"50 Lawrence ave"
','9374869903506366631859,"02/24/2021 08:47:37 AM",,"149 Laurelwood Dr","","Savannah","GA",'31419-9157,US,.0622,"DHL SM Parcel Expedited","",'535816410224151423651,"EN ROUTE TO DHL ECOMMERCE",10:21:19 AM,5358164,'33872102246985239,"50 Lawrence ave"
','9374869903506366857235,"02/24/2021 09:22:19 AM",,"12423 Forest Lake Cir N Apt 3","","Jacksonville","FL",'32225-9503,US,.0622,"DHL SM Parcel Expedited","",'535816410224151423651,"EN ROUTE TO DHL ECOMMERCE",10:21:19 AM,5358164,'33872102246985245,"50 Lawrence ave"
','9374869903506367214914,"02/24/2021 10:07:36 AM",,"3355 Copperhead Cir","","Pace","FL",'32571-8733,US,.0666,"DHL SM Parcel Expedited","",'535816410224151423651,"EN ROUTE TO DHL ECOMMERCE",10:21:19 AM,5358164,'33872102246985236,"50 Lawrence ave"
','9374869903506366889977,"02/24/2021 09:27:17 AM",,"8302 Purcell Dr","","Orlando","FL",'32825-3677,US,.0622,"DHL SM Parcel Expedited","",'535816410224151423651,"EN ROUTE TO DHL ECOMMERCE",10:21:19 AM,5358164,'33872102246985255,"50 Lawrence ave"
','9374869903506367222513,"02/24/2021 10:09:17 AM",,"120 Ichabod Ave S","","Lehigh Acres","FL",'33973-2030,US,.0666,"DHL SM Parcel Expedited","",'535816410224151423651,"EN ROUTE TO DHL ECOMMERCE",10:21:19 AM,5358164,'33872102246985231,"50 Lawrence ave"
','9374869903506366701323,"02/24/2021 08:59:22 AM",,"1413 Charing Loop","","Auburn","AL",'36830-6856,US,.0622,"DHL SM Parcel Expedited","",'535816410224151423651,"EN ROUTE TO DHL ECOMMERCE",10:21:19 AM,5358164,'33872102246985249,"50 Lawrence ave"
','9374869903506366697213,"02/24/2021 08:58:22 AM",,"5586 Isaac Rd","","Canal Winchester","OH",'43110-9692,US,.0622,"DHL SM Parcel Expedited","",'535816410224151423651,"EN ROUTE TO DHL ECOMMERCE",10:21:19 AM,5358164,'33872102246985246,"50 Lawrence ave"
','9374869903506366872184,"02/24/2021 09:25:10 AM",,"4451 Eagle Creek Pkwy Apt 103","","Indianapolis","IN",'46254-4372,US,.0622,"DHL SM Parcel Expedited","",'535816410224151423651,"EN ROUTE TO DHL ECOMMERCE",10:21:19 AM,5358164,'33872102246985254,"50 Lawrence ave"
','9374869903506367234868,"02/24/2021 10:10:24 AM",,"W4691 Lake Dr","","Cecil","WI",'54111-9259,US,.0666,"DHL SM Parcel Expedited","",'535816410224151423651,"EN ROUTE TO DHL ECOMMERCE",10:21:19 AM,5358164,'33872102246985234,"50 Lawrence ave"
','9374869903506367214785,"02/24/2021 10:08:04 AM",,"1141 Linden Dr","","Billings","MT",'59105-2635,US,.0666,"DHL SM Parcel Expedited","",'535816410224151423651,"EN ROUTE TO DHL ECOMMERCE",10:21:19 AM,5358164,'33872102246985223,"50 Lawrence ave"
','9374869903506366643616,"02/24/2021 08:49:40 AM",,"914 Pearl St","","Aurora","IL",'60505-5238,US,.0622,"DHL SM Parcel Expedited","",'535816410224151423651,"EN ROUTE TO DHL ECOMMERCE",10:21:19 AM,5358164,'33872102246985243,"50 Lawrence ave"
','9374869903506367212699,"02/24/2021 10:08:16 AM",,"4422 Laredo Dr","","Grand Prairie","TX",'75052-3116,US,.0666,"DHL SM Parcel Expedited","",'535816410224151423651,"EN ROUTE TO DHL ECOMMERCE",10:21:19 AM,5358164,'33872102246985226,"50 Lawrence ave"
','9374869903506366657460,"02/24/2021 08:51:28 AM",,"2607 Northern Dr","","League City","TX",'77573-4826,US,.0622,"DHL SM Parcel Expedited","",'535816410224151423651,"EN ROUTE TO DHL ECOMMERCE",10:21:19 AM,5358164,'33872102246985257,"50 Lawrence ave"
','9374869903506367214464,"02/24/2021 10:07:52 AM",,"5149 Brewster Dr","","Laredo","TX",'78043-9780,US,.0666,"DHL SM Parcel Expedited","",'535816410224151423651,"EN ROUTE TO DHL ECOMMERCE",10:21:19 AM,5358164,'33872102246985229,"50 Lawrence ave"
','9374869903506366714903,"02/24/2021 09:01:00 AM",,"4901 W 93rd Ave Apt 1817","","Westminster","CO",'80031-6333,US,.0622,"DHL SM Parcel Expedited","",'535816410224151423651,"EN ROUTE TO DHL ECOMMERCE",10:21:19 AM,5358164,'33872102246985240,"50 Lawrence ave"
','9374869903506366891765,"02/24/2021 09:28:20 AM",,"5589 S 800 E","","Ogden","UT",'84405-4717,US,.0622,"DHL SM Parcel Expedited","",'535816410224151423651,"EN ROUTE TO DHL ECOMMERCE",10:21:19 AM,5358164,'33872102246985252,"50 Lawrence ave"
','9374869903506366844761,"02/24/2021 09:21:06 AM",,"21155 N 56th St Bldg 2","#1023 First Floor","Phoenix","AZ",'85054-5503,US,.0622,"DHL SM Parcel Expedited","",'535816410224151423651,"EN ROUTE TO DHL ECOMMERCE",10:21:19 AM,5358164,'33872102246985251,"50 Lawrence ave"
','9374869903506367245260,"02/24/2021 10:11:48 AM",,"13201 Wentworth St","","Arleta","CA",'91331-5823,US,.1332,"DHL SM Parcel Expedited","",'535816410224151423651,"EN ROUTE TO DHL ECOMMERCE",10:21:19 AM,5358164,'33872102246985232,"50 Lawrence ave"
','9374869903506366678588,"02/24/2021 08:55:19 AM",,"225 Montevina Way","","Hayward","CA",'94545-2329,US,.0622,"DHL SM Parcel Expedited","",'535816410224151423651,"EN ROUTE TO DHL ECOMMERCE",10:21:19 AM,5358164,'33872102246985250,"50 Lawrence ave"
','9374869903506366881711,"02/24/2021 09:26:15 AM",,"225 Montevina Way","","Hayward","CA",'94545-2329,US,.0622,"DHL SM Parcel Expedited","",'535816410224151423651,"EN ROUTE TO DHL ECOMMERCE",10:21:19 AM,5358164,'33872102246985253,"50 Lawrence ave"
','9374869903506367229727,"02/24/2021 10:10:09 AM",,"17745 Peak Ave","","Morgan Hill","CA",'95037-4127,US,.0666,"DHL SM Parcel Expedited","",'535816410224151423651,"EN ROUTE TO DHL ECOMMERCE",10:21:19 AM,5358164,'33872102246985237,"50 Lawrence ave"
','9374869903506366614586,"02/24/2021 08:45:32 AM",,"1142 Terry Ln Apt 19","","Santa Rosa","CA",'95403-2791,US,.0622,"DHL SM Parcel Expedited","",'535816410224151423651,"EN ROUTE TO DHL ECOMMERCE",10:21:19 AM,5358164,'33872102246985256,"50 Lawrence ave"
','9374869903506367238040,"02/24/2021 10:10:50 AM",,"13862 10TH AVE S","# 40","TACOMA","WA",'98444-2000,US,.0666,"DHL SM Parcel Expedited","",'535816410224151423651,"EN ROUTE TO DHL ECOMMERCE",10:21:19 AM,5358164,'33872102246985235,"50 Lawrence ave"
','9374869903506367235551,"02/24/2021 10:10:37 AM",,"13862 10TH AVE S","# 40","TACOMA","WA",'98444-2000,US,.0666,"DHL SM Parcel Expedited","",'535816410224151423651,"EN ROUTE TO DHL ECOMMERCE",10:21:19 AM,5358164,'33872102246985238,"50 Lawrence ave"
'6B8B3741432546E2869F553AD,',"02/24/2021 10:13:25 AM",,"12 Pepperbush road","","Brampton","ON",'L6P 2L2,CA,.0662,"DHL Parcel Intl Standard","",'42582026,"EN ROUTE TO DHL ECOMMERCE",10:21:19 AM,5358164,'33872102246985259,"50 Lawrence ave"
'186770942,'9374869903506366803492,"02/24/2021 09:12:40 AM",,"14 Westland Ave","","Milford","CT",'06460,US,.1875,"DHL SM Parcel Expedited","14 WESTLAND AVE",'535991610224141723451,"EN ROUTE TO DHL ECOMMERCE",09:20:50 AM,5359916,'33872102246909138,"326 STATE ROUTE 208"
'186731540,'9374869903506366805748,"02/24/2021 09:13:10 AM",,"140 S Valley Rd","","West Orange","NJ",'07052,US,.9375,"DHL SM Parcel Expedited","140 S VALLEY RD",'535991610224141723451,"EN ROUTE TO DHL ECOMMERCE",09:20:50 AM,5359916,'33872102246909139,"326 STATE ROUTE 208"
'186773845,'9361269903506366801249,"02/24/2021 09:11:58 AM",,"15 Wilbur Ln","","Roosevelt","NY",'11575,US,1.25,"DHL SM Parcel Plus Expedited","15 WILBUR LN",'535991610224141723451,"EN ROUTE TO DHL ECOMMERCE",09:20:50 AM,5359916,'33872102246909140,"326 STATE ROUTE 208"
'186740758,'9361269903506366801300,"02/24/2021 09:12:03 AM",,"105 Pine Street Ext","","Greer","SC",'29651,US,2,"DHL SM Parcel Plus Expedited","105 PINE STREET EXT",'535991610224141723451,"EN ROUTE TO DHL ECOMMERCE",09:20:50 AM,5359916,'33872102246909133,"326 STATE ROUTE 208"
'186721152,'9374869903506366807247,"02/24/2021 09:13:08 AM",,"1211 Avon Ave Sw","","Atlanta","GA",'30310,US,.375,"DHL SM Parcel Expedited","1211 AVON AVE SW",'535991610224141723451,"EN ROUTE TO DHL ECOMMERCE",09:20:50 AM,5359916,'33872102246909131,"326 STATE ROUTE 208"
'186760520,'9374869903506366805120,"02/24/2021 09:12:33 AM",,"2501 Island Crossing Way","","Merritt Island","FL",'32952,US,.1875,"DHL SM Parcel Expedited","2501 ISLAND CROSSING WAY",'535991610224141723451,"EN ROUTE TO DHL ECOMMERCE",09:20:50 AM,5359916,'33872102246909137,"326 STATE ROUTE 208"
'186777031,'9374869903506366806134,"02/24/2021 09:12:57 AM",,"5401 Collins Ave Apt 1209","","Miami Beach","FL",'33140,US,.1875,"DHL SM Parcel Expedited","5401 COLLINS AVE APT 1209",'535991610224141723451,"EN ROUTE TO DHL ECOMMERCE",09:20:50 AM,5359916,'33872102246909151,"326 STATE ROUTE 208"
'186771228,'9374869903506366803669,"02/24/2021 09:12:46 AM",,"14236 Sw 121st Pl","","Miami","FL",'33186,US,.1875,"DHL SM Parcel Expedited","14236 SW 121ST PL",'535991610224141723451,"EN ROUTE TO DHL ECOMMERCE",09:20:50 AM,5359916,'33872102246909149,"326 STATE ROUTE 208"
'186771157,'9374869903506366803577,"02/24/2021 09:12:43 AM",,"1350 River Reach Dr Apt 309","","Fort Lauderdale","FL",'33315,US,.5625,"DHL SM Parcel Expedited","1350 RIVER REACH DR APT 309",'535991610224141723451,"EN ROUTE TO DHL ECOMMERCE",09:20:50 AM,5359916,'33872102246909148,"326 STATE ROUTE 208"
'186771012,'9361269903506366802635,"02/24/2021 09:11:53 AM",,"302 Spring St","","Loretto","TN",'38469,US,1.25,"DHL SM Parcel Plus Expedited","302 SPRING ST",'535991610224141723451,"EN ROUTE TO DHL ECOMMERCE",09:20:50 AM,5359916,'33872102246909142,"326 STATE ROUTE 208"
'186760672,'9374869903506366804581,"02/24/2021 09:12:36 AM",,"119 Homestead Ln","","Delaware","OH",'43015,US,.125,"DHL SM Parcel Expedited","119 HOMESTEAD LN",'535991610224141723451,"EN ROUTE TO DHL ECOMMERCE",09:20:50 AM,5359916,'33872102246909144,"326 STATE ROUTE 208"
'186737160,'9374869903506366803249,"02/24/2021 09:12:26 AM",,"8538 Kousa Dr","","Indianapolis","IN",'46234,US,.1875,"DHL SM Parcel Expedited","8538 KOUSA DR",'535991610224141723451,"EN ROUTE TO DHL ECOMMERCE",09:20:50 AM,5359916,'33872102246909135,"326 STATE ROUTE 208"
'186721228,'9374869903506366801382,"02/24/2021 09:12:08 AM",,"146 Riverview Dr","","Erie","MI",'48133,US,.375,"DHL SM Parcel Expedited","146 RIVERVIEW DR",'535991610224141723451,"EN ROUTE TO DHL ECOMMERCE",09:20:50 AM,5359916,'33872102246909128,"326 STATE ROUTE 208"
'186784532,'9374869903506366808190,"02/24/2021 09:13:05 AM",,"402 Creeping Brook Cir","","Dewitt","MI",'48820,US,.1875,"DHL SM Parcel Expedited","402 CREEPING BROOK CIR",'535991610224141723451,"EN ROUTE TO DHL ECOMMERCE",09:20:50 AM,5359916,'33872102246909132,"326 STATE ROUTE 208"
'186775229,'9374869903506366806028,"02/24/2021 09:12:54 AM",,"8837 E de Ave","","Richland","MI",'49083,US,.1875,"DHL SM Parcel Expedited","8837 E DE AVE",'535991610224141723451,"EN ROUTE TO DHL ECOMMERCE",09:20:50 AM,5359916,'33872102246909130,"326 STATE ROUTE 208"
'186784286,'9374869903506366806301,"02/24/2021 09:13:02 AM",,"1062 Inverrary Ln","","Riverwoods","IL",'60015,US,.1875,"DHL SM Parcel Expedited","1062 INVERRARY LN",'535991610224141723451,"EN ROUTE TO DHL ECOMMERCE",09:20:50 AM,5359916,'33872102246909141,"326 STATE ROUTE 208"
'186738735,'9374869903506366804383,"02/24/2021 09:12:30 AM",,"7737 N Eastlake Ter Apt 2f","","Chicago","IL",'60626,US,.1875,"DHL SM Parcel Expedited","7737 N EASTLAKE TER APT 2F",'535991610224141723451,"EN ROUTE TO DHL ECOMMERCE",09:20:50 AM,5359916,'33872102246909136,"326 STATE ROUTE 208"
'186774085,'9374869903506366805984,"02/24/2021 09:12:51 AM",,"2420 Johns Rd","","Springfield","IL",'62702,US,.1875,"DHL SM Parcel Expedited","2420 JOHNS RD",'535991610224141723451,"EN ROUTE TO DHL ECOMMERCE",09:20:50 AM,5359916,'33872102246909145,"326 STATE ROUTE 208"
'186721070,'9374869903506366808718,"02/24/2021 09:13:16 AM",,"11201 Boudreaux Rd Apt 513","","Tomball","TX",'77375,US,.1875,"DHL SM Parcel Expedited","11201 BOUDREAUX RD APT 513",'535991610224141723451,"EN ROUTE TO DHL ECOMMERCE",09:20:50 AM,5359916,'33872102246909143,"326 STATE ROUTE 208"
'186737089,'9374869903506366801511,"02/24/2021 09:12:21 AM",,"831 W Coffee Tree Ave","","Queen Creek","AZ",'85140,US,.1875,"DHL SM Parcel Expedited","831 W COFFEE TREE AVE",'535991610224141723451,"EN ROUTE TO DHL ECOMMERCE",09:20:50 AM,5359916,'33872102246909127,"326 STATE ROUTE 208"
'186758898,'9361269903506366807364,"02/24/2021 09:13:19 AM",,"3654 El Encanto Dr","","Calabasas","CA",'91302,US,1.25,"DHL SM Parcel Plus Expedited","3654 EL ENCANTO DR",'535991610224141723451,"EN ROUTE TO DHL ECOMMERCE",09:20:50 AM,5359916,'33872102246909146,"326 STATE ROUTE 208"
'186777124,'9374869903506366806189,"02/24/2021 09:12:59 AM",,"73111 Country Club Dr Ste B3","","Palm Desert","CA",'92260,US,.1875,"DHL SM Parcel Expedited","73111 COUNTRY CLUB DR STE B3",'535991610224141723451,"EN ROUTE TO DHL ECOMMERCE",09:20:50 AM,5359916,'33872102246909134,"326 STATE ROUTE 208"
'186773965,'9374869903506366805922,"02/24/2021 09:12:49 AM",,"201 S Magnolia Ave Apt 82","","Anaheim","CA",'92804,US,.1875,"DHL SM Parcel Expedited","201 S MAGNOLIA AVE APT 82",'535991610224141723451,"EN ROUTE TO DHL ECOMMERCE",09:20:50 AM,5359916,'33872102246909150,"326 STATE ROUTE 208"
'186775128,'9374869903506366808565,"02/24/2021 09:13:13 AM",,"882 Ne Fleming Ave","","Gresham","OR",'97030,US,.25,"DHL SM Parcel Expedited","882 NE FLEMING AVE",'535991610224141723451,"EN ROUTE TO DHL ECOMMERCE",09:20:50 AM,5359916,'33872102246909152,"326 STATE ROUTE 208"
'186736892,'9374869903506366804871,"02/24/2021 09:12:12 AM",,"4770 Jones Rd Se","","Salem","OR",'97302,US,.1875,"DHL SM Parcel Expedited","4770 JONES RD SE",'535991610224141723451,"EN ROUTE TO DHL ECOMMERCE",09:20:50 AM,5359916,'33872102246909129,"326 STATE ROUTE 208"
'186736940,'9374869903506366804925,"02/24/2021 09:12:17 AM",,"7816 Ne Loowit Loop Apt 77","","Vancouver","WA",'98662,US,.125,"DHL SM Parcel Expedited","7816 NE LOOWIT LOOP APT 77",'535991610224141723451,"EN ROUTE TO DHL ECOMMERCE",09:20:50 AM,5359916,'33872102246909147,"326 STATE ROUTE 208"