Customer Confirmation Number,Delivery Confirmation Number,Receive Date,Recipient Name,Address Line 1,Address Line 2,City,State,Zip or Postal Code,Country,Weight (LBs),Mail Product Name,Customer Reference,BOL Number,Last Event Description,Last Event Time,Pickup Account Number,DHL Tracking Number,Pickup Address
'P1AZGQL4UPGC8S4,'9374869903506478289580,"03/17/2021 10:23:52 AM",,"1124 PLATEAU LN","","RALEIGH","NC",'27615-3333,US,.4187,"DHL SM Parcel Expedited","4849",'534695710317144523651,"EN ROUTE TO DHL ECOMMERCE",10:46:35 AM,5346957,'33872103176890080,"421 KINGSTON AVE"
'FMLXVDK9RJL4B4J,'9361269903506478343361,"03/17/2021 10:31:02 AM",,"2946 BERNICE CT","","JACKSONVILLE","FL",'32257-5812,US,2,"DHL SM Parcel Plus Ground","4854",'534695710317144523651,"EN ROUTE TO DHL ECOMMERCE",10:46:35 AM,5346957,'33872103176890081,"421 KINGSTON AVE"
'S78TN1I9FP8NMC0,'9374869903506478474023,"03/17/2021 10:44:42 AM",,"18620 SW 39TH CT","","MIRAMAR","FL",'33029-2706,US,.125,"DHL SM Parcel Expedited","4861",'534695710317144523651,"EN ROUTE TO DHL ECOMMERCE",10:46:35 AM,5346957,'33872103176890082,"421 KINGSTON AVE"
','9374869903506477851719,"03/17/2021 09:26:32 AM",,"26 Townhouse Dr Apt 26","","Easthampton","MA",'01027-2146,US,.0622,"DHL SM Parcel Expedited","",'535816410317144423551,"EN ROUTE TO DHL ECOMMERCE",10:46:35 AM,5358164,'33872103176887628,"50 Lawrence ave"
','9374869903506478152921,"03/17/2021 10:06:26 AM",,"35 Ruel St","","Somersworth","NH",'03878-1313,US,.0622,"DHL SM Parcel Expedited","",'535816410317144423551,"EN ROUTE TO DHL ECOMMERCE",10:46:35 AM,5358164,'33872103176887617,"50 Lawrence ave"
','9374869903506478039697,"03/17/2021 09:52:52 AM",,"129 Sussex St","","Harrison","NJ",'07029-2121,US,.0622,"DHL SM Parcel Expedited","",'535816410317144423551,"EN ROUTE TO DHL ECOMMERCE",10:46:35 AM,5358164,'33872103176887626,"50 Lawrence ave"
','9374869903506478056304,"03/17/2021 09:55:25 AM",,"28 Wyoming Ave","","Lynbrook","NY",'11563-3726,US,.0622,"DHL SM Parcel Expedited","",'535816410317144423551,"EN ROUTE TO DHL ECOMMERCE",10:46:35 AM,5358164,'33872103176887619,"50 Lawrence ave"
','9374869903506478124423,"03/17/2021 10:03:31 AM",,"7593 Hancock St","","Bealeton","VA",'22712-5649,US,.0622,"DHL SM Parcel Expedited","",'535816410317144423551,"EN ROUTE TO DHL ECOMMERCE",10:46:35 AM,5358164,'33872103176887623,"50 Lawrence ave"
','9374869903506478302920,"03/17/2021 10:25:38 AM",,"6178 Clearsky Dr","","Jacksonville","FL",'32258-8430,US,.0622,"DHL SM Parcel Expedited","",'535816410317144423551,"EN ROUTE TO DHL ECOMMERCE",10:46:35 AM,5358164,'33872103176887615,"50 Lawrence ave"
','9374869903506478454674,"03/17/2021 10:43:35 AM",,"10848 Mystic Cir Apt 308","","Orlando","FL",'32836-6660,US,.0622,"DHL SM Parcel Expedited","",'535816410317144423551,"EN ROUTE TO DHL ECOMMERCE",10:46:35 AM,5358164,'33872103176887616,"50 Lawrence ave"
','9374869903506477730687,"03/17/2021 09:10:31 AM",,"506 Oleander Dr","","Hallandale Beach","FL",'33009-6530,US,.0666,"DHL SM Parcel Expedited","",'535816410317144423551,"EN ROUTE TO DHL ECOMMERCE",10:46:35 AM,5358164,'33872103176887625,"50 Lawrence ave"
','9374869903506478065634,"03/17/2021 09:56:14 AM",,"631 Pallet Mill Rd","","Greenville","KY",'42345-4546,US,.0622,"DHL SM Parcel Expedited","",'535816410317144423551,"EN ROUTE TO DHL ECOMMERCE",10:46:35 AM,5358164,'33872103176887622,"50 Lawrence ave"
','9374869903506478048187,"03/17/2021 09:54:10 AM",,"5173 Elyria Ave","","Lorain","OH",'44055-3108,US,.0622,"DHL SM Parcel Expedited","",'535816410317144423551,"EN ROUTE TO DHL ECOMMERCE",10:46:35 AM,5358164,'33872103176887627,"50 Lawrence ave"
','9374869903506478099172,"03/17/2021 09:59:44 AM",,"2614 Heathergold Dr","","Houston","TX",'77084-4339,US,.0622,"DHL SM Parcel Expedited","",'535816410317144423551,"EN ROUTE TO DHL ECOMMERCE",10:46:35 AM,5358164,'33872103176887621,"50 Lawrence ave"
','9374869903506478112079,"03/17/2021 10:01:40 AM",,"3503 Rainshore Dr","","Katy","TX",'77449-7151,US,.0622,"DHL SM Parcel Expedited","",'535816410317144423551,"EN ROUTE TO DHL ECOMMERCE",10:46:35 AM,5358164,'33872103176887620,"50 Lawrence ave"
','9374869903506478108164,"03/17/2021 10:01:01 AM",,"94-1086 Kepakepa St","","Waipahu","HI",'96797-4237,US,.0622,"DHL SM Parcel Expedited","",'535816410317144423551,"EN ROUTE TO DHL ECOMMERCE",10:46:35 AM,5358164,'33872103176887618,"50 Lawrence ave"
','9374869903506478094856,"03/17/2021 09:59:03 AM",,"257 North Ave NE","","Bandon","OR",'97411-9313,US,.0622,"DHL SM Parcel Expedited","",'535816410317144423551,"EN ROUTE TO DHL ECOMMERCE",10:46:35 AM,5358164,'33872103176887624,"50 Lawrence ave"
'AD12AB252A34481E9DCE8E980,',"03/17/2021 09:11:36 AM",,"30 Grand Circuit Court","","Brampton","ON",'L6Y 1A4,CA,.1325,"DHL Parcel Intl Standard","",'41703038,"EN ROUTE TO DHL ECOMMERCE",10:46:35 AM,5358164,'33872103176887459,"50 Lawrence ave"
'20210317133603794GRY342Y,'9361269903506477913107,"03/17/2021 09:36:04 AM",,"2 BURTON PL","","MIDDLETOWN","RI",'028424555,US,1.125,"DHL SM Parcel Plus Expedited","",'536137210317173623151,"EN ROUTE TO DHL ECOMMERCE",01:37:31 PM,5361372,'33872103177372069,"326 STATE RT 208"
'20210317133500537MZ2MN5W,'9374869903506477897496,"03/17/2021 09:35:03 AM",,"166 BRIDGEVIEW PL","","STRATFORD","CT",'066143626,US,.8125,"DHL SM Parcel Expedited","",'536137210317173623151,"EN ROUTE TO DHL ECOMMERCE",01:37:31 PM,5361372,'33872103177372103,"326 STATE RT 208"
'20210317133658046SQA2YYG,'9374869903506477919471,"03/17/2021 09:36:58 AM",,"53 SILVER ST","","BAYONNE","NJ",'070024315,US,.625,"DHL SM Parcel Expedited","",'536137210317173623151,"EN ROUTE TO DHL ECOMMERCE",01:37:31 PM,5361372,'33872103177372090,"326 STATE RT 208"
'20210317133741976JQGRXT4,'9374869903506477920583,"03/17/2021 09:37:42 AM",,"67 FALMOUTH AVE","","ELMWOOD PARK","NJ",'074071643,US,.75,"DHL SM Parcel Expedited","",'536137210317173623151,"EN ROUTE TO DHL ECOMMERCE",01:37:31 PM,5361372,'33872103177372071,"326 STATE RT 208"
'20210317133500582EJ03H5M,'9374869903506477899766,"03/17/2021 09:35:01 AM",,"569 DORCHESTER DR","","RIVER VALE","NJ",'076756159,US,.6875,"DHL SM Parcel Expedited","",'536137210317173623151,"EN ROUTE TO DHL ECOMMERCE",01:37:31 PM,5361372,'33872103177372089,"326 STATE RT 208"
'20210317133743443BXHLJD0,'9374869903506477923652,"03/17/2021 09:37:43 AM",,"6 N SACRAMENTO AVE # 2","","VENTNOR CITY","NJ",'084062260,US,.3125,"DHL SM Parcel Expedited","",'536137210317173623151,"EN ROUTE TO DHL ECOMMERCE",01:37:31 PM,5361372,'33872103177372111,"326 STATE RT 208"
'20210317133740218WJZ0X4Q,'9374869903506477923560,"03/17/2021 09:37:40 AM",,"124 MILL CREEK RD LOT 2","","OTEGO","NY",'138253200,US,.6875,"DHL SM Parcel Expedited","",'536137210317173623151,"EN ROUTE TO DHL ECOMMERCE",01:37:31 PM,5361372,'33872103177372105,"326 STATE RT 208"
'20210317133454453LRBND4R,'9374869903506477898028,"03/17/2021 09:34:56 AM",,"814 FOREST ST","","DOVER","DE",'199043418,US,.375,"DHL SM Parcel Expedited","",'536137210317173623151,"EN ROUTE TO DHL ECOMMERCE",01:37:31 PM,5361372,'33872103177372102,"326 STATE RT 208"
'20210317133739045XSD54BH,'9361269903506477925032,"03/17/2021 09:37:41 AM",,"1320 HARDING ST","","LYNCHBURG","VA",'245024812,US,1.3125,"DHL SM Parcel Plus Expedited","",'536137210317173623151,"EN ROUTE TO DHL ECOMMERCE",01:37:31 PM,5361372,'33872103177372092,"326 STATE RT 208"
'20210317133454484VMRLURL,'9374869903506477897366,"03/17/2021 09:34:56 AM",,"1130 W POPE ST","","BENSON","NC",'275049790,US,.6875,"DHL SM Parcel Expedited","",'536137210317173623151,"EN ROUTE TO DHL ECOMMERCE",01:37:31 PM,5361372,'33872103177372072,"326 STATE RT 208"
'20210317133744209HJE0PSJ,'9374869903506477920651,"03/17/2021 09:37:44 AM",,"1124 OLD HILLS BRIDGE RD","","PAULINE","SC",'293743231,US,.75,"DHL SM Parcel Expedited","",'536137210317173623151,"EN ROUTE TO DHL ECOMMERCE",01:37:31 PM,5361372,'33872103177372109,"326 STATE RT 208"
'202103171334544764HB2F0R,'9374869903506477900035,"03/17/2021 09:34:56 AM",,"149 PAWLEY DR","","SUMMERVILLE","SC",'294836227,US,.6875,"DHL SM Parcel Expedited","",'536137210317173623151,"EN ROUTE TO DHL ECOMMERCE",01:37:31 PM,5361372,'33872103177372074,"326 STATE RT 208"
'20210317133737943CK5WVO5,'9374869903506477924888,"03/17/2021 09:37:38 AM",,"5 ROWE AVE","","GARDEN CITY","GA",'314081715,US,.625,"DHL SM Parcel Expedited","",'536137210317173623151,"EN ROUTE TO DHL ECOMMERCE",01:37:31 PM,5361372,'33872103177372091,"326 STATE RT 208"
'20210317133737934WHGH1UC,'9374869903506477924871,"03/17/2021 09:37:38 AM",,"1435 GROTHE ST","","JACKSONVILLE","FL",'322096247,US,.5,"DHL SM Parcel Expedited","",'536137210317173623151,"EN ROUTE TO DHL ECOMMERCE",01:37:31 PM,5361372,'33872103177372083,"326 STATE RT 208"
'20210317133658046PLAS1TR,'9374869903506477918665,"03/17/2021 09:36:58 AM",,"39018 GAYLE BAY","","BOYNTON BEACH","FL",'334361955,US,.375,"DHL SM Parcel Expedited","",'536137210317173623151,"EN ROUTE TO DHL ECOMMERCE",01:37:31 PM,5361372,'33872103177372078,"326 STATE RT 208"
'202103171337419013CRTPKS,'9361269903506477925148,"03/17/2021 09:37:44 AM",,"13315 BROWN THRASHER PIKE","","LAKEWOOD RANCH","FL",'342028250,US,1.5,"DHL SM Parcel Plus Expedited","",'536137210317173623151,"EN ROUTE TO DHL ECOMMERCE",01:37:31 PM,5361372,'33872103177372093,"326 STATE RT 208"
'202103171336579771BFUCIJ,'9374869903506477919945,"03/17/2021 09:36:59 AM",,"3280 SW 115TH AVE","","OCALA","FL",'344811382,US,.875,"DHL SM Parcel Expedited","",'536137210317173623151,"EN ROUTE TO DHL ECOMMERCE",01:37:31 PM,5361372,'33872103177372081,"326 STATE RT 208"
'202103171336037974LXVAC2,'9374869903506477913080,"03/17/2021 09:36:04 AM",,"13207 SHADBERRY LN","","HUDSON","FL",'346672718,US,.5,"DHL SM Parcel Expedited","",'536137210317173623151,"EN ROUTE TO DHL ECOMMERCE",01:37:31 PM,5361372,'33872103177372087,"326 STATE RT 208"
'202103171337379862DUMWS4,'9361269903506477923946,"03/17/2021 09:37:40 AM",,"210 WOODSON DR","","TULLAHOMA","TN",'373884126,US,1.375,"DHL SM Parcel Plus Expedited","",'536137210317173623151,"EN ROUTE TO DHL ECOMMERCE",01:37:31 PM,5361372,'33872103177372084,"326 STATE RT 208"
'202103171337379322QVDLBY,'9374869903506477923492,"03/17/2021 09:37:38 AM",,"1001 GLOBE ST","","KINGSPORT","TN",'376603926,US,.6875,"DHL SM Parcel Expedited","",'536137210317173623151,"EN ROUTE TO DHL ECOMMERCE",01:37:31 PM,5361372,'33872103177372065,"326 STATE RT 208"
'20210317133737984DLK1BJD,'9374869903506477923508,"03/17/2021 09:37:38 AM",,"5942 BARRENTINE DR","","BARTLETT","TN",'381345501,US,.75,"DHL SM Parcel Expedited","",'536137210317173623151,"EN ROUTE TO DHL ECOMMERCE",01:37:31 PM,5361372,'33872103177372063,"326 STATE RT 208"
'2021031713365798004KZVAJ,'9374869903506477917774,"03/17/2021 09:36:58 AM",,"1575 YAUGER RD APT 31","","MOUNT VERNON","OH",'430508321,US,.625,"DHL SM Parcel Expedited","",'536137210317173623151,"EN ROUTE TO DHL ECOMMERCE",01:37:31 PM,5361372,'33872103177372098,"326 STATE RT 208"
'20210317133659659PJAYQ2A,'9374869903506477919556,"03/17/2021 09:37:00 AM",,"3501 REDDING RD","","COLUMBUS","OH",'432211328,US,.625,"DHL SM Parcel Expedited","",'536137210317173623151,"EN ROUTE TO DHL ECOMMERCE",01:37:31 PM,5361372,'33872103177372100,"326 STATE RT 208"
'20210317133657977DWGWCE1,'9374869903506477919464,"03/17/2021 09:36:58 AM",,"9424 MORROW WOODVILLE RD","","PLEASANT PLAIN","OH",'451629309,US,.375,"DHL SM Parcel Expedited","",'536137210317173623151,"EN ROUTE TO DHL ECOMMERCE",01:37:31 PM,5361372,'33872103177372097,"326 STATE RT 208"
'20210317133603793TC3QLIX,'9361269903506477912308,"03/17/2021 09:36:04 AM",,"2779 ROUNDTREE DR","","TROY","MI",'480832329,US,1.1875,"DHL SM Parcel Plus Expedited","",'536137210317173623151,"EN ROUTE TO DHL ECOMMERCE",01:37:31 PM,5361372,'33872103177372095,"326 STATE RT 208"
'20210317133603786OWLQEDL,'9374869903506477913202,"03/17/2021 09:36:05 AM",,"1004 25TH ST","","DES MOINES","IA",'503114206,US,.5,"DHL SM Parcel Expedited","",'536137210317173623151,"EN ROUTE TO DHL ECOMMERCE",01:37:31 PM,5361372,'33872103177372096,"326 STATE RT 208"
'202103171337409775DBWTIC,'9374869903506477924031,"03/17/2021 09:37:41 AM",,"3307 PERSHING BLVD","","CLINTON","IA",'527321430,US,.25,"DHL SM Parcel Expedited","",'536137210317173623151,"EN ROUTE TO DHL ECOMMERCE",01:37:31 PM,5361372,'33872103177372076,"326 STATE RT 208"
'20210317133657976MX5LEB0,'9374869903506477918658,"03/17/2021 09:36:58 AM",,"1201 HAWTHORN RD","","SALEM","IL",'628811028,US,.375,"DHL SM Parcel Expedited","",'536137210317173623151,"EN ROUTE TO DHL ECOMMERCE",01:37:31 PM,5361372,'33872103177372070,"326 STATE RT 208"
'20210317133739976IHH05EP,'9374869903506477925007,"03/17/2021 09:37:40 AM",,"4565 N HIGHWAY 99","","WAMEGO","KS",'665479100,US,.6875,"DHL SM Parcel Expedited","",'536137210317173623151,"EN ROUTE TO DHL ECOMMERCE",01:37:31 PM,5361372,'33872103177372079,"326 STATE RT 208"
'20210317133658874WXFC3D1,'9374869903506477919921,"03/17/2021 09:36:59 AM",,"768 COUNTY ROAD 213","","VENUS","TX",'760843884,US,.375,"DHL SM Parcel Expedited","",'536137210317173623151,"EN ROUTE TO DHL ECOMMERCE",01:37:31 PM,5361372,'33872103177372099,"326 STATE RT 208"
'20210317133500575MBO23Z1,'9374869903506477899759,"03/17/2021 09:35:01 AM",,"6215 ORANGE BLOSSOM LN","","ROSENBERG","TX",'774716683,US,.6875,"DHL SM Parcel Expedited","",'536137210317173623151,"EN ROUTE TO DHL ECOMMERCE",01:37:31 PM,5361372,'33872103177372067,"326 STATE RT 208"
'20210317133741976VBCO5MX,'9374869903506477923621,"03/17/2021 09:37:42 AM",,"1535 MOORE RD APT 421","","STAFFORD","TX",'774776858,US,.4375,"DHL SM Parcel Expedited","",'536137210317173623151,"EN ROUTE TO DHL ECOMMERCE",01:37:31 PM,5361372,'33872103177372107,"326 STATE RT 208"
'20210317133745015GKMYBEY,'9361269903506477925193,"03/17/2021 09:37:45 AM",,"655 S 23RD ST TRLR 33","","BEAUMONT","TX",'777073835,US,2.375,"DHL SM Parcel Plus Expedited","",'536137210317173623151,"EN ROUTE TO DHL ECOMMERCE",01:37:31 PM,5361372,'33872103177372073,"326 STATE RT 208"
'20210317133741005LZ05OGG,'9374869903506477923577,"03/17/2021 09:37:41 AM",,"5213 AUSTRAL LOOP","","AUSTIN","TX",'787391718,US,.4375,"DHL SM Parcel Expedited","",'536137210317173623151,"EN ROUTE TO DHL ECOMMERCE",01:37:31 PM,5361372,'33872103177372106,"326 STATE RT 208"
'20210317133742675UF11TUS,'9374869903506477925113,"03/17/2021 09:37:43 AM",,"12501 TECH RIDGE BLVD APT 918","","AUSTIN","TX",'787531142,US,.3125,"DHL SM Parcel Expedited","",'536137210317173623151,"EN ROUTE TO DHL ECOMMERCE",01:37:31 PM,5361372,'33872103177372108,"326 STATE RT 208"
'20210317133454449VL0DPCU,'9374869903506477900028,"03/17/2021 09:34:56 AM",,"2712 41ST ST","","LUBBOCK","TX",'794133206,US,.6875,"DHL SM Parcel Expedited","",'536137210317173623151,"EN ROUTE TO DHL ECOMMERCE",01:37:31 PM,5361372,'33872103177372088,"326 STATE RT 208"
'20210317133603796PPCGA1P,'9374869903506477913097,"03/17/2021 09:36:04 AM",,"1217 5TH ST","","FORT LUPTON","CO",'806211610,US,.5,"DHL SM Parcel Expedited","",'536137210317173623151,"EN ROUTE TO DHL ECOMMERCE",01:37:31 PM,5361372,'33872103177372086,"326 STATE RT 208"
'20210317133737942V51UEJS,'9361269903506477923489,"03/17/2021 09:37:38 AM",,"353 COUNTY ROAD 237","","SILT","CO",'816529537,US,1.375,"DHL SM Parcel Plus Expedited","",'536137210317173623151,"EN ROUTE TO DHL ECOMMERCE",01:37:31 PM,5361372,'33872103177372101,"326 STATE RT 208"
'20210317133454446NWJBIQ3,'9374869903506477899995,"03/17/2021 09:34:56 AM",,"205 N WILMOT RD APT 303","","TUCSON","AZ",'857113314,US,.6875,"DHL SM Parcel Expedited","",'536137210317173623151,"EN ROUTE TO DHL ECOMMERCE",01:37:31 PM,5361372,'33872103177372064,"326 STATE RT 208"
'20210317133500536KYYLFUF,'9361269903506477897476,"03/17/2021 09:35:02 AM",,"2124 DANZINGER PL","","HENDERSON","NV",'890440544,US,1.8125,"DHL SM Parcel Plus Expedited","",'536137210317173623151,"EN ROUTE TO DHL ECOMMERCE",01:37:31 PM,5361372,'33872103177372110,"326 STATE RT 208"
'20210317133603819KTOHN4C,'9374869903506477913073,"03/17/2021 09:36:04 AM",,"2825 BRIAR KNOLL DR","","HENDERSON","NV",'890747008,US,.5,"DHL SM Parcel Expedited","",'536137210317173623151,"EN ROUTE TO DHL ECOMMERCE",01:37:31 PM,5361372,'33872103177372068,"326 STATE RT 208"
'20210317133741636TA3NSMK,'9374869903506477925083,"03/17/2021 09:37:42 AM",,"126 W IMPERIAL HWY","","LOS ANGELES","CA",'900611922,US,.75,"DHL SM Parcel Expedited","",'536137210317173623151,"EN ROUTE TO DHL ECOMMERCE",01:37:31 PM,5361372,'33872103177372066,"326 STATE RT 208"
'20210317133739244DS1GKWZ,'9374869903506477924994,"03/17/2021 09:37:39 AM",,"225 W 3RD ST APT 129","","LONG BEACH","CA",'908023028,US,.3125,"DHL SM Parcel Expedited","",'536137210317173623151,"EN ROUTE TO DHL ECOMMERCE",01:37:31 PM,5361372,'33872103177372082,"326 STATE RT 208"
'20210317133739990D0J23BE,'9374869903506477925069,"03/17/2021 09:37:41 AM",,"632 W GAILLARD ST","","GLENDORA","CA",'917404949,US,.75,"DHL SM Parcel Expedited","",'536137210317173623151,"EN ROUTE TO DHL ECOMMERCE",01:37:31 PM,5361372,'33872103177372085,"326 STATE RT 208"
'20210317133500643CPKTRHL,'9374869903506477900103,"03/17/2021 09:35:01 AM",,"4220 S TROPICO DR","","LA MESA","CA",'919416868,US,.6875,"DHL SM Parcel Expedited","",'536137210317173623151,"EN ROUTE TO DHL ECOMMERCE",01:37:31 PM,5361372,'33872103177372075,"326 STATE RT 208"
'20210317133454446OESOWPT,'9374869903506477900004,"03/17/2021 09:34:56 AM",,"8302 SHEILA ST","","EL CAJON","CA",'920211167,US,.8125,"DHL SM Parcel Expedited","",'536137210317173623151,"EN ROUTE TO DHL ECOMMERCE",01:37:31 PM,5361372,'33872103177372080,"326 STATE RT 208"
'20210317133739516QA0BN2M,'9374869903506477923553,"03/17/2021 09:37:39 AM",,"1738 JASMINE ST","","EL CAJON","CA",'920213659,US,.6875,"DHL SM Parcel Expedited","",'536137210317173623151,"EN ROUTE TO DHL ECOMMERCE",01:37:31 PM,5361372,'33872103177372104,"326 STATE RT 208"
'20210317133742850UXMFFII,'9374869903506477920606,"03/17/2021 09:37:43 AM",,"146 W ALEJANDRO ST","","IMPERIAL","CA",'922518835,US,.4375,"DHL SM Parcel Expedited","",'536137210317173623151,"EN ROUTE TO DHL ECOMMERCE",01:37:31 PM,5361372,'33872103177372077,"326 STATE RT 208"
'20210317142428666T0IQPOK,'9374869903506478292672,"03/17/2021 10:24:30 AM",,"17041 FRANKLAND LN","","RIVERSIDE","CA",'925048928,US,.75,"DHL SM Parcel Expedited","",'536137210317173623151,"EN ROUTE TO DHL ECOMMERCE",01:37:31 PM,5361372,'33872103177372062,"326 STATE RT 208"
'20210317133500580RNEWLYE,'9361269903506477900893,"03/17/2021 09:35:03 AM",,"335 N 17TH ST","","SAINT HELENS","OR",'970511341,US,1.375,"DHL SM Parcel Plus Expedited","",'536137210317173623151,"EN ROUTE TO DHL ECOMMERCE",01:37:31 PM,5361372,'33872103177372094,"326 STATE RT 208"