Customer Confirmation Number,Delivery Confirmation Number,Receive Date,Recipient Name,Address Line 1,Address Line 2,City,State,Zip or Postal Code,Country,Weight (LBs),Mail Product Name,Customer Reference,BOL Number,Last Event Description,Last Event Time,Pickup Account Number,DHL Tracking Number,Pickup Address
','9374869903506248599598,"02/01/2021 10:59:53 AM",,"2149 Harvard Yard Mail Ctr","","Cambridge","MA",'02138-7511,US,.0622,"DHL SM Parcel Expedited","",'535816410201160723751,"EN ROUTE TO DHL ECOMMERCE",11:13:45 AM,5358164,'33872102014958595,"50 Lawrence ave"
','9374869903506248261327,"02/01/2021 10:32:23 AM",,"244 Main St","","Pittsfield","ME",'04967-4402,US,.0622,"DHL SM Parcel Expedited","",'535816410201160723751,"EN ROUTE TO DHL ECOMMERCE",11:13:45 AM,5358164,'33872102014958602,"50 Lawrence ave"
','9374869903506247589460,"02/01/2021 09:33:13 AM",,"435 Amston Rd","","Colchester","CT",'06415-1018,US,.0666,"DHL SM Parcel Expedited","",'535816410201160723751,"EN ROUTE TO DHL ECOMMERCE",11:13:45 AM,5358164,'33872102014958649,"50 Lawrence ave"
','9374869903506247766694,"02/01/2021 09:49:39 AM",,"131 Hudson Ave Apt 3D","","Red Bank","NJ",'07701-2159,US,.0666,"DHL SM Parcel Expedited","",'535816410201160723751,"EN ROUTE TO DHL ECOMMERCE",11:13:45 AM,5358164,'33872102014958639,"50 Lawrence ave"
','9374869903506248269682,"02/01/2021 10:33:20 AM",,"4711 Boice Dr","","North Brunswick","NJ",'08902-2002,US,.0622,"DHL SM Parcel Expedited","",'535816410201160723751,"EN ROUTE TO DHL ECOMMERCE",11:13:45 AM,5358164,'33872102014958607,"50 Lawrence ave"
','9374869903506248518414,"02/01/2021 10:53:32 AM",,"67 W End Ave","","Inwood","NY",'11096-1540,US,.0622,"DHL SM Parcel Expedited","",'535816410201160723751,"EN ROUTE TO DHL ECOMMERCE",11:13:45 AM,5358164,'33872102014958597,"50 Lawrence ave"
'C80A30A093F74DEBBC05B00E2,',"02/01/2021 09:56:52 AM",,"Mohamed sami street, bulding 5, flat 2","beside Body Car center","Giza","Maruotia, Fiesal",'12555,EG,.0662,"DHL Parcel Intl Standard","",'43541049,"EN ROUTE TO DHL ECOMMERCE",11:13:45 AM,5358164,'33872102014958948,"50 Lawrence ave"
','9374869903506247563088,"02/01/2021 09:30:34 AM",,"140 Pigeon Hill Rd","","Chenango Forks","NY",'13746-1523,US,.0666,"DHL SM Parcel Expedited","",'535816410201160723751,"EN ROUTE TO DHL ECOMMERCE",11:13:45 AM,5358164,'33872102014958631,"50 Lawrence ave"
','9374869903506247962072,"02/01/2021 10:04:58 AM",,"17 Maribeth Dr","","Chambersburg","PA",'17202-8216,US,.0622,"DHL SM Parcel Expedited","",'535816410201160723751,"EN ROUTE TO DHL ECOMMERCE",11:13:45 AM,5358164,'33872102014958628,"50 Lawrence ave"
','9374869903506248088689,"02/01/2021 10:16:08 AM",,"4017 Blakiston St Apt 8","","Philadelphia","PA",'19136-2454,US,.0622,"DHL SM Parcel Expedited","",'535816410201160723751,"EN ROUTE TO DHL ECOMMERCE",11:13:45 AM,5358164,'33872102014958611,"50 Lawrence ave"
','9374869903506248481572,"02/01/2021 10:49:49 AM",,"11 Monroe St","","Mohnton","PA",'19540-2105,US,.0622,"DHL SM Parcel Expedited","",'535816410201160723751,"EN ROUTE TO DHL ECOMMERCE",11:13:45 AM,5358164,'33872102014958592,"50 Lawrence ave"
','9374869903506247716927,"02/01/2021 09:44:52 AM",,"600 Kenilworth Ter NE Apt 522","","Washington","DC",'20019-1987,US,.0666,"DHL SM Parcel Expedited","",'535816410201160723751,"EN ROUTE TO DHL ECOMMERCE",11:13:45 AM,5358164,'33872102014958625,"50 Lawrence ave"
','9374869903506247785688,"02/01/2021 09:51:18 AM",,"9314 Cherry Hill Rd Apt 711","","College Park","MD",'20740-1252,US,.0666,"DHL SM Parcel Expedited","",'535816410201160723751,"EN ROUTE TO DHL ECOMMERCE",11:13:45 AM,5358164,'33872102014958627,"50 Lawrence ave"
','9374869903506248548145,"02/01/2021 10:55:29 AM",,"12019 Fort Washington Rd","","Fort Washington","MD",'20744-6004,US,.0622,"DHL SM Parcel Expedited","",'535816410201160723751,"EN ROUTE TO DHL ECOMMERCE",11:13:45 AM,5358164,'33872102014958598,"50 Lawrence ave"
'994657DAAA8C478C9DB965867,',"02/01/2021 09:56:00 AM",,"13 Pine Rd","","Casula","New South Wales",'2170,AU,.0662,"DHL Parcel Intl Standard","",'43541049,"EN ROUTE TO DHL ECOMMERCE",11:13:45 AM,5358164,'33872102014958949,"50 Lawrence ave"
','9374869903506247532749,"02/01/2021 09:27:39 AM",,"3300 Old Forest Rd Apt 205","","Lynchburg","VA",'24501-2921,US,.0666,"DHL SM Parcel Expedited","",'535816410201160723751,"EN ROUTE TO DHL ECOMMERCE",11:13:45 AM,5358164,'33872102014958646,"50 Lawrence ave"
','9374869903506247710567,"02/01/2021 09:44:25 AM",,"224 Hickory Hill Trl","","Elgin","SC",'29045-9395,US,.0666,"DHL SM Parcel Expedited","",'535816410201160723751,"EN ROUTE TO DHL ECOMMERCE",11:13:45 AM,5358164,'33872102014958652,"50 Lawrence ave"
','9374869903506247537652,"02/01/2021 09:28:08 AM",,"1377 Eagle Crest Dr","","Myrtle Beach","SC",'29579-7721,US,.0666,"DHL SM Parcel Expedited","",'535816410201160723751,"EN ROUTE TO DHL ECOMMERCE",11:13:45 AM,5358164,'33872102014958647,"50 Lawrence ave"
','9374869903506248503229,"02/01/2021 10:52:23 AM",,"905 Galleon St","","Cocoa","FL",'32927-5121,US,.0622,"DHL SM Parcel Expedited","",'535816410201160723751,"EN ROUTE TO DHL ECOMMERCE",11:13:45 AM,5358164,'33872102014958596,"50 Lawrence ave"
','9374869903506247611116,"02/01/2021 09:35:25 AM",,"735 NW 185th Dr","","Miami","FL",'33169-3800,US,.0666,"DHL SM Parcel Expedited","",'535816410201160723751,"EN ROUTE TO DHL ECOMMERCE",11:13:45 AM,5358164,'33872102014958638,"50 Lawrence ave"
','9374869903506248411272,"02/01/2021 10:44:34 AM",,"1025 Acorn Trl","","Wildwood","FL",'34785-5343,US,.0622,"DHL SM Parcel Expedited","",'535816410201160723751,"EN ROUTE TO DHL ECOMMERCE",11:13:45 AM,5358164,'33872102014958591,"50 Lawrence ave"
','9374869903506247749482,"02/01/2021 09:47:57 AM",,"131 SW Fernleaf Trl","","Port Saint Lucie","FL",'34953-8216,US,.0666,"DHL SM Parcel Expedited","",'535816410201160723751,"EN ROUTE TO DHL ECOMMERCE",11:13:45 AM,5358164,'33872102014958632,"50 Lawrence ave"
','9374869903506247568144,"02/01/2021 09:30:59 AM",,"6557 County Road 236","","Town Creek","AL",'35672-5813,US,.0666,"DHL SM Parcel Expedited","",'535816410201160723751,"EN ROUTE TO DHL ECOMMERCE",11:13:45 AM,5358164,'33872102014958644,"50 Lawrence ave"
','9374869903506247559906,"02/01/2021 09:30:16 AM",,"PO Box 155","","Rainsville","AL",'35986-0155,US,.0666,"DHL SM Parcel Expedited","",'535816410201160723751,"EN ROUTE TO DHL ECOMMERCE",11:13:45 AM,5358164,'33872102014958645,"50 Lawrence ave"
','9374869903506247817358,"02/01/2021 09:53:52 AM",,"53627 Highway 49","","Ashland","AL",'36251-7513,US,.1776,"DHL SM Parcel Expedited","",'535816410201160723751,"EN ROUTE TO DHL ECOMMERCE",11:13:45 AM,5358164,'33872102014958613,"50 Lawrence ave"
','9374869903506247800596,"02/01/2021 09:52:31 AM",,"1050 Mint Ridge Rd","","Carlisle","KY",'40311-9141,US,.1332,"DHL SM Parcel Expedited","",'535816410201160723751,"EN ROUTE TO DHL ECOMMERCE",11:13:45 AM,5358164,'33872102014958636,"50 Lawrence ave"
'E884D8ADEDEA44DA98CC74CC2,',"02/01/2021 09:58:05 AM",,"via beniamino disraeli 9","","reggio emilia","RE",'42124,IT,.0625,"DHL Parcel Intl Standard","",'43541049,"EN ROUTE TO DHL ECOMMERCE",11:13:45 AM,5358164,'33872102014958947,"50 Lawrence ave"
','9374869903506247755445,"02/01/2021 09:49:02 AM",,"8750 Columbus Rd Lot 52A","","Mount Vernon","OH",'43050-4454,US,.0666,"DHL SM Parcel Expedited","",'535816410201160723751,"EN ROUTE TO DHL ECOMMERCE",11:13:45 AM,5358164,'33872102014958618,"50 Lawrence ave"
','9374869903506248199590,"02/01/2021 10:27:21 AM",,"2767 Walden Bluff Ct","","Grove City","OH",'43123-1749,US,.0622,"DHL SM Parcel Expedited","",'535816410201160723751,"EN ROUTE TO DHL ECOMMERCE",11:13:45 AM,5358164,'33872102014958604,"50 Lawrence ave"
','9374869903506248175112,"02/01/2021 10:24:43 AM",,"458 Laurel Dr","","Kent","OH",'44240-3249,US,.0622,"DHL SM Parcel Expedited","",'535816410201160723751,"EN ROUTE TO DHL ECOMMERCE",11:13:45 AM,5358164,'33872102014958600,"50 Lawrence ave"
','9374869903506247798398,"02/01/2021 09:52:06 AM",,"3537 Lovers Ln","","Ravenna","OH",'44266-1868,US,.1332,"DHL SM Parcel Expedited","",'535816410201160723751,"EN ROUTE TO DHL ECOMMERCE",11:13:45 AM,5358164,'33872102014958619,"50 Lawrence ave"
','9374869903506248249158,"02/01/2021 10:31:17 AM",,"424 Tuscarawas Ave NW","","New Philadelphia","OH",'44663-1539,US,.0622,"DHL SM Parcel Expedited","",'535816410201160723751,"EN ROUTE TO DHL ECOMMERCE",11:13:45 AM,5358164,'33872102014958616,"50 Lawrence ave"
','9374869903506247540652,"02/01/2021 09:28:25 AM",,"9788 Soaring Eagle Ln","","Fishers","IN",'46055-6219,US,.0666,"DHL SM Parcel Expedited","",'535816410201160723751,"EN ROUTE TO DHL ECOMMERCE",11:13:45 AM,5358164,'33872102014958650,"50 Lawrence ave"
','9374869903506247508447,"02/01/2021 09:25:04 AM",,"6633 Crossbridge Dr","","Noblesville","IN",'46062-7361,US,.0666,"DHL SM Parcel Expedited","",'535816410201160723751,"EN ROUTE TO DHL ECOMMERCE",11:13:45 AM,5358164,'33872102014958640,"50 Lawrence ave"
','9374869903506247806789,"02/01/2021 09:53:05 AM",,"570 Juniper Rd","","Bremen","IN",'46506-9641,US,.1332,"DHL SM Parcel Expedited","",'535816410201160723751,"EN ROUTE TO DHL ECOMMERCE",11:13:45 AM,5358164,'33872102014958629,"50 Lawrence ave"
','9374869903506247780348,"02/01/2021 09:50:50 AM",,"11335 N County Road 400 W","","Seymour","IN",'47274-8999,US,.0666,"DHL SM Parcel Expedited","",'535816410201160723751,"EN ROUTE TO DHL ECOMMERCE",11:13:45 AM,5358164,'33872102014958630,"50 Lawrence ave"
'E5C8D4B4727649F092C6F7E5C,',"02/01/2021 09:54:45 AM",,"22 Mackenzie st","","Eimeo","QLD",'4740,AU,.1325,"DHL Parcel Intl Standard","",'43541049,"EN ROUTE TO DHL ECOMMERCE",11:13:45 AM,5358164,'33872102014958950,"50 Lawrence ave"
','9374869903506247977410,"02/01/2021 10:06:27 AM",,"15638 Sabre","","Fraser","MI",'48026-2737,US,.0622,"DHL SM Parcel Expedited","",'535816410201160723751,"EN ROUTE TO DHL ECOMMERCE",11:13:45 AM,5358164,'33872102014958622,"50 Lawrence ave"
','9374869903506247625861,"02/01/2021 09:37:00 AM",,"501 Cherokee Bnd","","Howell","MI",'48843-9113,US,.0666,"DHL SM Parcel Expedited","",'535816410201160723751,"EN ROUTE TO DHL ECOMMERCE",11:13:45 AM,5358164,'33872102014958651,"50 Lawrence ave"
','9374869903506247616180,"02/01/2021 09:35:54 AM",,"909 S 2nd Ave","","Washington","IA",'52353-1109,US,.0666,"DHL SM Parcel Expedited","",'535816410201160723751,"EN ROUTE TO DHL ECOMMERCE",11:13:45 AM,5358164,'33872102014958642,"50 Lawrence ave"
','9374869903506248188198,"02/01/2021 10:26:05 AM",,"1033 Providence Cmn","","Sun Prairie","WI",'53590-4586,US,.0622,"DHL SM Parcel Expedited","",'535816410201160723751,"EN ROUTE TO DHL ECOMMERCE",11:13:45 AM,5358164,'33872102014958614,"50 Lawrence ave"
','9374869903506247735249,"02/01/2021 09:46:25 AM",,"2930 47th Ave","","Rock Island","IL",'61201-6959,US,.0666,"DHL SM Parcel Expedited","",'535816410201160723751,"EN ROUTE TO DHL ECOMMERCE",11:13:45 AM,5358164,'33872102014958653,"50 Lawrence ave"
','9374869903506247602251,"02/01/2021 09:34:33 AM",,"200 N Central Ave","","Casey","IL",'62420-1523,US,.0666,"DHL SM Parcel Expedited","",'535816410201160723751,"EN ROUTE TO DHL ECOMMERCE",11:13:45 AM,5358164,'33872102014958623,"50 Lawrence ave"
','9374869903506247547088,"02/01/2021 09:29:07 AM",,"18 Green Valley Rd","","Inola","OK",'74036-9345,US,.0666,"DHL SM Parcel Expedited","",'535816410201160723751,"EN ROUTE TO DHL ECOMMERCE",11:13:45 AM,5358164,'33872102014958648,"50 Lawrence ave"
','9300169903506248204771,"02/01/2021 10:28:09 AM",,"2608 Stage Coach Ave","","Durant","OK",'74701-2473,US,.0622,"First Class Parcels","",'535816410201160723751,"EN ROUTE TO DHL ECOMMERCE",11:13:45 AM,5358164,'33872102014958609,"50 Lawrence ave"
','9374869903506247541574,"02/01/2021 09:28:42 AM",,"7216 Windhaven Rd","","N Richlnd Hls","TX",'76182-7628,US,.0666,"DHL SM Parcel Expedited","",'535816410201160723751,"EN ROUTE TO DHL ECOMMERCE",11:13:45 AM,5358164,'33872102014958626,"50 Lawrence ave"
','9374869903506247775269,"02/01/2021 09:50:17 AM",,"13114 Sycamore Heights St","","Houston","TX",'77065-3219,US,.0666,"DHL SM Parcel Expedited","",'535816410201160723751,"EN ROUTE TO DHL ECOMMERCE",11:13:45 AM,5358164,'33872102014958635,"50 Lawrence ave"
','9374869903506248493490,"02/01/2021 10:51:20 AM",,"9326 Spanish Hill Dr","","Baytown","TX",'77521-4266,US,.0622,"DHL SM Parcel Expedited","",'535816410201160723751,"EN ROUTE TO DHL ECOMMERCE",11:13:45 AM,5358164,'33872102014958603,"50 Lawrence ave"
','9374869903506248577282,"02/01/2021 10:58:03 AM",,"266 Bangor Dr","","San Antonio","TX",'78228-4726,US,.0622,"DHL SM Parcel Expedited","",'535816410201160723751,"EN ROUTE TO DHL ECOMMERCE",11:13:45 AM,5358164,'33872102014958601,"50 Lawrence ave"
','9374869903506248469402,"02/01/2021 10:48:55 AM",,"7314 Oak Manor Dr Apt 702","","San Antonio","TX",'78229-4524,US,.0622,"DHL SM Parcel Expedited","",'535816410201160723751,"EN ROUTE TO DHL ECOMMERCE",11:13:45 AM,5358164,'33872102014958594,"50 Lawrence ave"
','9374869903506247742339,"02/01/2021 09:47:21 AM",,"429 Southern St","","Corp Christi","TX",'78404-1854,US,.0666,"DHL SM Parcel Expedited","",'535816410201160723751,"EN ROUTE TO DHL ECOMMERCE",11:13:45 AM,5358164,'33872102014958633,"50 Lawrence ave"
','9374869903506248069985,"02/01/2021 10:13:58 AM",,"201 S Stoneside Dr","","El Paso","TX",'79928-7485,US,.0622,"DHL SM Parcel Expedited","",'535816410201160723751,"EN ROUTE TO DHL ECOMMERCE",11:13:45 AM,5358164,'33872102014958608,"50 Lawrence ave"
','9374869903506248638617,"02/01/2021 11:04:38 AM",,"2401 E Delgado St","","Phoenix","AZ",'85032-7017,US,.0622,"DHL SM Parcel Expedited","",'535816410201160723751,"EN ROUTE TO DHL ECOMMERCE",11:13:45 AM,5358164,'33872102014958606,"50 Lawrence ave"
','9374869903506247596338,"02/01/2021 09:33:58 AM",,"3941 E 29th St Ste 606","","Tucson","AZ",'85711-6136,US,.0666,"DHL SM Parcel Expedited","",'535816410201160723751,"EN ROUTE TO DHL ECOMMERCE",11:13:45 AM,5358164,'33872102014958641,"50 Lawrence ave"
','9374869903506248447844,"02/01/2021 10:47:16 AM",,"14761 Wilson St","","Midway City","CA",'92655-1386,US,.0622,"DHL SM Parcel Expedited","",'535816410201160723751,"EN ROUTE TO DHL ECOMMERCE",11:13:45 AM,5358164,'33872102014958605,"50 Lawrence ave"
','9374869903506248616653,"02/01/2021 11:01:50 AM",,"1006 Hudspeth St","","Simi Valley","CA",'93065-4823,US,.0622,"DHL SM Parcel Expedited","",'535816410201160723751,"EN ROUTE TO DHL ECOMMERCE",11:13:45 AM,5358164,'33872102014958599,"50 Lawrence ave"
','9374869903506248234031,"02/01/2021 10:29:48 AM",,"3605 Northwood Dr Unit E","","Concord","CA",'94520-4557,US,.0622,"DHL SM Parcel Expedited","",'535816410201160723751,"EN ROUTE TO DHL ECOMMERCE",11:13:45 AM,5358164,'33872102014958612,"50 Lawrence ave"
','9374869903506247551733,"02/01/2021 09:29:57 AM",,"131 Embarcadero W Apt 3123","","Oakland","CA",'94607-3778,US,.0666,"DHL SM Parcel Expedited","",'535816410201160723751,"EN ROUTE TO DHL ECOMMERCE",11:13:45 AM,5358164,'33872102014958634,"50 Lawrence ave"
','9374869903506248113190,"02/01/2021 10:18:38 AM",,"PO Box 579","","Lucerne","CA",'95458-0579,US,.0622,"DHL SM Parcel Expedited","",'535816410201160723751,"EN ROUTE TO DHL ECOMMERCE",11:13:45 AM,5358164,'33872102014958610,"50 Lawrence ave"
','9374869903506248125469,"02/01/2021 10:19:43 AM",,"1100 Roseville Pkwy Apt 1216","","Roseville","CA",'95678-4114,US,.0622,"DHL SM Parcel Expedited","",'535816410201160723751,"EN ROUTE TO DHL ECOMMERCE",11:13:45 AM,5358164,'33872102014958617,"50 Lawrence ave"
','9374869903506247721501,"02/01/2021 09:45:17 AM",,"1170 Mililani St","","Hilo","HI",'96720-5050,US,.0666,"DHL SM Parcel Expedited","",'535816410201160723751,"EN ROUTE TO DHL ECOMMERCE",11:13:45 AM,5358164,'33872102014958624,"50 Lawrence ave"
','9374869903506247621245,"02/01/2021 09:36:30 AM",,"46-444 KUNEKI ST","","KANEOHE","HI",'96744-3535,US,.0666,"DHL SM Parcel Expedited","",'535816410201160723751,"EN ROUTE TO DHL ECOMMERCE",11:13:45 AM,5358164,'33872102014958621,"50 Lawrence ave"
','9374869903506248623576,"02/01/2021 11:03:00 AM",,"2299 Kuhio Ave","","Honolulu","HI",'96815-2698,US,.0622,"DHL SM Parcel Expedited","",'535816410201160723751,"EN ROUTE TO DHL ECOMMERCE",11:13:45 AM,5358164,'33872102014958593,"50 Lawrence ave"
','9374869903506247813268,"02/01/2021 09:53:25 AM",,"908 Lees Creek Rd","","Myrtle Creek","OR",'97457-9619,US,.1776,"DHL SM Parcel Expedited","",'535816410201160723751,"EN ROUTE TO DHL ECOMMERCE",11:13:45 AM,5358164,'33872102014958620,"50 Lawrence ave"
','9374869903506247748782,"02/01/2021 09:48:33 AM",,"1821 SW 349th PL","","Federal Way","WA",'98023-6904,US,.0666,"DHL SM Parcel Expedited","",'535816410201160723751,"EN ROUTE TO DHL ECOMMERCE",11:13:45 AM,5358164,'33872102014958615,"50 Lawrence ave"
','9374869903506247727145,"02/01/2021 09:45:48 AM",,"8503 281st Street Ct E","","Graham","WA",'98338-9381,US,.0666,"DHL SM Parcel Expedited","",'535816410201160723751,"EN ROUTE TO DHL ECOMMERCE",11:13:45 AM,5358164,'33872102014958643,"50 Lawrence ave"
','9374869903506247736697,"02/01/2021 09:46:54 AM",,"17214 NE 26th Way","","Vancouver","WA",'98684-0743,US,.0666,"DHL SM Parcel Expedited","",'535816410201160723751,"EN ROUTE TO DHL ECOMMERCE",11:13:45 AM,5358164,'33872102014958637,"50 Lawrence ave"