Customer Confirmation Number,Delivery Confirmation Number,Receive Date,Recipient Name,Address Line 1,Address Line 2,City,State,Zip or Postal Code,Country,Weight (LBs),Mail Product Name,Customer Reference,BOL Number,Last Event Description,Last Event Time,Pickup Account Number,DHL Tracking Number,Pickup Address
'GM555348587000081793,',"03/31/2021 04:02:19 AM",SARAH ADAMS,"7 BATMAN ST","","FITZROY NORTH","VIC",'3068,AU,.19,"DHL Parcel Intl Standard","",',"EN ROUTE TO DHL ECOMMERCE",04:04:32 AM,5345286,'33882103319275608,"1584 CARROLL ST."
'GM555348587000081809,',"03/31/2021 04:02:19 AM",HEATHER ARGENTINO,"8 ASTELOT DR","","DONVALE","VIC",'3111,AU,.19,"DHL Parcel Intl Standard","",',"EN ROUTE TO DHL ECOMMERCE",04:04:32 AM,5345286,'33882103319275611,"1584 CARROLL ST."
'GM555348587000081830,',"03/31/2021 04:02:19 AM",CHERYL FREEMAN,"15 MONTGOMERY CT","","KILSYTH","VIC",'3137,AU,.19,"DHL Parcel Intl Standard","",',"EN ROUTE TO DHL ECOMMERCE",04:04:32 AM,5345286,'33882103319275613,"1584 CARROLL ST."
'GM555348587000081816,',"03/31/2021 04:02:19 AM",LAURA PATERSON,"38 AINTREE CL","","CLYDE","VIC",'3978,AU,.19,"DHL Parcel Intl Standard","",',"EN ROUTE TO DHL ECOMMERCE",04:04:32 AM,5345286,'33882103319275610,"1584 CARROLL ST."
'GM555348587000081847,',"03/31/2021 04:02:19 AM",LOUISA CASAGRANDE,"48 EASTWOOD ST","","CHANDLER","QLD",'4155,AU,.19,"DHL Parcel Intl Standard","",',"EN ROUTE TO DHL ECOMMERCE",04:04:32 AM,5345286,'33882103319275614,"1584 CARROLL ST."
'GM555348587000081762,',"03/31/2021 04:02:19 AM",KERRY LUCIVERO,"24 MARTIN ST","","RISDON PARK","SA",'5540,AU,.19,"DHL Parcel Intl Standard","",',"EN ROUTE TO DHL ECOMMERCE",04:04:32 AM,5345286,'33882103319275609,"1584 CARROLL ST."
'GM555348587000081823,',"03/31/2021 04:02:19 AM",JO PALERMO,"6 TOBAR RD","","DALYELLUP","WA",'6230,AU,.19,"DHL Parcel Intl Standard","",',"EN ROUTE TO DHL ECOMMERCE",04:04:32 AM,5345286,'33882103319275607,"1584 CARROLL ST."
'GM555348587000081779,',"03/31/2021 04:02:19 AM",BOBBI GILLIS,"PO BOX 40","","WATFORD","ON",'N0M 2S0,CA,.19,"DHL Parcel Intl Standard","",',"EN ROUTE TO DHL ECOMMERCE",04:04:32 AM,5345286,'33882103319275612,"1584 CARROLL ST."
'GM555348587000081786,',"03/31/2021 04:02:19 AM",CAMILLA IRONSTAND,"PO BOX 89","","TOOTINAOWAZIIBEENG","MB",'R0L 2L0,CA,.19,"DHL Parcel Intl Standard","",',"EN ROUTE TO DHL ECOMMERCE",04:04:32 AM,5345286,'33882103319275606,"1584 CARROLL ST."