Customer Confirmation Number,Delivery Confirmation Number,Receive Date,Recipient Name,Address Line 1,Address Line 2,City,State,Zip or Postal Code,Country,Weight (LBs),Mail Product Name,Customer Reference,BOL Number,Last Event Description,Last Event Time,Pickup Account Number,DHL Tracking Number,Pickup Address
'20210126155353855ATJJXIP,',"01/26/2021 10:53:56 AM",,"Triq il-Bankiera","","Qormi","Qomri",'QRM3031,MT,.25,"DHL Parcel Intl Standard","",'42054342,"EN ROUTE TO DHL ECOMMERCE",10:57:21 AM,5345229,'33872101260237024,"1584 CARROLL ST"
','9374869903506217858534,"01/26/2021 09:11:26 AM",,"36 NELSON ST","","STAMFORD","CT",'06902,US,.375,"DHL SM Parcel Expedited","1352533",'535103010126141223651,"EN ROUTE TO DHL ECOMMERCE",09:13:07 AM,5351030,'33872101260103481,"660 LEFFERTS AVE"
','9374869903506217861732,"01/26/2021 09:11:22 AM",,"17155 45TH AVE","","FLUSHING","NY",'11358,US,.3125,"DHL SM Parcel Expedited","1352533",'535103010126141223651,"EN ROUTE TO DHL ECOMMERCE",09:13:07 AM,5351030,'33872101260103482,"660 LEFFERTS AVE"
','9361269903506217858439,"01/26/2021 09:11:23 AM",,"360 STAVER RD","","REINHOLDS","PA",'17569,US,1.4375,"DHL SM Parcel Plus Expedited","1352533",'535103010126141223651,"EN ROUTE TO DHL ECOMMERCE",09:13:07 AM,5351030,'33872101260103483,"660 LEFFERTS AVE"
','9361269903506217860654,"01/26/2021 09:11:22 AM",,"31 KEENAN LN","","SOUTHAMPTON","PA",'18966,US,2.5,"DHL SM Parcel Plus Expedited","1352533",'535103010126141223651,"EN ROUTE TO DHL ECOMMERCE",09:13:07 AM,5351030,'33872101260103478,"660 LEFFERTS AVE"
','9374869903506217858428,"01/26/2021 09:11:22 AM",,"890 SLICK FISHER RD","","LAKE TOXAWAY","NC",'28747,US,.1875,"DHL SM Parcel Expedited","1352533",'535103010126141223651,"EN ROUTE TO DHL ECOMMERCE",09:13:07 AM,5351030,'33872101260103484,"660 LEFFERTS AVE"
','9361269903506217861934,"01/26/2021 09:11:25 AM",,"451 LANCASTER DR","","PINGREE GROVE","IL",'60140,US,2.125,"DHL SM Parcel Plus Expedited","1352533",'535103010126141223651,"EN ROUTE TO DHL ECOMMERCE",09:13:07 AM,5351030,'33872101260103479,"660 LEFFERTS AVE"
','9374869903506217858411,"01/26/2021 09:11:22 AM",,"3819 MONTGOMERY DR","","GRANBURY","TX",'76049,US,.5,"DHL SM Parcel Expedited","1352533",'535103010126141223651,"EN ROUTE TO DHL ECOMMERCE",09:13:07 AM,5351030,'33872101260103480,"660 LEFFERTS AVE"
','9374869903506218152006,"01/26/2021 09:48:04 AM",,"49 Dogwood Dr","","Southington","CT",'06489-3329,US,.0666,"DHL SM Parcel Expedited","",'535816410126145623851,"EN ROUTE TO DHL ECOMMERCE",09:57:53 AM,5358164,'33872101260147762,"50 Lawrence ave"
','9374869903506218170376,"01/26/2021 09:50:51 AM",,"158 Kingsland Cir","","Monmouth Junction","NJ",'08852-2535,US,.0666,"DHL SM Parcel Expedited","",'535816410126145623851,"EN ROUTE TO DHL ECOMMERCE",09:57:53 AM,5358164,'33872101260147766,"50 Lawrence ave"
','9374869903506218194204,"01/26/2021 09:53:46 AM",,"2266 Charing Cross Rd","","Baldwin","NY",'11510-3004,US,.0666,"DHL SM Parcel Expedited","",'535816410126145623851,"EN ROUTE TO DHL ECOMMERCE",09:57:53 AM,5358164,'33872101260147780,"50 Lawrence ave"
','9374869903506218122603,"01/26/2021 09:45:23 AM",,"5806 Belcher Farm Dr","","Centreville","VA",'20120-2944,US,.0622,"DHL SM Parcel Expedited","",'535816410126145623851,"EN ROUTE TO DHL ECOMMERCE",09:57:53 AM,5358164,'33872101260147773,"50 Lawrence ave"
','9374869903506218156455,"01/26/2021 09:48:54 AM",,"3509 John Carroll Dr","","Olney","MD",'20832-2214,US,.0666,"DHL SM Parcel Expedited","",'535816410126145623851,"EN ROUTE TO DHL ECOMMERCE",09:57:53 AM,5358164,'33872101260147777,"50 Lawrence ave"
','9374869903506218175142,"01/26/2021 09:51:35 AM",,"8707 Simpson Rd","","Waxhaw","NC",'28173-8423,US,.0666,"DHL SM Parcel Expedited","",'535816410126145623851,"EN ROUTE TO DHL ECOMMERCE",09:57:53 AM,5358164,'33872101260147760,"50 Lawrence ave"
','9374869903506218157889,"01/26/2021 09:48:40 AM",,"308 S MCLIN CREEK RD TRLR 20","","CONOVER","NC",'28613-9029,US,.0666,"DHL SM Parcel Expedited","",'535816410126145623851,"EN ROUTE TO DHL ECOMMERCE",09:57:53 AM,5358164,'33872101260147765,"50 Lawrence ave"
','9374869903506218118965,"01/26/2021 09:44:27 AM",,"43 Clear Creekside Dr","","Hendersonville","NC",'28792-8027,US,.0622,"DHL SM Parcel Expedited","",'535816410126145623851,"EN ROUTE TO DHL ECOMMERCE",09:57:53 AM,5358164,'33872101260147782,"50 Lawrence ave"
','9374869903506218108898,"01/26/2021 09:42:54 AM",,"4409 Persian Ct","","Snellville","GA",'30039-3301,US,.0622,"DHL SM Parcel Expedited","",'535816410126145623851,"EN ROUTE TO DHL ECOMMERCE",09:57:53 AM,5358164,'33872101260147767,"50 Lawrence ave"
','9374869903506218182553,"01/26/2021 09:52:38 AM",,"2515 Culbreath Cove Ct","","Valrico","FL",'33596-6387,US,.0666,"DHL SM Parcel Expedited","",'535816410126145623851,"EN ROUTE TO DHL ECOMMERCE",09:57:53 AM,5358164,'33872101260147759,"50 Lawrence ave"
','9374869903506218142687,"01/26/2021 09:47:03 AM",,"11150 4th St N Apt 2806","","Saint Petersburg","FL",'33716-2902,US,.0622,"DHL SM Parcel Expedited","",'535816410126145623851,"EN ROUTE TO DHL ECOMMERCE",09:57:53 AM,5358164,'33872101260147779,"50 Lawrence ave"
','9374869903506218152662,"01/26/2021 09:48:22 AM",,"1934 County Road 194","","Fredericktown","OH",'43019-9253,US,.0666,"DHL SM Parcel Expedited","",'535816410126145623851,"EN ROUTE TO DHL ECOMMERCE",09:57:53 AM,5358164,'33872101260147776,"50 Lawrence ave"
','9374869903506217931435,"01/26/2021 09:22:30 AM",,"6686 Forest Glen Ave","","Solon","OH",'44139-4044,US,.0622,"DHL SM Parcel Expedited","",'535816410126145623851,"EN ROUTE TO DHL ECOMMERCE",09:57:53 AM,5358164,'33872101260147769,"50 Lawrence ave"
','9374869903506218158718,"01/26/2021 09:49:12 AM",,"6633 Crossbridge Dr","","Noblesville","IN",'46062-7361,US,.0666,"DHL SM Parcel Expedited","",'535816410126145623851,"EN ROUTE TO DHL ECOMMERCE",09:57:53 AM,5358164,'33872101260147775,"50 Lawrence ave"
','9374869903506217952157,"01/26/2021 09:25:05 AM",,"275 Merton Rd Apt 301","","Detroit","MI",'48203-2289,US,.0622,"DHL SM Parcel Expedited","",'535816410126145623851,"EN ROUTE TO DHL ECOMMERCE",09:57:53 AM,5358164,'33872101260147768,"50 Lawrence ave"
','9374869903506218163989,"01/26/2021 09:49:51 AM",,"1247 Saint Anthony Ave","Apt 915","saint paul","MN",'55104-4136,US,.0666,"DHL SM Parcel Expedited","",'535816410126145623851,"EN ROUTE TO DHL ECOMMERCE",09:57:53 AM,5358164,'33872101260147761,"50 Lawrence ave"
','9374869903506218204378,"01/26/2021 09:54:41 AM",,"103 Field Grove Ct","","East Peoria","IL",'61611-4323,US,.1776,"DHL SM Parcel Expedited","",'535816410126145623851,"EN ROUTE TO DHL ECOMMERCE",09:57:53 AM,5358164,'33872101260147757,"50 Lawrence ave"
','9374869903506218094276,"01/26/2021 09:40:58 AM",,"402 S 26th St","","Lexington","MO",'64067-1925,US,.0622,"DHL SM Parcel Expedited","",'535816410126145623851,"EN ROUTE TO DHL ECOMMERCE",09:57:53 AM,5358164,'33872101260147772,"50 Lawrence ave"
','9374869903506218165358,"01/26/2021 09:50:07 AM",,"6015 E Red Bridge Rd","","Kansas City","MO",'64134-2631,US,.0666,"DHL SM Parcel Expedited","",'535816410126145623851,"EN ROUTE TO DHL ECOMMERCE",09:57:53 AM,5358164,'33872101260147778,"50 Lawrence ave"
'8C5A73EA4F924772B52C04A11,',"01/26/2021 09:53:18 AM",,"bergittavegen 27","","trondheim","",'7021,NO,.0662,"DHL Parcel Intl Standard","",'42054172,"EN ROUTE TO DHL ECOMMERCE",09:57:53 AM,5358164,'33872101260147958,"50 Lawrence ave"
','9374869903506217897526,"01/26/2021 09:16:45 AM",,"20021 Jones Ln","","Ponchatoula","LA",'70454-4627,US,.0622,"DHL SM Parcel Expedited","",'535816410126145623851,"EN ROUTE TO DHL ECOMMERCE",09:57:53 AM,5358164,'33872101260147771,"50 Lawrence ave"
','9374869903506218179058,"01/26/2021 09:52:03 AM",,"833 Birdsong","","Bedford","TX",'76021-4349,US,.1332,"DHL SM Parcel Expedited","",'535816410126145623851,"EN ROUTE TO DHL ECOMMERCE",09:57:53 AM,5358164,'33872101260147758,"50 Lawrence ave"
','9374869903506218076555,"01/26/2021 09:38:57 AM",,"4550 Addenbrooke Loop","","Castle Rock","CO",'80109-8713,US,.0622,"DHL SM Parcel Expedited","",'535816410126145623851,"EN ROUTE TO DHL ECOMMERCE",09:57:53 AM,5358164,'33872101260147764,"50 Lawrence ave"
','9374869903506218101868,"01/26/2021 09:41:44 AM",,"1430 Albion St","Apt 206","Denver","CO",'80220-2344,US,.0622,"DHL SM Parcel Expedited","",'535816410126145623851,"EN ROUTE TO DHL ECOMMERCE",09:57:53 AM,5358164,'33872101260147781,"50 Lawrence ave"
','9374869903506218172578,"01/26/2021 09:51:17 AM",,"6079 S Hydrangea Way","","Saint George","UT",'84790-1885,US,.0666,"DHL SM Parcel Expedited","",'535816410126145623851,"EN ROUTE TO DHL ECOMMERCE",09:57:53 AM,5358164,'33872101260147763,"50 Lawrence ave"
','9374869903506218199445,"01/26/2021 09:54:15 AM",,"309 Sposito Cir","","San Jose","CA",'95136-2140,US,.1332,"DHL SM Parcel Expedited","",'535816410126145623851,"EN ROUTE TO DHL ECOMMERCE",09:57:53 AM,5358164,'33872101260147756,"50 Lawrence ave"
','9374869903506218165723,"01/26/2021 09:50:22 AM",,"134 Dechene Ave","","Sonoma","CA",'95476-3611,US,.0666,"DHL SM Parcel Expedited","",'535816410126145623851,"EN ROUTE TO DHL ECOMMERCE",09:57:53 AM,5358164,'33872101260147774,"50 Lawrence ave"
','9374869903506217923447,"01/26/2021 09:21:23 AM",,"1925 Mary Rose Ln","","Lincoln","CA",'95648-8623,US,.0622,"DHL SM Parcel Expedited","",'535816410126145623851,"EN ROUTE TO DHL ECOMMERCE",09:57:53 AM,5358164,'33872101260147770,"50 Lawrence ave"
'2937E359916B4F4085787ACF3,',"01/26/2021 09:19:11 AM",,"1271 Latta Cres NW","","Edmonton","AB",'T6R 3T2,CA,.0625,"DHL Parcel Intl Standard","",'42054172,"EN ROUTE TO DHL ECOMMERCE",09:57:53 AM,5358164,'33872101260147959,"50 Lawrence ave"
'296CFD8EA8E94687A32F694C3,',"01/26/2021 09:55:25 AM",,"185 Hillvale crescent","185 Hillvale  crescent","Strathmore","AB",'V1X4M8,CA,.0662,"DHL Parcel Intl Standard","",'42054172,"EN ROUTE TO DHL ECOMMERCE",09:57:53 AM,5358164,'33872101260147957,"50 Lawrence ave"