Customer Confirmation Number,Delivery Confirmation Number,Receive Date,Recipient Name,Address Line 1,Address Line 2,City,State,Zip or Postal Code,Country,Weight (LBs),Mail Product Name,Customer Reference,BOL Number,Last Event Description,Last Event Time,Pickup Account Number,DHL Tracking Number,Pickup Address
'GM555348799000001248,',"03/10/2021 03:15:53 AM",NATHAN REUBEN MOSS,"TOWER A, UNIT 906B, BSA TWIN TOWER","JULIA VARGAS, CORNER BANK DR, ORTIGAS CENTER","MANDALUYONG","METRO MANI",'1550,PH,.5,"DHL Parcel Intl Standard","",',"EN ROUTE TO DHL ECOMMERCE",03:19:31 AM,5345286,'33882103100264157,"1584 CARROLL ST."
'WAXFQGWZA8FXINR,',"03/10/2021 12:11:09 AM",,"1 Labassa Grove","","Caulfield North","VIC",'3161,AU,1.13,"DHL Parcel Intl Standard","NO",'41704857,"EN ROUTE TO DHL ECOMMERCE",12:16:22 AM,5346957,'33872103100044404,"421 KINGSTON AVE"
'20210310183914551DFWKUCN,'9374869903506443602512,"03/10/2021 01:39:17 PM",,"1373 MAIN ST","","FRENCHBURG","KY",'403228698,US,.4,"DHL SM Parcel Expedited","",'535776610310190323251,"EN ROUTE TO DHL ECOMMERCE",02:08:25 PM,5357766,'33872103101401632,"5 Mezabish Pl."
'20210310162406496U0IOWT1,'9374869903506442720422,"03/10/2021 11:24:08 AM",,"8679 PINKHURST DR","","MINOCQUA","WI",'545489757,US,.4,"DHL SM Parcel Expedited","",'535776610310190323251,"EN ROUTE TO DHL ECOMMERCE",02:08:25 PM,5357766,'33872103101401636,"5 Mezabish Pl."
'20210310171359121BP0YFK4,'9374869903506443067304,"03/10/2021 12:14:01 PM",,"1404 E BOIS D ARC AVE","BRICK HOUSE BEHIND HEAVY TRUCK IN FENCE","DUNCAN","OK",'735339493,US,.6,"DHL SM Parcel Expedited","",'535776610310190323251,"EN ROUTE TO DHL ECOMMERCE",02:08:25 PM,5357766,'33872103101401633,"5 Mezabish Pl."
'20210310162453235NMDG3CR,'9374869903506442725366,"03/10/2021 11:24:55 AM",,"1601 N LEE AVE","","ODESSA","TX",'797612565,US,.8,"DHL SM Parcel Expedited","",'535776610310190323251,"EN ROUTE TO DHL ECOMMERCE",02:08:25 PM,5357766,'33872103101401634,"5 Mezabish Pl."
'20210310162412650ZVT24L1,'9374869903506442722006,"03/10/2021 11:24:14 AM",,"8710 ECHO ST","","EL PASO","TX",'799041846,US,.125,"DHL SM Parcel Expedited","",'535776610310190323251,"EN ROUTE TO DHL ECOMMERCE",02:08:25 PM,5357766,'33872103101401635,"5 Mezabish Pl."
','9374869903506441998303,"03/10/2021 09:52:28 AM",,"256 Elm St Apt 3","","Southampton","NY",'11968-3452,US,.0666,"DHL SM Parcel Expedited","",'535816410310145923351,"EN ROUTE TO DHL ECOMMERCE",10:07:36 AM,5358164,'33872103100854274,"50 Lawrence ave"
','9374869903506442013180,"03/10/2021 09:54:16 AM",,"434 Eureka St","","Pittsburgh","PA",'15211-2108,US,.0666,"DHL SM Parcel Expedited","",'535816410310145923351,"EN ROUTE TO DHL ECOMMERCE",10:07:36 AM,5358164,'33872103100854277,"50 Lawrence ave"
','9374869903506441709053,"03/10/2021 09:16:41 AM",,"910 Louise Ave Apt D1","","Lancaster","PA",'17601-5175,US,.0622,"DHL SM Parcel Expedited","",'535816410310145923351,"EN ROUTE TO DHL ECOMMERCE",10:07:36 AM,5358164,'33872103100854279,"50 Lawrence ave"
','9374869903506441733393,"03/10/2021 09:20:03 AM",,"195 Holly Oak Ln","","Annapolis","MD",'21409-5918,US,.0622,"DHL SM Parcel Expedited","",'535816410310145923351,"EN ROUTE TO DHL ECOMMERCE",10:07:36 AM,5358164,'33872103100854267,"50 Lawrence ave"
','9374869903506441577164,"03/10/2021 08:58:20 AM",,"3112 Ainsley Woods Dr","","Charlotte","NC",'28214-2066,US,.0622,"DHL SM Parcel Expedited","",'535816410310145923351,"EN ROUTE TO DHL ECOMMERCE",10:07:36 AM,5358164,'33872103100854288,"50 Lawrence ave"
','9374869903506441986232,"03/10/2021 09:51:29 AM",,"601 Lexington Way","","Woodstock","GA",'30189-5365,US,.0666,"DHL SM Parcel Expedited","",'535816410310145923351,"EN ROUTE TO DHL ECOMMERCE",10:07:36 AM,5358164,'33872103100854271,"50 Lawrence ave"
','9374869903506441984580,"03/10/2021 09:51:16 AM",,"601 Jackson Blvd","","Savannah","GA",'31405-5916,US,.0666,"DHL SM Parcel Expedited","",'535816410310145923351,"EN ROUTE TO DHL ECOMMERCE",10:07:36 AM,5358164,'33872103100854283,"50 Lawrence ave"
','9374869903506441572046,"03/10/2021 08:57:34 AM",,"968 Chalmet Ln","","Jacksonville","FL",'32218-3625,US,.0622,"DHL SM Parcel Expedited","",'535816410310145923351,"EN ROUTE TO DHL ECOMMERCE",10:07:36 AM,5358164,'33872103100854286,"50 Lawrence ave"
','9374869903506441722632,"03/10/2021 09:18:36 AM",,"2928 Patricia Ann Ln","","Panama City","FL",'32405-6393,US,.0622,"DHL SM Parcel Expedited","",'535816410310145923351,"EN ROUTE TO DHL ECOMMERCE",10:07:36 AM,5358164,'33872103100854284,"50 Lawrence ave"
','9374869903506442008094,"03/10/2021 09:53:49 AM",,"5121 SW 155th Ave","","Miramar","FL",'33027-5626,US,.0666,"DHL SM Parcel Expedited","",'535816410310145923351,"EN ROUTE TO DHL ECOMMERCE",10:07:36 AM,5358164,'33872103100854276,"50 Lawrence ave"
','9374869903506441538431,"03/10/2021 08:53:29 AM",,"1164 S McDonough St","","Montgomery","AL",'36104-5044,US,.0622,"DHL SM Parcel Expedited","",'535816410310145923351,"EN ROUTE TO DHL ECOMMERCE",10:07:36 AM,5358164,'33872103100854291,"50 Lawrence ave"
','9374869903506441537557,"03/10/2021 08:53:17 AM",,"1164 S McDonough St","","Montgomery","AL",'36104-5044,US,.0622,"DHL SM Parcel Expedited","",'535816410310145923351,"EN ROUTE TO DHL ECOMMERCE",10:07:36 AM,5358164,'33872103100854285,"50 Lawrence ave"
','9374869903506441963752,"03/10/2021 09:48:44 AM",,"2750 CLINGAN DRIVE NW","Apt. 10.","CLEVELAND","TN",'37311,US,.0622,"DHL SM Parcel Expedited","",'535816410310145923351,"EN ROUTE TO DHL ECOMMERCE",10:07:36 AM,5358164,'33872103100854282,"50 Lawrence ave"
','9374869903506441567110,"03/10/2021 08:56:45 AM",,"12800 N Lake Shore Dr","","Mequon","WI",'53097-2402,US,.0622,"DHL SM Parcel Expedited","",'535816410310145923351,"EN ROUTE TO DHL ECOMMERCE",10:07:36 AM,5358164,'33872103100854289,"50 Lawrence ave"
','9374869903506441741121,"03/10/2021 09:20:51 AM",,"12800 N Lake Shore Dr","","Mequon","WI",'53097-2402,US,.0622,"DHL SM Parcel Expedited","",'535816410310145923351,"EN ROUTE TO DHL ECOMMERCE",10:07:36 AM,5358164,'33872103100854268,"50 Lawrence ave"
','9374869903506441698401,"03/10/2021 09:15:36 AM",,"2107 General Electric Rd Apt 8","","Bloomington","IL",'61704-2495,US,.0622,"DHL SM Parcel Expedited","",'535816410310145923351,"EN ROUTE TO DHL ECOMMERCE",10:07:36 AM,5358164,'33872103100854281,"50 Lawrence ave"
','9374869903506441483526,"03/10/2021 08:42:59 AM",,"3114 NE Mayflower Ave","","Lawton","OK",'73507-3456,US,.0622,"DHL SM Parcel Expedited","",'535816410310145923351,"EN ROUTE TO DHL ECOMMERCE",10:07:36 AM,5358164,'33872103100854290,"50 Lawrence ave"
','9374869903506441995807,"03/10/2021 09:52:41 AM",,"4538A Belt Line Rd","","Addison","TX",'75001-4515,US,.0666,"DHL SM Parcel Expedited","",'535816410310145923351,"EN ROUTE TO DHL ECOMMERCE",10:07:36 AM,5358164,'33872103100854273,"50 Lawrence ave"
','9374869903506442016129,"03/10/2021 09:54:28 AM",,"16831 Whighams Pl","","Richmond","TX",'77407-2104,US,.0666,"DHL SM Parcel Expedited","",'535816410310145923351,"EN ROUTE TO DHL ECOMMERCE",10:07:36 AM,5358164,'33872103100854280,"50 Lawrence ave"
','9374869903506441746218,"03/10/2021 09:21:42 AM",,"808 Texas Ave","","San Antonio","TX",'78201-6039,US,.0622,"DHL SM Parcel Expedited","",'535816410310145923351,"EN ROUTE TO DHL ECOMMERCE",10:07:36 AM,5358164,'33872103100854269,"50 Lawrence ave"
','9374869903506442017546,"03/10/2021 09:54:43 AM",,"116 W Boise St","","Horseshoe Bend","ID",'83629-5048,US,.0666,"DHL SM Parcel Expedited","",'535816410310145923351,"EN ROUTE TO DHL ECOMMERCE",10:07:36 AM,5358164,'33872103100854272,"50 Lawrence ave"
','9374869903506441557005,"03/10/2021 08:55:32 AM",,"1825 Home Ter","","Pomona","CA",'91768-1285,US,.0622,"DHL SM Parcel Expedited","",'535816410310145923351,"EN ROUTE TO DHL ECOMMERCE",10:07:36 AM,5358164,'33872103100854287,"50 Lawrence ave"
','9374869903506442053919,"03/10/2021 09:59:20 AM",,"470 Higos Way","","Nipomo","CA",'93444-8940,US,.0622,"DHL SM Parcel Expedited","",'535816410310145923351,"EN ROUTE TO DHL ECOMMERCE",10:07:36 AM,5358164,'33872103100854278,"50 Lawrence ave"
','9374869903506441988748,"03/10/2021 09:51:41 AM",,"565 Marge Way","","San Jose","CA",'95117-1552,US,.0666,"DHL SM Parcel Expedited","",'535816410310145923351,"EN ROUTE TO DHL ECOMMERCE",10:07:36 AM,5358164,'33872103100854270,"50 Lawrence ave"
','9374869903506442010585,"03/10/2021 09:54:04 AM",,"512 Clover Ave","","Patterson","CA",'95363-9110,US,.0666,"DHL SM Parcel Expedited","",'535816410310145923351,"EN ROUTE TO DHL ECOMMERCE",10:07:36 AM,5358164,'33872103100854275,"50 Lawrence ave"
'BD1B33CCB8044412823B50666,',"03/10/2021 09:56:10 AM",,"174 Pleasantview Drive","","Pembroke","ON",'K8B 1B8,CA,.1325,"DHL Parcel Intl Standard","",'41705282,"EN ROUTE TO DHL ECOMMERCE",10:07:36 AM,5358164,'33872103100854292,"50 Lawrence ave"
'10213,'9370369903506443442803,"03/10/2021 01:13:49 PM",,"Test Address 1","Test Address 2","Chicago","IL",'60007,US,.0625,"SM Marketing Parcel Ground","Pckg Details Test Billing Ref",'536008710310181523151,"EN ROUTE TO DHL ECOMMERCE",01:18:45 PM,5360087,'33872103101290312,"201 RT 59"
'10331,'9341969903506443449109,"03/10/2021 01:14:26 PM",,"Test Address 1","Test Address 2","Chicago","IL",'60007,US,1,"DHL SM BPM Ground","Pckg Details Test Billing Ref",'536008710310181523151,"EN ROUTE TO DHL ECOMMERCE",01:18:45 PM,5360087,'33872103101290313,"201 RT 59"
'10212,'9374869903506443444037,"03/10/2021 01:13:46 PM",,"Test Address 1","Test Address 2","Chicago","IL",'60007,US,.0625,"DHL SM Parcel Ground","Pckg Details Test Billing Ref",'536008710310181523151,"EN ROUTE TO DHL ECOMMERCE",01:18:45 PM,5360087,'33872103101290314,"201 RT 59"
'11534,'9341969903506443448935,"03/10/2021 01:14:23 PM",,"Test Address 1","Test Address 2","Chicago","IL",'60007,US,1,"DHL SM BPM Expedited","Pckg Details Test Billing Ref",'536008710310181523151,"EN ROUTE TO DHL ECOMMERCE",01:18:45 PM,5360087,'33872103101290315,"201 RT 59"
'10211,'9361269903506443442549,"03/10/2021 01:13:43 PM",,"Test Address 1","Test Address 2","Chicago","IL",'60007,US,1,"DHL SM Parcel Plus Expedited","Pckg Details Test Billing Ref",'536008710310181523151,"EN ROUTE TO DHL ECOMMERCE",01:18:45 PM,5360087,'33872103101290316,"201 RT 59"
'10336,'9370369903506443449536,"03/10/2021 01:14:38 PM",,"Test Address 1","Test Address 2","Chicago","IL",'60007,US,.0625,"SM Marketing Parcel Ground","Pckg Details Test Billing Ref",'536008710310181523151,"EN ROUTE TO DHL ECOMMERCE",01:18:45 PM,5360087,'33872103101290317,"201 RT 59"
'10332,'9374869903506443448141,"03/10/2021 01:14:29 PM",,"Test Address 1","Test Address 2","Chicago","IL",'60007,US,.0625,"DHL SM Parcel Expedited","Pckg Details Test Billing Ref",'536008710310181523151,"EN ROUTE TO DHL ECOMMERCE",01:18:45 PM,5360087,'33872103101290318,"201 RT 59"
'10337,'9370369903506443449611,"03/10/2021 01:14:40 PM",,"Test Address 1","Test Address 2","Chicago","IL",'60007,US,.0625,"SM Marketing Parcel Expedited","Pckg Details Test Billing Ref",'536008710310181523151,"EN ROUTE TO DHL ECOMMERCE",01:18:45 PM,5360087,'33872103101290319,"201 RT 59"
'10209,'9374869903506443436797,"03/10/2021 01:13:38 PM",,"Test Address 1","Test Address 2","Chicago","IL",'60007,US,.0625,"DHL SM Parcel Expedited","Pckg Details Test Billing Ref",'536008710310181523151,"EN ROUTE TO DHL ECOMMERCE",01:18:45 PM,5360087,'33872103101290320,"201 RT 59"
'10335,'9374869903506443447755,"03/10/2021 01:14:35 PM",,"Test Address 1","Test Address 2","Chicago","IL",'60007,US,.0625,"DHL SM Parcel Ground","Pckg Details Test Billing Ref",'536008710310181523151,"EN ROUTE TO DHL ECOMMERCE",01:18:45 PM,5360087,'33872103101290321,"201 RT 59"
'10887,'9361269903506443456140,"03/10/2021 01:15:52 PM",,"Test Address 1","Test Address 2","Chicago","IL",'60007,US,5,"DHL SM Parcel Plus Ground","Pckg Details Test Billing Ref",'536008710310181523151,"EN ROUTE TO DHL ECOMMERCE",01:18:45 PM,5360087,'33872103101290322,"201 RT 59"
'10338,'9361269903506443449982,"03/10/2021 01:14:43 PM",,"Test Address 1","Test Address 2","Chicago","IL",'60007,US,1,"DHL SM Parcel Expedited Max","Pckg Details Test Billing Ref",'536008710310181523151,"EN ROUTE TO DHL ECOMMERCE",01:18:45 PM,5360087,'33872103101290323,"201 RT 59"
'10214,'9370369903506443444197,"03/10/2021 01:13:51 PM",,"Test Address 1","Test Address 2","Chicago","IL",'60007,US,.0625,"SM Marketing Parcel Expedited","Pckg Details Test Billing Ref",'536008710310181523151,"EN ROUTE TO DHL ECOMMERCE",01:18:45 PM,5360087,'33872103101290324,"201 RT 59"
'10333,'9361269903506443447636,"03/10/2021 01:14:32 PM",,"Test Address 1","Test Address 2","Chicago","IL",'60007,US,1,"DHL SM Parcel Plus Ground","Pckg Details Test Billing Ref",'536008710310181523151,"EN ROUTE TO DHL ECOMMERCE",01:18:45 PM,5360087,'33872103101290325,"201 RT 59"
'10288,'9341969903506443442124,"03/10/2021 01:13:33 PM",,"Test Address 1","Test Address 2","Chicago","IL",'60007,US,1,"DHL SM BPM Expedited","Pckg Details Test Billing Ref",'536008710310181523151,"EN ROUTE TO DHL ECOMMERCE",01:18:45 PM,5360087,'33872103101290326,"201 RT 59"
'10208,'9341969903506443441738,"03/10/2021 01:13:35 PM",,"Test Address 1","Test Address 2","Chicago","IL",'60007,US,1,"DHL SM BPM Ground","Pckg Details Test Billing Ref",'536008710310181523151,"EN ROUTE TO DHL ECOMMERCE",01:18:45 PM,5360087,'33872103101290327,"201 RT 59"
'10210,'9361269903506443443874,"03/10/2021 01:13:40 PM",,"Test Address 1","Test Address 2","Chicago","IL",'60007,US,1,"DHL SM Parcel Plus Ground","Pckg Details Test Billing Ref",'536008710310181523151,"EN ROUTE TO DHL ECOMMERCE",01:18:45 PM,5360087,'33872103101290328,"201 RT 59"
'10334,'9361269903506443449319,"03/10/2021 01:14:33 PM",,"Test Address 1","Test Address 2","Chicago","IL",'60007,US,1,"DHL SM Parcel Plus Expedited","Pckg Details Test Billing Ref",'536008710310181523151,"EN ROUTE TO DHL ECOMMERCE",01:18:45 PM,5360087,'33872103101290329,"201 RT 59"
'10491,',"03/10/2021 01:14:59 PM",,"Test Address 1 CZ","Test Address 2 CZ","Ontario","ON",'91710,CA,1,"DHL GM Packet Standard","Pckg Details Test Billing Ref",'41705813,"EN ROUTE TO DHL ECOMMERCE",01:18:45 PM,5360087,'33872103101290330,"201 RT 59"
'11124,',"03/10/2021 01:15:36 PM",,"Test Address 1 CZ","Test Address 2 CZ","Ontario","ON",'91710,CA,1,"DHL GM Packet ISAL","Pckg Details Test Billing Ref",'41705813,"EN ROUTE TO DHL ECOMMERCE",01:18:45 PM,5360087,'33872103101290331,"201 RT 59"
'10490,',"03/10/2021 01:14:54 PM",,"Test Address 1 CZ","Test Address 2 CZ","Ontario","ON",'91710,CA,1,"DHL Packet International","Pckg Details Test Billing Ref",'41705813,"EN ROUTE TO DHL ECOMMERCE",01:18:45 PM,5360087,'33872103101290332,"201 RT 59"
'10494,',"03/10/2021 01:15:16 PM",,"Test Address 1 CZ","Test Address 2 CZ","Ontario","ON",'91710,CA,1,"DHL GM Business Standard","Pckg Details Test Billing Ref",'41705813,"EN ROUTE TO DHL ECOMMERCE",01:18:45 PM,5360087,'33872103101290333,"201 RT 59"
'11128,',"03/10/2021 01:15:43 PM",,"Test Address 1 CZ","Test Address 2 CZ","Ontario","ON",'91710,CA,1,"DHL Packet Plus International","Pckg Details Test Billing Ref",'41705813,"EN ROUTE TO DHL ECOMMERCE",01:18:45 PM,5360087,'33872103101290334,"201 RT 59"
'10500,',"03/10/2021 01:14:47 PM",,"Test Address 1 CZ","Test Address 2 CZ","Ontario","ON",'91710,CA,1,"Parcel Intl Direct Expedited","Pckg Details Test Billing Ref",'41705813,"EN ROUTE TO DHL ECOMMERCE",01:18:45 PM,5360087,'33872103101290335,"201 RT 59"
'10492,',"03/10/2021 01:15:07 PM",,"Test Address 1 CZ","Test Address 2 CZ","Ontario","ON",'91710,CA,1,"DHL Packet Plus International","Pckg Details Test Billing Ref",'41705813,"EN ROUTE TO DHL ECOMMERCE",01:18:45 PM,5360087,'33872103101290336,"201 RT 59"
'10497,',"03/10/2021 01:15:28 PM",,"Test Address 1 CZ","Test Address 2 CZ","Ontario","ON",'91710,CA,1,"DHL Parcel Intl Standard","Pckg Details Test Billing Ref",'41705813,"EN ROUTE TO DHL ECOMMERCE",01:18:45 PM,5360087,'33872103101290337,"201 RT 59"
'11126,',"03/10/2021 01:15:40 PM",,"Test Address 1 CZ","Test Address 2 CZ","Ontario","ON",'91710,CA,1,"DHL Parcel Intl Direct","Pckg Details Test Billing Ref",'41705813,"EN ROUTE TO DHL ECOMMERCE",01:18:45 PM,5360087,'33872103101290338,"201 RT 59"
'10495,',"03/10/2021 01:15:21 PM",,"Test Address 1 CZ","Test Address 2 CZ","Ontario","ON",'91710,CA,1,"DHL GM Business IPA","Pckg Details Test Billing Ref",'41705813,"EN ROUTE TO DHL ECOMMERCE",01:18:45 PM,5360087,'33872103101290339,"201 RT 59"
'11129,',"03/10/2021 01:15:50 PM",,"Test Address 1 CZ","Test Address 2 CZ","Ontario","ON",'91710,CA,1,"DHL Parcel Intl Direct","Pckg Details Test Billing Ref",'41705813,"EN ROUTE TO DHL ECOMMERCE",01:18:45 PM,5360087,'33872103101290340,"201 RT 59"
'10493,',"03/10/2021 01:15:12 PM",,"Test Address 1 CZ","Test Address 2 CZ","Ontario","ON",'91710,CA,1,"DHL GM Business Priority","Pckg Details Test Billing Ref",'41705813,"EN ROUTE TO DHL ECOMMERCE",01:18:45 PM,5360087,'33872103101290341,"201 RT 59"
'10498,',"03/10/2021 01:15:32 PM",,"Test Address 1 CZ","Test Address 2 CZ","Ontario","ON",'91710,CA,1,"DHL GM Packet IPA","Pckg Details Test Billing Ref",'41705813,"EN ROUTE TO DHL ECOMMERCE",01:18:45 PM,5360087,'33872103101290342,"201 RT 59"
'10496,',"03/10/2021 01:15:25 PM",,"Test Address 1 CZ","Test Address 2 CZ","Ontario","ON",'91710,CA,1,"DHL GM Business ISAL","Pckg Details Test Billing Ref",'41705813,"EN ROUTE TO DHL ECOMMERCE",01:18:45 PM,5360087,'33872103101290343,"201 RT 59"