Customer Confirmation Number,Delivery Confirmation Number,Receive Date,Recipient Name,Address Line 1,Address Line 2,City,State,Zip or Postal Code,Country,Weight (LBs),Mail Product Name,Customer Reference,BOL Number,Last Event Description,Last Event Time,Pickup Account Number,DHL Tracking Number,Pickup Address
','9374869903506321069338,"02/15/2021 11:04:11 AM",,"PO Box 283","","North Stratford","NH",'03590-0283,US,.0666,"DHL SM Parcel Expedited","",'535816410215162123451,"EN ROUTE TO DHL ECOMMERCE",11:28:22 AM,5358164,'33872102157792431,"50 Lawrence ave"
','9374869903506320977771,"02/15/2021 10:52:23 AM",,"25 Donna Dr Unit A1","","New Haven","CT",'06513-1406,US,.0666,"DHL SM Parcel Expedited","",'535816410215162123451,"EN ROUTE TO DHL ECOMMERCE",11:28:22 AM,5358164,'33872102157792445,"50 Lawrence ave"
','9374869903506320223625,"02/15/2021 09:25:24 AM",,"334 Grant Ave","","Oradell","NJ",'07649-1814,US,.0622,"DHL SM Parcel Expedited","",'535816410215162123451,"EN ROUTE TO DHL ECOMMERCE",11:28:22 AM,5358164,'33872102157792482,"50 Lawrence ave"
','9374869903506321100932,"02/15/2021 11:08:20 AM",,"201 Logan St","","Brooklyn","NY",'11208-1928,US,.0666,"DHL SM Parcel Expedited","",'535816410215162123451,"EN ROUTE TO DHL ECOMMERCE",11:28:22 AM,5358164,'33872102157792468,"50 Lawrence ave"
','9374869903506321110610,"02/15/2021 11:09:44 AM",,"229 Farm Ln","","Hastings","PA",'16646-6609,US,.0666,"DHL SM Parcel Expedited","",'535816410215162123451,"EN ROUTE TO DHL ECOMMERCE",11:28:22 AM,5358164,'33872102157792449,"50 Lawrence ave"
','9374869903506320696757,"02/15/2021 10:22:12 AM",,"1017 Dancing Ridge Rd","","East Stroudsburg","PA",'18302-9383,US,.0622,"DHL SM Parcel Expedited","",'535816410215162123451,"EN ROUTE TO DHL ECOMMERCE",11:28:22 AM,5358164,'33872102157792441,"50 Lawrence ave"
','9374869903506320755522,"02/15/2021 10:28:25 AM",,"3205 Holly Berry Ct","","Falls Church","VA",'22042-3314,US,.0622,"DHL SM Parcel Expedited","",'535816410215162123451,"EN ROUTE TO DHL ECOMMERCE",11:28:22 AM,5358164,'33872102157792458,"50 Lawrence ave"
','9374869903506320704483,"02/15/2021 10:23:08 AM",,"611 S Jefferson St Apt 911","","Roanoke","VA",'24011-2443,US,.0622,"DHL SM Parcel Expedited","",'535816410215162123451,"EN ROUTE TO DHL ECOMMERCE",11:28:22 AM,5358164,'33872102157792465,"50 Lawrence ave"
','9374869903506320976828,"02/15/2021 10:52:08 AM",,"700 LAMMS GROVE RD","","CARTHAGE","NC",'28327-7360,US,.0666,"DHL SM Parcel Expedited","",'535816410215162123451,"EN ROUTE TO DHL ECOMMERCE",11:28:22 AM,5358164,'33872102157792446,"50 Lawrence ave"
'4CEC298D47E74132918374749,',"02/15/2021 11:18:31 AM",,"507 FISHER STREET","","Broken Hill","NSW",'2880,AU,.0662,"DHL Parcel Intl Standard","",'43668729,"EN ROUTE TO DHL ECOMMERCE",11:28:22 AM,5358164,'33872102157801922,"50 Lawrence ave"
','9374869903506319816258,"02/15/2021 08:38:11 AM",,"2885 Steeplechase Dr","","Dalzell","SC",'29040-8873,US,.0622,"DHL SM Parcel Expedited","",'535816410215162123451,"EN ROUTE TO DHL ECOMMERCE",11:28:22 AM,5358164,'33872102157792489,"50 Lawrence ave"
','9374869903506320821586,"02/15/2021 10:35:35 AM",,"3550 Pleasant Hill Rd Apt 1008","","Duluth","GA",'30096-4880,US,.0622,"DHL SM Parcel Expedited","",'535816410215162123451,"EN ROUTE TO DHL ECOMMERCE",11:28:22 AM,5358164,'33872102157792473,"50 Lawrence ave"
','9374869903506321080951,"02/15/2021 11:05:44 AM",,"181 Portland Rd","","Aragon","GA",'30104-2209,US,.0666,"DHL SM Parcel Expedited","",'535816410215162123451,"EN ROUTE TO DHL ECOMMERCE",11:28:22 AM,5358164,'33872102157792469,"50 Lawrence ave"
','9374869903506320968250,"02/15/2021 10:51:22 AM",,"917 Stoney Point Rd","","Roopville","GA",'30170-2734,US,.0666,"DHL SM Parcel Expedited","",'535816410215162123451,"EN ROUTE TO DHL ECOMMERCE",11:28:22 AM,5358164,'33872102157792456,"50 Lawrence ave"
','9374869903506321108853,"02/15/2021 11:09:10 AM",,"1194 Fountain Dr SW","","Atlanta","GA",'30314-3046,US,.0666,"DHL SM Parcel Expedited","",'535816410215162123451,"EN ROUTE TO DHL ECOMMERCE",11:28:22 AM,5358164,'33872102157792451,"50 Lawrence ave"
'F482029C6BE44486AC50DAEB9,',"02/15/2021 11:17:07 AM",,"tamra, p.o box 962","tamra","tamra","israel",'30811,IL,.0662,"DHL Parcel Intl Standard","",'43668729,"EN ROUTE TO DHL ECOMMERCE",11:28:22 AM,5358164,'33872102157801919,"50 Lawrence ave"
','9374869903506320168575,"02/15/2021 09:19:22 AM",,"2201 SW 59th Ter","Rcj","West Park","FL",'33023-3052,US,.0622,"DHL SM Parcel Expedited","",'535816410215162123451,"EN ROUTE TO DHL ECOMMERCE",11:28:22 AM,5358164,'33872102157792480,"50 Lawrence ave"
','9374869903506320187835,"02/15/2021 09:21:00 AM",,"10813 NW 30th St Ste 115","Lightning Cargo Bsl72282","Doral","FL",'33192-2177,US,.0622,"DHL SM Parcel Expedited","",'535816410215162123451,"EN ROUTE TO DHL ECOMMERCE",11:28:22 AM,5358164,'33872102157792479,"50 Lawrence ave"
','9374869903506319803395,"02/15/2021 08:36:27 AM",,"500 N Congress Ave Apt 121","","West Palm Beach","FL",'33401-2930,US,.0622,"DHL SM Parcel Expedited","",'535816410215162123451,"EN ROUTE TO DHL ECOMMERCE",11:28:22 AM,5358164,'33872102157792484,"50 Lawrence ave"
','9374869903506321049163,"02/15/2021 11:01:09 AM",,"3979 State Highway 134 E","","Headland","AL",'36345-6159,US,.0666,"DHL SM Parcel Expedited","",'535816410215162123451,"EN ROUTE TO DHL ECOMMERCE",11:28:22 AM,5358164,'33872102157792435,"50 Lawrence ave"
','9374869903506321074134,"02/15/2021 11:04:59 AM",,"211 Highland Circle Dr","","Portland","TN",'37148-4918,US,.0666,"DHL SM Parcel Expedited","",'535816410215162123451,"EN ROUTE TO DHL ECOMMERCE",11:28:22 AM,5358164,'33872102157792433,"50 Lawrence ave"
','9374869903506320974282,"02/15/2021 10:51:56 AM",,"1870 Shady Grove Rd","","Paris","TN",'38242-7144,US,.0666,"DHL SM Parcel Expedited","",'535816410215162123451,"EN ROUTE TO DHL ECOMMERCE",11:28:22 AM,5358164,'33872102157792436,"50 Lawrence ave"
','9374869903506321060120,"02/15/2021 11:02:39 AM",,"142 Magnolia St","","Rolling Fork","MS",'39159-5062,US,.0666,"DHL SM Parcel Expedited","",'535816410215162123451,"EN ROUTE TO DHL ECOMMERCE",11:28:22 AM,5358164,'33872102157792430,"50 Lawrence ave"
','9374869903506320799663,"02/15/2021 10:33:25 AM",,"431 W Rich St Unit 506","","Columbus","OH",'43215-4919,US,.0622,"DHL SM Parcel Expedited","",'535816410215162123451,"EN ROUTE TO DHL ECOMMERCE",11:28:22 AM,5358164,'33872102157792472,"50 Lawrence ave"
','9374869903506320984038,"02/15/2021 10:53:01 AM",,"9345 Debold Koebel Rd","","Pleasant Plain","OH",'45162-9350,US,.0666,"DHL SM Parcel Expedited","",'535816410215162123451,"EN ROUTE TO DHL ECOMMERCE",11:28:22 AM,5358164,'33872102157792457,"50 Lawrence ave"
','9374869903506320110727,"02/15/2021 09:14:08 AM",,"5570 Liberty Bell Cir","","Dayton","OH",'45459-7926,US,.0622,"DHL SM Parcel Expedited","",'535816410215162123451,"EN ROUTE TO DHL ECOMMERCE",11:28:22 AM,5358164,'33872102157792481,"50 Lawrence ave"
'E7C4251AA7AC4E4F9E189CE59,',"02/15/2021 11:19:59 AM",,"18 Harrier Crescent","","Peregian Springs","QLD",'4573,AU,.1325,"DHL Parcel Intl Standard","",'43668729,"EN ROUTE TO DHL ECOMMERCE",11:28:22 AM,5358164,'33872102157801917,"50 Lawrence ave"
','9374869903506320849160,"02/15/2021 10:38:56 AM",,"4103 N Kitley Ave","","Indianapolis","IN",'46226-4933,US,.0666,"DHL SM Parcel Expedited","",'535816410215162123451,"EN ROUTE TO DHL ECOMMERCE",11:28:22 AM,5358164,'33872102157792466,"50 Lawrence ave"
','9374869903506320992620,"02/15/2021 10:54:16 AM",,"273 Country Forest Dr","","Fort Wayne","IN",'46818-1487,US,.0666,"DHL SM Parcel Expedited","",'535816410215162123451,"EN ROUTE TO DHL ECOMMERCE",11:28:22 AM,5358164,'33872102157792443,"50 Lawrence ave"
','9374869903506320812850,"02/15/2021 10:34:26 AM",,"2719 W 16th St","","Marion","IN",'46953-1033,US,.0622,"DHL SM Parcel Expedited","",'535816410215162123451,"EN ROUTE TO DHL ECOMMERCE",11:28:22 AM,5358164,'33872102157792470,"50 Lawrence ave"
','9374869903506321063107,"02/15/2021 11:03:03 AM",,"5913 E Raintree Ct","","Ypsilanti","MI",'48197-7125,US,.0666,"DHL SM Parcel Expedited","",'535816410215162123451,"EN ROUTE TO DHL ECOMMERCE",11:28:22 AM,5358164,'33872102157792462,"50 Lawrence ave"
','9374869903506321050381,"02/15/2021 11:01:31 AM",,"4451 Carol Ave SW","","Wyoming","MI",'49519-4519,US,.0666,"DHL SM Parcel Expedited","",'535816410215162123451,"EN ROUTE TO DHL ECOMMERCE",11:28:22 AM,5358164,'33872102157792429,"50 Lawrence ave"
','9374869903506321118432,"02/15/2021 11:10:24 AM",,"W3711 Pine Ave","","Spalding","MI",'49886-9761,US,.1332,"DHL SM Parcel Expedited","",'535816410215162123451,"EN ROUTE TO DHL ECOMMERCE",11:28:22 AM,5358164,'33872102157792454,"50 Lawrence ave"
','9374869903506321040795,"02/15/2021 11:00:19 AM",,"1247 Saint Anthony Ave Apt 915","","Saint Paul","MN",'55104-4136,US,.0666,"DHL SM Parcel Expedited","",'535816410215162123451,"EN ROUTE TO DHL ECOMMERCE",11:28:22 AM,5358164,'33872102157792455,"50 Lawrence ave"
','9374869903506321162015,"02/15/2021 11:16:10 AM",,"10932 Terrace Rd NE","","Blaine","MN",'55434-1723,US,.1776,"DHL SM Parcel Expedited","",'535816410215162123451,"EN ROUTE TO DHL ECOMMERCE",11:28:22 AM,5358164,'33872102157792426,"50 Lawrence ave"
','9374869903506321007316,"02/15/2021 10:56:34 AM",,"33198 County 25 N","","Peterson","MN",'55962-4311,US,.0666,"DHL SM Parcel Expedited","",'535816410215162123451,"EN ROUTE TO DHL ECOMMERCE",11:28:22 AM,5358164,'33872102157792461,"50 Lawrence ave"
','9374869903506320847012,"02/15/2021 10:38:40 AM",,"865 Summit St","","Elgin","IL",'60120-4315,US,.0666,"DHL SM Parcel Expedited","",'535816410215162123451,"EN ROUTE TO DHL ECOMMERCE",11:28:22 AM,5358164,'33872102157792471,"50 Lawrence ave"
','9374869903506320828776,"02/15/2021 10:36:34 AM",,"128 Henson Ct","","Matteson","IL",'60443-3014,US,.0622,"DHL SM Parcel Expedited","",'535816410215162123451,"EN ROUTE TO DHL ECOMMERCE",11:28:22 AM,5358164,'33872102157792439,"50 Lawrence ave"
','9374869903506320716837,"02/15/2021 10:24:01 AM",,"128 Garrison Rd","","Greenbrier","AR",'72058-9440,US,.0622,"DHL SM Parcel Expedited","",'535816410215162123451,"EN ROUTE TO DHL ECOMMERCE",11:28:22 AM,5358164,'33872102157792447,"50 Lawrence ave"
','9374869903506321032875,"02/15/2021 10:59:13 AM",,"508 Seminole Dr","","Osceola","AR",'72370-1801,US,.0666,"DHL SM Parcel Expedited","",'535816410215162123451,"EN ROUTE TO DHL ECOMMERCE",11:28:22 AM,5358164,'33872102157792464,"50 Lawrence ave"
','9374869903506320749323,"02/15/2021 10:27:26 AM",,"PO Box 1655","","Coppell","TX",'75019-1600,US,.0622,"DHL SM Parcel Expedited","",'535816410215162123451,"EN ROUTE TO DHL ECOMMERCE",11:28:22 AM,5358164,'33872102157792437,"50 Lawrence ave"
','9374869903506320690038,"02/15/2021 10:21:11 AM",,"4811 Duncanville Rd Apt 1905","","Dallas","TX",'75236-1869,US,.0622,"DHL SM Parcel Expedited","",'535816410215162123451,"EN ROUTE TO DHL ECOMMERCE",11:28:22 AM,5358164,'33872102157792477,"50 Lawrence ave"
','9374869903506320214906,"02/15/2021 09:24:29 AM",,"9547 State Highway 49","","Jefferson","TX",'75657-5360,US,.0622,"DHL SM Parcel Expedited","",'535816410215162123451,"EN ROUTE TO DHL ECOMMERCE",11:28:22 AM,5358164,'33872102157792483,"50 Lawrence ave"
','9374869903506321124204,"02/15/2021 11:11:29 AM",,"2714 Martsy Ct","","Arlington","TX",'76014-2808,US,.1332,"DHL SM Parcel Expedited","",'535816410215162123451,"EN ROUTE TO DHL ECOMMERCE",11:28:22 AM,5358164,'33872102157792425,"50 Lawrence ave"
','9374869903506321104848,"02/15/2021 11:08:46 AM",,"8632 Long Point Rd","","Houston","TX",'77055-3002,US,.0666,"DHL SM Parcel Expedited","",'535816410215162123451,"EN ROUTE TO DHL ECOMMERCE",11:28:22 AM,5358164,'33872102157792448,"50 Lawrence ave"
','9374869903506320253226,"02/15/2021 09:28:32 AM",,"11623 Oak Lake Park Dr","","Sugar Land","TX",'77498-7010,US,.0622,"DHL SM Parcel Expedited","",'535816410215162123451,"EN ROUTE TO DHL ECOMMERCE",11:28:22 AM,5358164,'33872102157792474,"50 Lawrence ave"
','9374869903506320097899,"02/15/2021 09:12:14 AM",,"15331 Streatham Cir","","Channelview","TX",'77530-4569,US,.0622,"DHL SM Parcel Expedited","",'535816410215162123451,"EN ROUTE TO DHL ECOMMERCE",11:28:22 AM,5358164,'33872102157792488,"50 Lawrence ave"
','9374869903506321121951,"02/15/2021 11:10:58 AM",,"2805 Jarilla Ave","","Hidalgo","TX",'78557-3741,US,.1332,"DHL SM Parcel Expedited","",'535816410215162123451,"EN ROUTE TO DHL ECOMMERCE",11:28:22 AM,5358164,'33872102157792427,"50 Lawrence ave"
','9374869903506320969615,"02/15/2021 10:51:40 AM",,"1708 Amberwood Loop","","Kyle","TX",'78640-5279,US,.0666,"DHL SM Parcel Expedited","",'535816410215162123451,"EN ROUTE TO DHL ECOMMERCE",11:28:22 AM,5358164,'33872102157792442,"50 Lawrence ave"
','9374869903506320782146,"02/15/2021 10:31:27 AM",,"4528 Kind Way","","Austin","TX",'78725-2902,US,.0622,"DHL SM Parcel Expedited","",'535816410215162123451,"EN ROUTE TO DHL ECOMMERCE",11:28:22 AM,5358164,'33872102157792438,"50 Lawrence ave"
','9374869903506321058011,"02/15/2021 11:02:14 AM",,"1380 Detroit St Apt 206","","Denver","CO",'80206-2492,US,.0666,"DHL SM Parcel Expedited","",'535816410215162123451,"EN ROUTE TO DHL ECOMMERCE",11:28:22 AM,5358164,'33872102157792434,"50 Lawrence ave"
','9374869903506320240998,"02/15/2021 09:27:21 AM",,"4120 E Warren Ave Unit 6","","Denver","CO",'80222-4948,US,.0622,"DHL SM Parcel Expedited","",'535816410215162123451,"EN ROUTE TO DHL ECOMMERCE",11:28:22 AM,5358164,'33872102157792475,"50 Lawrence ave"
','9374869903506320770044,"02/15/2021 10:30:32 AM",,"1717 Arnold St","","Laramie","WY",'82070-5422,US,.0622,"DHL SM Parcel Expedited","",'535816410215162123451,"EN ROUTE TO DHL ECOMMERCE",11:28:22 AM,5358164,'33872102157792467,"50 Lawrence ave"
','9374869903506320655365,"02/15/2021 10:18:30 AM",,"70 S 2nd St Apt 106","","Eagle","ID",'83616-7395,US,.0622,"DHL SM Parcel Expedited","",'535816410215162123451,"EN ROUTE TO DHL ECOMMERCE",11:28:22 AM,5358164,'33872102157792476,"50 Lawrence ave"
','9374869903506321046056,"02/15/2021 11:00:45 AM",,"25885 N Rosemere St","","Rathdrum","ID",'83858-6040,US,.0666,"DHL SM Parcel Expedited","",'535816410215162123451,"EN ROUTE TO DHL ECOMMERCE",11:28:22 AM,5358164,'33872102157792463,"50 Lawrence ave"
','9374869903506320124595,"02/15/2021 09:15:36 AM",,"3220 W 650 N","","West Point","UT",'84015-6810,US,.0622,"DHL SM Parcel Expedited","",'535816410215162123451,"EN ROUTE TO DHL ECOMMERCE",11:28:22 AM,5358164,'33872102157792486,"50 Lawrence ave"
','9374869903506321064531,"02/15/2021 11:03:28 AM",,"1246 E 1520 S","","Spanish Fork","UT",'84660-5942,US,.0666,"DHL SM Parcel Expedited","",'535816410215162123451,"EN ROUTE TO DHL ECOMMERCE",11:28:22 AM,5358164,'33872102157792453,"50 Lawrence ave"
','9374869903506321005121,"02/15/2021 10:56:09 AM",,"5165 Midnight Oil Dr","","Las Vegas","NV",'89122-8104,US,.0666,"DHL SM Parcel Expedited","",'535816410215162123451,"EN ROUTE TO DHL ECOMMERCE",11:28:22 AM,5358164,'33872102157792444,"50 Lawrence ave"
','9374869903506321036279,"02/15/2021 10:59:41 AM",,"2030 Coolngreen Ln","","Encinitas","CA",'92024-5402,US,.0666,"DHL SM Parcel Expedited","",'535816410215162123451,"EN ROUTE TO DHL ECOMMERCE",11:28:22 AM,5358164,'33872102157792452,"50 Lawrence ave"
','9374869903506321070617,"02/15/2021 11:04:34 AM",,"2806 Karla St","","Bakersfield","CA",'93312-3225,US,.0666,"DHL SM Parcel Expedited","",'535816410215162123451,"EN ROUTE TO DHL ECOMMERCE",11:28:22 AM,5358164,'33872102157792432,"50 Lawrence ave"
','9374869903506319791722,"02/15/2021 08:34:38 AM",,"14506 Goodwin Ave","","Bakersfield","CA",'93314-9607,US,.0622,"DHL SM Parcel Expedited","",'535816410215162123451,"EN ROUTE TO DHL ECOMMERCE",11:28:22 AM,5358164,'33872102157792490,"50 Lawrence ave"
','9374869903506321155246,"02/15/2021 11:15:27 AM",,"1719 E Avenue R12","","Palmdale","CA",'93550-6931,US,.1332,"DHL SM Parcel Expedited","",'535816410215162123451,"EN ROUTE TO DHL ECOMMERCE",11:28:22 AM,5358164,'33872102157792450,"50 Lawrence ave"
','9374869903506319823553,"02/15/2021 08:39:46 AM",,"226 N Quebec St","","San Mateo","CA",'94401-1321,US,.0622,"DHL SM Parcel Expedited","",'535816410215162123451,"EN ROUTE TO DHL ECOMMERCE",11:28:22 AM,5358164,'33872102157792485,"50 Lawrence ave"
','9374869903506320137953,"02/15/2021 09:16:37 AM",,"3884 Santa Clara Way","","Livermore","CA",'94550-3356,US,.0622,"DHL SM Parcel Expedited","",'535816410215162123451,"EN ROUTE TO DHL ECOMMERCE",11:28:22 AM,5358164,'33872102157792487,"50 Lawrence ave"
','9374869903506320850135,"02/15/2021 10:39:11 AM",,"3465 Edgewater Pl","","Vallejo","CA",'94591-8398,US,.0666,"DHL SM Parcel Expedited","",'535816410215162123451,"EN ROUTE TO DHL ECOMMERCE",11:28:22 AM,5358164,'33872102157792460,"50 Lawrence ave"
','9374869903506320204372,"02/15/2021 09:23:36 AM",,"5700 Mack Rd","","Sacramento","CA",'95823-4659,US,.0622,"DHL SM Parcel Expedited","",'535816410215162123451,"EN ROUTE TO DHL ECOMMERCE",11:28:22 AM,5358164,'33872102157792478,"50 Lawrence ave"
','9300169903506321150759,"02/15/2021 11:15:03 AM",,"PO Box 1919","","Kaunakakai","HI",'96748-1919,US,.1332,"DHL SM Parcel Expedited","",'535816410215162123451,"EN ROUTE TO DHL ECOMMERCE",11:28:22 AM,5358164,'33872102157792428,"50 Lawrence ave"
','9374869903506320843533,"02/15/2021 10:38:20 AM",,"6616 N Campbell Ave","","Portland","OR",'97217-4960,US,.0666,"DHL SM Parcel Expedited","",'535816410215162123451,"EN ROUTE TO DHL ECOMMERCE",11:28:22 AM,5358164,'33872102157792459,"50 Lawrence ave"
','9374869903506320984526,"02/15/2021 10:53:18 AM",,"1415 140th Ave NE Apt 39A","","Bellevue","WA",'98005-4562,US,.0666,"DHL SM Parcel Expedited","",'535816410215162123451,"EN ROUTE TO DHL ECOMMERCE",11:28:22 AM,5358164,'33872102157792440,"50 Lawrence ave"
'337EA07D8D1C41D998DBC782C,',"02/15/2021 11:20:39 AM",,"PO BOX 99900 QA 598 343","RPO PLAT MONT-ROYAL","Montreal","QC",'H2H 0A3,CA,.1325,"DHL Parcel Intl Standard","",'43668729,"EN ROUTE TO DHL ECOMMERCE",11:28:22 AM,5358164,'33872102157801918,"50 Lawrence ave"
'DDD507A13F38430B9AEDD5E47,',"02/15/2021 11:19:11 AM",,"174 Fred Varley Drive","","Unionville","ON",'L3R1T7,CA,.0662,"DHL Parcel Intl Standard","",'43668729,"EN ROUTE TO DHL ECOMMERCE",11:28:22 AM,5358164,'33872102157801921,"50 Lawrence ave"
'F0C297BD2C4748C18F3C74F42,',"02/15/2021 11:17:44 AM",,"235 Grandravine Dr","Unit 211","Toronto","ON",'m3n1j2,CA,.0662,"DHL Parcel Intl Standard","",'43668729,"EN ROUTE TO DHL ECOMMERCE",11:28:22 AM,5358164,'33872102157801920,"50 Lawrence ave"