Customer Confirmation Number,Delivery Confirmation Number,Receive Date,Recipient Name,Address Line 1,Address Line 2,City,State,Zip or Postal Code,Country,Weight (LBs),Mail Product Name,Customer Reference,BOL Number,Last Event Description,Last Event Time,Pickup Account Number,DHL Tracking Number,Pickup Address
'MLPYZLBF9ZDMK8L,'9374869903506464470565,"03/15/2021 10:47:43 AM",,"233 KELL AVE","","STATEN ISLAND","NY",'10314-4113,US,.25,"DHL SM Parcel Expedited","4828",'534695710315145023551,"EN ROUTE TO DHL ECOMMERCE",10:55:56 AM,5346957,'33872103150597007,"421 KINGSTON AVE"
'XKWZHT1YPKN1SLR,'9374869903506464457184,"03/15/2021 10:46:43 AM",,"6 JOAN LN","","MONSEY","NY",'10952-2109,US,.2125,"DHL SM Parcel Expedited","4845",'534695710315145023551,"EN ROUTE TO DHL ECOMMERCE",10:55:56 AM,5346957,'33872103150597009,"421 KINGSTON AVE"
'1WPCOGOY2TZARD7,'9374869903506464488225,"03/15/2021 10:49:08 AM",,"4634 KEMPTON PL NE","","MARIETTA","GA",'30067-3642,US,.3313,"DHL SM Parcel Expedited","4841",'534695710315145023551,"EN ROUTE TO DHL ECOMMERCE",10:55:56 AM,5346957,'33872103150597008,"421 KINGSTON AVE"
'DHHSDJJCZEIWHFR,'9374869903506464478103,"03/15/2021 10:48:23 AM",,"1424 N 280 W","","OREM","UT",'84057-8300,US,.25,"DHL SM Parcel Expedited","4835",'534695710315145023551,"EN ROUTE TO DHL ECOMMERCE",10:55:56 AM,5346957,'33872103150597010,"421 KINGSTON AVE"
','9374869903506463105185,"03/15/2021 08:55:38 AM",,"15 Donlan St","","Gardner","MA",'01440-3041,US,.0666,"DHL SM Parcel Expedited","",'535816410315153623651,"EN ROUTE TO DHL ECOMMERCE",11:37:11 AM,5358164,'33872103150715486,"50 Lawrence ave"
','9374869903506464357286,"03/15/2021 10:37:02 AM",,"226 Waverly St","","Providence","RI",'02909-2227,US,.0622,"DHL SM Parcel Expedited","",'535816410315153623651,"EN ROUTE TO DHL ECOMMERCE",11:37:11 AM,5358164,'33872103150715451,"50 Lawrence ave"
','9374869903506463385655,"03/15/2021 09:19:06 AM",,"161 BRIDGE ST","","EAST WINDSOR","CT",'06088-9547,US,.1332,"DHL SM Parcel Expedited","",'535816410315153623651,"EN ROUTE TO DHL ECOMMERCE",11:37:11 AM,5358164,'33872103150715473,"50 Lawrence ave"
','9374869903506463112480,"03/15/2021 08:56:31 AM",,"98 Park Ave","","Passaic","NJ",'07055-5430,US,.0666,"DHL SM Parcel Expedited","",'535816410315153623651,"EN ROUTE TO DHL ECOMMERCE",11:37:11 AM,5358164,'33872103150715490,"50 Lawrence ave"
','9374869903506463346151,"03/15/2021 09:15:53 AM",,"946 Presidential Blvd Apt 18","","Toms River","NJ",'08753-6553,US,.0666,"DHL SM Parcel Expedited","",'535816410315153623651,"EN ROUTE TO DHL ECOMMERCE",11:37:11 AM,5358164,'33872103150715462,"50 Lawrence ave"
','9374869903506463171715,"03/15/2021 09:01:02 AM",,"9707 63rd Rd Apt 9D","","Rego Park","NY",'11374-1603,US,.0666,"DHL SM Parcel Expedited","",'535816410315153623651,"EN ROUTE TO DHL ECOMMERCE",11:37:11 AM,5358164,'33872103150715497,"50 Lawrence ave"
','9374869903506463327204,"03/15/2021 09:14:28 AM",,"274 Spring Run Rd","","Crescent","PA",'15046-5401,US,.0666,"DHL SM Parcel Expedited","",'535816410315153623651,"EN ROUTE TO DHL ECOMMERCE",11:37:11 AM,5358164,'33872103150715480,"50 Lawrence ave"
','9374869903506464842089,"03/15/2021 11:23:41 AM",,"669 Beechwood Rd","","Falls Creek","PA",'15840-2701,US,.0622,"DHL SM Parcel Expedited","",'535816410315153623651,"EN ROUTE TO DHL ECOMMERCE",11:37:11 AM,5358164,'33872103150715445,"50 Lawrence ave"
','9374869903506463229270,"03/15/2021 09:05:24 AM",,"1589 W Harrisburg Pike","","Middletown","PA",'17057-4852,US,.1332,"DHL SM Parcel Expedited","",'535816410315153623651,"EN ROUTE TO DHL ECOMMERCE",11:37:11 AM,5358164,'33872103150715482,"50 Lawrence ave"
','9374869903506463336176,"03/15/2021 09:15:17 AM",,"158 Lowrys Ln","","Bryn Mawr","PA",'19010-1026,US,.0666,"DHL SM Parcel Expedited","",'535816410315153623651,"EN ROUTE TO DHL ECOMMERCE",11:37:11 AM,5358164,'33872103150715479,"50 Lawrence ave"
','9374869903506464931165,"03/15/2021 11:30:25 AM",,"12306 Streamvale Cir","","Herndon","VA",'20170-2514,US,.0622,"DHL SM Parcel Expedited","",'535816410315153623651,"EN ROUTE TO DHL ECOMMERCE",11:37:11 AM,5358164,'33872103150715447,"50 Lawrence ave"
','9374869903506464693445,"03/15/2021 11:07:28 AM",,"7035 Deepage Dr","","Columbia","MD",'21045-5221,US,.0622,"DHL SM Parcel Expedited","",'535816410315153623651,"EN ROUTE TO DHL ECOMMERCE",11:37:11 AM,5358164,'33872103150715454,"50 Lawrence ave"
','9374869903506464386873,"03/15/2021 10:40:05 AM",,"36 Oak Ave","","Earleville","MD",'21919-1937,US,.0622,"DHL SM Parcel Expedited","",'535816410315153623651,"EN ROUTE TO DHL ECOMMERCE",11:37:11 AM,5358164,'33872103150715461,"50 Lawrence ave"
'5147C95341FA42F58D7850624,',"03/15/2021 09:10:38 AM",,"Åmålsrudvegen 9","","Hamar","NA",'2316,NO,.1325,"DHL Parcel Intl Standard","",'46030985,"EN ROUTE TO DHL ECOMMERCE",11:37:11 AM,5358164,'33872103150715509,"50 Lawrence ave"
','9374869903506464883990,"03/15/2021 11:26:57 AM",,"15 Apple Orchard Ct","","Berkeley Springs","WV",'25411-4927,US,.0622,"DHL SM Parcel Expedited","",'535816410315153623651,"EN ROUTE TO DHL ECOMMERCE",11:37:11 AM,5358164,'33872103150715444,"50 Lawrence ave"
','9374869903506463328720,"03/15/2021 09:14:44 AM",,"1812 Glenridge Dr","","Kernersville","NC",'27284-8666,US,.0666,"DHL SM Parcel Expedited","",'535816410315153623651,"EN ROUTE TO DHL ECOMMERCE",11:37:11 AM,5358164,'33872103150715484,"50 Lawrence ave"
','9374869903506463166148,"03/15/2021 09:00:28 AM",,"227 Ennett Ln","","Sneads Ferry","NC",'28460-9168,US,.0666,"DHL SM Parcel Expedited","",'535816410315153623651,"EN ROUTE TO DHL ECOMMERCE",11:37:11 AM,5358164,'33872103150715474,"50 Lawrence ave"
','9374869903506464340936,"03/15/2021 10:35:21 AM",,"1120 Valentine Ln","","Greer","SC",'29651-2763,US,.0622,"DHL SM Parcel Expedited","",'535816410315153623651,"EN ROUTE TO DHL ECOMMERCE",11:37:11 AM,5358164,'33872103150715458,"50 Lawrence ave"
','9374869903506463321288,"03/15/2021 09:13:58 AM",,"3255 Lawrenceville Suwanee Rd","Ste P-158","Suwanee","GA",'30024-6540,US,.0666,"DHL SM Parcel Expedited","",'535816410315153623651,"EN ROUTE TO DHL ECOMMERCE",11:37:11 AM,5358164,'33872103150715502,"50 Lawrence ave"
','9374869903506464421444,"03/15/2021 10:43:21 AM",,"1805 Roswell Rd","Appt 33j","Marietta","GA",'30062-8910,US,.0622,"DHL SM Parcel Expedited","",'535816410315153623651,"EN ROUTE TO DHL ECOMMERCE",11:37:11 AM,5358164,'33872103150715459,"50 Lawrence ave"
','9374869903506463408873,"03/15/2021 09:20:46 AM",,"3400 Winterset Pkwy SE Apt 502","","Marietta","GA",'30067-6541,US,.1332,"DHL SM Parcel Expedited","",'535816410315153623651,"EN ROUTE TO DHL ECOMMERCE",11:37:11 AM,5358164,'33872103150715476,"50 Lawrence ave"
','9374869903506463377209,"03/15/2021 09:18:10 AM",,"2271 Fox Creek Dr","","Haddock","GA",'31033-6006,US,.0666,"DHL SM Parcel Expedited","",'535816410315153623651,"EN ROUTE TO DHL ECOMMERCE",11:37:11 AM,5358164,'33872103150715465,"50 Lawrence ave"
','9374869903506463127064,"03/15/2021 08:57:41 AM",,"107 Aquamarine Ave","","Pensacola","FL",'32505-3715,US,.0666,"DHL SM Parcel Expedited","",'535816410315153623651,"EN ROUTE TO DHL ECOMMERCE",11:37:11 AM,5358164,'33872103150715470,"50 Lawrence ave"
','9374869903506464985892,"03/15/2021 11:36:03 AM",,"3164 Burdock Ave","","West Melbourne","FL",'32904-9580,US,.0622,"DHL SM Parcel Expedited","",'535816410315153623651,"EN ROUTE TO DHL ECOMMERCE",11:37:11 AM,5358164,'33872103150715434,"50 Lawrence ave"
','9374869903506463156620,"03/15/2021 08:59:50 AM",,"7522 Magnolia Ave Apt 6","","Cape Canaveral","FL",'32920-3048,US,.0666,"DHL SM Parcel Expedited","",'535816410315153623651,"EN ROUTE TO DHL ECOMMERCE",11:37:11 AM,5358164,'33872103150715472,"50 Lawrence ave"
','9374869903506464730874,"03/15/2021 11:11:29 AM",,"3596 SW 69th Ter","","Miramar","FL",'33023-6027,US,.0622,"DHL SM Parcel Expedited","",'535816410315153623651,"EN ROUTE TO DHL ECOMMERCE",11:37:11 AM,5358164,'33872103150715450,"50 Lawrence ave"
','9374869903506464761762,"03/15/2021 11:14:54 AM",,"60 NE 196th St","","Miami","FL",'33179-3256,US,.0622,"DHL SM Parcel Expedited","",'535816410315153623651,"EN ROUTE TO DHL ECOMMERCE",11:37:11 AM,5358164,'33872103150715446,"50 Lawrence ave"
','9374869903506464964750,"03/15/2021 11:34:30 AM",,"2740 S Oakland Forest Dr Apt 1503","","Oakland Park","FL",'33309-7522,US,.0622,"DHL SM Parcel Expedited","",'535816410315153623651,"EN ROUTE TO DHL ECOMMERCE",11:37:11 AM,5358164,'33872103150715435,"50 Lawrence ave"
','9374869903506464785195,"03/15/2021 11:16:48 AM",,"12617 Hammock Park Dr","","Riverview","FL",'33579-9376,US,.0622,"DHL SM Parcel Expedited","",'535816410315153623651,"EN ROUTE TO DHL ECOMMERCE",11:37:11 AM,5358164,'33872103150715449,"50 Lawrence ave"
','9374869903506463429427,"03/15/2021 09:22:19 AM",,"221 NE 171st Ave","","Silver Springs","FL",'34488-5360,US,.2443,"DHL SM Parcel Expedited","",'535816410315153623651,"EN ROUTE TO DHL ECOMMERCE",11:37:11 AM,5358164,'33872103150715467,"50 Lawrence ave"
','9374869903506463222240,"03/15/2021 09:04:49 AM",,"2680 SW Windship Way","","Stuart","FL",'34997-9126,US,.0666,"DHL SM Parcel Expedited","",'535816410315153623651,"EN ROUTE TO DHL ECOMMERCE",11:37:11 AM,5358164,'33872103150715475,"50 Lawrence ave"
','9374869903506464813010,"03/15/2021 11:19:44 AM",,"2025 Danville Park Dr SW Apt 50","","Decatur","AL",'35603-1836,US,.0622,"DHL SM Parcel Expedited","",'535816410315153623651,"EN ROUTE TO DHL ECOMMERCE",11:37:11 AM,5358164,'33872103150715439,"50 Lawrence ave"
','9374869903506464269817,"03/15/2021 10:27:13 AM",,"1541 Pine Ridge Rd","","Montgomery","AL",'36109-1355,US,.0622,"DHL SM Parcel Expedited","",'535816410315153623651,"EN ROUTE TO DHL ECOMMERCE",11:37:11 AM,5358164,'33872103150715460,"50 Lawrence ave"
','9374869903506463102221,"03/15/2021 08:55:25 AM",,"141 Neese Dr Apt J22","","Nashville","TN",'37211-2777,US,.0666,"DHL SM Parcel Expedited","",'535816410315153623651,"EN ROUTE TO DHL ECOMMERCE",11:37:11 AM,5358164,'33872103150715495,"50 Lawrence ave"
','9374869903506463131269,"03/15/2021 08:58:05 AM",,"1144 Concord Ave SW","","Canton","OH",'44710-2000,US,.0666,"DHL SM Parcel Expedited","",'535816410315153623651,"EN ROUTE TO DHL ECOMMERCE",11:37:11 AM,5358164,'33872103150715489,"50 Lawrence ave"
','9374869903506463098258,"03/15/2021 08:54:59 AM",,"11335 N County Road 400 W","","Seymour","IN",'47274-8999,US,.0666,"DHL SM Parcel Expedited","",'535816410315153623651,"EN ROUTE TO DHL ECOMMERCE",11:37:11 AM,5358164,'33872103150715504,"50 Lawrence ave"
','9374869903506464917237,"03/15/2021 11:29:18 AM",,"7340 Forsythia Ave SE","","Grand Rapids","MI",'49508-7457,US,.0622,"DHL SM Parcel Expedited","",'535816410315153623651,"EN ROUTE TO DHL ECOMMERCE",11:37:11 AM,5358164,'33872103150715441,"50 Lawrence ave"
','9374869903506463138206,"03/15/2021 08:58:38 AM",,"210 Huron St","","Horicon","WI",'53032-1561,US,.0666,"DHL SM Parcel Expedited","",'535816410315153623651,"EN ROUTE TO DHL ECOMMERCE",11:37:11 AM,5358164,'33872103150715488,"50 Lawrence ave"
','9374869903506463148243,"03/15/2021 08:59:17 AM",,"PO Box 375","","Garrison","MN",'56450-0375,US,.0666,"DHL SM Parcel Expedited","",'535816410315153623651,"EN ROUTE TO DHL ECOMMERCE",11:37:11 AM,5358164,'33872103150715491,"50 Lawrence ave"
','9374869903506463205168,"03/15/2021 09:03:29 AM",,"7204 E Lystra St","","Sioux Falls","SD",'57110-1800,US,.1332,"DHL SM Parcel Expedited","",'535816410315153623651,"EN ROUTE TO DHL ECOMMERCE",11:37:11 AM,5358164,'33872103150715494,"50 Lawrence ave"
','9374869903506463333496,"03/15/2021 09:15:05 AM",,"PO Box 1047","","Lake Villa","IL",'60046-1047,US,.0666,"DHL SM Parcel Expedited","",'535816410315153623651,"EN ROUTE TO DHL ECOMMERCE",11:37:11 AM,5358164,'33872103150715478,"50 Lawrence ave"
','9374869903506464826003,"03/15/2021 11:21:30 AM",,"536 N Willow Rd","","Elmhurst","IL",'60126-2007,US,.0622,"DHL SM Parcel Expedited","",'535816410315153623651,"EN ROUTE TO DHL ECOMMERCE",11:37:11 AM,5358164,'33872103150715440,"50 Lawrence ave"
','9374869903506464684214,"03/15/2021 11:06:24 AM",,"12410 183rd Ave","","Orion","IL",'61273-9404,US,.0622,"DHL SM Parcel Expedited","",'535816410315153623651,"EN ROUTE TO DHL ECOMMERCE",11:37:11 AM,5358164,'33872103150715452,"50 Lawrence ave"
','9374869903506463198323,"03/15/2021 09:03:07 AM",,"17000 W Maple St Lot 18","E","Goddard","KS",'67052-8604,US,.0666,"DHL SM Parcel Expedited","",'535816410315153623651,"EN ROUTE TO DHL ECOMMERCE",11:37:11 AM,5358164,'33872103150715492,"50 Lawrence ave"
','9374869903506463415574,"03/15/2021 09:21:29 AM",,"PO Box 640796","","Kenner","LA",'70064-0796,US,.1332,"DHL SM Parcel Expedited","",'535816410315153623651,"EN ROUTE TO DHL ECOMMERCE",11:37:11 AM,5358164,'33872103150715477,"50 Lawrence ave"
','9374869903506463383149,"03/15/2021 09:18:43 AM",,"1604 S Saratoga St","","New Orleans","LA",'70113-2326,US,.0666,"DHL SM Parcel Expedited","",'535816410315153623651,"EN ROUTE TO DHL ECOMMERCE",11:37:11 AM,5358164,'33872103150715469,"50 Lawrence ave"
','9374869903506464704332,"03/15/2021 11:08:57 AM",,"603 Causley Ave Apt 53","","Arlington","TX",'76010-2555,US,.0622,"DHL SM Parcel Expedited","",'535816410315153623651,"EN ROUTE TO DHL ECOMMERCE",11:37:11 AM,5358164,'33872103150715437,"50 Lawrence ave"
','9374869903506463351063,"03/15/2021 09:16:04 AM",,"135 Heritage Ln","","Weatherford","TX",'76087-4422,US,.0666,"DHL SM Parcel Expedited","",'535816410315153623651,"EN ROUTE TO DHL ECOMMERCE",11:37:11 AM,5358164,'33872103150715463,"50 Lawrence ave"
','9374869903506463419794,"03/15/2021 09:21:48 AM",,"9788 Clarewood Dr Ste 107","","Houston","TX",'77036-3481,US,.2443,"DHL SM Parcel Expedited","",'535816410315153623651,"EN ROUTE TO DHL ECOMMERCE",11:37:11 AM,5358164,'33872103150715498,"50 Lawrence ave"
','9374869903506464819074,"03/15/2021 11:20:33 AM",,"603 Saul St","","Hutto","TX",'78634-3328,US,.0622,"DHL SM Parcel Expedited","",'535816410315153623651,"EN ROUTE TO DHL ECOMMERCE",11:37:11 AM,5358164,'33872103150715456,"50 Lawrence ave"
','9374869903506463240312,"03/15/2021 09:06:55 AM",,"301 Cave Springs Dr","","Wimberley","TX",'78676-9142,US,.1776,"DHL SM Parcel Expedited","",'535816410315153623651,"EN ROUTE TO DHL ECOMMERCE",11:37:11 AM,5358164,'33872103150715483,"50 Lawrence ave"
','9374869903506463191119,"03/15/2021 09:02:31 AM",,"3056 W County Line Rd Apt 211","","Highlands Ranch","CO",'80129-1906,US,.0666,"DHL SM Parcel Expedited","",'535816410315153623651,"EN ROUTE TO DHL ECOMMERCE",11:37:11 AM,5358164,'33872103150715487,"50 Lawrence ave"
','9374869903506463179254,"03/15/2021 09:01:31 AM",,"255 Montana Rd","","Grand Junction","CO",'81507-3710,US,.0666,"DHL SM Parcel Expedited","",'535816410315153623651,"EN ROUTE TO DHL ECOMMERCE",11:37:11 AM,5358164,'33872103150715503,"50 Lawrence ave"
','9374869903506463441320,"03/15/2021 09:23:03 AM",,"130 S 100 W","","Hyrum","UT",'84319-1234,US,.1332,"DHL SM Parcel Expedited","",'535816410315153623651,"EN ROUTE TO DHL ECOMMERCE",11:37:11 AM,5358164,'33872103150715466,"50 Lawrence ave"
','9374869903506464953150,"03/15/2021 11:32:38 AM",,"351 N Peart Rd Apt 221","","Casa Grande","AZ",'85122-5312,US,.0622,"DHL SM Parcel Expedited","",'535816410315153623651,"EN ROUTE TO DHL ECOMMERCE",11:37:11 AM,5358164,'33872103150715438,"50 Lawrence ave"
','9374869903506464867563,"03/15/2021 11:25:47 AM",,"3626 Tamal Ct","","Las Vegas","NV",'89103-1317,US,.0622,"DHL SM Parcel Expedited","",'535816410315153623651,"EN ROUTE TO DHL ECOMMERCE",11:37:11 AM,5358164,'33872103150715436,"50 Lawrence ave"
','9374869903506464751572,"03/15/2021 11:13:52 AM",,"6401 Shawnee Pl","","Las Vegas","NV",'89107-2410,US,.0622,"DHL SM Parcel Expedited","",'535816410315153623651,"EN ROUTE TO DHL ECOMMERCE",11:37:11 AM,5358164,'33872103150715448,"50 Lawrence ave"
','9374869903506464833698,"03/15/2021 11:22:56 AM",,"4907 Romaine St","Apt 6","Los Angeles","CA",'90029-2440,US,.0622,"DHL SM Parcel Expedited","",'535816410315153623651,"EN ROUTE TO DHL ECOMMERCE",11:37:11 AM,5358164,'33872103150715443,"50 Lawrence ave"
','9374869903506463363387,"03/15/2021 09:17:02 AM",,"PO Box 83697","","Los Angeles","CA",'90083-0697,US,.0666,"DHL SM Parcel Expedited","",'535816410315153623651,"EN ROUTE TO DHL ECOMMERCE",11:37:11 AM,5358164,'33872103150715481,"50 Lawrence ave"
','9374869903506464434000,"03/15/2021 10:44:23 AM",,"497 S Spalding Dr","","Beverly Hills","CA",'90212-4103,US,.0622,"DHL SM Parcel Expedited","",'535816410315153623651,"EN ROUTE TO DHL ECOMMERCE",11:37:11 AM,5358164,'33872103150715455,"50 Lawrence ave"
','9374869903506463095387,"03/15/2021 08:54:43 AM",,"6139 Davidson St","","Chino","CA",'91710-1126,US,.0666,"DHL SM Parcel Expedited","",'535816410315153623651,"EN ROUTE TO DHL ECOMMERCE",11:37:11 AM,5358164,'33872103150715493,"50 Lawrence ave"
','9374869903506463353937,"03/15/2021 09:16:15 AM",,"239 22nd St","","San Diego","CA",'92102-2902,US,.0666,"DHL SM Parcel Expedited","",'535816410315153623651,"EN ROUTE TO DHL ECOMMERCE",11:37:11 AM,5358164,'33872103150715468,"50 Lawrence ave"
','9374869903506464376904,"03/15/2021 10:39:00 AM",,"14761 Wilson St","","Midway City","CA",'92655-1386,US,.0622,"DHL SM Parcel Expedited","",'535816410315153623651,"EN ROUTE TO DHL ECOMMERCE",11:37:11 AM,5358164,'33872103150715457,"50 Lawrence ave"
','9374869903506463237060,"03/15/2021 09:06:18 AM",,"13652 Cypress St","","Garden Grove","CA",'92843-3231,US,.0666,"DHL SM Parcel Expedited","",'535816410315153623651,"EN ROUTE TO DHL ECOMMERCE",11:37:11 AM,5358164,'33872103150715496,"50 Lawrence ave"
','9374869903506463184302,"03/15/2021 09:01:58 AM",,"41136 Indigo Way","","Palmdale","CA",'93551-1200,US,.0666,"DHL SM Parcel Expedited","",'535816410315153623651,"EN ROUTE TO DHL ECOMMERCE",11:37:11 AM,5358164,'33872103150715485,"50 Lawrence ave"
','9374869903506463100951,"03/15/2021 08:55:12 AM",,"621 Warkentin St","","Kingsburg","CA",'93631-2340,US,.0666,"DHL SM Parcel Expedited","",'535816410315153623651,"EN ROUTE TO DHL ECOMMERCE",11:37:11 AM,5358164,'33872103150715499,"50 Lawrence ave"
','9374869903506464905043,"03/15/2021 11:28:24 AM",,"250 Rutledge St","","San Francisco","CA",'94110-5344,US,.0622,"DHL SM Parcel Expedited","",'535816410315153623651,"EN ROUTE TO DHL ECOMMERCE",11:37:11 AM,5358164,'33872103150715453,"50 Lawrence ave"
','9374869903506463113531,"03/15/2021 08:56:43 AM",,"2575 Alliance Rd Apt 15H","","Arcata","CA",'95521-5038,US,.0666,"DHL SM Parcel Expedited","",'535816410315153623651,"EN ROUTE TO DHL ECOMMERCE",11:37:11 AM,5358164,'33872103150715501,"50 Lawrence ave"
','9374869903506464669983,"03/15/2021 11:04:53 AM",,"1851 Delouch Dr","","Lincoln","CA",'95648-8906,US,.0622,"DHL SM Parcel Expedited","",'535816410315153623651,"EN ROUTE TO DHL ECOMMERCE",11:37:11 AM,5358164,'33872103150715442,"50 Lawrence ave"
','9374869903506463210445,"03/15/2021 09:04:01 AM",,"2963 SE Tumblestone Dr","","Hillsboro","OR",'97123-7963,US,.1332,"DHL SM Parcel Expedited","",'535816410315153623651,"EN ROUTE TO DHL ECOMMERCE",11:37:11 AM,5358164,'33872103150715471,"50 Lawrence ave"
','9374869903506463370064,"03/15/2021 09:17:35 AM",,"7117 150th St SW Apt B","","Lakewood","WA",'98439-2057,US,.0666,"DHL SM Parcel Expedited","",'535816410315153623651,"EN ROUTE TO DHL ECOMMERCE",11:37:11 AM,5358164,'33872103150715464,"50 Lawrence ave"
','9374869903506463110707,"03/15/2021 08:56:19 AM",,"482 Sacheen Terrace Dr","","Newport","WA",'99156-8315,US,.0666,"DHL SM Parcel Expedited","",'535816410315153623651,"EN ROUTE TO DHL ECOMMERCE",11:37:11 AM,5358164,'33872103150715500,"50 Lawrence ave"
'1BAAB4A0BA9346EB8E0231478,',"03/15/2021 09:13:08 AM",,"86A Boulevard Francois-Xavier","","Québec","QC",'G1C 2C2,CA,.25,"DHL Parcel Intl Standard","",'46030985,"EN ROUTE TO DHL ECOMMERCE",11:37:11 AM,5358164,'33872103150715505,"50 Lawrence ave"
'A7F7B3A4CE4B4F9F8B6B83A71,',"03/15/2021 09:24:33 AM",,"10 Grenoble Dr.,   Apt. 202","","Toronto","ON",'M3C1C6,CA,.0662,"DHL Parcel Intl Standard","",'46030985,"EN ROUTE TO DHL ECOMMERCE",11:37:11 AM,5358164,'33872103150715508,"50 Lawrence ave"
'DCD99A2A52744EEFB1ED028DC,',"03/15/2021 09:11:24 AM",,"1047 Lawson Rd","","London","ON",'N6G3V5,CA,.0662,"DHL Parcel Intl Standard","",'46030985,"EN ROUTE TO DHL ECOMMERCE",11:37:11 AM,5358164,'33872103150715510,"50 Lawrence ave"
'7AD78F8AD5A34BF4A2D078DD9,',"03/15/2021 09:23:50 AM",,"99 Shahi st","2204","Winnipeg","MB",'R3y1z8,CA,.0662,"DHL Parcel Intl Standard","",'46030985,"EN ROUTE TO DHL ECOMMERCE",11:37:11 AM,5358164,'33872103150715506,"50 Lawrence ave"
'925C43C07EF14234A063BBE86,',"03/15/2021 09:25:15 AM",,"127-5735 Hampton Pl","","Vancouver","BC",'V6T 2G8,CA,.1325,"DHL Parcel Intl Standard","",'46030985,"EN ROUTE TO DHL ECOMMERCE",11:37:11 AM,5358164,'33872103150715507,"50 Lawrence ave"