Customer Confirmation Number,Delivery Confirmation Number,Receive Date,Recipient Name,Address Line 1,Address Line 2,City,State,Zip or Postal Code,Country,Weight (LBs),Mail Product Name,Customer Reference,BOL Number,Last Event Description,Last Event Time,Pickup Account Number,DHL Tracking Number,Pickup Address
','9374869903506173128382,"01/18/2021 08:48:07 AM",,"137 S Elm St","","Haverhill","MA",'01835-7335,US,.0622,"DHL SM Parcel Expedited","",'535816410118153123051,"EN ROUTE TO DHL ECOMMERCE",10:32:33 AM,5358164,'33872101180125973,"50 Lawrence ave"
','9374869903506173059402,"01/18/2021 08:41:10 AM",,"7 Village Ln Apt 26","","Tyngsboro","MA",'01879-2831,US,.0622,"DHL SM Parcel Expedited","",'535816410118153123051,"EN ROUTE TO DHL ECOMMERCE",10:32:33 AM,5358164,'33872101180125969,"50 Lawrence ave"
','9374869903506173121017,"01/18/2021 08:47:19 AM",,"67 HAWLEY ST","","BROCKTON","MA",'02301-3118,US,.0622,"DHL SM Parcel Expedited","",'535816410118153123051,"EN ROUTE TO DHL ECOMMERCE",10:32:33 AM,5358164,'33872101180125964,"50 Lawrence ave"
','9374869903506174014639,"01/18/2021 10:09:54 AM",,"486 Old Town Rd","","Block Island","RI",'02807-7848,US,.0666,"DHL SM Parcel Expedited","",'535816410118153123051,"EN ROUTE TO DHL ECOMMERCE",10:32:33 AM,5358164,'33872101180125932,"50 Lawrence ave"
','9374869903506173360003,"01/18/2021 09:08:57 AM",,"26 Princess Dr","","Salem","NH",'03079-3757,US,.0622,"DHL SM Parcel Expedited","",'535816410118153123051,"EN ROUTE TO DHL ECOMMERCE",10:32:33 AM,5358164,'33872101180125962,"50 Lawrence ave"
','9374869903506173996219,"01/18/2021 10:08:07 AM",,"2 Curtis Ave","","New Fairfield","CT",'06812-4506,US,.0666,"DHL SM Parcel Expedited","",'535816410118153123051,"EN ROUTE TO DHL ECOMMERCE",10:32:33 AM,5358164,'33872101180125942,"50 Lawrence ave"
','9374869903506174168578,"01/18/2021 10:26:08 AM",,"105 Nichols St","","Newark","NJ",'07105-1696,US,.1332,"DHL SM Parcel Expedited","",'535816410118153123051,"EN ROUTE TO DHL ECOMMERCE",10:32:33 AM,5358164,'33872101180125920,"50 Lawrence ave"
','9374869903506174052716,"01/18/2021 10:13:26 AM",,"87 new rd","","pedricktown","NJ",'08067-3308,US,.0666,"DHL SM Parcel Expedited","",'535816410118153123051,"EN ROUTE TO DHL ECOMMERCE",10:32:33 AM,5358164,'33872101180125912,"50 Lawrence ave"
','9374869903506173442624,"01/18/2021 09:17:52 AM",,"387 Franklin Ave Apt 204","","Brooklyn","NY",'11238-2170,US,.0622,"DHL SM Parcel Expedited","",'535816410118153123051,"EN ROUTE TO DHL ECOMMERCE",10:32:33 AM,5358164,'33872101180125952,"50 Lawrence ave"
','9374869903506173961125,"01/18/2021 10:04:35 AM",,"10430 39th Ave Apt 2R","","Corona","NY",'11368-2393,US,.0666,"DHL SM Parcel Expedited","",'535816410118153123051,"EN ROUTE TO DHL ECOMMERCE",10:32:33 AM,5358164,'33872101180125937,"50 Lawrence ave"
','9374869903506174009116,"01/18/2021 10:09:28 AM",,"13 Talcott St","","Massena","NY",'13662-2225,US,.0666,"DHL SM Parcel Expedited","",'535816410118153123051,"EN ROUTE TO DHL ECOMMERCE",10:32:33 AM,5358164,'33872101180125931,"50 Lawrence ave"
','9374869903506174061305,"01/18/2021 10:13:56 AM",,"325 Rustin Way","","Wexford","PA",'15090-7000,US,.0666,"DHL SM Parcel Expedited","",'535816410118153123051,"EN ROUTE TO DHL ECOMMERCE",10:32:33 AM,5358164,'33872101180125941,"50 Lawrence ave"
','9374869903506173648484,"01/18/2021 09:40:23 AM",,"2362 Wassergass Rd","","Hellertown","PA",'18055-1233,US,.0622,"DHL SM Parcel Expedited","",'535816410118153123051,"EN ROUTE TO DHL ECOMMERCE",10:32:33 AM,5358164,'33872101180125961,"50 Lawrence ave"
'8D3EFC0155374566BC1D5AEE3,',"01/18/2021 10:28:54 AM",,"apartment 2 building 9 street 855","area 42","Doha","Qatar",'18674,QA,.0662,"DHL Parcel Intl Standard","",'48800971,"EN ROUTE TO DHL ECOMMERCE",10:32:33 AM,5358164,'33872101180125975,"50 Lawrence ave"
','9374869903506174163641,"01/18/2021 10:25:42 AM",,"36 Saddleview Dr","","Royersford","PA",'19468-3227,US,.0666,"DHL SM Parcel Expedited","",'535816410118153123051,"EN ROUTE TO DHL ECOMMERCE",10:32:33 AM,5358164,'33872101180125938,"50 Lawrence ave"
'61F8B459AFBD4CC68BF99E011,',"01/18/2021 10:27:19 AM",,"bole kifile ketema,gurd shola , abenezer buliding","graund floor , intecpower","Addis Ababa","Addis Ababa",'20400,ET,.0662,"DHL Parcel Intl Standard","",'48800971,"EN ROUTE TO DHL ECOMMERCE",10:32:33 AM,5358164,'33872101180125978,"50 Lawrence ave"
','9374869903506174085547,"01/18/2021 10:17:10 AM",,"101 Markley Ct","","Cambridge","MD",'21613-1379,US,.1776,"DHL SM Parcel Expedited","",'535816410118153123051,"EN ROUTE TO DHL ECOMMERCE",10:32:33 AM,5358164,'33872101180125928,"50 Lawrence ave"
','9374869903506173984551,"01/18/2021 10:07:08 AM",,"30517 Danwood Dr","","Delmar","MD",'21875-2253,US,.0666,"DHL SM Parcel Expedited","",'535816410118153123051,"EN ROUTE TO DHL ECOMMERCE",10:32:33 AM,5358164,'33872101180125945,"50 Lawrence ave"
','9374869903506173411576,"01/18/2021 09:14:38 AM",,"3608 Essex Pond Quay","","Virginia Beach","VA",'23462-6943,US,.0622,"DHL SM Parcel Expedited","",'535816410118153123051,"EN ROUTE TO DHL ECOMMERCE",10:32:33 AM,5358164,'33872101180125972,"50 Lawrence ave"
','9374869903506173503127,"01/18/2021 09:24:26 AM",,"355 W Martin Luther King Blvd","Apt 1009","Charlotte","NC",'28202-0041,US,.0622,"DHL SM Parcel Expedited","",'535816410118153123051,"EN ROUTE TO DHL ECOMMERCE",10:32:33 AM,5358164,'33872101180125948,"50 Lawrence ave"
','9374869903506174074817,"01/18/2021 10:16:05 AM",,"6256 Burney Ford Rd","","Clarkton","NC",'28433-9024,US,.0666,"DHL SM Parcel Expedited","",'535816410118153123051,"EN ROUTE TO DHL ECOMMERCE",10:32:33 AM,5358164,'33872101180125913,"50 Lawrence ave"
','9374869903506173771809,"01/18/2021 09:49:57 AM",,"871 Groomstown Rd","","Cross","SC",'29436-3365,US,.0622,"DHL SM Parcel Expedited","",'535816410118153123051,"EN ROUTE TO DHL ECOMMERCE",10:32:33 AM,5358164,'33872101180125954,"50 Lawrence ave"
','9374869903506173513676,"01/18/2021 09:26:20 AM",,"944 College Park Rd","Suite B","Summerville","SC",'29486-8693,US,.0622,"DHL SM Parcel Expedited","",'535816410118153123051,"EN ROUTE TO DHL ECOMMERCE",10:32:33 AM,5358164,'33872101180125950,"50 Lawrence ave"
','9374869903506174098189,"01/18/2021 10:18:20 AM",,"1710 Griffin Ferry Rd","","Lyons","GA",'30436-3710,US,.1776,"DHL SM Parcel Expedited","",'535816410118153123051,"EN ROUTE TO DHL ECOMMERCE",10:32:33 AM,5358164,'33872101180125917,"50 Lawrence ave"
','9374869903506174127957,"01/18/2021 10:21:47 AM",,"1400 NW 9th Ave Apt 16","","Boca Raton","FL",'33486-1326,US,.1776,"DHL SM Parcel Expedited","",'535816410118153123051,"EN ROUTE TO DHL ECOMMERCE",10:32:33 AM,5358164,'33872101180125927,"50 Lawrence ave"
','9374869903506173700588,"01/18/2021 09:45:01 AM",,"11827 Sunburst Marble Rd","","Riverview","FL",'33579-2144,US,.0622,"DHL SM Parcel Expedited","",'535816410118153123051,"EN ROUTE TO DHL ECOMMERCE",10:32:33 AM,5358164,'33872101180125943,"50 Lawrence ave"
','9374869903506173762357,"01/18/2021 09:49:00 AM",,"305 Kentucky St","","Haines City","FL",'33844-3606,US,.0622,"DHL SM Parcel Expedited","",'535816410118153123051,"EN ROUTE TO DHL ECOMMERCE",10:32:33 AM,5358164,'33872101180125956,"50 Lawrence ave"
'C87A2BF3120E470986C9EDC60,',"01/18/2021 10:28:07 AM",,"8552 Northern Hwy","","Echuca","Victoria",'3564,AU,.0662,"DHL Parcel Intl Standard","",'48800971,"EN ROUTE TO DHL ECOMMERCE",10:32:33 AM,5358164,'33872101180125977,"50 Lawrence ave"
','9374869903506173971490,"01/18/2021 10:05:34 AM",,"290 McMillian Rd","","Rogersville","TN",'37857-5719,US,.0666,"DHL SM Parcel Expedited","",'535816410118153123051,"EN ROUTE TO DHL ECOMMERCE",10:32:33 AM,5358164,'33872101180125924,"50 Lawrence ave"
','9374869903506174052068,"01/18/2021 10:12:59 AM",,"118 Golanvyi Trl","","Vonore","TN",'37885-2688,US,.0666,"DHL SM Parcel Expedited","",'535816410118153123051,"EN ROUTE TO DHL ECOMMERCE",10:32:33 AM,5358164,'33872101180125911,"50 Lawrence ave"
','9374869903506173433325,"01/18/2021 09:16:37 AM",,"1185 Dorshire Dr Apt B","","Southaven","MS",'38671-6259,US,.0622,"DHL SM Parcel Expedited","",'535816410118153123051,"EN ROUTE TO DHL ECOMMERCE",10:32:33 AM,5358164,'33872101180125967,"50 Lawrence ave"
','9374869903506173955940,"01/18/2021 10:03:54 AM",,"4150 Beauregard Rd","","Wesson","MS",'39191-9212,US,.0666,"DHL SM Parcel Expedited","",'535816410118153123051,"EN ROUTE TO DHL ECOMMERCE",10:32:33 AM,5358164,'33872101180125935,"50 Lawrence ave"
','9374869903506173687889,"01/18/2021 09:43:39 AM",,"138 Patterson Ln","","Shepherdsville","KY",'40165-5995,US,.0622,"DHL SM Parcel Expedited","",'535816410118153123051,"EN ROUTE TO DHL ECOMMERCE",10:32:33 AM,5358164,'33872101180125960,"50 Lawrence ave"
','9374869903506173979502,"01/18/2021 10:06:24 AM",,"5918 Glasgow Rd","","Sylvania","OH",'43560-1411,US,.0666,"DHL SM Parcel Expedited","",'535816410118153123051,"EN ROUTE TO DHL ECOMMERCE",10:32:33 AM,5358164,'33872101180125921,"50 Lawrence ave"
','9374869903506173949772,"01/18/2021 10:03:36 AM",,"1470 Evencrest Dr","","Cincinnati","OH",'45231-3355,US,.0666,"DHL SM Parcel Expedited","",'535816410118153123051,"EN ROUTE TO DHL ECOMMERCE",10:32:33 AM,5358164,'33872101180125923,"50 Lawrence ave"
','9374869903506173110424,"01/18/2021 08:46:14 AM",,"2711 Fairbanks Ave","","Dayton","OH",'45402-5517,US,.0622,"DHL SM Parcel Expedited","",'535816410118153123051,"EN ROUTE TO DHL ECOMMERCE",10:32:33 AM,5358164,'33872101180125971,"50 Lawrence ave"
','9374869903506174145913,"01/18/2021 10:23:27 AM",,"973 Woodruff Rd","","Ray","OH",'45672-9631,US,.3109,"DHL SM Parcel Expedited","",'535816410118153123051,"EN ROUTE TO DHL ECOMMERCE",10:32:33 AM,5358164,'33872101180125922,"50 Lawrence ave"
','9374869903506173397931,"01/18/2021 09:13:33 AM",,"4172 W Middle Ct","","Bloomington","IN",'47403-1840,US,.0622,"DHL SM Parcel Expedited","",'535816410118153123051,"EN ROUTE TO DHL ECOMMERCE",10:32:33 AM,5358164,'33872101180125966,"50 Lawrence ave"
','9374869903506174031773,"01/18/2021 10:11:06 AM",,"69218 County Road 384","","South Haven","MI",'49090-7768,US,.0666,"DHL SM Parcel Expedited","",'535816410118153123051,"EN ROUTE TO DHL ECOMMERCE",10:32:33 AM,5358164,'33872101180125933,"50 Lawrence ave"
','9374869903506173956732,"01/18/2021 10:04:14 AM",,"7536 Briartree Ln Apt 401","","Burbank","IL",'60459-3006,US,.0666,"DHL SM Parcel Expedited","",'535816410118153123051,"EN ROUTE TO DHL ECOMMERCE",10:32:33 AM,5358164,'33872101180125930,"50 Lawrence ave"
','9374869903506173087917,"01/18/2021 08:44:30 AM",,"2808 Hampshire St","","Quincy","IL",'62301-3745,US,.0622,"DHL SM Parcel Expedited","",'535816410118153123051,"EN ROUTE TO DHL ECOMMERCE",10:32:33 AM,5358164,'33872101180125970,"50 Lawrence ave"
','9374869903506173864785,"01/18/2021 09:56:29 AM",,"216 E Mount Vernon Blvd","","Mount Vernon","MO",'65712-2023,US,.0622,"DHL SM Parcel Expedited","",'535816410118153123051,"EN ROUTE TO DHL ECOMMERCE",10:32:33 AM,5358164,'33872101180125936,"50 Lawrence ave"
','9374869903506173820002,"01/18/2021 09:53:02 AM",,"14104 Greenfield Rd","","Omaha","NE",'68138-3506,US,.0622,"DHL SM Parcel Expedited","",'535816410118153123051,"EN ROUTE TO DHL ECOMMERCE",10:32:33 AM,5358164,'33872101180125958,"50 Lawrence ave"
','9374869903506173667300,"01/18/2021 09:42:12 AM",,"4819 Condor St","","Metairie","LA",'70001-4411,US,.0622,"DHL SM Parcel Expedited","",'535816410118153123051,"EN ROUTE TO DHL ECOMMERCE",10:32:33 AM,5358164,'33872101180125951,"50 Lawrence ave"
','9374869903506174000236,"01/18/2021 10:08:34 AM",,"505 W Peddicord St","","Dermott","AR",'71638-2019,US,.0666,"DHL SM Parcel Expedited","",'535816410118153123051,"EN ROUTE TO DHL ECOMMERCE",10:32:33 AM,5358164,'33872101180125919,"50 Lawrence ave"
','9374869903506173790701,"01/18/2021 09:51:21 AM",,"1302 Kiwi Ct","","Grand Prairie","TX",'75051-3362,US,.0622,"DHL SM Parcel Expedited","",'535816410118153123051,"EN ROUTE TO DHL ECOMMERCE",10:32:33 AM,5358164,'33872101180125963,"50 Lawrence ave"
','9374869903506173492360,"01/18/2021 09:22:55 AM",,"897 Union Station Pkwy Apt 19419","","Lewisville","TX",'75057-5301,US,.0622,"DHL SM Parcel Expedited","",'535816410118153123051,"EN ROUTE TO DHL ECOMMERCE",10:32:33 AM,5358164,'33872101180125959,"50 Lawrence ave"
','9374869903506174080535,"01/18/2021 10:16:24 AM",,"9 Waterford Cir","","Nacogdoches","TX",'75965-8714,US,.1776,"DHL SM Parcel Expedited","",'535816410118153123051,"EN ROUTE TO DHL ECOMMERCE",10:32:33 AM,5358164,'33872101180125910,"50 Lawrence ave"
','9374869903506173834818,"01/18/2021 09:54:26 AM",,"29318 Legends Line Dr","","Spring","TX",'77386-3476,US,.0622,"DHL SM Parcel Expedited","",'535816410118153123051,"EN ROUTE TO DHL ECOMMERCE",10:32:33 AM,5358164,'33872101180125955,"50 Lawrence ave"
','9374869903506173990927,"01/18/2021 10:07:34 AM",,"5330 Grey Rock Dr","","San Antonio","TX",'78228-6523,US,.0666,"DHL SM Parcel Expedited","",'535816410118153123051,"EN ROUTE TO DHL ECOMMERCE",10:32:33 AM,5358164,'33872101180125947,"50 Lawrence ave"
','9374869903506174091593,"01/18/2021 10:17:42 AM",,"4624 Elma St","","Brownsville","TX",'78521-5470,US,.1776,"DHL SM Parcel Expedited","",'535816410118153123051,"EN ROUTE TO DHL ECOMMERCE",10:32:33 AM,5358164,'33872101180125916,"50 Lawrence ave"
','9374869903506174129630,"01/18/2021 10:22:17 AM",,"2302 Nicole Dr","","Mission","TX",'78574-9716,US,.1776,"DHL SM Parcel Expedited","",'535816410118153123051,"EN ROUTE TO DHL ECOMMERCE",10:32:33 AM,5358164,'33872101180125929,"50 Lawrence ave"
','9374869903506173374314,"01/18/2021 09:10:31 AM",,"2754 Flower St","","Huntington Park","CA",'90255-6020,US,.0622,"DHL SM Parcel Expedited","",'535816410118153123051,"EN ROUTE TO DHL ECOMMERCE",10:32:33 AM,5358164,'33872101180125965,"50 Lawrence ave"
','9374869903506173850238,"01/18/2021 09:55:28 AM",,"2382 E Artesia Blvd","","Long Beach","CA",'90805-1708,US,.0622,"DHL SM Parcel Expedited","",'535816410118153123051,"EN ROUTE TO DHL ECOMMERCE",10:32:33 AM,5358164,'33872101180125946,"50 Lawrence ave"
','9374869903506173391229,"01/18/2021 09:12:34 AM",,"2382 E Artesia Blvd","","Long Beach","CA",'90805-1708,US,.0622,"DHL SM Parcel Expedited","",'535816410118153123051,"EN ROUTE TO DHL ECOMMERCE",10:32:33 AM,5358164,'33872101180125957,"50 Lawrence ave"
','9374869903506174048870,"01/18/2021 10:12:32 AM",,"11966 Nyack Rd","","Victorville","CA",'92392-0480,US,.0666,"DHL SM Parcel Expedited","",'535816410118153123051,"EN ROUTE TO DHL ECOMMERCE",10:32:33 AM,5358164,'33872101180125940,"50 Lawrence ave"
','9374869903506174064795,"01/18/2021 10:14:33 AM",,"3000 W MacArthur Blvd Ste 690","","Santa Ana","CA",'92704-6976,US,.0666,"DHL SM Parcel Expedited","",'535816410118153123051,"EN ROUTE TO DHL ECOMMERCE",10:32:33 AM,5358164,'33872101180125915,"50 Lawrence ave"
','9374869903506173973753,"01/18/2021 10:05:51 AM",,"7222 Cari Ct","","Eastvale","CA",'92880-3464,US,.0666,"DHL SM Parcel Expedited","",'535816410118153123051,"EN ROUTE TO DHL ECOMMERCE",10:32:33 AM,5358164,'33872101180125934,"50 Lawrence ave"
','9374869903506174076118,"01/18/2021 10:15:44 AM",,"4752 Minstrel Dr","","Palmdale","CA",'93552-4424,US,.0666,"DHL SM Parcel Expedited","",'535816410118153123051,"EN ROUTE TO DHL ECOMMERCE",10:32:33 AM,5358164,'33872101180125914,"50 Lawrence ave"
','9374869903506173967240,"01/18/2021 10:05:15 AM",,"104 Almond Blossom Ct","","Los Gatos","CA",'95032-5101,US,.0666,"DHL SM Parcel Expedited","",'535816410118153123051,"EN ROUTE TO DHL ECOMMERCE",10:32:33 AM,5358164,'33872101180125939,"50 Lawrence ave"
','9374869903506173929620,"01/18/2021 10:01:46 AM",,"701 ILLINOIS AVE","","SAN JOSE","CA",'95125-1540,US,.0622,"DHL SM Parcel Expedited","",'535816410118153123051,"EN ROUTE TO DHL ECOMMERCE",10:32:33 AM,5358164,'33872101180125925,"50 Lawrence ave"
','9374869903506173423777,"01/18/2021 09:15:39 AM",,"3340 W Sonoma Ave","","Stockton","CA",'95204-2541,US,.0622,"DHL SM Parcel Expedited","",'535816410118153123051,"EN ROUTE TO DHL ECOMMERCE",10:32:33 AM,5358164,'33872101180125968,"50 Lawrence ave"
','9374869903506173733296,"01/18/2021 09:47:16 AM",,"PO Box 1977","","Lucerne","CA",'95458-1977,US,.0622,"DHL SM Parcel Expedited","",'535816410118153123051,"EN ROUTE TO DHL ECOMMERCE",10:32:33 AM,5358164,'33872101180125953,"50 Lawrence ave"
','9374869903506174132753,"01/18/2021 10:22:36 AM",,"827 Pine St Apt 2","","West Sacramento","CA",'95691-2964,US,.2443,"DHL SM Parcel Expedited","",'535816410118153123051,"EN ROUTE TO DHL ECOMMERCE",10:32:33 AM,5358164,'33872101180125926,"50 Lawrence ave"
','9374869903506174025970,"01/18/2021 10:10:34 AM",,"625 Country Club Dr","","Hilo","HI",'96720-1305,US,.0666,"DHL SM Parcel Expedited","",'535816410118153123051,"EN ROUTE TO DHL ECOMMERCE",10:32:33 AM,5358164,'33872101180125918,"50 Lawrence ave"
','9374869903506173635316,"01/18/2021 09:38:53 AM",,"165 Green Vista Ln","","Roseburg","OR",'97471-9884,US,.0622,"DHL SM Parcel Expedited","",'535816410118153123051,"EN ROUTE TO DHL ECOMMERCE",10:32:33 AM,5358164,'33872101180125949,"50 Lawrence ave"
','9374869903506173508542,"01/18/2021 09:25:20 AM",,"6203 SE 2nd Pl","","Renton","WA",'98059-7054,US,.0622,"DHL SM Parcel Expedited","",'535816410118153123051,"EN ROUTE TO DHL ECOMMERCE",10:32:33 AM,5358164,'33872101180125944,"50 Lawrence ave"
'27F7B33B22A24177A3B42A6B1,',"01/18/2021 10:30:34 AM",,"897 Rue du Roussillon","","Saint-Jean-sur-Richelieu","QC",'J3B 8N7,CA,.1762,"DHL Parcel Intl Standard","",'48800971,"EN ROUTE TO DHL ECOMMERCE",10:32:33 AM,5358164,'33872101180125979,"50 Lawrence ave"
'1EAE808AA62342A59F78F1A4D,',"01/18/2021 10:29:44 AM",,"99 Blackwell Ave.","Unit 1005","Scarborough","ON",'M1B3R5,CA,.1875,"DHL Parcel Intl Standard","",'48800971,"EN ROUTE TO DHL ECOMMERCE",10:32:33 AM,5358164,'33872101180125976,"50 Lawrence ave"