Customer Confirmation Number,Delivery Confirmation Number,Receive Date,Recipient Name,Address Line 1,Address Line 2,City,State,Zip or Postal Code,Country,Weight (LBs),Mail Product Name,Customer Reference,BOL Number,Last Event Description,Last Event Time,Pickup Account Number,DHL Tracking Number,Pickup Address
','9374869903506285695161,"02/08/2021 10:21:52 AM",,"21 Philip Pl","","Irvington","NJ",'07111-2908,US,.0666,"DHL SM Parcel Expedited","",'535816410208154523151,"EN ROUTE TO DHL ECOMMERCE",10:50:06 AM,5358164,'33872102082242614,"50 Lawrence ave"
','9374869903506285857040,"02/08/2021 10:35:36 AM",,"45 Institute St","","Freehold","NJ",'07728-2346,US,.0666,"DHL SM Parcel Expedited","",'535816410208154523151,"EN ROUTE TO DHL ECOMMERCE",10:50:06 AM,5358164,'33872102082242593,"50 Lawrence ave"
','9374869903506285042712,"02/08/2021 09:38:54 AM",,"15715 45th Ave","L3","Flushing","NY",'11355-1714,US,.0622,"DHL SM Parcel Expedited","",'535816410208154523151,"EN ROUTE TO DHL ECOMMERCE",10:50:06 AM,5358164,'33872102082242625,"50 Lawrence ave"
','9374869903506285798497,"02/08/2021 10:30:19 AM",,"13 Josephine Ave","","Kingston","NY",'12401-5323,US,.0666,"DHL SM Parcel Expedited","",'535816410208154523151,"EN ROUTE TO DHL ECOMMERCE",10:50:06 AM,5358164,'33872102082242601,"50 Lawrence ave"
','9374869903506285520180,"02/08/2021 10:06:37 AM",,"1601 Spring Garden St Apt 505","","Philadelphia","PA",'19130-3944,US,.0622,"DHL SM Parcel Expedited","",'535816410208154523151,"EN ROUTE TO DHL ECOMMERCE",10:50:06 AM,5358164,'33872102082242621,"50 Lawrence ave"
','9374869903506285769657,"02/08/2021 10:27:22 AM",,"13329 Fredericksburg Tpke","","Woodford","VA",'22580-2840,US,.0666,"DHL SM Parcel Expedited","",'535816410208154523151,"EN ROUTE TO DHL ECOMMERCE",10:50:06 AM,5358164,'33872102082242612,"50 Lawrence ave"
','9374869903506285495235,"02/08/2021 10:04:46 AM",,"2820 Gibsonville Ossipee Rd","","Elon","NC",'27244-7809,US,.0622,"DHL SM Parcel Expedited","",'535816410208154523151,"EN ROUTE TO DHL ECOMMERCE",10:50:06 AM,5358164,'33872102082242613,"50 Lawrence ave"
','9374869903506285668943,"02/08/2021 10:19:40 AM",,"2319 Springwater Dr","","Gastonia","NC",'28056-8643,US,.0666,"DHL SM Parcel Expedited","",'535816410208154523151,"EN ROUTE TO DHL ECOMMERCE",10:50:06 AM,5358164,'33872102082242620,"50 Lawrence ave"
','9374869903506285653147,"02/08/2021 10:18:10 AM",,"455 Sunnehanna Dr Unit 516","","Myrtle Beach","SC",'29588-5379,US,.2443,"DHL SM Parcel Expedited","",'535816410208154523151,"EN ROUTE TO DHL ECOMMERCE",10:50:06 AM,5358164,'33872102082242597,"50 Lawrence ave"
','9374869903506284995972,"02/08/2021 09:35:28 AM",,"1816 Dunrobin Dr SE","","Smyrna","GA",'30082-5224,US,.0622,"DHL SM Parcel Expedited","",'535816410208154523151,"EN ROUTE TO DHL ECOMMERCE",10:50:06 AM,5358164,'33872102082242635,"50 Lawrence ave"
','9374869903506285030351,"02/08/2021 09:37:51 AM",,"35 Lazy Water Dr SW","","Euharlee","GA",'30120-5935,US,.0622,"DHL SM Parcel Expedited","",'535816410208154523151,"EN ROUTE TO DHL ECOMMERCE",10:50:06 AM,5358164,'33872102082242623,"50 Lawrence ave"
','9374869903506285910592,"02/08/2021 10:39:05 AM",,"300 Lovett Rd","","Statesboro","GA",'30458-5788,US,.1332,"DHL SM Parcel Expedited","",'535816410208154523151,"EN ROUTE TO DHL ECOMMERCE",10:50:06 AM,5358164,'33872102082242600,"50 Lawrence ave"
','9374869903506285756961,"02/08/2021 10:26:08 AM",,"3164 Burdock Ave","","West Melbourne","FL",'32904-9580,US,.0666,"DHL SM Parcel Expedited","",'535816410208154523151,"EN ROUTE TO DHL ECOMMERCE",10:50:06 AM,5358164,'33872102082242606,"50 Lawrence ave"
','9374869903506285178510,"02/08/2021 09:45:26 AM",,"240 Greensview Dr","","Avon Park","FL",'33825-6045,US,.0622,"DHL SM Parcel Expedited","",'535816410208154523151,"EN ROUTE TO DHL ECOMMERCE",10:50:06 AM,5358164,'33872102082242631,"50 Lawrence ave"
','9374869903506285734013,"02/08/2021 10:24:30 AM",,"1518 Markdale St E","","Lehigh Acres","FL",'33936-5818,US,.0666,"DHL SM Parcel Expedited","",'535816410208154523151,"EN ROUTE TO DHL ECOMMERCE",10:50:06 AM,5358164,'33872102082242594,"50 Lawrence ave"
','9374869903506285706126,"02/08/2021 10:22:31 AM",,"W3711 Pine Ave","","Spalding","MI",'49886-9761,US,.0666,"DHL SM Parcel Expedited","",'535816410208154523151,"EN ROUTE TO DHL ECOMMERCE",10:50:06 AM,5358164,'33872102082242592,"50 Lawrence ave"
','9374869903506285401694,"02/08/2021 09:56:08 AM",,"61603 320th Ave","","Manson","IA",'50563-8611,US,.0622,"DHL SM Parcel Expedited","",'535816410208154523151,"EN ROUTE TO DHL ECOMMERCE",10:50:06 AM,5358164,'33872102082242630,"50 Lawrence ave"
','9374869903506285848345,"02/08/2021 10:35:06 AM",,"119 S 8th St","","DeKalb","IL",'60115-3840,US,.0666,"DHL SM Parcel Expedited","",'535816410208154523151,"EN ROUTE TO DHL ECOMMERCE",10:50:06 AM,5358164,'33872102082242596,"50 Lawrence ave"
','9374869903506285790262,"02/08/2021 10:29:16 AM",,"308 Rowe Dr","","Bloomington","IL",'61701-2133,US,.0666,"DHL SM Parcel Expedited","",'535816410208154523151,"EN ROUTE TO DHL ECOMMERCE",10:50:06 AM,5358164,'33872102082242622,"50 Lawrence ave"
','9374869903506285722331,"02/08/2021 10:23:44 AM",,"224 Logan St","","Lebanon","MO",'65536-2957,US,.0666,"DHL SM Parcel Expedited","",'535816410208154523151,"EN ROUTE TO DHL ECOMMERCE",10:50:06 AM,5358164,'33872102082242609,"50 Lawrence ave"
','9374869903506285901842,"02/08/2021 10:38:16 AM",,"10606 Piping Rock Ln","","Houston","TX",'77042-2823,US,.1332,"DHL SM Parcel Expedited","",'535816410208154523151,"EN ROUTE TO DHL ECOMMERCE",10:50:06 AM,5358164,'33872102082242598,"50 Lawrence ave"
','9374869903506285794598,"02/08/2021 10:29:50 AM",,"420 Goldeneye Ct","","Laredo","TX",'78045-4120,US,.0666,"DHL SM Parcel Expedited","",'535816410208154523151,"EN ROUTE TO DHL ECOMMERCE",10:50:06 AM,5358164,'33872102082242604,"50 Lawrence ave"
','9374869903506285809216,"02/08/2021 10:31:39 AM",,"7208 Barb Mar Ln","","Edinburg","TX",'78541-4557,US,.0666,"DHL SM Parcel Expedited","",'535816410208154523151,"EN ROUTE TO DHL ECOMMERCE",10:50:06 AM,5358164,'33872102082242619,"50 Lawrence ave"
','9374869903506285141606,"02/08/2021 09:43:44 AM",,"1789 Cottonwood St","","Broomfield","CO",'80020-2516,US,.0622,"DHL SM Parcel Expedited","",'535816410208154523151,"EN ROUTE TO DHL ECOMMERCE",10:50:06 AM,5358164,'33872102082242632,"50 Lawrence ave"
','9374869903506285814968,"02/08/2021 10:32:08 AM",,"3020 E Autumn Way","","Meridian","ID",'83642-6238,US,.0666,"DHL SM Parcel Expedited","",'535816410208154523151,"EN ROUTE TO DHL ECOMMERCE",10:50:06 AM,5358164,'33872102082242603,"50 Lawrence ave"
','9374869903506285702043,"02/08/2021 10:22:13 AM",,"23503 Hoskins Rd","","Wilder","ID",'83676-5835,US,.0666,"DHL SM Parcel Expedited","",'535816410208154523151,"EN ROUTE TO DHL ECOMMERCE",10:50:06 AM,5358164,'33872102082242599,"50 Lawrence ave"
','9374869903506285661661,"02/08/2021 10:19:19 AM",,"751 E 4500 S Apt 3","","Salt Lake City","UT",'84107-3069,US,.0666,"DHL SM Parcel Expedited","",'535816410208154523151,"EN ROUTE TO DHL ECOMMERCE",10:50:06 AM,5358164,'33872102082242617,"50 Lawrence ave"
','9374869903506285387639,"02/08/2021 09:54:47 AM",,"1216 Pontiac Ave","","North Las Vegas","NV",'89030-3752,US,.0622,"DHL SM Parcel Expedited","",'535816410208154523151,"EN ROUTE TO DHL ECOMMERCE",10:50:06 AM,5358164,'33872102082242616,"50 Lawrence ave"
','9374869903506285804822,"02/08/2021 10:30:53 AM",,"3444 Wasatch Cedars St","","Las Vegas","NV",'89122-3574,US,.0666,"DHL SM Parcel Expedited","",'535816410208154523151,"EN ROUTE TO DHL ECOMMERCE",10:50:06 AM,5358164,'33872102082242615,"50 Lawrence ave"
','9374869903506285682086,"02/08/2021 10:20:39 AM",,"16028 Jalon Rd","","La Mirada","CA",'90638-5744,US,.0666,"DHL SM Parcel Expedited","",'535816410208154523151,"EN ROUTE TO DHL ECOMMERCE",10:50:06 AM,5358164,'33872102082242608,"50 Lawrence ave"
','9374869903506285739858,"02/08/2021 10:24:58 AM",,"7881 Santa Barbara Ave","","Stanton","CA",'90680-3518,US,.0666,"DHL SM Parcel Expedited","",'535816410208154523151,"EN ROUTE TO DHL ECOMMERCE",10:50:06 AM,5358164,'33872102082242591,"50 Lawrence ave"
','9374869903506285749772,"02/08/2021 10:25:40 AM",,"6746 Andasol Ave","","Van Nuys","CA",'91406-5412,US,.0666,"DHL SM Parcel Expedited","",'535816410208154523151,"EN ROUTE TO DHL ECOMMERCE",10:50:06 AM,5358164,'33872102082242605,"50 Lawrence ave"
','9374869903506285292025,"02/08/2021 09:50:01 AM",,"4352 Nashotah","","Claremont","CA",'91711-8309,US,.0622,"DHL SM Parcel Expedited","",'535816410208154523151,"EN ROUTE TO DHL ECOMMERCE",10:50:06 AM,5358164,'33872102082242634,"50 Lawrence ave"
','9374869903506285368652,"02/08/2021 09:53:46 AM",,"14767 Sycamore St","","Hesperia","CA",'92345-1959,US,.0622,"DHL SM Parcel Expedited","",'535816410208154523151,"EN ROUTE TO DHL ECOMMERCE",10:50:06 AM,5358164,'33872102082242629,"50 Lawrence ave"
','9374869903506285098238,"02/08/2021 09:41:34 AM",,"16544 Lorelei Ln","","Tustin","CA",'92780-7417,US,.0622,"DHL SM Parcel Expedited","",'535816410208154523151,"EN ROUTE TO DHL ECOMMERCE",10:50:06 AM,5358164,'33872102082242626,"50 Lawrence ave"
','9374869903506285764911,"02/08/2021 10:26:47 AM",,"14706 Deer Bank Rd","","Lake Hughes","CA",'93532-1428,US,.0666,"DHL SM Parcel Expedited","",'535816410208154523151,"EN ROUTE TO DHL ECOMMERCE",10:50:06 AM,5358164,'33872102082242611,"50 Lawrence ave"
','9374869903506285660312,"02/08/2021 10:18:58 AM",,"1151 N Villa Ave Apt 42","","Dinuba","CA",'93618-3508,US,.0666,"DHL SM Parcel Expedited","",'535816410208154523151,"EN ROUTE TO DHL ECOMMERCE",10:50:06 AM,5358164,'33872102082242610,"50 Lawrence ave"
','9374869903506285783899,"02/08/2021 10:28:39 AM",,"5235 Delta View Way","","Antioch","CA",'94531-8086,US,.0666,"DHL SM Parcel Expedited","",'535816410208154523151,"EN ROUTE TO DHL ECOMMERCE",10:50:06 AM,5358164,'33872102082242602,"50 Lawrence ave"
','9374869903506285779199,"02/08/2021 10:28:05 AM",,"1729 Torrid Ave","","Modesto","CA",'95358-1416,US,.0666,"DHL SM Parcel Expedited","",'535816410208154523151,"EN ROUTE TO DHL ECOMMERCE",10:50:06 AM,5358164,'33872102082242607,"50 Lawrence ave"
','9374869903506285829566,"02/08/2021 10:33:42 AM",,"2755 Kapiolani Blvd Apt 11","","Honolulu","HI",'96826-4866,US,.0666,"DHL SM Parcel Expedited","",'535816410208154523151,"EN ROUTE TO DHL ECOMMERCE",10:50:06 AM,5358164,'33872102082242618,"50 Lawrence ave"
','9374869903506285322982,"02/08/2021 09:51:21 AM",,"PO Box 6011","","Portland","OR",'97228-6011,US,.0622,"DHL SM Parcel Expedited","",'535816410208154523151,"EN ROUTE TO DHL ECOMMERCE",10:50:06 AM,5358164,'33872102082242628,"50 Lawrence ave"
','9374869903506285013019,"02/08/2021 09:36:30 AM",,"3105 Pine St","Delta Hotel","Everett","WA",'98201-4534,US,.0622,"DHL SM Parcel Expedited","",'535816410208154523151,"EN ROUTE TO DHL ECOMMERCE",10:50:06 AM,5358164,'33872102082242636,"50 Lawrence ave"
','9374869903506285835741,"02/08/2021 10:34:25 AM",,"24917 84th St SE","","Monroe","WA",'98272-9679,US,.0666,"DHL SM Parcel Expedited","",'535816410208154523151,"EN ROUTE TO DHL ECOMMERCE",10:50:06 AM,5358164,'33872102082242595,"50 Lawrence ave"
','9374869903506285123640,"02/08/2021 09:42:50 AM",,"1537 Hemlock Dr","","Oak Harbor","WA",'98277-3404,US,.0622,"DHL SM Parcel Expedited","",'535816410208154523151,"EN ROUTE TO DHL ECOMMERCE",10:50:06 AM,5358164,'33872102082242624,"50 Lawrence ave"
','9374869903506285205780,"02/08/2021 09:46:56 AM",,"6755 SE Mullenix Rd","","Port Orchard","WA",'98367-9770,US,.0622,"DHL SM Parcel Expedited","",'535816410208154523151,"EN ROUTE TO DHL ECOMMERCE",10:50:06 AM,5358164,'33872102082242627,"50 Lawrence ave"
','9374869903506285075598,"02/08/2021 09:40:43 AM",,"9111 350th St S Unit 1221","","McKenna","WA",'98558-1647,US,.0622,"DHL SM Parcel Expedited","",'535816410208154523151,"EN ROUTE TO DHL ECOMMERCE",10:50:06 AM,5358164,'33872102082242633,"50 Lawrence ave"
'EC54F51149384E49A83558D72,',"02/08/2021 10:41:15 AM",,"2320, rue Des Meuniers app. 402","","Québec","QC",'G2C 1R3,CA,.0662,"DHL Parcel Intl Standard","",'41578921,"EN ROUTE TO DHL ECOMMERCE",10:50:06 AM,5358164,'33872102082242574,"50 Lawrence ave"
'CD357FCB6CB242C19EB516E1A,',"02/08/2021 10:43:11 AM",,"51 South St.","","Cambridge","ON",'N1R 2N7,CA,.0662,"DHL Parcel Intl Standard","",'41578921,"EN ROUTE TO DHL ECOMMERCE",10:50:06 AM,5358164,'33872102082242573,"50 Lawrence ave"
'5952938328794761B69F7BCAF,',"02/08/2021 10:42:21 AM",,"6326 Waterbury Rd","","Nanaimo","BC",'V9V 1M3,CA,.0662,"DHL Parcel Intl Standard","",'41578921,"EN ROUTE TO DHL ECOMMERCE",10:50:06 AM,5358164,'33872102082242571,"50 Lawrence ave"
'8F4AC028ED674E9D9FF6E5173,',"02/08/2021 10:44:21 AM",,"57 baltray cres.","","toronto","ON",'m3a 2h3,CA,.1325,"DHL Parcel Intl Standard","",'41578921,"EN ROUTE TO DHL ECOMMERCE",10:50:06 AM,5358164,'33872102082242572,"50 Lawrence ave"