Customer Confirmation Number,Delivery Confirmation Number,Receive Date,Recipient Name,Address Line 1,Address Line 2,City,State,Zip or Postal Code,Country,Weight (LBs),Mail Product Name,Customer Reference,BOL Number,Last Event Description,Last Event Time,Pickup Account Number,DHL Tracking Number,Pickup Address
'GM555348587000081335,',"01/30/2021 03:22:19 AM",MARA YARSKIE,"PO BOX 87","","LAKE LENORE","SK",'S0K 2J0,CA,.19,"DHL Parcel Intl Standard","",',"EN ROUTE TO DHL ECOMMERCE",03:24:24 AM,5345286,'33882101301302458,"1584 CARROLL ST."
'20210129060111754EO3TNBB,',"01/30/2021 03:11:42 AM",АЛЕКСАНДР БУЙНЕВИЧ,"NOVOROGOZHSKAYA ULITSA 22, APT 67","","MOSCOW","",'109544,RU,0,"DHL Parcel Intl Standard","",'43540056,"EN ROUTE TO DHL ECOMMERCE",03:14:12 AM,5357703,'33882101301282942,"8 Shenandoah Dr"
'20210129171907925UGMXYJC,',"01/30/2021 03:11:42 AM",JOHN LACEY,"CALLE KM 19.5 CARR. TECOMÁN A CERRO DE ORTEGA","CERRO DE ORTEGA","TECOMAN","COLIMA",'28900,MX,0,"DHL Parcel Intl Standard","",'43540056,"EN ROUTE TO DHL ECOMMERCE",03:14:12 AM,5357703,'33882101301282945,"8 Shenandoah Dr"
'20210129060106579EL2NION,',"01/30/2021 03:11:42 AM",SABINMON FRANCIS,"SABINMON FRANCIS","GILBOA 6 A ,NAVE SHANAN,","HAIFA","HAIFA",'3271606,IL,0,"DHL Parcel Intl Standard","",'43540056,"EN ROUTE TO DHL ECOMMERCE",03:14:12 AM,5357703,'33882101301282940,"8 Shenandoah Dr"
'20210129060114947I4RTI2M,',"01/30/2021 03:11:42 AM",ENEKO MELENDRE,"GRUPO ARTAZU BEKOA 34, 4 IZQUIERDA","","BILBAO","",'48002,ES,0,"DHL Parcel Intl Standard","",'43540056,"EN ROUTE TO DHL ECOMMERCE",03:14:12 AM,5357703,'33882101301282943,"8 Shenandoah Dr"
'20210129060108328JGDDSV0,',"01/30/2021 03:11:42 AM",ZABOLOTSKII ARTEM,"UL. SOVETSKAYA, DOM 84A, KV. 22","","HOLMSK","SAKHALINSKAYA OBLAST",'694620,RU,0,"DHL Parcel Intl Standard","",'43540056,"EN ROUTE TO DHL ECOMMERCE",03:14:12 AM,5357703,'33882101301282941,"8 Shenandoah Dr"
'20210129151616069NKTO2X0,',"01/30/2021 03:11:42 AM",AUDREY BERGERON,"1098 12E RANG O","","PRINCEVILLE","QC",'G6L 4K5,CA,0,"DHL Parcel Intl Standard","",'43540056,"EN ROUTE TO DHL ECOMMERCE",03:14:12 AM,5357703,'33882101301282944,"8 Shenandoah Dr"