Customer Confirmation Number,Delivery Confirmation Number,Receive Date,Recipient Name,Address Line 1,Address Line 2,City,State,Zip or Postal Code,Country,Weight (LBs),Mail Product Name,Customer Reference,BOL Number,Last Event Description,Last Event Time,Pickup Account Number,DHL Tracking Number,Pickup Address
'GM555348587000078618,',"01/06/2021 03:20:48 AM",CYNTHIA STEAD,"PO BOX 126","32 GOOSE BAY DR","MUSGRAVETOWN","NL",'A0C 1Z0,CA,.19,"DHL Parcel Intl Standard","",',"EN ROUTE TO DHL ECOMMERCE",03:24:27 AM,5345286,'33882101069770718,"1584 CARROLL ST."
'GM555348587000078571,',"01/06/2021 03:20:48 AM",STÉPHANE PÉPIN,"895 AV MARC-AURÈLE-FORTIN","","LAVAL","QC",'H7L 6H6,CA,.19,"DHL Parcel Intl Standard","",',"EN ROUTE TO DHL ECOMMERCE",03:24:27 AM,5345286,'33882101069770705,"1584 CARROLL ST."
'GM555348587000078588,',"01/06/2021 03:20:48 AM",KARINE SIROIS,"1-2648 RUE MARQUETTE","","LONGUEUIL","QC",'J4K 4K4,CA,.19,"DHL Parcel Intl Standard","",',"EN ROUTE TO DHL ECOMMERCE",03:24:27 AM,5345286,'33882101069770702,"1584 CARROLL ST."
'GM555348587000078502,',"01/06/2021 03:20:48 AM",ROSE-MARIE GIGNAC,"BLAINVILLE","106-139 54E AV E","BLAINVILLE","QC",'J7C 0H4,CA,.19,"DHL Parcel Intl Standard","",',"EN ROUTE TO DHL ECOMMERCE",03:24:27 AM,5345286,'33882101069770712,"1584 CARROLL ST."
'GM555348587000078496,',"01/06/2021 03:20:48 AM",VALERIE MCLEOD,"3600 MOORE FARM LANE","","HARTINGTON","ON",'K0H 1W0,CA,.19,"DHL Parcel Intl Standard","",',"EN ROUTE TO DHL ECOMMERCE",03:24:27 AM,5345286,'33882101069770714,"1584 CARROLL ST."
'GM555348587000078526,',"01/06/2021 03:20:48 AM",MARK S MAVRIC,"2065 NORTH BAPTISTE LAKE RD","","MAYNOOTH","ON",'K0L 2S0,CA,.19,"DHL Parcel Intl Standard","",',"EN ROUTE TO DHL ECOMMERCE",03:24:27 AM,5345286,'33882101069770703,"1584 CARROLL ST."
'GM555348587000078533,',"01/06/2021 03:20:48 AM",MEAGHAN PAGEOT,"111-300 GRENFELL ST","","OSHAWA","ON",'L1J 4W6,CA,.19,"DHL Parcel Intl Standard","",',"EN ROUTE TO DHL ECOMMERCE",03:24:27 AM,5345286,'33882101069770710,"1584 CARROLL ST."
'GM555348587000078519,',"01/06/2021 03:20:48 AM",NELLA FERRIS,"39 SANREMO CRT","","VAUGHAN","ON",'L4H 1K5,CA,.19,"DHL Parcel Intl Standard","",',"EN ROUTE TO DHL ECOMMERCE",03:24:27 AM,5345286,'33882101069770707,"1584 CARROLL ST."
'GM555348587000078472,',"01/06/2021 03:20:48 AM",JILL RHYNOLD,"50 RACHLIN DR","","ACTON","ON",'L7J 3B2,CA,.19,"DHL Parcel Intl Standard","",',"EN ROUTE TO DHL ECOMMERCE",03:24:27 AM,5345286,'33882101069770713,"1584 CARROLL ST."
'GM555348587000078458,',"01/06/2021 03:20:48 AM",JENNY KHOURY,"10 ROANOKE RD APT 707","","TORONTO","ON",'M3A 1E7,CA,.19,"DHL Parcel Intl Standard","",',"EN ROUTE TO DHL ECOMMERCE",03:24:27 AM,5345286,'33882101069770704,"1584 CARROLL ST."
'GM555348587000078557,',"01/06/2021 03:20:48 AM",FRANCISKA VAN LIN,"82 PINE VALLEY DR","","ST THOMAS","ON",'N5P 0B3,CA,.19,"DHL Parcel Intl Standard","",',"EN ROUTE TO DHL ECOMMERCE",03:24:27 AM,5345286,'33882101069770708,"1584 CARROLL ST."
'GM555348587000078601,',"01/06/2021 03:20:48 AM",BRAYDON WEATHERBURN,"36 VERNON KEATS DR","","WEST PINE RIDGE","MB",'R1C 0G8,CA,.19,"DHL Parcel Intl Standard","",',"EN ROUTE TO DHL ECOMMERCE",03:24:27 AM,5345286,'33882101069770717,"1584 CARROLL ST."
'GM555348587000078540,',"01/06/2021 03:20:48 AM",TANJA ENNS,"18 ASPEN ONE DR","","STEINBACH","MB",'R5G 0M1,CA,.19,"DHL Parcel Intl Standard","",',"EN ROUTE TO DHL ECOMMERCE",03:24:27 AM,5345286,'33882101069770711,"1584 CARROLL ST."
'GM555348587000078595,',"01/06/2021 03:20:48 AM",ZOE HARMEN,"5929 ROCHDALE BLVD APT 408","","REGINA","SK",'S4X 0M3,CA,.19,"DHL Parcel Intl Standard","",',"EN ROUTE TO DHL ECOMMERCE",03:24:27 AM,5345286,'33882101069770716,"1584 CARROLL ST."
'GM555348587000078564,',"01/06/2021 03:20:48 AM",SARAH MULLIN,"CHEAMVIEW CRESCENT","","CHILLIWACK","BC",'V2R 0A1,CA,.19,"DHL Parcel Intl Standard","",',"EN ROUTE TO DHL ECOMMERCE",03:24:27 AM,5345286,'33882101069770706,"1584 CARROLL ST."
'GM555348587000078489,',"01/06/2021 03:20:48 AM",LYNNE PRUNER,"3548 WALKER ST","","VANCOUVER","BC",'V5N 5A8,CA,.19,"DHL Parcel Intl Standard","",',"EN ROUTE TO DHL ECOMMERCE",03:24:27 AM,5345286,'33882101069770715,"1584 CARROLL ST."
'GM555348587000078465,',"01/06/2021 03:20:48 AM",ARIEL HAMILTON,"4681 MACINTYRE AVE","","COURTENAY","BC",'V9N 6R1,CA,.19,"DHL Parcel Intl Standard","",',"EN ROUTE TO DHL ECOMMERCE",03:24:27 AM,5345286,'33882101069770709,"1584 CARROLL ST."
'GM555352947000182082,',"01/06/2021 03:30:14 AM",JOSE LUIS RIOS BONNIN,"CALLE VEREDA DE LA LOMA, 20 (OGÍJARES)","","GRANADA","",'18151,ES,3.8501,"DHL Parcel Intl Standard","",',"EN ROUTE TO DHL ECOMMERCE",03:34:21 AM,5352947,'33882101069781123,"840 BROADWAY"
'GM555352947000182099,',"01/06/2021 03:30:14 AM",AMANDA MILLS,"SPRINGWATER LIBRARY ELMVALE","50 QUEEN ST W","ELMVALE","ON",'L0L 1P0,CA,.15,"DHL Parcel Intl Standard","",',"EN ROUTE TO DHL ECOMMERCE",03:34:21 AM,5352947,'33882101069781122,"840 BROADWAY"
','9374869903506109164040,"01/06/2021 11:02:10 AM",,"246 Watch Hill Rd","","Cortlandt Manor","NY",'10567-6423,US,.1776,"DHL SM Parcel Expedited","",'535816410106161823451,"EN ROUTE TO DHL ECOMMERCE",11:19:48 AM,5358164,'33872101060735947,"50 Lawrence ave"
','9374869903506108879938,"01/06/2021 10:30:47 AM",,"1061 E Mount Airy Ave Apt D11","","Philadelphia","PA",'19150-2717,US,.0622,"DHL SM Parcel Expedited","",'535816410106161823451,"EN ROUTE TO DHL ECOMMERCE",11:19:48 AM,5358164,'33872101060735956,"50 Lawrence ave"
','9374869903506109237478,"01/06/2021 11:12:12 AM",,"11524 Goodloe Rd","","Silver Spring","MD",'20906-4838,US,.0666,"DHL SM Parcel Expedited","",'535816410106161823451,"EN ROUTE TO DHL ECOMMERCE",11:19:48 AM,5358164,'33872101060735966,"50 Lawrence ave"
','9374869903506109151385,"01/06/2021 11:00:26 AM",,"11018 Bragg ct","","Williamsport","MD",'21795-1445,US,.0666,"DHL SM Parcel Expedited","",'535816410106161823451,"EN ROUTE TO DHL ECOMMERCE",11:19:48 AM,5358164,'33872101060735957,"50 Lawrence ave"
','9374869903506108994525,"01/06/2021 10:42:44 AM",,"9210 Bruckhaus St Apt 321","","Raleigh","NC",'27617-4328,US,.0622,"DHL SM Parcel Expedited","",'535816410106161823451,"EN ROUTE TO DHL ECOMMERCE",11:19:48 AM,5358164,'33872101060735953,"50 Lawrence ave"
','9374869903506109246951,"01/06/2021 11:12:49 AM",,"6945 Butner Rd","","College Park","GA",'30349-1267,US,.0666,"DHL SM Parcel Expedited","",'535816410106161823451,"EN ROUTE TO DHL ECOMMERCE",11:19:48 AM,5358164,'33872101060735961,"50 Lawrence ave"
','9374869903506108925789,"01/06/2021 10:35:44 AM",,"5333 Blueberry Hill Ave","","Lake Worth","FL",'33463-6799,US,.0622,"DHL SM Parcel Expedited","",'535816410106161823451,"EN ROUTE TO DHL ECOMMERCE",11:19:48 AM,5358164,'33872101060735962,"50 Lawrence ave"
','9374869903506109141690,"01/06/2021 10:58:34 AM",,"10144 Arbor Run Dr Unit 77","","Tampa","FL",'33647-3568,US,.0666,"DHL SM Parcel Expedited","",'535816410106161823451,"EN ROUTE TO DHL ECOMMERCE",11:19:48 AM,5358164,'33872101060735948,"50 Lawrence ave"
','9374869903506109137297,"01/06/2021 10:58:19 AM",,"10144 Arbor Run dr","Unit 77","Tampa","FL",'33647-3568,US,.0666,"DHL SM Parcel Expedited","",'535816410106161823451,"EN ROUTE TO DHL ECOMMERCE",11:19:48 AM,5358164,'33872101060735949,"50 Lawrence ave"
','9374869903506109126284,"01/06/2021 10:56:20 AM",,"PO Box 427","","Powell","TN",'37849-0427,US,.0666,"DHL SM Parcel Expedited","",'535816410106161823451,"EN ROUTE TO DHL ECOMMERCE",11:19:48 AM,5358164,'33872101060735955,"50 Lawrence ave"
','9374869903506109145384,"01/06/2021 10:59:32 AM",,"202 James Zimmerman Rd","","Hampshire","TN",'38461-5112,US,.0666,"DHL SM Parcel Expedited","",'535816410106161823451,"EN ROUTE TO DHL ECOMMERCE",11:19:48 AM,5358164,'33872101060735950,"50 Lawrence ave"
'5DEDB4437E594FC7BAFFA83DE,',"01/06/2021 11:04:12 AM",,"via beniamino disraeli 9","","reggio emilia","RE",'42124,IT,.0662,"DHL Parcel Intl Standard","",'45559757,"EN ROUTE TO DHL ECOMMERCE",11:19:48 AM,5358164,'33872101060735943,"50 Lawrence ave"
','9374869903506108895235,"01/06/2021 10:32:13 AM",,"69071 Turnwood Ct","","New Paris","IN",'46553-9683,US,.0622,"DHL SM Parcel Expedited","",'535816410106161823451,"EN ROUTE TO DHL ECOMMERCE",11:19:48 AM,5358164,'33872101060735954,"50 Lawrence ave"
','9374869903506108973407,"01/06/2021 10:41:03 AM",,"430 33rd Ave","","Marion","IA",'52302-6364,US,.0622,"DHL SM Parcel Expedited","",'535816410106161823451,"EN ROUTE TO DHL ECOMMERCE",11:19:48 AM,5358164,'33872101060735969,"50 Lawrence ave"
','9374869903506109128950,"01/06/2021 10:56:37 AM",,"200 Wayne St","","Prairie Farm","WI",'54762-9757,US,.0666,"DHL SM Parcel Expedited","",'535816410106161823451,"EN ROUTE TO DHL ECOMMERCE",11:19:48 AM,5358164,'33872101060735952,"50 Lawrence ave"
','9374869903506109149818,"01/06/2021 10:59:47 AM",,"301 E Central Rd","Sunstar Americas Inc","Schaumburg","IL",'60195-1901,US,.0666,"DHL SM Parcel Expedited","",'535816410106161823451,"EN ROUTE TO DHL ECOMMERCE",11:19:48 AM,5358164,'33872101060735967,"50 Lawrence ave"
','9374869903506108930370,"01/06/2021 10:36:59 AM",,"3144 S Wells St Apt 1R","","Chicago","IL",'60616-4972,US,.0622,"DHL SM Parcel Expedited","",'535816410106161823451,"EN ROUTE TO DHL ECOMMERCE",11:19:48 AM,5358164,'33872101060735964,"50 Lawrence ave"
','9374869903506109130571,"01/06/2021 10:56:52 AM",,"7723 Murdoch Ave","","Saint Louis","MO",'63119-2812,US,.0666,"DHL SM Parcel Expedited","",'535816410106161823451,"EN ROUTE TO DHL ECOMMERCE",11:19:48 AM,5358164,'33872101060735945,"50 Lawrence ave"
','9374869903506109136214,"01/06/2021 10:58:04 AM",,"1210 N Pearl St Apt D","","Wayne","NE",'68787-1143,US,.0666,"DHL SM Parcel Expedited","",'535816410106161823451,"EN ROUTE TO DHL ECOMMERCE",11:19:48 AM,5358164,'33872101060735960,"50 Lawrence ave"
','9374869903506109131073,"01/06/2021 10:57:08 AM",,"300 W Houston St","","Carrizo Spgs","TX",'78834-3254,US,.0666,"DHL SM Parcel Expedited","",'535816410106161823451,"EN ROUTE TO DHL ECOMMERCE",11:19:48 AM,5358164,'33872101060735951,"50 Lawrence ave"
','9374869903506109149214,"01/06/2021 11:00:03 AM",,"7960 Birch Ln","","Nampa","ID",'83687-9184,US,.0666,"DHL SM Parcel Expedited","",'535816410106161823451,"EN ROUTE TO DHL ECOMMERCE",11:19:48 AM,5358164,'33872101060735963,"50 Lawrence ave"
','9374869903506109249662,"01/06/2021 11:13:08 AM",,"882 north 400 east","","american fork","UT",'84003-1367,US,.0666,"DHL SM Parcel Expedited","",'535816410106161823451,"EN ROUTE TO DHL ECOMMERCE",11:19:48 AM,5358164,'33872101060735968,"50 Lawrence ave"
','9374869903506108756826,"01/06/2021 10:15:54 AM",,"4320 Messenger Loop NW","","Los Lunas","NM",'87031-4894,US,.1776,"DHL SM Parcel Expedited","",'535816410106161823451,"EN ROUTE TO DHL ECOMMERCE",11:19:48 AM,5358164,'33872101060735958,"50 Lawrence ave"
','9374869903506109154348,"01/06/2021 11:00:47 AM",,"743 S Langtree Ln","","Anaheim","CA",'92807-4880,US,.0666,"DHL SM Parcel Expedited","",'535816410106161823451,"EN ROUTE TO DHL ECOMMERCE",11:19:48 AM,5358164,'33872101060735946,"50 Lawrence ave"
','9374869903506108869571,"01/06/2021 10:29:32 AM",,"Po box 1251","","San Andreas","CA",'95249-1201,US,.0622,"DHL SM Parcel Expedited","",'535816410106161823451,"EN ROUTE TO DHL ECOMMERCE",11:19:48 AM,5358164,'33872101060735959,"50 Lawrence ave"
','9374869903506109145865,"01/06/2021 10:59:05 AM",,"39740 HOOD ST","PO BOX 1953","SANDY","OR",'97055-8410,US,.0666,"DHL SM Parcel Expedited","",'535816410106161823451,"EN ROUTE TO DHL ECOMMERCE",11:19:48 AM,5358164,'33872101060735965,"50 Lawrence ave"
'28E3F9F1D39D44A0AB3D49CD7,',"01/06/2021 11:03:04 AM",,"18 SHEPPARD STREET","","BRANTFORD","ON",'N3T 6P7,CA,.0662,"DHL Parcel Intl Standard","",'45559757,"EN ROUTE TO DHL ECOMMERCE",11:19:48 AM,5358164,'33872101060735944,"50 Lawrence ave"