Customer Confirmation Number,Delivery Confirmation Number,Receive Date,Recipient Name,Address Line 1,Address Line 2,City,State,Zip or Postal Code,Country,Weight (LBs),Mail Product Name,Customer Reference,BOL Number,Last Event Description,Last Event Time,Pickup Account Number,DHL Tracking Number,Pickup Address
','9374869903506435715312,"03/09/2021 10:15:18 AM",,"48 Walnut St","","Watertown","MA",'02472-4027,US,.0666,"DHL SM Parcel Expedited","",'535816410309152023751,"EN ROUTE TO DHL ECOMMERCE",10:27:17 AM,5358164,'33872103098082795,"50 Lawrence ave"
','9374869903506434987093,"03/09/2021 09:15:23 AM",,"103 Belmont Ave","Floor 1","Garfield","NJ",'07026-2838,US,.0622,"DHL SM Parcel Expedited","",'535816410309152023751,"EN ROUTE TO DHL ECOMMERCE",10:27:17 AM,5358164,'33872103098082811,"50 Lawrence ave"
'E8A2C11853344A529D8F23991,',"03/09/2021 09:21:28 AM",,"13 Golden Hopestraat","","Drogenbos","",'1620,BE,.0625,"DHL Parcel Intl Standard","",'46283310,"EN ROUTE TO DHL ECOMMERCE",10:27:17 AM,5358164,'33872103098082762,"50 Lawrence ave"
','9374869903506435667604,"03/09/2021 10:11:24 AM",,"9215 Blue Grass Rd Apt 2","","Philadelphia","PA",'19114-4337,US,.0666,"DHL SM Parcel Expedited","",'535816410309152023751,"EN ROUTE TO DHL ECOMMERCE",10:27:17 AM,5358164,'33872103098082799,"50 Lawrence ave"
','9374869903506435698196,"03/09/2021 10:13:53 AM",,"129 Level Rd","","Collegeville","PA",'19426-3313,US,.0666,"DHL SM Parcel Expedited","",'535816410309152023751,"EN ROUTE TO DHL ECOMMERCE",10:27:17 AM,5358164,'33872103098082794,"50 Lawrence ave"
','9374869903506435059195,"03/09/2021 09:26:33 AM",,"1255 E 16th St # 22150","","Wilmington","DE",'19802-5200,US,.0622,"DHL SM Parcel Expedited","",'535816410309152023751,"EN ROUTE TO DHL ECOMMERCE",10:27:17 AM,5358164,'33872103098082807,"50 Lawrence ave"
','9374869903506435696246,"03/09/2021 10:13:41 AM",,"4110 Richley Ct","","Hyattsville","MD",'20784-6318,US,.0666,"DHL SM Parcel Expedited","",'535816410309152023751,"EN ROUTE TO DHL ECOMMERCE",10:27:17 AM,5358164,'33872103098082801,"50 Lawrence ave"
','9374869903506434978565,"03/09/2021 09:14:28 AM",,"7816 Bodkin View Dr","","Pasadena","MD",'21122-3616,US,.0622,"DHL SM Parcel Expedited","",'535816410309152023751,"EN ROUTE TO DHL ECOMMERCE",10:27:17 AM,5358164,'33872103098082810,"50 Lawrence ave"
','9374869903506435690879,"03/09/2021 10:13:12 AM",,"5931 clear springs Rd","","Virginia beach","VA",'23464-4603,US,.0666,"DHL SM Parcel Expedited","",'535816410309152023751,"EN ROUTE TO DHL ECOMMERCE",10:27:17 AM,5358164,'33872103098082796,"50 Lawrence ave"
'CC51B917B07D474F82E8C3BD9,',"03/09/2021 10:16:27 AM",,"107 Watson St","","Molong","NSW",'2866,AU,.0662,"DHL Parcel Intl Standard","",'46283310,"EN ROUTE TO DHL ECOMMERCE",10:27:17 AM,5358164,'33872103098082761,"50 Lawrence ave"
','9374869903506435003358,"03/09/2021 09:17:58 AM",,"13529 Fletcher Regency Dr","","Tampa","FL",'33613-4233,US,.0622,"DHL SM Parcel Expedited","",'535816410309152023751,"EN ROUTE TO DHL ECOMMERCE",10:27:17 AM,5358164,'33872103098082812,"50 Lawrence ave"
','9374869903506435690695,"03/09/2021 10:13:28 AM",,"5202 US Highway 411 S","","Maryville","TN",'37801-9159,US,.0666,"DHL SM Parcel Expedited","",'535816410309152023751,"EN ROUTE TO DHL ECOMMERCE",10:27:17 AM,5358164,'33872103098082803,"50 Lawrence ave"
','9374869903506435706907,"03/09/2021 10:14:37 AM",,"7913 Scenic View Dr","","Knoxville","TN",'37938-3282,US,.0666,"DHL SM Parcel Expedited","",'535816410309152023751,"EN ROUTE TO DHL ECOMMERCE",10:27:17 AM,5358164,'33872103098082802,"50 Lawrence ave"
','9374869903506435700295,"03/09/2021 10:14:09 AM",,"138 Liberty Rd","","Scotts Hill","TN",'38374-6200,US,.0666,"DHL SM Parcel Expedited","",'535816410309152023751,"EN ROUTE TO DHL ECOMMERCE",10:27:17 AM,5358164,'33872103098082793,"50 Lawrence ave"
','9374869903506434994909,"03/09/2021 09:16:38 AM",,"564 Raintree Dr","","Avon","IN",'46123-7587,US,.0622,"DHL SM Parcel Expedited","",'535816410309152023751,"EN ROUTE TO DHL ECOMMERCE",10:27:17 AM,5358164,'33872103098082809,"50 Lawrence ave"
','9374869903506435009459,"03/09/2021 09:19:23 AM",,"113 N Oak St","","Owosso","MI",'48867-3019,US,.0622,"DHL SM Parcel Expedited","",'535816410309152023751,"EN ROUTE TO DHL ECOMMERCE",10:27:17 AM,5358164,'33872103098082814,"50 Lawrence ave"
','9374869903506435773343,"03/09/2021 10:19:25 AM",,"PO Box 339","N15889 US Hwy 41","powers","MI",'49874-0339,US,.0622,"DHL SM Parcel Expedited","",'535816410309152023751,"EN ROUTE TO DHL ECOMMERCE",10:27:17 AM,5358164,'33872103098082800,"50 Lawrence ave"
','9374869903506435667031,"03/09/2021 10:11:08 AM",,"1742 Ontario Rd","","Green Bay","WI",'54311-6542,US,.0666,"DHL SM Parcel Expedited","",'535816410309152023751,"EN ROUTE TO DHL ECOMMERCE",10:27:17 AM,5358164,'33872103098082804,"50 Lawrence ave"
','9374869903506434955313,"03/09/2021 09:11:39 AM",,"74797 Road 415","","Eustis","NE",'69028-5046,US,.0622,"DHL SM Parcel Expedited","",'535816410309152023751,"EN ROUTE TO DHL ECOMMERCE",10:27:17 AM,5358164,'33872103098082806,"50 Lawrence ave"
','9374869903506435712236,"03/09/2021 10:15:00 AM",,"14501 Empanada Dr Apt 1811","","Houston","TX",'77083-3393,US,.0666,"DHL SM Parcel Expedited","",'535816410309152023751,"EN ROUTE TO DHL ECOMMERCE",10:27:17 AM,5358164,'33872103098082805,"50 Lawrence ave"
','9374869903506435083503,"03/09/2021 09:28:39 AM",,"12310 Bent Cedar Cv","","Austin","TX",'78750-1027,US,.0622,"DHL SM Parcel Expedited","",'535816410309152023751,"EN ROUTE TO DHL ECOMMERCE",10:27:17 AM,5358164,'33872103098082808,"50 Lawrence ave"
','9374869903506435097715,"03/09/2021 09:29:57 AM",,"12310 Bent Cedar Cv","","Austin","TX",'78750-1027,US,.0622,"DHL SM Parcel Expedited","",'535816410309152023751,"EN ROUTE TO DHL ECOMMERCE",10:27:17 AM,5358164,'33872103098082813,"50 Lawrence ave"
','9374869903506435680146,"03/09/2021 10:12:27 AM",,"13511 Gard Ave","","Norwalk","CA",'90650-3865,US,.1332,"DHL SM Parcel Expedited","",'535816410309152023751,"EN ROUTE TO DHL ECOMMERCE",10:27:17 AM,5358164,'33872103098082797,"50 Lawrence ave"
','9374869903506435704767,"03/09/2021 10:14:49 AM",,"657 Via Armado","","Chula Vista","CA",'91910-7922,US,.0666,"DHL SM Parcel Expedited","",'535816410309152023751,"EN ROUTE TO DHL ECOMMERCE",10:27:17 AM,5358164,'33872103098082798,"50 Lawrence ave"
'D11575CFD6B94CE991FC26C01,',"03/09/2021 10:17:03 AM",,"32 Bentoak Cres","","Vaughan","ON",'L4J8S5,CA,.0662,"DHL Parcel Intl Standard","",'46283310,"EN ROUTE TO DHL ECOMMERCE",10:27:17 AM,5358164,'33872103098082758,"50 Lawrence ave"
'8665AAF35B4D4F91A11B759C8,',"03/09/2021 10:18:17 AM",,"127-5735 Hampton Pl","","Vancouver","BC",'V6T 2G8,CA,.1325,"DHL Parcel Intl Standard","",'46283310,"EN ROUTE TO DHL ECOMMERCE",10:27:17 AM,5358164,'33872103098082760,"50 Lawrence ave"
'4483D82DF4C54F7C85B8B40DA,',"03/09/2021 10:17:35 AM",,"c/o moored garden machinery","unit 9 Applegate centre","dungarvan","Waterford",'X35ck26,IE,.1325,"DHL Parcel Intl Standard","",'46283310,"EN ROUTE TO DHL ECOMMERCE",10:27:17 AM,5358164,'33872103098082759,"50 Lawrence ave"