Customer Confirmation Number,Delivery Confirmation Number,Receive Date,Recipient Name,Address Line 1,Address Line 2,City,State,Zip or Postal Code,Country,Weight (LBs),Mail Product Name,Customer Reference,BOL Number,Last Event Description,Last Event Time,Pickup Account Number,DHL Tracking Number,Pickup Address
','9374869903506210616575,"01/25/2021 10:05:38 AM",,"128 Adams Rd","","Greenfield","MA",'01301-1331,US,.0666,"DHL SM Parcel Expedited","",'535816410125153523451,"EN ROUTE TO DHL ECOMMERCE",10:42:00 AM,5358164,'33872101256976124,"50 Lawrence ave"
','9374869903506209897824,"01/25/2021 08:59:33 AM",,"6 Gas Light Dr Apt 4","","South Weymouth","MA",'02190-2206,US,.0622,"DHL SM Parcel Expedited","",'535816410125153523451,"EN ROUTE TO DHL ECOMMERCE",10:42:00 AM,5358164,'33872101256976144,"50 Lawrence ave"
','9374869903506210688770,"01/25/2021 10:12:32 AM",,"48 Walnut St","","Watertown","MA",'02472-4027,US,.0666,"DHL SM Parcel Expedited","",'535816410125153523451,"EN ROUTE TO DHL ECOMMERCE",10:42:00 AM,5358164,'33872101256976090,"50 Lawrence ave"
','9374869903506210957562,"01/25/2021 10:31:40 AM",,"30 Robert W Boyden Rd Ste 150B","","Taunton","MA",'02780-7851,US,.1776,"DHL SM Parcel Expedited","",'535816410125153523451,"EN ROUTE TO DHL ECOMMERCE",10:42:00 AM,5358164,'33872101256976099,"50 Lawrence ave"
','9374869903506210892405,"01/25/2021 10:26:30 AM",,"199 Pettingill St","","Lewiston","ME",'04240-5322,US,.0666,"DHL SM Parcel Expedited","",'535816410125153523451,"EN ROUTE TO DHL ECOMMERCE",10:42:00 AM,5358164,'33872101256976120,"50 Lawrence ave"
','9374869903506210686998,"01/25/2021 10:11:50 AM",,"405 Pigott Dr","","Florence","NJ",'08518-4022,US,.0666,"DHL SM Parcel Expedited","",'535816410125153523451,"EN ROUTE TO DHL ECOMMERCE",10:42:00 AM,5358164,'33872101256976111,"50 Lawrence ave"
','9374869903506210738598,"01/25/2021 10:16:22 AM",,"131 Marina Dr","G","Edison","NJ",'08817-6115,US,.0666,"DHL SM Parcel Expedited","",'535816410125153523451,"EN ROUTE TO DHL ECOMMERCE",10:42:00 AM,5358164,'33872101256976086,"50 Lawrence ave"
','9374869903506210612287,"01/25/2021 10:05:17 AM",,"17 Columbia Pl","","Parlin","NJ",'08859-1003,US,.0666,"DHL SM Parcel Expedited","",'535816410125153523451,"EN ROUTE TO DHL ECOMMERCE",10:42:00 AM,5358164,'33872101256976106,"50 Lawrence ave"
','9374869903506210669519,"01/25/2021 10:10:21 AM",,"501 Madison Ave Rm 704","","New York","NY",'10022-5643,US,.0666,"DHL SM Parcel Expedited","",'535816410125153523451,"EN ROUTE TO DHL ECOMMERCE",10:42:00 AM,5358164,'33872101256976108,"50 Lawrence ave"
','9374869903506210640907,"01/25/2021 10:07:26 AM",,"1503 Saint Johns Pl","","Brooklyn","NY",'11213-3910,US,.0666,"DHL SM Parcel Expedited","",'535816410125153523451,"EN ROUTE TO DHL ECOMMERCE",10:42:00 AM,5358164,'33872101256976125,"50 Lawrence ave"
','9374869903506209912541,"01/25/2021 09:01:04 AM",,"10712 165th St Apt 1","","Jamaica","NY",'11433-2407,US,.0622,"DHL SM Parcel Expedited","",'535816410125153523451,"EN ROUTE TO DHL ECOMMERCE",10:42:00 AM,5358164,'33872101256976149,"50 Lawrence ave"
','9374869903506210723198,"01/25/2021 10:15:21 AM",,"15 Lawton Ave","","Auburn","NY",'13021-2846,US,.0666,"DHL SM Parcel Expedited","",'535816410125153523451,"EN ROUTE TO DHL ECOMMERCE",10:42:00 AM,5358164,'33872101256976114,"50 Lawrence ave"
','9374869903506209854810,"01/25/2021 08:56:08 AM",,"1723 1/2 Kimball Ave","","New Kensington","PA",'15068-4017,US,.0622,"DHL SM Parcel Expedited","",'535816410125153523451,"EN ROUTE TO DHL ECOMMERCE",10:42:00 AM,5358164,'33872101256976146,"50 Lawrence ave"
','9374869903506209967428,"01/25/2021 09:04:46 AM",,"3039 Churchview Ave","","Pittsburgh","PA",'15227-4165,US,.0622,"DHL SM Parcel Expedited","",'535816410125153523451,"EN ROUTE TO DHL ECOMMERCE",10:42:00 AM,5358164,'33872101256976139,"50 Lawrence ave"
','9374869903506210880716,"01/25/2021 10:25:53 AM",,"113 E King St","","Smethport","PA",'16749-1205,US,.0666,"DHL SM Parcel Expedited","",'535816410125153523451,"EN ROUTE TO DHL ECOMMERCE",10:42:00 AM,5358164,'33872101256976094,"50 Lawrence ave"
','9374869903506210159553,"01/25/2021 09:24:16 AM",,"120 N Charlotte St Apt 4","","Pottstown","PA",'19464-9110,US,.0622,"DHL SM Parcel Expedited","",'535816410125153523451,"EN ROUTE TO DHL ECOMMERCE",10:42:00 AM,5358164,'33872101256976141,"50 Lawrence ave"
','9374869903506210631806,"01/25/2021 10:06:48 AM",,"950 Ridge Rd Ste C25","","Claymont","DE",'19703-3538,US,.0666,"DHL SM Parcel Expedited","",'535816410125153523451,"EN ROUTE TO DHL ECOMMERCE",10:42:00 AM,5358164,'33872101256976102,"50 Lawrence ave"
','9374869903506210597423,"01/25/2021 10:04:21 AM",,"3100 Sir Tristram Ct","","Chesapeake","VA",'23323-2629,US,.0666,"DHL SM Parcel Expedited","",'535816410125153523451,"EN ROUTE TO DHL ECOMMERCE",10:42:00 AM,5358164,'33872101256976112,"50 Lawrence ave"
','9374869903506210442488,"01/25/2021 09:51:25 AM",,"5618 Middleway Pike","","Kearneysville","WV",'25430-5686,US,.0622,"DHL SM Parcel Expedited","",'535816410125153523451,"EN ROUTE TO DHL ECOMMERCE",10:42:00 AM,5358164,'33872101256976126,"50 Lawrence ave"
','9374869903506209869692,"01/25/2021 08:57:32 AM",,"58 Crawford Ave","","Cameron","WV",'26033-1053,US,.0622,"DHL SM Parcel Expedited","",'535816410125153523451,"EN ROUTE TO DHL ECOMMERCE",10:42:00 AM,5358164,'33872101256976140,"50 Lawrence ave"
','9374869903506209771384,"01/25/2021 08:47:24 AM",,"PO Box 1473","","Norwood","NC",'28128-1473,US,.0622,"DHL SM Parcel Expedited","",'535816410125153523451,"EN ROUTE TO DHL ECOMMERCE",10:42:00 AM,5358164,'33872101256976150,"50 Lawrence ave"
','9374869903506210104133,"01/25/2021 09:19:33 AM",,"5627 Sharon Pointe Rd Apt I","","Charlotte","NC",'28215-5791,US,.0622,"DHL SM Parcel Expedited","",'535816410125153523451,"EN ROUTE TO DHL ECOMMERCE",10:42:00 AM,5358164,'33872101256976147,"50 Lawrence ave"
','9374869903506210749976,"01/25/2021 10:17:12 AM",,"10025 Pineshadow Dr Apt 206","","Charlotte","NC",'28262-1146,US,.0666,"DHL SM Parcel Expedited","",'535816410125153523451,"EN ROUTE TO DHL ECOMMERCE",10:42:00 AM,5358164,'33872101256976088,"50 Lawrence ave"
','9374869903506210901572,"01/25/2021 10:27:06 AM",,"109 Pasture Branch Mobile Hm Pk Ln","","Rose Hill","NC",'28458-8580,US,.0666,"DHL SM Parcel Expedited","",'535816410125153523451,"EN ROUTE TO DHL ECOMMERCE",10:42:00 AM,5358164,'33872101256976084,"50 Lawrence ave"
','9374869903506210576442,"01/25/2021 10:02:58 AM",,"2252 Onslow Dr","","Jacksonville","NC",'28540-6048,US,.0666,"DHL SM Parcel Expedited","",'535816410125153523451,"EN ROUTE TO DHL ECOMMERCE",10:42:00 AM,5358164,'33872101256976098,"50 Lawrence ave"
','9374869903506210754246,"01/25/2021 10:17:47 AM",,"5903 Sylvan Dr","","Columbia","SC",'29206-1549,US,.0666,"DHL SM Parcel Expedited","",'535816410125153523451,"EN ROUTE TO DHL ECOMMERCE",10:42:00 AM,5358164,'33872101256976110,"50 Lawrence ave"
','9374869903506210743660,"01/25/2021 10:16:47 AM",,"8733 Laurel Grove Ln","","North Charleston","SC",'29420-6818,US,.0666,"DHL SM Parcel Expedited","",'535816410125153523451,"EN ROUTE TO DHL ECOMMERCE",10:42:00 AM,5358164,'33872101256976095,"50 Lawrence ave"
','9374869903506210586014,"01/25/2021 10:03:35 AM",,"231 Alpine Rd","","Summerville","SC",'29485-9089,US,.0666,"DHL SM Parcel Expedited","",'535816410125153523451,"EN ROUTE TO DHL ECOMMERCE",10:42:00 AM,5358164,'33872101256976103,"50 Lawrence ave"
','9374869903506210580241,"01/25/2021 10:03:16 AM",,"2277 Marshes Glenn Dr","","Norcross","GA",'30071-3074,US,.0666,"DHL SM Parcel Expedited","",'535816410125153523451,"EN ROUTE TO DHL ECOMMERCE",10:42:00 AM,5358164,'33872101256976123,"50 Lawrence ave"
','9374869903506210949567,"01/25/2021 10:31:07 AM",,"PO Box 11855","","Pensacola","FL",'32524-1855,US,.1332,"DHL SM Parcel Expedited","",'535816410125153523451,"EN ROUTE TO DHL ECOMMERCE",10:42:00 AM,5358164,'33872101256976081,"50 Lawrence ave"
','9374869903506210702384,"01/25/2021 10:13:31 AM",,"1424 Laconia St","","Sebastian","FL",'32958-6056,US,.0666,"DHL SM Parcel Expedited","",'535816410125153523451,"EN ROUTE TO DHL ECOMMERCE",10:42:00 AM,5358164,'33872101256976109,"50 Lawrence ave"
','9374869903506210406831,"01/25/2021 09:47:20 AM",,"6975 NW 82nd Ave","","Miami","FL",'33166-3916,US,.0622,"DHL SM Parcel Expedited","",'535816410125153523451,"EN ROUTE TO DHL ECOMMERCE",10:42:00 AM,5358164,'33872101256976130,"50 Lawrence ave"
','9374869903506210915029,"01/25/2021 10:28:05 AM",,"22271 SW 103rd Ave","","Cutler Bay","FL",'33190-1423,US,.0666,"DHL SM Parcel Expedited","",'535816410125153523451,"EN ROUTE TO DHL ECOMMERCE",10:42:00 AM,5358164,'33872101256976105,"50 Lawrence ave"
','9374869903506210661094,"01/25/2021 10:09:22 AM",,"9703 Amilia Dr # F3","","Hudson","FL",'34667-4372,US,.0666,"DHL SM Parcel Expedited","",'535816410125153523451,"EN ROUTE TO DHL ECOMMERCE",10:42:00 AM,5358164,'33872101256976121,"50 Lawrence ave"
','9374869903506210398976,"01/25/2021 09:46:27 AM",,"1345 Aberdeen Rd","","Vernon","AL",'35592-5602,US,.0622,"DHL SM Parcel Expedited","",'535816410125153523451,"EN ROUTE TO DHL ECOMMERCE",10:42:00 AM,5358164,'33872101256976132,"50 Lawrence ave"
','9374869903506210601793,"01/25/2021 10:04:39 AM",,"11118 Snyder Rd","","Knoxville","TN",'37932-2423,US,.0666,"DHL SM Parcel Expedited","",'535816410125153523451,"EN ROUTE TO DHL ECOMMERCE",10:42:00 AM,5358164,'33872101256976107,"50 Lawrence ave"
','9374869903506210192307,"01/25/2021 09:27:34 AM",,"11594 Old Highway 61 N","Apt 17h","Robinsonville","MS",'38664-9749,US,.0622,"DHL SM Parcel Expedited","",'535816410125153523451,"EN ROUTE TO DHL ECOMMERCE",10:42:00 AM,5358164,'33872101256976133,"50 Lawrence ave"
','9374869903506210794501,"01/25/2021 10:21:16 AM",,"518 Rankin Rd","","Canton","MS",'39046-4872,US,.1332,"DHL SM Parcel Expedited","",'535816410125153523451,"EN ROUTE TO DHL ECOMMERCE",10:42:00 AM,5358164,'33872101256976083,"50 Lawrence ave"
','9374869903506210174914,"01/25/2021 09:25:31 AM",,"860 New Zion Rd","","Williamsburg","KY",'40769-9648,US,.0622,"DHL SM Parcel Expedited","",'535816410125153523451,"EN ROUTE TO DHL ECOMMERCE",10:42:00 AM,5358164,'33872101256976127,"50 Lawrence ave"
','9374869903506209781475,"01/25/2021 08:48:23 AM",,"2300 E 86th St","","Cleveland","OH",'44106-3431,US,.0622,"DHL SM Parcel Expedited","",'535816410125153523451,"EN ROUTE TO DHL ECOMMERCE",10:42:00 AM,5358164,'33872101256976145,"50 Lawrence ave"
','9374869903506210567389,"01/25/2021 10:02:01 AM",,"810 Butterfield Trl","","Mooresville","IN",'46158-8232,US,.0666,"DHL SM Parcel Expedited","",'535816410125153523451,"EN ROUTE TO DHL ECOMMERCE",10:42:00 AM,5358164,'33872101256976116,"50 Lawrence ave"
'1B3F731E179D431E89CEC8F0D,',"01/25/2021 10:24:32 AM",,"PO BOX 46269, HN 34, 41 Condominium, Meskel Flower","","Addis Ababa","Addis Ababa",'46269,ET,.1325,"DHL Parcel Intl Standard","",'42052316,"EN ROUTE TO DHL ECOMMERCE",10:42:00 AM,5358164,'33872101256974610,"50 Lawrence ave"
','9374869903506210710501,"01/25/2021 10:14:14 AM",,"808 N Oxford Dr","","Marion","IN",'46952-2521,US,.0666,"DHL SM Parcel Expedited","",'535816410125153523451,"EN ROUTE TO DHL ECOMMERCE",10:42:00 AM,5358164,'33872101256976091,"50 Lawrence ave"
'8639AF7E46EA4110B47AF356B,',"01/25/2021 10:23:40 AM",,"Lyøvej 19","","Næstved","",'4700,DK,.0662,"DHL Parcel Intl Standard","",'42052316,"EN ROUTE TO DHL ECOMMERCE",10:42:00 AM,5358164,'33872101256974606,"50 Lawrence ave"
','9374869903506210781532,"01/25/2021 10:20:38 AM",,"2206 Morrish Rd","","Swartz Creek","MI",'48473-9755,US,.1332,"DHL SM Parcel Expedited","",'535816410125153523451,"EN ROUTE TO DHL ECOMMERCE",10:42:00 AM,5358164,'33872101256976082,"50 Lawrence ave"
','9374869903506210940755,"01/25/2021 10:30:09 AM",,"301 E Central Rd","Sunstar Americas Inc","Schaumburg","IL",'60195-1901,US,.0666,"DHL SM Parcel Expedited","",'535816410125153523451,"EN ROUTE TO DHL ECOMMERCE",10:42:00 AM,5358164,'33872101256976092,"50 Lawrence ave"
','9374869903506210960722,"01/25/2021 10:31:59 AM",,"17129 Bernadine St","","Lansing","IL",'60438-1473,US,.1776,"DHL SM Parcel Expedited","",'535816410125153523451,"EN ROUTE TO DHL ECOMMERCE",10:42:00 AM,5358164,'33872101256976085,"50 Lawrence ave"
','9374869903506210763286,"01/25/2021 10:18:37 AM",,"121 Parkway Dr","","Chatham","IL",'62629-9782,US,.0666,"DHL SM Parcel Expedited","",'535816410125153523451,"EN ROUTE TO DHL ECOMMERCE",10:42:00 AM,5358164,'33872101256976093,"50 Lawrence ave"
','9374869903506210016450,"01/25/2021 09:10:33 AM",,"6915 Cedar Ridge Ln","","Bloomsdale","MO",'63627-9145,US,.0622,"DHL SM Parcel Expedited","",'535816410125153523451,"EN ROUTE TO DHL ECOMMERCE",10:42:00 AM,5358164,'33872101256976137,"50 Lawrence ave"
','9374869903506210408378,"01/25/2021 09:48:09 AM",,"6922 Charles St","","Omaha","NE",'68132-1045,US,.0622,"DHL SM Parcel Expedited","",'535816410125153523451,"EN ROUTE TO DHL ECOMMERCE",10:42:00 AM,5358164,'33872101256976128,"50 Lawrence ave"
','9374869903506210767499,"01/25/2021 10:19:06 AM",,"103 Mockingbird Ln","","La Place","LA",'70068-4902,US,.0666,"DHL SM Parcel Expedited","",'535816410125153523451,"EN ROUTE TO DHL ECOMMERCE",10:42:00 AM,5358164,'33872101256976101,"50 Lawrence ave"
','9374869903506209795366,"01/25/2021 08:49:42 AM",,"3040 W Houston River Rd","","Sulphur","LA",'70663-0531,US,.0622,"DHL SM Parcel Expedited","",'535816410125153523451,"EN ROUTE TO DHL ECOMMERCE",10:42:00 AM,5358164,'33872101256976138,"50 Lawrence ave"
','9374869903506210907734,"01/25/2021 10:27:40 AM",,"2418 Levy St","","Shreveport","LA",'71103-3645,US,.0666,"DHL SM Parcel Expedited","",'535816410125153523451,"EN ROUTE TO DHL ECOMMERCE",10:42:00 AM,5358164,'33872101256976104,"50 Lawrence ave"
','9374869903506209927736,"01/25/2021 09:02:13 AM",,"12984 Cherokee Rd","","Sanger","TX",'76266-3511,US,.0622,"DHL SM Parcel Expedited","",'535816410125153523451,"EN ROUTE TO DHL ECOMMERCE",10:42:00 AM,5358164,'33872101256976148,"50 Lawrence ave"
','9374869903506209979858,"01/25/2021 09:05:40 AM",,"5508 Catsby Ct","","Austin","TX",'78724-8542,US,.0622,"DHL SM Parcel Expedited","",'535816410125153523451,"EN ROUTE TO DHL ECOMMERCE",10:42:00 AM,5358164,'33872101256976134,"50 Lawrence ave"
','9374869903506210888354,"01/25/2021 10:26:13 AM",,"2621 Gwendolyn Ln Apt B","","Austin","TX",'78748-5786,US,.0666,"DHL SM Parcel Expedited","",'535816410125153523451,"EN ROUTE TO DHL ECOMMERCE",10:42:00 AM,5358164,'33872101256976118,"50 Lawrence ave"
','9374869903506210148663,"01/25/2021 09:23:06 AM",,"333 Walnut Dr","","Frederick","CO",'80530-8036,US,.0622,"DHL SM Parcel Expedited","",'535816410125153523451,"EN ROUTE TO DHL ECOMMERCE",10:42:00 AM,5358164,'33872101256976136,"50 Lawrence ave"
','9374869903506210144023,"01/25/2021 09:22:43 AM",,"333 Walnut Dr","","Frederick","CO",'80530-8036,US,.0622,"DHL SM Parcel Expedited","",'535816410125153523451,"EN ROUTE TO DHL ECOMMERCE",10:42:00 AM,5358164,'33872101256976142,"50 Lawrence ave"
','9374869903506209839503,"01/25/2021 08:54:41 AM",,"333 Walnut Dr","","Frederick","CO",'80530-8036,US,.0622,"DHL SM Parcel Expedited","",'535816410125153523451,"EN ROUTE TO DHL ECOMMERCE",10:42:00 AM,5358164,'33872101256976151,"50 Lawrence ave"
','9374869903506210676333,"01/25/2021 10:10:49 AM",,"5901 Red Bridge Dr","","Timnath","CO",'80547-2344,US,.0666,"DHL SM Parcel Expedited","",'535816410125153523451,"EN ROUTE TO DHL ECOMMERCE",10:42:00 AM,5358164,'33872101256976113,"50 Lawrence ave"
','9374869903506210607573,"01/25/2021 10:04:57 AM",,"255 Montana Rd","","Grand Junction","CO",'81507-3710,US,.0666,"DHL SM Parcel Expedited","",'535816410125153523451,"EN ROUTE TO DHL ECOMMERCE",10:42:00 AM,5358164,'33872101256976100,"50 Lawrence ave"
','9374869903506210697161,"01/25/2021 10:12:58 AM",,"7103 W Brentwood Dr","","Boise","ID",'83709-1925,US,.0666,"DHL SM Parcel Expedited","",'535816410125153523451,"EN ROUTE TO DHL ECOMMERCE",10:42:00 AM,5358164,'33872101256976122,"50 Lawrence ave"
','9374869903506210026237,"01/25/2021 09:11:41 AM",,"8619 E Desert Ln","","Mesa","AZ",'85209-5375,US,.0622,"DHL SM Parcel Expedited","",'535816410125153523451,"EN ROUTE TO DHL ECOMMERCE",10:42:00 AM,5358164,'33872101256976135,"50 Lawrence ave"
','9374869903506209942593,"01/25/2021 09:03:04 AM",,"7708 Picnic St","","Las Vegas","NV",'89131-8263,US,.0622,"DHL SM Parcel Expedited","",'535816410125153523451,"EN ROUTE TO DHL ECOMMERCE",10:42:00 AM,5358164,'33872101256976143,"50 Lawrence ave"
','9374869903506210387055,"01/25/2021 09:44:43 AM",,"850 N Center Ave Apt 36H","","Ontario","CA",'91764-4852,US,.0622,"DHL SM Parcel Expedited","",'535816410125153523451,"EN ROUTE TO DHL ECOMMERCE",10:42:00 AM,5358164,'33872101256976129,"50 Lawrence ave"
','9374869903506210929538,"01/25/2021 10:29:14 AM",,"11667 Compass Point Dr N Unit 4","","San Diego","CA",'92126-5589,US,.0666,"DHL SM Parcel Expedited","",'535816410125153523451,"EN ROUTE TO DHL ECOMMERCE",10:42:00 AM,5358164,'33872101256976096,"50 Lawrence ave"
','9374869903506210570334,"01/25/2021 10:02:25 AM",,"842 E 5th St Apt A","","Calexico","CA",'92231-4945,US,.0666,"DHL SM Parcel Expedited","",'535816410125153523451,"EN ROUTE TO DHL ECOMMERCE",10:42:00 AM,5358164,'33872101256976117,"50 Lawrence ave"
','9374869903506210421445,"01/25/2021 09:49:17 AM",,"764 Concho Dr","","Fremont","CA",'94539-6688,US,.0622,"DHL SM Parcel Expedited","",'535816410125153523451,"EN ROUTE TO DHL ECOMMERCE",10:42:00 AM,5358164,'33872101256976119,"50 Lawrence ave"
','9374869903506210431284,"01/25/2021 09:50:32 AM",,"1823 Begonia Ct","","Pleasanton","CA",'94588-5300,US,.0622,"DHL SM Parcel Expedited","",'535816410125153523451,"EN ROUTE TO DHL ECOMMERCE",10:42:00 AM,5358164,'33872101256976131,"50 Lawrence ave"
','9374869903506210921600,"01/25/2021 10:28:36 AM",,"173 B St","","Vallejo","CA",'94590-3018,US,.0666,"DHL SM Parcel Expedited","",'535816410125153523451,"EN ROUTE TO DHL ECOMMERCE",10:42:00 AM,5358164,'33872101256976089,"50 Lawrence ave"
','9374869903506210716879,"01/25/2021 10:14:40 AM",,"1954 Praire Ln","","Stockton","CA",'95209-4531,US,.0666,"DHL SM Parcel Expedited","",'535816410125153523451,"EN ROUTE TO DHL ECOMMERCE",10:42:00 AM,5358164,'33872101256976097,"50 Lawrence ave"
','9374869903506210682044,"01/25/2021 10:11:25 AM",,"3319 Myrtle St","","North Bend","OR",'97459-1349,US,.0666,"DHL SM Parcel Expedited","",'535816410125153523451,"EN ROUTE TO DHL ECOMMERCE",10:42:00 AM,5358164,'33872101256976115,"50 Lawrence ave"
','9374869903506210947020,"01/25/2021 10:30:33 AM",,"PO Box 614","561 Trask Pond Rd","Newport","WA",'99156-0614,US,.0666,"DHL SM Parcel Expedited","",'535816410125153523451,"EN ROUTE TO DHL ECOMMERCE",10:42:00 AM,5358164,'33872101256976087,"50 Lawrence ave"
'4A0456F559D148FFBE715F4EA,',"01/25/2021 10:32:43 AM",,"715 ch des Cerisiers","","Chertsey","QC",'J0K3K0,CA,.1762,"DHL Parcel Intl Standard","",'42052316,"EN ROUTE TO DHL ECOMMERCE",10:42:00 AM,5358164,'33872101256974605,"50 Lawrence ave"
'FF3CADD4B3D5489DAE38A173D,',"01/25/2021 10:34:03 AM",,"46 Raiana Drive","","Virgil","ON",'L0S1T0,CA,.1762,"DHL Parcel Intl Standard","",'42052316,"EN ROUTE TO DHL ECOMMERCE",10:42:00 AM,5358164,'33872101256974607,"50 Lawrence ave"
'467169816F0E415BB8A91976F,',"01/25/2021 10:33:28 AM",,"PO BOX 99900 JT 326 212","RPO HIGH PARK","toronto","ON",'M6P 0A4,CA,.1762,"DHL Parcel Intl Standard","",'42052316,"EN ROUTE TO DHL ECOMMERCE",10:42:00 AM,5358164,'33872101256974609,"50 Lawrence ave"
'72CA0D8D10E24EDDA95308298,',"01/25/2021 10:22:55 AM",,"10220 8 St SW","","Calgary","AB",'T2W 0H1,CA,.2425,"DHL Parcel Intl Standard","",'42052316,"EN ROUTE TO DHL ECOMMERCE",10:42:00 AM,5358164,'33872101256974604,"50 Lawrence ave"
'AA4C2DC3CD44440CA2442BA4E,',"01/25/2021 10:25:18 AM",,"PO Box 11312 WESSEX PO","","Vancouver","BC",'V5R 0A4,CA,.3088,"DHL Parcel Intl Standard","",'42052316,"EN ROUTE TO DHL ECOMMERCE",10:42:00 AM,5358164,'33872101256974608,"50 Lawrence ave"