Customer Confirmation Number,Delivery Confirmation Number,Receive Date,Recipient Name,Address Line 1,Address Line 2,City,State,Zip or Postal Code,Country,Weight (LBs),Mail Product Name,Customer Reference,BOL Number,Last Event Description,Last Event Time,Pickup Account Number,DHL Tracking Number,Pickup Address
','9374869903506389553695,"03/01/2021 10:11:07 AM",,"89 3rd Ave # 2","","Newark","NJ",'07104-2705,US,.0666,"DHL SM Parcel Expedited","",'535816410301151523151,"EN ROUTE TO DHL ECOMMERCE",10:15:53 AM,5358164,'33872103017196772,"50 Lawrence ave"
','9374869903506389536551,"03/01/2021 10:09:29 AM",,"7 Hudson Harbour Dr Apt D","","Poughkeepsie","NY",'12601-5366,US,.0666,"DHL SM Parcel Expedited","",'535816410301151523151,"EN ROUTE TO DHL ECOMMERCE",10:15:53 AM,5358164,'33872103017196768,"50 Lawrence ave"
','9374869903506389463055,"03/01/2021 10:01:21 AM",,"400 Cape Jasmine Way","","Lexington","SC",'29073-6959,US,.0622,"DHL SM Parcel Expedited","",'535816410301151523151,"EN ROUTE TO DHL ECOMMERCE",10:15:53 AM,5358164,'33872103017196775,"50 Lawrence ave"
','9374869903506389495926,"03/01/2021 10:05:24 AM",,"944 Pearlie Bowden Dr","","Waycross","GA",'31501-5550,US,.0622,"DHL SM Parcel Expedited","",'535816410301151523151,"EN ROUTE TO DHL ECOMMERCE",10:15:53 AM,5358164,'33872103017196770,"50 Lawrence ave"
','9374869903506389557266,"03/01/2021 10:11:19 AM",,"2502 Hampton Cir","","Waycross","GA",'31503-9272,US,.0666,"DHL SM Parcel Expedited","",'535816410301151523151,"EN ROUTE TO DHL ECOMMERCE",10:15:53 AM,5358164,'33872103017196774,"50 Lawrence ave"
','9374869903506389478059,"03/01/2021 10:03:32 AM",,"1917 Anna Lauren Dr","","Panama City","FL",'32409-3566,US,.0622,"DHL SM Parcel Expedited","",'535816410301151523151,"EN ROUTE TO DHL ECOMMERCE",10:15:53 AM,5358164,'33872103017196771,"50 Lawrence ave"
','9374869903506389540008,"03/01/2021 10:09:44 AM",,"408 Maple St","","Clovis","NM",'88101-7760,US,.0666,"DHL SM Parcel Expedited","",'535816410301151523151,"EN ROUTE TO DHL ECOMMERCE",10:15:53 AM,5358164,'33872103017196773,"50 Lawrence ave"
','9374869903506389522608,"03/01/2021 10:07:01 AM",,"577 Hoefner Ave","","Los Angeles","CA",'90022-2711,US,.0622,"DHL SM Parcel Expedited","",'535816410301151523151,"EN ROUTE TO DHL ECOMMERCE",10:15:53 AM,5358164,'33872103017196769,"50 Lawrence ave"
','9374869903506389549063,"03/01/2021 10:10:39 AM",,"34729 144th Ave SE","","Auburn","WA",'98092-8591,US,.0666,"DHL SM Parcel Expedited","",'535816410301151523151,"EN ROUTE TO DHL ECOMMERCE",10:15:53 AM,5358164,'33872103017196767,"50 Lawrence ave"
'C3A13F1CB0ED4D4AB91225BB7,',"03/01/2021 10:13:11 AM",,"PLAVNIEKI","DAUGMALES PAG.","KEKAVAS DISTRICT","",'LV-2124,LV,.0662,"DHL Parcel Intl Standard","",'49736644,"EN ROUTE TO DHL ECOMMERCE",10:15:53 AM,5358164,'33872103017196414,"50 Lawrence ave"