Customer Confirmation Number,Delivery Confirmation Number,Receive Date,Recipient Name,Address Line 1,Address Line 2,City,State,Zip or Postal Code,Country,Weight (LBs),Mail Product Name,Customer Reference,BOL Number,Last Event Description,Last Event Time,Pickup Account Number,DHL Tracking Number,Pickup Address
'GM555348587000081519,',"03/03/2021 04:09:37 AM",MELISSA WOYTAZ,"37 VALLEYVIEW CRES","","KOMOKA","ON",'N0L 1R0,CA,.19,"DHL Parcel Intl Standard","",',"EN ROUTE TO DHL ECOMMERCE",04:14:35 AM,5345286,'33882103032774475,"1584 CARROLL ST."
'5A268ED51845436FB31E64885,',"03/03/2021 08:47:42 AM",,"LEAF TOWER","APT # 1816","AL Reem Island","Abu Dhabi",'01028,AE,.625,"DHL Parcel Intl Standard","",'45150100,"EN ROUTE TO DHL ECOMMERCE",01:10:15 PM,5358164,'33872103033785419,"50 Lawrence ave"
','9374869903506403034094,"03/03/2021 08:41:32 AM",,"67 Newkirk Station Rd","","Elmer","NJ",'08318-2749,US,.1332,"DHL SM Parcel Expedited","",'535816410303180423351,"EN ROUTE TO DHL ECOMMERCE",01:10:15 PM,5358164,'33872103033786753,"50 Lawrence ave"
','9374869903506405266349,"03/03/2021 12:59:10 PM",,"775 Garnett Ward Rd","","Hull","GA",'30646-3323,US,.0622,"DHL SM Parcel Expedited","",'535816410303180423351,"EN ROUTE TO DHL ECOMMERCE",01:10:15 PM,5358164,'33872103033786745,"50 Lawrence ave"
','9374869903506403012580,"03/03/2021 08:37:43 AM",,"4203 Metro Way","","Macon","GA",'31204-5641,US,.0666,"DHL SM Parcel Expedited","",'535816410303180423351,"EN ROUTE TO DHL ECOMMERCE",01:10:15 PM,5358164,'33872103033786754,"50 Lawrence ave"
','9374869903506403012276,"03/03/2021 08:37:27 AM",,"617 Country Club Ave NE","","Fort Walton Beach","FL",'32547-1727,US,.0666,"DHL SM Parcel Expedited","",'535816410303180423351,"EN ROUTE TO DHL ECOMMERCE",01:10:15 PM,5358164,'33872103033786752,"50 Lawrence ave"
','9374869903506405239954,"03/03/2021 12:53:30 PM",,"6020 NW 99th Ave Unit 205","","Doral","FL",'33178-2726,US,.0622,"DHL SM Parcel Expedited","",'535816410303180423351,"EN ROUTE TO DHL ECOMMERCE",01:10:15 PM,5358164,'33872103033786744,"50 Lawrence ave"
','9374869903506405181987,"03/03/2021 12:44:41 PM",,"7557 Ripplepointe Way","","Windermere","FL",'34786-5594,US,.0666,"DHL SM Parcel Expedited","",'535816410303180423351,"EN ROUTE TO DHL ECOMMERCE",01:10:15 PM,5358164,'33872103033786748,"50 Lawrence ave"
','9374869903506405180737,"03/03/2021 12:45:07 PM",,"555 E Butterfield Rd Ste 205","","Lombard","IL",'60148-5612,US,.1332,"DHL SM Parcel Expedited","",'535816410303180423351,"EN ROUTE TO DHL ECOMMERCE",01:10:15 PM,5358164,'33872103033786747,"50 Lawrence ave"
','9374869903506403011842,"03/03/2021 08:37:09 AM",,"57215 Cpl Herman Brown Jr St","","Bayou Goula","LA",'70788-3121,US,.0666,"DHL SM Parcel Expedited","",'535816410303180423351,"EN ROUTE TO DHL ECOMMERCE",01:10:15 PM,5358164,'33872103033786749,"50 Lawrence ave"
','9374869903506405254780,"03/03/2021 12:57:31 PM",,"13568 Brookgreen Dr","","Dallas","TX",'75240-5730,US,.0622,"DHL SM Parcel Expedited","",'535816410303180423351,"EN ROUTE TO DHL ECOMMERCE",01:10:15 PM,5358164,'33872103033786746,"50 Lawrence ave"
','9374869903506403010166,"03/03/2021 08:36:51 AM",,"PO Box 689","507 S Cedardale","Mountainair","NM",'87036-0689,US,.0666,"DHL SM Parcel Expedited","",'535816410303180423351,"EN ROUTE TO DHL ECOMMERCE",01:10:15 PM,5358164,'33872103033786751,"50 Lawrence ave"
','9374869903506405299286,"03/03/2021 01:03:40 PM",,"PO Box 1544","","Claremont","CA",'91711-8544,US,.0622,"DHL SM Parcel Expedited","",'535816410303180423351,"EN ROUTE TO DHL ECOMMERCE",01:10:15 PM,5358164,'33872103033786743,"50 Lawrence ave"
','9374869903506403017974,"03/03/2021 08:38:08 AM",,"1151 N Villa Ave Apt 42","","Dinuba","CA",'93618-3508,US,.0666,"DHL SM Parcel Expedited","",'535816410303180423351,"EN ROUTE TO DHL ECOMMERCE",01:10:15 PM,5358164,'33872103033786750,"50 Lawrence ave"