Customer Confirmation Number,Delivery Confirmation Number,Receive Date,Recipient Name,Address Line 1,Address Line 2,City,State,Zip or Postal Code,Country,Weight (LBs),Mail Product Name,Customer Reference,BOL Number,Last Event Description,Last Event Time,Pickup Account Number,DHL Tracking Number,Pickup Address
','9374869903506448713091,"03/11/2021 11:03:02 AM",,"95 CHURCH ST","","WARE","MA",'01082,US,.25,"DHL SM Parcel Expedited","1337958",'534879910311185823351,"EN ROUTE TO DHL ECOMMERCE",02:01:26 PM,5348799,'33872103114125166,"50 LAWRENCE AVE"
','9374869903506449234755,"03/11/2021 12:19:04 PM",,"435 SCHOOL ST","","BELMONT","MA",'02478,US,.75,"DHL SM Parcel Expedited","1337958",'534879910311185823351,"EN ROUTE TO DHL ECOMMERCE",02:01:26 PM,5348799,'33872103114125162,"50 LAWRENCE AVE"
','9374869903506447814706,"03/11/2021 09:29:08 AM",,"143 OLD NUMBER 11 RD","","WESTFORD","VT",'05494,US,.25,"DHL SM Parcel Expedited","1337958",'534879910311185823351,"EN ROUTE TO DHL ECOMMERCE",02:01:26 PM,5348799,'33872103114125169,"50 LAWRENCE AVE"
','9374869903506449526706,"03/11/2021 01:10:49 PM",,"347 GRAFTON AVE APT 3F","","NEWARK","NJ",'07104,US,.25,"DHL SM Parcel Expedited","1337958",'534879910311185823351,"EN ROUTE TO DHL ECOMMERCE",02:01:26 PM,5348799,'33872103114125150,"50 LAWRENCE AVE"
','9374869903506449502779,"03/11/2021 01:05:11 PM",,"12 EDISON CT APT A","","MONSEY","NY",'10952,US,.1875,"DHL SM Parcel Expedited","1337958",'534879910311185823351,"EN ROUTE TO DHL ECOMMERCE",02:01:26 PM,5348799,'33872103114125148,"50 LAWRENCE AVE"
','9374869903506448765663,"03/11/2021 11:10:50 AM",,"1052 E 29TH ST","","BROOKLYN","NY",'11210,US,.25,"DHL SM Parcel Expedited","1337958",'534879910311185823351,"EN ROUTE TO DHL ECOMMERCE",02:01:26 PM,5348799,'33872103114125155,"50 LAWRENCE AVE"
','9374869903506448679021,"03/11/2021 10:57:57 AM",,"929 GLENWOOD RD","","W HEMPSTEAD","NY",'11552,US,.25,"DHL SM Parcel Expedited","1337958",'534879910311185823351,"EN ROUTE TO DHL ECOMMERCE",02:01:26 PM,5348799,'33872103114125160,"50 LAWRENCE AVE"
','9374869903506448657555,"03/11/2021 10:55:51 AM",,"852 STATION PL","","WOODMERE","NY",'11598,US,.25,"DHL SM Parcel Expedited","1337958",'534879910311185823351,"EN ROUTE TO DHL ECOMMERCE",02:01:26 PM,5348799,'33872103114125156,"50 LAWRENCE AVE"
','9374869903506449483436,"03/11/2021 01:00:01 PM",,"383 STATE ROUTE 21","","PALMYRA","NY",'14522,US,.5,"DHL SM Parcel Expedited","1337958",'534879910311185823351,"EN ROUTE TO DHL ECOMMERCE",02:01:26 PM,5348799,'33872103114125153,"50 LAWRENCE AVE"
','9374869903506448644883,"03/11/2021 10:53:11 AM",,"2004 S LAW ST","","ALLENTOWN","PA",'18103,US,.25,"DHL SM Parcel Expedited","1337958",'534879910311185823351,"EN ROUTE TO DHL ECOMMERCE",02:01:26 PM,5348799,'33872103114125152,"50 LAWRENCE AVE"
','9374869903506448711189,"03/11/2021 11:02:28 AM",,"29 AZALEA DR.","","ALBRIGHTSVILLE","PA",'18210,US,.25,"DHL SM Parcel Expedited","1337958",'534879910311185823351,"EN ROUTE TO DHL ECOMMERCE",02:01:26 PM,5348799,'33872103114125140,"50 LAWRENCE AVE"
','9374869903506449521404,"03/11/2021 01:09:42 PM",,"2162 EVANS CT APT 301","","FALLS CHURCH","VA",'22043,US,.375,"DHL SM Parcel Expedited","1337958",'534879910311185823351,"EN ROUTE TO DHL ECOMMERCE",02:01:26 PM,5348799,'33872103114125149,"50 LAWRENCE AVE"
','9374869903506447763950,"03/11/2021 09:24:24 AM",,"884 PEGG RD","","EAST POINT","GA",'30344,US,.25,"DHL SM Parcel Expedited","1337958",'534879910311185823351,"EN ROUTE TO DHL ECOMMERCE",02:01:26 PM,5348799,'33872103114125170,"50 LAWRENCE AVE"
','9374869903506447723237,"03/11/2021 09:19:01 AM",,"11477 SW 250TH ST","","HOMESTEAD","FL",'33032,US,.25,"DHL SM Parcel Expedited","1337958",'534879910311185823351,"EN ROUTE TO DHL ECOMMERCE",02:01:26 PM,5348799,'33872103114125171,"50 LAWRENCE AVE"
','9374869903506447747271,"03/11/2021 09:22:27 AM",,"7412 SW 105TH PL","","MIAMI","FL",'33173,US,.25,"DHL SM Parcel Expedited","1337958",'534879910311185823351,"EN ROUTE TO DHL ECOMMERCE",02:01:26 PM,5348799,'33872103114125167,"50 LAWRENCE AVE"
','9374869903506448695595,"03/11/2021 10:59:44 AM",,"1038 WOLVERTON B","","BOCA RATON","FL",'33434,US,.25,"DHL SM Parcel Expedited","1337958",'534879910311185823351,"EN ROUTE TO DHL ECOMMERCE",02:01:26 PM,5348799,'33872103114125159,"50 LAWRENCE AVE"
','9374869903506448661477,"03/11/2021 10:56:29 AM",,"17252 FOUNTAINSIDE LOOP # 5312","","LUTZ","FL",'33558,US,.25,"DHL SM Parcel Expedited","1337958",'534879910311185823351,"EN ROUTE TO DHL ECOMMERCE",02:01:26 PM,5348799,'33872103114125157,"50 LAWRENCE AVE"
','9374869903506448626759,"03/11/2021 10:50:12 AM",,"116 E PINE ST","","LAKELAND","FL",'33801,US,.25,"DHL SM Parcel Expedited","1337958",'534879910311185823351,"EN ROUTE TO DHL ECOMMERCE",02:01:26 PM,5348799,'33872103114125164,"50 LAWRENCE AVE"
','9374869903506447776233,"03/11/2021 09:25:38 AM",,"3606 10TH LN W","","PALMETTO","FL",'34221,US,.25,"DHL SM Parcel Expedited","1337958",'534879910311185823351,"EN ROUTE TO DHL ECOMMERCE",02:01:26 PM,5348799,'33872103114125168,"50 LAWRENCE AVE"
','9374869903506447749596,"03/11/2021 09:23:02 AM",,"2375 RIVERWOOD PINES DR","","SARASOTA","FL",'34231,US,.25,"DHL SM Parcel Expedited","1337958",'534879910311185823351,"EN ROUTE TO DHL ECOMMERCE",02:01:26 PM,5348799,'33872103114125172,"50 LAWRENCE AVE"
','9361269903506449252739,"03/11/2021 12:22:51 PM",,"309 N SHERMAN ST","CROWN POINT","CROWN POINT","IN",'46307,US,2,"DHL SM Parcel Plus Expedited","1337958",'534879910311185823351,"EN ROUTE TO DHL ECOMMERCE",02:01:26 PM,5348799,'33872103114125161,"50 LAWRENCE AVE"
','9374869903506448688382,"03/11/2021 10:59:11 AM",,"15191 HAWTHORN DR","","CLIVE","IA",'50325,US,.25,"DHL SM Parcel Expedited","1337958",'534879910311185823351,"EN ROUTE TO DHL ECOMMERCE",02:01:26 PM,5348799,'33872103114125158,"50 LAWRENCE AVE"
','9374869903506448640618,"03/11/2021 10:52:35 AM",,"14204 S GLADSTONE CT","","PLAINFIELD","IL",'60544,US,.25,"DHL SM Parcel Expedited","1337958",'534879910311185823351,"EN ROUTE TO DHL ECOMMERCE",02:01:26 PM,5348799,'33872103114125165,"50 LAWRENCE AVE"
','9374869903506447754675,"03/11/2021 09:23:34 AM",,"170 HOLLAND ROAD","","HAMBURG","AR",'71646,US,.25,"DHL SM Parcel Expedited","1337958",'534879910311185823351,"EN ROUTE TO DHL ECOMMERCE",02:01:26 PM,5348799,'33872103114125173,"50 LAWRENCE AVE"
','9374869903506449464459,"03/11/2021 12:55:41 PM",,"207 S 184TH EAST AVE","","TULSA","OK",'74108,US,.25,"DHL SM Parcel Expedited","1337958",'534879910311185823351,"EN ROUTE TO DHL ECOMMERCE",02:01:26 PM,5348799,'33872103114125145,"50 LAWRENCE AVE"
','9374869903506448648829,"03/11/2021 10:54:14 AM",,"2300 E PRESIDENT GEORGE BUSH HWY","","RICHARDSON","TX",'75082,US,.25,"DHL SM Parcel Expedited","1337958",'534879910311185823351,"EN ROUTE TO DHL ECOMMERCE",02:01:26 PM,5348799,'33872103114125144,"50 LAWRENCE AVE"
','9374869903506449511511,"03/11/2021 01:07:42 PM",,"360 N 5TH WEST ST","","GREEN RIVER","WY",'82935,US,.3125,"DHL SM Parcel Expedited","1337958",'534879910311185823351,"EN ROUTE TO DHL ECOMMERCE",02:01:26 PM,5348799,'33872103114125146,"50 LAWRENCE AVE"
','9374869903506448719741,"03/11/2021 11:04:28 AM",,"17490 W MOHAVE ST","","GOODYEAR","AZ",'85338,US,.25,"DHL SM Parcel Expedited","1337958",'534879910311185823351,"EN ROUTE TO DHL ECOMMERCE",02:01:26 PM,5348799,'33872103114125141,"50 LAWRENCE AVE"
','9374869903506448741865,"03/11/2021 11:06:56 AM",,"1634 1/2 S SHENANDOAH ST","","LOS ANGELES","CA",'90035,US,.25,"DHL SM Parcel Expedited","1337958",'534879910311185823351,"EN ROUTE TO DHL ECOMMERCE",02:01:26 PM,5348799,'33872103114125163,"50 LAWRENCE AVE"
','9374869903506449453804,"03/11/2021 12:55:10 PM",,"8787 SHOREHAM DR APT 304","","WEST HOLLYWOOD","CA",'90069,US,.25,"DHL SM Parcel Expedited","1337958",'534879910311185823351,"EN ROUTE TO DHL ECOMMERCE",02:01:26 PM,5348799,'33872103114125154,"50 LAWRENCE AVE"
','9374869903506449470900,"03/11/2021 12:56:40 PM",,"27381 RUBY GRASS CT","","MURRIETA","CA",'92562,US,.25,"DHL SM Parcel Expedited","1337958",'534879910311185823351,"EN ROUTE TO DHL ECOMMERCE",02:01:26 PM,5348799,'33872103114125147,"50 LAWRENCE AVE"
','9374869903506448706741,"03/11/2021 11:01:54 AM",,"825 N 2ND ST","","GROVER BEACH","CA",'93433,US,.25,"DHL SM Parcel Expedited","1337958",'534879910311185823351,"EN ROUTE TO DHL ECOMMERCE",02:01:26 PM,5348799,'33872103114125142,"50 LAWRENCE AVE"
','9374869903506447714860,"03/11/2021 09:16:48 AM",,"535 PIERCE ST APT 3209","","ALBANY","CA",'94706,US,.25,"DHL SM Parcel Expedited","1337958",'534879910311185823351,"EN ROUTE TO DHL ECOMMERCE",02:01:26 PM,5348799,'33872103114125174,"50 LAWRENCE AVE"
','9361269903506449183187,"03/11/2021 12:10:23 PM",,"713 LIBERTY CT","","ROHNERT PARK","CA",'94928,US,1,"DHL SM Parcel Plus Expedited","1337958",'534879910311185823351,"EN ROUTE TO DHL ECOMMERCE",02:01:26 PM,5348799,'33872103114125143,"50 LAWRENCE AVE"
','9374869903506449516479,"03/11/2021 01:08:38 PM",,"2458 LAKEVIEW DR","","SANTA ROSA","CA",'95405,US,.3125,"DHL SM Parcel Expedited","1337958",'534879910311185823351,"EN ROUTE TO DHL ECOMMERCE",02:01:26 PM,5348799,'33872103114125151,"50 LAWRENCE AVE"
'20210311174025071XBQJMHS,'9361269903506449390912,"03/11/2021 12:40:25 PM",,"709 E 214TH ST APT 3F","","BRONX","NY",'104675954,US,2.2,"DHL SM Parcel Plus Expedited","",'535776610311182123251,"EN ROUTE TO DHL ECOMMERCE",01:22:18 PM,5357766,'33872103113996876,"5 Mezabish Pl."
'20210311181024660MHJC3OU,'9374869903506449524412,"03/11/2021 01:10:26 PM",,"3315 80TH ST APT 31","","JACKSON HEIGHTS","NY",'113721372,US,.125,"DHL SM Parcel Expedited","",'535776610311182123251,"EN ROUTE TO DHL ECOMMERCE",01:22:18 PM,5357766,'33872103113996877,"5 Mezabish Pl."
'20210311174005277HWAC0DK,'9374869903506449386294,"03/11/2021 12:40:07 PM",,"438 SKYVIEW DR","","STAMFORD","NY",'121670000,US,.4,"DHL SM Parcel Expedited","",'535776610311182123251,"EN ROUTE TO DHL ECOMMERCE",01:22:18 PM,5357766,'33872103113996869,"5 Mezabish Pl."
'20210311174018796ILEGZ2Z,'9361269903506449387790,"03/11/2021 12:40:21 PM",,"1090 GATES HILL RD","","SUMMERHILL","PA",'159585403,US,1.1,"DHL SM Parcel Plus Expedited","",'535776610311182123251,"EN ROUTE TO DHL ECOMMERCE",01:22:18 PM,5357766,'33872103113996875,"5 Mezabish Pl."
'20210311180136709BX2I1WU,'9374869903506449490458,"03/11/2021 01:01:38 PM",,"120 OAKWOOD TRAIL RD # 1035","","KING","NC",'270218782,US,.4,"DHL SM Parcel Expedited","",'535776610311182123251,"EN ROUTE TO DHL ECOMMERCE",01:22:18 PM,5357766,'33872103113996871,"5 Mezabish Pl."
'202103111801289502QW3WRO,'9374869903506449488813,"03/11/2021 01:01:31 PM",,"PO BOX 311","","TAYLORSVILLE","NC",'286810311,US,.8,"DHL SM Parcel Expedited","",'535776610311182123251,"EN ROUTE TO DHL ECOMMERCE",01:22:18 PM,5357766,'33872103113996872,"5 Mezabish Pl."
'20210311180123598QIAVN4K,'9374869903506449487700,"03/11/2021 01:01:25 PM",,"2601 PRETTY BAYOU ISLAND DR","","PANAMA CITY","FL",'324052128,US,.8,"DHL SM Parcel Expedited","",'535776610311182123251,"EN ROUTE TO DHL ECOMMERCE",01:22:18 PM,5357766,'33872103113996873,"5 Mezabish Pl."
'20210311173925025LK5340K,'9374869903506449384214,"03/11/2021 12:39:34 PM",,"170 SAINT THOMAS LOOP","","BARDSTOWN","KY",'400049513,US,.2,"DHL SM Parcel Expedited","",'535776610311182123251,"EN ROUTE TO DHL ECOMMERCE",01:22:18 PM,5357766,'33872103113996867,"5 Mezabish Pl."
'20210311173952862QVXOFBE,'9374869903506449385938,"03/11/2021 12:39:55 PM",,"6536 W LAKEFIELD DR","","MILWAUKEE","WI",'532194131,US,.4,"DHL SM Parcel Expedited","",'535776610311182123251,"EN ROUTE TO DHL ECOMMERCE",01:22:18 PM,5357766,'33872103113996870,"5 Mezabish Pl."
'20210311174012185FZEYFOL,'9374869903506449386584,"03/11/2021 12:40:15 PM",,"326 JOLLY LN NE","","MINNEAPOLIS","MN",'554215049,US,.4,"DHL SM Parcel Expedited","",'535776610311182123251,"EN ROUTE TO DHL ECOMMERCE",01:22:18 PM,5357766,'33872103113996874,"5 Mezabish Pl."
'20210311173943125LDFUS5E,'9374869903506449383262,"03/11/2021 12:39:45 PM",,"2110 LOS FELIZ ST UNIT 2011","","LAS VEGAS","NV",'891568016,US,.2,"DHL SM Parcel Expedited","",'535776610311182123251,"EN ROUTE TO DHL ECOMMERCE",01:22:18 PM,5357766,'33872103113996868,"5 Mezabish Pl."
','9374869903506448517156,"03/11/2021 10:35:54 AM",,"5 Canterbury Rd","","Woburn","MA",'01801-5901,US,.0622,"DHL SM Parcel Expedited","",'535816410311162823551,"EN ROUTE TO DHL ECOMMERCE",11:34:08 AM,5358164,'33872103113780230,"50 Lawrence ave"
','9374869903506448710618,"03/11/2021 11:02:41 AM",,"15615 78th St Apt 2","","Howard Beach","NY",'11414-2515,US,.0666,"DHL SM Parcel Expedited","",'535816410311162823551,"EN ROUTE TO DHL ECOMMERCE",11:34:08 AM,5358164,'33872103113780235,"50 Lawrence ave"
','9374869903506448688795,"03/11/2021 10:59:27 AM",,"7 Kings Ct Apt 3","","Camillus","NY",'13031-1747,US,.0666,"DHL SM Parcel Expedited","",'535816410311162823551,"EN ROUTE TO DHL ECOMMERCE",11:34:08 AM,5358164,'33872103113780222,"50 Lawrence ave"
'BB14A0FE2A094602A0035DB19,',"03/11/2021 11:06:04 AM",,"LAANEMERE TEE 20 - 52","","Tallinn","ESTONIA",'13913,EE,.0662,"DHL Parcel Intl Standard","",'47106931,"EN ROUTE TO DHL ECOMMERCE",11:34:08 AM,5358164,'33872103113783128,"50 Lawrence ave"
'CFE4FE730C7A49D981C44DF79,',"03/11/2021 11:07:20 AM",,"4 Manchester rd","","Auburn","NSW",'2144,AU,.0662,"DHL Parcel Intl Standard","",'47106931,"EN ROUTE TO DHL ECOMMERCE",11:34:08 AM,5358164,'33872103113783127,"50 Lawrence ave"
','9374869903506448709100,"03/11/2021 11:02:11 AM",,"725 Robinson Rd","","Greer","SC",'29651-6307,US,.0666,"DHL SM Parcel Expedited","",'535816410311162823551,"EN ROUTE TO DHL ECOMMERCE",11:34:08 AM,5358164,'33872103113780234,"50 Lawrence ave"
','9374869903506448721652,"03/11/2021 11:04:55 AM",,"1410 Simone Dr","","Conyers","GA",'30094-1106,US,.1332,"DHL SM Parcel Expedited","",'535816410311162823551,"EN ROUTE TO DHL ECOMMERCE",11:34:08 AM,5358164,'33872103113780236,"50 Lawrence ave"
','9374869903506448541861,"03/11/2021 10:39:07 AM",,"7372 Walton Hl","","Fairburn","GA",'30213-7114,US,.0622,"DHL SM Parcel Expedited","",'535816410311162823551,"EN ROUTE TO DHL ECOMMERCE",11:34:08 AM,5358164,'33872103113780225,"50 Lawrence ave"
','9374869903506448621433,"03/11/2021 10:49:24 AM",,"5831 W HALLANDALE BEACH BLVD","","WEST PARK","FL",'33023,US,.0622,"DHL SM Parcel Expedited","",'535816410311162823551,"EN ROUTE TO DHL ECOMMERCE",11:34:08 AM,5358164,'33872103113780221,"50 Lawrence ave"
','9374869903506448715026,"03/11/2021 11:03:26 AM",,"PO Box 985","","Tavernier","FL",'33070-0985,US,.0666,"DHL SM Parcel Expedited","",'535816410311162823551,"EN ROUTE TO DHL ECOMMERCE",11:34:08 AM,5358164,'33872103113780220,"50 Lawrence ave"
','9374869903506448494907,"03/11/2021 10:31:56 AM",,"13475 NW 19th Ln","","Miami","FL",'33182-1909,US,.0622,"DHL SM Parcel Expedited","",'535816410311162823551,"EN ROUTE TO DHL ECOMMERCE",11:34:08 AM,5358164,'33872103113780233,"50 Lawrence ave"
','9374869903506448709803,"03/11/2021 11:02:51 AM",,"3390 NW 125th Way","","Sunrise","FL",'33323-6503,US,.0666,"DHL SM Parcel Expedited","",'535816410311162823551,"EN ROUTE TO DHL ECOMMERCE",11:34:08 AM,5358164,'33872103113780224,"50 Lawrence ave"
','9374869903506448554809,"03/11/2021 10:41:08 AM",,"319 GRAND CAYMAN CIRCLE","","LAKELAND","FL",'33803,US,.0622,"DHL SM Parcel Expedited","",'535816410311162823551,"EN ROUTE TO DHL ECOMMERCE",11:34:08 AM,5358164,'33872103113780229,"50 Lawrence ave"
','9374869903506448722055,"03/11/2021 11:04:41 AM",,"1294 Louisville Hwy","","Goodlettsville","TN",'37072-3613,US,.0666,"DHL SM Parcel Expedited","",'535816410311162823551,"EN ROUTE TO DHL ECOMMERCE",11:34:08 AM,5358164,'33872103113780228,"50 Lawrence ave"
','9374869903506448511185,"03/11/2021 10:34:59 AM",,"5381 Torchwood Loop E","","Columbus","OH",'43229-4605,US,.0622,"DHL SM Parcel Expedited","",'535816410311162823551,"EN ROUTE TO DHL ECOMMERCE",11:34:08 AM,5358164,'33872103113780231,"50 Lawrence ave"
','9374869903506448607680,"03/11/2021 10:48:06 AM",,"2150 Rockdell Dr Apt 14","","Fairborn","OH",'45324-2457,US,.0622,"DHL SM Parcel Expedited","",'535816410311162823551,"EN ROUTE TO DHL ECOMMERCE",11:34:08 AM,5358164,'33872103113780227,"50 Lawrence ave"
','9374869903506448719727,"03/11/2021 11:04:27 AM",,"W921 County Road P","","Merrill","WI",'54452-9021,US,.0666,"DHL SM Parcel Expedited","",'535816410311162823551,"EN ROUTE TO DHL ECOMMERCE",11:34:08 AM,5358164,'33872103113780223,"50 Lawrence ave"
','9374869903506448651614,"03/11/2021 10:54:50 AM",,"1260 Coventry Ln","","Centerton","AR",'72719-9779,US,.0622,"DHL SM Parcel Expedited","",'535816410311162823551,"EN ROUTE TO DHL ECOMMERCE",11:34:08 AM,5358164,'33872103113780226,"50 Lawrence ave"
','9374869903506448885071,"03/11/2021 11:26:12 AM",,"630 Sunny Ln Unit C","","Fernley","NV",'89408-9291,US,.0666,"DHL SM Parcel Expedited","",'535816410311162823551,"EN ROUTE TO DHL ECOMMERCE",11:34:08 AM,5358164,'33872103113780219,"50 Lawrence ave"
','9374869903506448503104,"03/11/2021 10:33:21 AM",,"14767 Sycamore St","","Hesperia","CA",'92345-1959,US,.0622,"DHL SM Parcel Expedited","",'535816410311162823551,"EN ROUTE TO DHL ECOMMERCE",11:34:08 AM,5358164,'33872103113780232,"50 Lawrence ave"
'E2E2DE3586CA43F99935A7B14,',"03/11/2021 11:06:42 AM",,"146 Jacob St","","Tavistock","ON",'N0B2R0,CA,.0662,"DHL Parcel Intl Standard","",'47106931,"EN ROUTE TO DHL ECOMMERCE",11:34:08 AM,5358164,'33872103113783129,"50 Lawrence ave"
'20210311163412635XXUWLFY,'9374869903506448936568,"03/11/2021 11:34:14 AM",,"200 E 71ST ST APT 19G","","NEW YORK","NY",'100210471,US,.375,"DHL SM Parcel Ground","",'536725110311163923151,"EN ROUTE TO DHL ECOMMERCE",11:41:04 AM,5367251,'33872103113794963,"5818 13TH AVE"