Customer Confirmation Number,Delivery Confirmation Number,Receive Date,Recipient Name,Address Line 1,Address Line 2,City,State,Zip or Postal Code,Country,Weight (LBs),Mail Product Name,Customer Reference,BOL Number,Last Event Description,Last Event Time,Pickup Account Number,DHL Tracking Number,Pickup Address
'GM555348799000001163,',"02/09/2021 10:21:21 AM",AVNEET KAUR,"20 VENTURA LANE","","AJAX","ON",'L1T 0C4,CA,.38,"DHL Parcel Intl Standard","",',"EN ROUTE TO DHL ECOMMERCE",10:24:26 AM,5345286,'33882102096099886,"1584 CARROLL ST."
','9374869903506293795389,"02/09/2021 10:11:03 AM",,"49 S 2nd St","","Elizabethport","NJ",'07206-1541,US,.0622,"DHL SM Parcel Expedited","",'535816410209152223351,"EN ROUTE TO DHL ECOMMERCE",10:23:21 AM,5358164,'33872102096087025,"50 Lawrence ave"
','9374869903506293637641,"02/09/2021 09:59:53 AM",,"918 Saint Nicholas Ave Apt 2F","","New York","NY",'10032-5246,US,.0622,"DHL SM Parcel Expedited","",'535816410209152223351,"EN ROUTE TO DHL ECOMMERCE",10:23:21 AM,5358164,'33872102096087030,"50 Lawrence ave"
','9374869903506293386839,"02/09/2021 09:40:26 AM",,"17042 130th Ave Apt 8B","","Jamaica","NY",'11434-6108,US,.0666,"DHL SM Parcel Expedited","",'535816410209152223351,"EN ROUTE TO DHL ECOMMERCE",10:23:21 AM,5358164,'33872102096087028,"50 Lawrence ave"
','9374869903506293351110,"02/09/2021 09:37:05 AM",,"362 Antietam Dr","","Hagerstown","MD",'21742-4238,US,.0666,"DHL SM Parcel Expedited","",'535816410209152223351,"EN ROUTE TO DHL ECOMMERCE",10:23:21 AM,5358164,'33872102096087039,"50 Lawrence ave"
','9374869903506293674653,"02/09/2021 10:02:37 AM",,"3610 Millers Glen Ln Apt 207","","Henrico","VA",'23231-2359,US,.0622,"DHL SM Parcel Expedited","",'535816410209152223351,"EN ROUTE TO DHL ECOMMERCE",10:23:21 AM,5358164,'33872102096087031,"50 Lawrence ave"
','9374869903506293823723,"02/09/2021 10:13:28 AM",,"347 Effingham St # 114","","Portsmouth","VA",'23704-2337,US,.0622,"DHL SM Parcel Expedited","",'535816410209152223351,"EN ROUTE TO DHL ECOMMERCE",10:23:21 AM,5358164,'33872102096087027,"50 Lawrence ave"
','9374869903506293499829,"02/09/2021 09:49:06 AM",,"2215 Garrison Plantation Dr SE","","Marietta","GA",'30060-3151,US,.0622,"DHL SM Parcel Expedited","",'535816410209152223351,"EN ROUTE TO DHL ECOMMERCE",10:23:21 AM,5358164,'33872102096087037,"50 Lawrence ave"
','9374869903506293403604,"02/09/2021 09:42:13 AM",,"613 Stirling Bridge Dr","","Warner Robins","GA",'31088-1110,US,.1332,"DHL SM Parcel Expedited","",'535816410209152223351,"EN ROUTE TO DHL ECOMMERCE",10:23:21 AM,5358164,'33872102096087035,"50 Lawrence ave"
','9374869903506293389304,"02/09/2021 09:40:45 AM",,"37 Sherrington Dr","","Ormond Beach","FL",'32174-3019,US,.0666,"DHL SM Parcel Expedited","",'535816410209152223351,"EN ROUTE TO DHL ECOMMERCE",10:23:21 AM,5358164,'33872102096087029,"50 Lawrence ave"
','9374869903506293514973,"02/09/2021 09:50:10 AM",,"207 Champion Dr NW","","Cleveland","TN",'37312-7118,US,.0622,"DHL SM Parcel Expedited","",'535816410209152223351,"EN ROUTE TO DHL ECOMMERCE",10:23:21 AM,5358164,'33872102096087038,"50 Lawrence ave"
','9374869903506293755178,"02/09/2021 10:08:28 AM",,"34800 Vine St Apt 107G","","Willowick","OH",'44095-5129,US,.0622,"DHL SM Parcel Expedited","",'535816410209152223351,"EN ROUTE TO DHL ECOMMERCE",10:23:21 AM,5358164,'33872102096087024,"50 Lawrence ave"
','9374869903506293905313,"02/09/2021 10:19:56 AM",,"5256 Pine Tree Ln","","Youngstown","OH",'44512-2539,US,.0622,"DHL SM Parcel Expedited","",'535816410209152223351,"EN ROUTE TO DHL ECOMMERCE",10:23:21 AM,5358164,'33872102096087022,"50 Lawrence ave"
','9374869903506293368866,"02/09/2021 09:39:05 AM",,"10033 Middlebelt Rd","","Livonia","MI",'48150-3078,US,.0666,"DHL SM Parcel Expedited","",'535816410209152223351,"EN ROUTE TO DHL ECOMMERCE",10:23:21 AM,5358164,'33872102096087034,"50 Lawrence ave"
'5B7B401DD0CE4F559EB098D76,',"02/09/2021 09:45:14 AM",,"27 Twenty-First Ave","","Parkside","Queensland",'4825,AU,.0662,"DHL Parcel Intl Standard","",'41580895,"EN ROUTE TO DHL ECOMMERCE",10:23:21 AM,5358164,'33872102096095237,"50 Lawrence ave"
','9374869903506293808058,"02/09/2021 10:11:51 AM",,"1621 S Ashland Ave","","Park Ridge","IL",'60068-5466,US,.0622,"DHL SM Parcel Expedited","",'535816410209152223351,"EN ROUTE TO DHL ECOMMERCE",10:23:21 AM,5358164,'33872102096087021,"50 Lawrence ave"
','9374869903506293337473,"02/09/2021 09:35:48 AM",,"103 Field Grove Ct","","East Peoria","IL",'61611-4323,US,.1776,"DHL SM Parcel Expedited","",'535816410209152223351,"EN ROUTE TO DHL ECOMMERCE",10:23:21 AM,5358164,'33872102096087033,"50 Lawrence ave"
','9374869903506293848177,"02/09/2021 10:15:22 AM",,"1010 Tamarack Ln","","Marion","IL",'62959-4281,US,.0622,"DHL SM Parcel Expedited","",'535816410209152223351,"EN ROUTE TO DHL ECOMMERCE",10:23:21 AM,5358164,'33872102096087026,"50 Lawrence ave"
','9374869903506293657748,"02/09/2021 10:01:11 AM",,"4228 Iris Ave","","Fort Worth","TX",'76137-1251,US,.0622,"DHL SM Parcel Expedited","",'535816410209152223351,"EN ROUTE TO DHL ECOMMERCE",10:23:21 AM,5358164,'33872102096087032,"50 Lawrence ave"
','9374869903506293867635,"02/09/2021 10:16:56 AM",,"18108 S Parkview Dr","H23","Houston","TX",'77084-5884,US,.0622,"DHL SM Parcel Expedited","",'535816410209152223351,"EN ROUTE TO DHL ECOMMERCE",10:23:21 AM,5358164,'33872102096087019,"50 Lawrence ave"
','9374869903506293878853,"02/09/2021 10:17:45 AM",,"306 Wellington Pt","","Houston","TX",'77094-1124,US,.0622,"DHL SM Parcel Expedited","",'535816410209152223351,"EN ROUTE TO DHL ECOMMERCE",10:23:21 AM,5358164,'33872102096087020,"50 Lawrence ave"
','9374869903506293700376,"02/09/2021 10:04:29 AM",,"3832 Joplin Ave","","Groves","TX",'77619-5808,US,.0622,"DHL SM Parcel Expedited","",'535816410209152223351,"EN ROUTE TO DHL ECOMMERCE",10:23:21 AM,5358164,'33872102096087023,"50 Lawrence ave"
','9374869903506293395053,"02/09/2021 09:41:14 AM",,"720 S Webster Ave","Apt 108","Anaheim","CA",'92804-3365,US,.0666,"DHL SM Parcel Expedited","",'535816410209152223351,"EN ROUTE TO DHL ECOMMERCE",10:23:21 AM,5358164,'33872102096087036,"50 Lawrence ave"
','9374869903506293346208,"02/09/2021 09:36:35 AM",,"53 Scotia Ave","","San Francisco","CA",'94124-2217,US,.0666,"DHL SM Parcel Expedited","",'535816410209152223351,"EN ROUTE TO DHL ECOMMERCE",10:23:21 AM,5358164,'33872102096087040,"50 Lawrence ave"
'663CBC132CD54D6AA0E8A7085,',"02/09/2021 10:21:39 AM",,"278 Hurstwood court , Woodhouse Road","","London","London",'N12 0LG,GB,.0619,"DHL Parcel Intl Standard","",'41580895,"EN ROUTE TO DHL ECOMMERCE",10:23:21 AM,5358164,'33872102096095236,"50 Lawrence ave"