Customer Confirmation Number,Delivery Confirmation Number,Receive Date,Recipient Name,Address Line 1,Address Line 2,City,State,Zip or Postal Code,Country,Weight (LBs),Mail Product Name,Customer Reference,BOL Number,Last Event Description,Last Event Time,Pickup Account Number,DHL Tracking Number,Pickup Address
','9374869903506502305026,"03/22/2021 09:22:22 AM",,"57 Field Pond Rd","","Milford","MA",'01757-1284,US,.0622,"DHL SM Parcel Expedited","",'535816410322132323951,"EN ROUTE TO DHL ECOMMERCE",09:23:35 AM,5358164,'33872103226718087,"50 Lawrence ave"
','9374869903506502131328,"03/22/2021 09:06:42 AM",,"9 Liberty St","","Randolph","MA",'02368-6709,US,.0622,"DHL SM Parcel Expedited","",'535816410322132323951,"EN ROUTE TO DHL ECOMMERCE",09:23:35 AM,5358164,'33872103226718090,"50 Lawrence ave"
','9374869903506499888625,"03/22/2021 12:25:21 AM",,"184 Farmington Rd","","Rochester","NH",'03867-4365,US,.0622,"DHL SM Parcel Expedited","",'535816410322132323951,"EN ROUTE TO DHL ECOMMERCE",09:23:35 AM,5358164,'33872103226718127,"50 Lawrence ave"
','9374869903506499896651,"03/22/2021 12:30:45 AM",,"267 Forest Rd","","Fort Lee","NJ",'07024-4341,US,.0622,"DHL SM Parcel Expedited","",'535816410322132323951,"EN ROUTE TO DHL ECOMMERCE",09:23:35 AM,5358164,'33872103226718098,"50 Lawrence ave"
','9374869903506499904554,"03/22/2021 12:35:52 AM",,"209 Quail Ln S","","Lanoka Harbor","NJ",'08734-1629,US,.0622,"DHL SM Parcel Expedited","",'535816410322132323951,"EN ROUTE TO DHL ECOMMERCE",09:23:35 AM,5358164,'33872103226718119,"50 Lawrence ave"
','9374869903506499893193,"03/22/2021 12:26:18 AM",,"176 Bay 43rd St","FL 2","Brooklyn","NY",'11214-5506,US,.0622,"DHL SM Parcel Expedited","",'535816410322132323951,"EN ROUTE TO DHL ECOMMERCE",09:23:35 AM,5358164,'33872103226718130,"50 Lawrence ave"
','9374869903506499828744,"03/22/2021 12:01:34 AM",,"979 Smith St","","Uniondale","NY",'11553-3531,US,.0666,"DHL SM Parcel Expedited","",'535816410322132323951,"EN ROUTE TO DHL ECOMMERCE",09:23:35 AM,5358164,'33872103226718113,"50 Lawrence ave"
','9374869903506499924989,"03/22/2021 12:45:57 AM",,"2204 Marietta Ave Apt 2R","","Lancaster","PA",'17603-2220,US,.0622,"DHL SM Parcel Expedited","",'535816410322132323951,"EN ROUTE TO DHL ECOMMERCE",09:23:35 AM,5358164,'33872103226718096,"50 Lawrence ave"
','9374869903506501982358,"03/22/2021 08:56:05 AM",,"2731 N Sydenham St","","Philadelphia","PA",'19132-2224,US,.0666,"DHL SM Parcel Expedited","",'535816410322132323951,"EN ROUTE TO DHL ECOMMERCE",09:23:35 AM,5358164,'33872103226718094,"50 Lawrence ave"
','9374869903506499838804,"03/22/2021 12:06:24 AM",,"12909 Mower Dr NE","","Cumberland","MD",'21502-6867,US,.1332,"DHL SM Parcel Expedited","",'535816410322132323951,"EN ROUTE TO DHL ECOMMERCE",09:23:35 AM,5358164,'33872103226718111,"50 Lawrence ave"
','9374869903506499840579,"03/22/2021 12:06:36 AM",,"5040 Brooks Rd","","Woolford","MD",'21677-1303,US,.1332,"DHL SM Parcel Expedited","",'535816410322132323951,"EN ROUTE TO DHL ECOMMERCE",09:23:35 AM,5358164,'33872103226718108,"50 Lawrence ave"
','9374869903506499897108,"03/22/2021 12:29:03 AM",,"917 Avenue J","","Norfolk","VA",'23513-4603,US,.0622,"DHL SM Parcel Expedited","",'535816410322132323951,"EN ROUTE TO DHL ECOMMERCE",09:23:35 AM,5358164,'33872103226718140,"50 Lawrence ave"
','9374869903506499906626,"03/22/2021 12:34:20 AM",,"3012 Polanski Dr","","Wake Forest","NC",'27587-6489,US,.0622,"DHL SM Parcel Expedited","",'535816410322132323951,"EN ROUTE TO DHL ECOMMERCE",09:23:35 AM,5358164,'33872103226718118,"50 Lawrence ave"
','9374869903506499871429,"03/22/2021 12:17:09 AM",,"5417 Pine Top Cir","","Raleigh","NC",'27612-2967,US,.0622,"DHL SM Parcel Expedited","",'535816410322132323951,"EN ROUTE TO DHL ECOMMERCE",09:23:35 AM,5358164,'33872103226718123,"50 Lawrence ave"
','9374869903506499873263,"03/22/2021 12:16:00 AM",,"2051 Worthington Rd","","Greenville","NC",'27858-8377,US,.0622,"DHL SM Parcel Expedited","",'535816410322132323951,"EN ROUTE TO DHL ECOMMERCE",09:23:35 AM,5358164,'33872103226718128,"50 Lawrence ave"
','9374869903506499837470,"03/22/2021 12:05:24 AM",,"9804 Ravenscroft Ln NW","","Concord","NC",'28027-3595,US,.0666,"DHL SM Parcel Expedited","",'535816410322132323951,"EN ROUTE TO DHL ECOMMERCE",09:23:35 AM,5358164,'33872103226718136,"50 Lawrence ave"
','9374869903506499914331,"03/22/2021 12:40:47 AM",,"8640 University City Blvd","A-3 P186","Charlotte","NC",'28213-3501,US,.0622,"DHL SM Parcel Expedited","",'535816410322132323951,"EN ROUTE TO DHL ECOMMERCE",09:23:35 AM,5358164,'33872103226718116,"50 Lawrence ave"
','9374869903506502147862,"03/22/2021 09:07:46 AM",,"2023 Royal Pines Dr","","New Bern","NC",'28560-1807,US,.0622,"DHL SM Parcel Expedited","",'535816410322132323951,"EN ROUTE TO DHL ECOMMERCE",09:23:35 AM,5358164,'33872103226718086,"50 Lawrence ave"
','9374869903506499846892,"03/22/2021 12:08:16 AM",,"5903 Sylvan Dr","","Columbia","SC",'29206-1549,US,.1332,"DHL SM Parcel Expedited","",'535816410322132323951,"EN ROUTE TO DHL ECOMMERCE",09:23:35 AM,5358164,'33872103226718131,"50 Lawrence ave"
','9374869903506499847226,"03/22/2021 12:08:50 AM",,"745 Grassdale Rd NW","","Cartersville","GA",'30121-5008,US,.1332,"DHL SM Parcel Expedited","",'535816410322132323951,"EN ROUTE TO DHL ECOMMERCE",09:23:35 AM,5358164,'33872103226718124,"50 Lawrence ave"
','9374869903506499824524,"03/22/2021 12:00:21 AM",,"4695 N Church Ln SE Apt 7208","","Atlanta","GA",'30339-1583,US,.0666,"DHL SM Parcel Expedited","",'535816410322132323951,"EN ROUTE TO DHL ECOMMERCE",09:23:35 AM,5358164,'33872103226718109,"50 Lawrence ave"
'A23947F54D524315B3D77BE1F,',"03/22/2021 12:13:00 AM",,"17 Prismatic Pl","","Leopold","VIC",'3224,AU,.1875,"DHL Parcel Intl Standard","",'40354121,"EN ROUTE TO DHL ECOMMERCE",09:23:35 AM,5358164,'33872103226718145,"50 Lawrence ave"
','9374869903506499848353,"03/22/2021 12:09:37 AM",,"2315 SW 63rd Ave","","Miami","FL",'33155-2030,US,.1776,"DHL SM Parcel Expedited","",'535816410322132323951,"EN ROUTE TO DHL ECOMMERCE",09:23:35 AM,5358164,'33872103226718126,"50 Lawrence ave"
','9374869903506502224372,"03/22/2021 09:15:05 AM",,"15374 SW 118th Ter","","Miami","FL",'33196-6800,US,.0622,"DHL SM Parcel Expedited","",'535816410322132323951,"EN ROUTE TO DHL ECOMMERCE",09:23:35 AM,5358164,'33872103226718084,"50 Lawrence ave"
','9374869903506501978399,"03/22/2021 08:55:53 AM",,"4149 W Waters Ave","","Tampa","FL",'33614-8116,US,.0666,"DHL SM Parcel Expedited","",'535816410322132323951,"EN ROUTE TO DHL ECOMMERCE",09:23:35 AM,5358164,'33872103226718093,"50 Lawrence ave"
','9374869903506499827631,"03/22/2021 12:02:49 AM",,"9192 Pomelo Rd E","","Fort Myers","FL",'33967-3720,US,.0666,"DHL SM Parcel Expedited","",'535816410322132323951,"EN ROUTE TO DHL ECOMMERCE",09:23:35 AM,5358164,'33872103226718115,"50 Lawrence ave"
','9374869903506502276722,"03/22/2021 09:19:12 AM",,"1520 Walker Cove Rd","","Sparta","TN",'38583-8722,US,.0622,"DHL SM Parcel Expedited","",'535816410322132323951,"EN ROUTE TO DHL ECOMMERCE",09:23:35 AM,5358164,'33872103226718091,"50 Lawrence ave"
','9374869903506499835087,"03/22/2021 12:03:27 AM",,"322 Hughes Rd","","Whigham","GA",'39897-3214,US,.0666,"DHL SM Parcel Expedited","",'535816410322132323951,"EN ROUTE TO DHL ECOMMERCE",09:23:35 AM,5358164,'33872103226718102,"50 Lawrence ave"
','9374869903506499837876,"03/22/2021 12:04:56 AM",,"311 Smith Frk","","Ransom","KY",'41558-8711,US,.0666,"DHL SM Parcel Expedited","",'535816410322132323951,"EN ROUTE TO DHL ECOMMERCE",09:23:35 AM,5358164,'33872103226718112,"50 Lawrence ave"
','9374869903506502289517,"03/22/2021 09:20:19 AM",,"2189 Elm Grove Rd","","Plainfield","IN",'46168-5673,US,.0622,"DHL SM Parcel Expedited","",'535816410322132323951,"EN ROUTE TO DHL ECOMMERCE",09:23:35 AM,5358164,'33872103226718095,"50 Lawrence ave"
','9374869903506499841415,"03/22/2021 12:07:04 AM",,"5913 E Raintree Ct","","Ypsilanti","MI",'48197-7125,US,.1332,"DHL SM Parcel Expedited","",'535816410322132323951,"EN ROUTE TO DHL ECOMMERCE",09:23:35 AM,5358164,'33872103226718105,"50 Lawrence ave"
','9374869903506499844553,"03/22/2021 12:09:03 AM",,"3204 Market Ln","Apt 415","Kenosha","WI",'53144-3454,US,.1776,"DHL SM Parcel Expedited","",'535816410322132323951,"EN ROUTE TO DHL ECOMMERCE",09:23:35 AM,5358164,'33872103226718122,"50 Lawrence ave"
','9374869903506499838378,"03/22/2021 12:05:44 AM",,"E5302 410th Ave","","Menomonie","WI",'54751-5676,US,.1332,"DHL SM Parcel Expedited","",'535816410322132323951,"EN ROUTE TO DHL ECOMMERCE",09:23:35 AM,5358164,'33872103226718110,"50 Lawrence ave"
','9374869903506499844065,"03/22/2021 12:07:43 AM",,"344 Avignon Ave","","Springdale","AR",'72764-7033,US,.1332,"DHL SM Parcel Expedited","",'535816410322132323951,"EN ROUTE TO DHL ECOMMERCE",09:23:35 AM,5358164,'33872103226718106,"50 Lawrence ave"
','9374869903506499914485,"03/22/2021 12:41:37 AM",,"4405 Reese Creek Rd","","Killeen","TX",'76549-2789,US,.0622,"DHL SM Parcel Expedited","",'535816410322132323951,"EN ROUTE TO DHL ECOMMERCE",09:23:35 AM,5358164,'33872103226718117,"50 Lawrence ave"
','9374869903506502001218,"03/22/2021 08:57:16 AM",,"4019 Oakside Dr","","Houston","TX",'77053-1432,US,.1776,"DHL SM Parcel Expedited","",'535816410322132323951,"EN ROUTE TO DHL ECOMMERCE",09:23:35 AM,5358164,'33872103226718092,"50 Lawrence ave"
','9374869903506499830709,"03/22/2021 12:02:26 AM",,"13406 Great Creek Dr","","Pearland","TX",'77584-2167,US,.0666,"DHL SM Parcel Expedited","",'535816410322132323951,"EN ROUTE TO DHL ECOMMERCE",09:23:35 AM,5358164,'33872103226718103,"50 Lawrence ave"
','9374869903506499919954,"03/22/2021 12:42:37 AM",,"184 N 680 W","","Blackfoot","ID",'83221-5539,US,.0622,"DHL SM Parcel Expedited","",'535816410322132323951,"EN ROUTE TO DHL ECOMMERCE",09:23:35 AM,5358164,'33872103226718121,"50 Lawrence ave"
','9374869903506499876523,"03/22/2021 12:18:03 AM",,"2974 N Waverly Rd","","Idaho Falls","ID",'83401-1253,US,.0622,"DHL SM Parcel Expedited","",'535816410322132323951,"EN ROUTE TO DHL ECOMMERCE",09:23:35 AM,5358164,'33872103226718125,"50 Lawrence ave"
','9374869903506499894497,"03/22/2021 12:28:20 AM",,"57 E Caroline Ln","","Tempe","AZ",'85284-3126,US,.0622,"DHL SM Parcel Expedited","",'535816410322132323951,"EN ROUTE TO DHL ECOMMERCE",09:23:35 AM,5358164,'33872103226718097,"50 Lawrence ave"
','9374869903506499824838,"03/22/2021 12:00:47 AM",,"1510 Las Vegas Blvd S","Albo Pizza","Las Vegas","NV",'89104-1314,US,.0666,"DHL SM Parcel Expedited","",'535816410322132323951,"EN ROUTE TO DHL ECOMMERCE",09:23:35 AM,5358164,'33872103226718099,"50 Lawrence ave"
','9374869903506499832277,"03/22/2021 12:02:03 AM",,"20818 Seine Ave Apt B","","Lakewood","CA",'90715-1495,US,.0666,"DHL SM Parcel Expedited","",'535816410322132323951,"EN ROUTE TO DHL ECOMMERCE",09:23:35 AM,5358164,'33872103226718100,"50 Lawrence ave"
','9374869903506499893629,"03/22/2021 12:27:11 AM",,"1619 Ximeno Ave Apt 100","","Long Beach","CA",'90804-2167,US,.0622,"DHL SM Parcel Expedited","",'535816410322132323951,"EN ROUTE TO DHL ECOMMERCE",09:23:35 AM,5358164,'33872103226718132,"50 Lawrence ave"
'3A3A743E653D4F488296E7869,',"03/22/2021 12:11:42 AM",,"C/O IMS, Shoafat Post Office, 9125001 E. Jerusalem","","Jerusalem","Israel",'9125001,IL,.1325,"DHL Parcel Intl Standard","",'40354121,"EN ROUTE TO DHL ECOMMERCE",09:23:35 AM,5358164,'33872103226718146,"50 Lawrence ave"
','9374869903506499915925,"03/22/2021 12:38:32 AM",,"2864 Brannick Pl","","San Diego","CA",'92122-2127,US,.0622,"DHL SM Parcel Expedited","",'535816410322132323951,"EN ROUTE TO DHL ECOMMERCE",09:23:35 AM,5358164,'33872103226718120,"50 Lawrence ave"
','9374869903506502258575,"03/22/2021 09:17:31 AM",,"12726 Torrey Bluff Dr Apt 50","","San Diego","CA",'92130-4291,US,.0622,"DHL SM Parcel Expedited","",'535816410322132323951,"EN ROUTE TO DHL ECOMMERCE",09:23:35 AM,5358164,'33872103226718085,"50 Lawrence ave"
','9374869903506499834776,"03/22/2021 12:03:55 AM",,"4 Seton Dr","","Aliso Viejo","CA",'92656-5240,US,.0666,"DHL SM Parcel Expedited","",'535816410322132323951,"EN ROUTE TO DHL ECOMMERCE",09:23:35 AM,5358164,'33872103226718135,"50 Lawrence ave"
','9374869903506502235873,"03/22/2021 09:15:52 AM",,"2524 W 1st St Apt 108","","Santa Ana","CA",'92703-3436,US,.0622,"DHL SM Parcel Expedited","",'535816410322132323951,"EN ROUTE TO DHL ECOMMERCE",09:23:35 AM,5358164,'33872103226718088,"50 Lawrence ave"
','9374869903506499912689,"03/22/2021 12:37:30 AM",,"1122 Lent Ct NE","","Keizer","OR",'97303-2563,US,.0622,"DHL SM Parcel Expedited","",'535816410322132323951,"EN ROUTE TO DHL ECOMMERCE",09:23:35 AM,5358164,'33872103226718114,"50 Lawrence ave"
','9374869903506501993927,"03/22/2021 08:56:38 AM",,"1003 NW 139th St Unit 15","","Vancouver","WA",'98685-2553,US,.1332,"DHL SM Parcel Expedited","",'535816410322132323951,"EN ROUTE TO DHL ECOMMERCE",09:23:35 AM,5358164,'33872103226718089,"50 Lawrence ave"
'3F8F8F0D008E4C0EBDAF99DCD,',"03/22/2021 12:10:33 AM",,"10-67 river ridge lane","","whitehorse","YT",'y1a0e2,CA,.0662,"DHL Parcel Intl Standard","",'40354121,"EN ROUTE TO DHL ECOMMERCE",09:23:35 AM,5358164,'33872103226718144,"50 Lawrence ave"