Customer Confirmation Number,Delivery Confirmation Number,Receive Date,Recipient Name,Address Line 1,Address Line 2,City,State,Zip or Postal Code,Country,Weight (LBs),Mail Product Name,Customer Reference,BOL Number,Last Event Description,Last Event Time,Pickup Account Number,DHL Tracking Number,Pickup Address
'GM555348587000076799,',"12/29/2020 03:19:33 AM",ASHLEY PETRIE,"177 MELROSE CRES","","EASTERN PASSAGE","NS",'B3G 1P2,CA,.19,"DHL Parcel Intl Standard","",',"EN ROUTE TO DHL ECOMMERCE",03:24:17 AM,5345286,'33882012293754047,"1584 CARROLL ST."
'GM555348587000076973,',"12/29/2020 03:19:33 AM",OTTO MORALES,"124 BISMARK ST","","NEW MARYLAND","NB",'E3C 2R3,CA,.19,"DHL Parcel Intl Standard","",',"EN ROUTE TO DHL ECOMMERCE",03:24:17 AM,5345286,'33882012293754107,"1584 CARROLL ST."
'GM555348587000076652,',"12/29/2020 03:19:33 AM",TONI LAROCQUE,"106 RIVERSIDE DR W","","LISTUGUJ","QC",'G0C 2R0,CA,.19,"DHL Parcel Intl Standard","",',"EN ROUTE TO DHL ECOMMERCE",03:24:17 AM,5345286,'33882012293754099,"1584 CARROLL ST."
'GM555348587000076959,',"12/29/2020 03:19:33 AM",ERIC CASTONGUAY,"83 RUE TREMBLAY","","SACRÉ-COEUR-SAGUENAY","QC",'G0T 1Y0,CA,.19,"DHL Parcel Intl Standard","",',"EN ROUTE TO DHL ECOMMERCE",03:24:17 AM,5345286,'33882012293754049,"1584 CARROLL ST."
'GM555348587000076638,',"12/29/2020 03:19:33 AM",NICOLE DESLIERRES,"1437 DE LA FERME","","LANCIENNE-LORETTE","QC",'G2E4W5,CA,.19,"DHL Parcel Intl Standard","",',"EN ROUTE TO DHL ECOMMERCE",03:24:17 AM,5345286,'33882012293754036,"1584 CARROLL ST."
'GM555348587000076690,',"12/29/2020 03:19:33 AM",JEAN-PHILIPPE GAMACHE,"376 RUE PAMPHILE-LE MAY","","LÉVIS","QC",'G6C 1P8,CA,.19,"DHL Parcel Intl Standard","",',"EN ROUTE TO DHL ECOMMERCE",03:24:17 AM,5345286,'33882012293754098,"1584 CARROLL ST."
'GM555348587000076935,',"12/29/2020 03:19:33 AM",KAHINA HANIFI,"308-6925 RUE DE CHOISY","","SAINT-LEONARD","QC",'H1T 2J6,CA,.19,"DHL Parcel Intl Standard","",',"EN ROUTE TO DHL ECOMMERCE",03:24:17 AM,5345286,'33882012293754104,"1584 CARROLL ST."
'GM555348587000076942,',"12/29/2020 03:19:33 AM",WILLIAM GOULD,"4992 RUE LAKE","","DOLLARD-DES-ORMEAUX","QC",'H9G 1G8,CA,.19,"DHL Parcel Intl Standard","",',"EN ROUTE TO DHL ECOMMERCE",03:24:17 AM,5345286,'33882012293754091,"1584 CARROLL ST."
'GM555348587000076621,',"12/29/2020 03:19:33 AM",DIANE LAVIGNE,"26 RUE SAINT-MÉDARD","","WARWICK","QC",'J0A 1M0,CA,.19,"DHL Parcel Intl Standard","",',"EN ROUTE TO DHL ECOMMERCE",03:24:17 AM,5345286,'33882012293754111,"1584 CARROLL ST."
'GM555348587000076553,',"12/29/2020 03:19:33 AM",CHANTAL ROY,"313 CH DES PATRIOTES","","SAINT-CHARLES-SUR-RICHELIEU","QC",'J0H 2G0,CA,.19,"DHL Parcel Intl Standard","",',"EN ROUTE TO DHL ECOMMERCE",03:24:17 AM,5345286,'33882012293754094,"1584 CARROLL ST."
'GM555348587000076577,',"12/29/2020 03:19:33 AM",NANCY CORRIGAN,"1950 RUE MONDOR","","SHERBROOKE","QC",'J1N 0S5,CA,.19,"DHL Parcel Intl Standard","",',"EN ROUTE TO DHL ECOMMERCE",03:24:17 AM,5345286,'33882012293754103,"1584 CARROLL ST."
'GM555348587000076843,',"12/29/2020 03:19:33 AM",VALÉRIE GAGNON,"905 RUE GIROUARD E","","SAINT-HYACINTHE","QC",'J2S 7Z1,CA,.19,"DHL Parcel Intl Standard","",',"EN ROUTE TO DHL ECOMMERCE",03:24:17 AM,5345286,'33882012293754095,"1584 CARROLL ST."
'GM555348587000076614,',"12/29/2020 03:19:33 AM",ANDREANNE ARBIC,"964 RUE ROYALE","","SAINT-JÉRÔME","QC",'J5L 2P2,CA,.19,"DHL Parcel Intl Standard","",',"EN ROUTE TO DHL ECOMMERCE",03:24:17 AM,5345286,'33882012293754097,"1584 CARROLL ST."
'GM555348587000076591,',"12/29/2020 03:19:33 AM",SYLVIE CHICOINE,"1175 RUE MARIE-GÉRIN-LAJOIE #303","","TERREBONNE","QC",'J6Y 1H9,CA,.19,"DHL Parcel Intl Standard","",',"EN ROUTE TO DHL ECOMMERCE",03:24:17 AM,5345286,'33882012293754042,"1584 CARROLL ST."
'GM555348587000076775,',"12/29/2020 03:19:33 AM",SYLVIE GRENON,"415 RUE DU DOMAINE","","SAINT-JÉRÔME","QC",'J7Z 4C9,CA,.19,"DHL Parcel Intl Standard","",',"EN ROUTE TO DHL ECOMMERCE",03:24:17 AM,5345286,'33882012293754102,"1584 CARROLL ST."
'GM555348587000076645,',"12/29/2020 03:19:33 AM",MICHELLE DORION,"7 RUE DE TOURELLE","","GATINEAU","QC",'J8V 2P1,CA,.19,"DHL Parcel Intl Standard","",',"EN ROUTE TO DHL ECOMMERCE",03:24:17 AM,5345286,'33882012293754084,"1584 CARROLL ST."
'GM555348587000076744,',"12/29/2020 03:19:33 AM",ANDREANNE LAFLEUR,"107 TSSE DU JARDIN","","MONT-LAURIER","QC",'J9L 0E7,CA,.19,"DHL Parcel Intl Standard","",',"EN ROUTE TO DHL ECOMMERCE",03:24:17 AM,5345286,'33882012293754087,"1584 CARROLL ST."
'GM555348587000076966,',"12/29/2020 03:19:33 AM",ANDRE YELLE,"129 AV GEORGE","","ROUYN-NORANDA","QC",'J9X 1B1,CA,.19,"DHL Parcel Intl Standard","",',"EN ROUTE TO DHL ECOMMERCE",03:24:17 AM,5345286,'33882012293754033,"1584 CARROLL ST."
'GM555348587000076874,',"12/29/2020 03:19:33 AM",JOE EPIFANO,"6 EDENBROOK CRT","","OTTAWA","ON",'K2E 7H4,CA,.19,"DHL Parcel Intl Standard","",',"EN ROUTE TO DHL ECOMMERCE",03:24:17 AM,5345286,'33882012293754105,"1584 CARROLL ST."
'GM555348587000076898,',"12/29/2020 03:19:33 AM",COLBY SMITH,"23 GREENVALE CRES","","PETAWAWA","ON",'K8H 3S2,CA,.19,"DHL Parcel Intl Standard","",',"EN ROUTE TO DHL ECOMMERCE",03:24:17 AM,5345286,'33882012293754040,"1584 CARROLL ST."
'GM555348587000076737,',"12/29/2020 03:19:33 AM",TERRY MARCHMENT,"25 NORTH ST, BOX 749","","SUTTON","ON",'L0E1R0,CA,.19,"DHL Parcel Intl Standard","",',"EN ROUTE TO DHL ECOMMERCE",03:24:17 AM,5345286,'33882012293754101,"1584 CARROLL ST."
'GM555348587000076850,',"12/29/2020 03:19:33 AM",MIKE HUMMEL,"75679 DILTZ ROAD","","WAINFLEET","ON",'L0R 2J0,CA,.19,"DHL Parcel Intl Standard","",',"EN ROUTE TO DHL ECOMMERCE",03:24:17 AM,5345286,'33882012293754043,"1584 CARROLL ST."
'GM555348587000076768,',"12/29/2020 03:19:33 AM",MICHAEL TWITCHIN,"845 WHITE ASH DR","","WHITBY","ON",'L1N 7L8,CA,.19,"DHL Parcel Intl Standard","",',"EN ROUTE TO DHL ECOMMERCE",03:24:17 AM,5345286,'33882012293754031,"1584 CARROLL ST."
'GM555348587000076683,',"12/29/2020 03:19:33 AM",CONNIE YOUNG,"89 ARDWICK ST","","WHITBY","ON",'L1N 9K7,CA,.19,"DHL Parcel Intl Standard","",',"EN ROUTE TO DHL ECOMMERCE",03:24:17 AM,5345286,'33882012293754052,"1584 CARROLL ST."
'GM555348587000076829,',"12/29/2020 03:19:33 AM",ANNA NORMAN,"200 BURNHAMTHORPE RD E UNIT 1004","","MISSISSAUGA","ON",'L5A 4L4,CA,.19,"DHL Parcel Intl Standard","",',"EN ROUTE TO DHL ECOMMERCE",03:24:17 AM,5345286,'33882012293754032,"1584 CARROLL ST."
'GM555348587000076669,',"12/29/2020 03:19:33 AM",GHADA KHATTAB,"3268 LARRY CRES","","OAKVILLE","ON",'L6M 0S9,CA,.19,"DHL Parcel Intl Standard","",',"EN ROUTE TO DHL ECOMMERCE",03:24:17 AM,5345286,'33882012293754110,"1584 CARROLL ST."
'GM555348587000076782,',"12/29/2020 03:19:33 AM",CHRIS K SAVELLI,"1203 FIDDLERS GREEN RD","","ANCASTER","ON",'L9G 3L1,CA,.19,"DHL Parcel Intl Standard","",',"EN ROUTE TO DHL ECOMMERCE",03:24:17 AM,5345286,'33882012293754089,"1584 CARROLL ST."
'GM555348587000076713,',"12/29/2020 03:19:33 AM",LESLEY RICHARDS,"35505 SIDEROAD 21-22","","GRAND VALLEY","ON",'L9W 0H5,CA,.19,"DHL Parcel Intl Standard","",',"EN ROUTE TO DHL ECOMMERCE",03:24:17 AM,5345286,'33882012293754050,"1584 CARROLL ST."
'GM555348587000076911,',"12/29/2020 03:19:33 AM",TOM MILLER,"15 OHARA LANE","","MIDHURST","ON",'L9X 0K1,CA,.19,"DHL Parcel Intl Standard","",',"EN ROUTE TO DHL ECOMMERCE",03:24:17 AM,5345286,'33882012293754041,"1584 CARROLL ST."
'GM555348587000076560,',"12/29/2020 03:19:33 AM",RIDAA GHRAIZI,"1809-256 DORIS AVE","","TORONTO","ON",'M2N 6X8,CA,.19,"DHL Parcel Intl Standard","",',"EN ROUTE TO DHL ECOMMERCE",03:24:17 AM,5345286,'33882012293754108,"1584 CARROLL ST."
'GM555348587000076706,',"12/29/2020 03:19:33 AM",JODI BELL,"511 CRANBROOKE AVE","","NORTH YORK","ON",'M5M 1N6,CA,.19,"DHL Parcel Intl Standard","",',"EN ROUTE TO DHL ECOMMERCE",03:24:17 AM,5345286,'33882012293754088,"1584 CARROLL ST."
'GM555348587000076904,',"12/29/2020 03:19:33 AM",JOHN POOL,"1 DARTMOUTH CRES","","TORONTO","ON",'M8V 1W9,CA,.19,"DHL Parcel Intl Standard","",',"EN ROUTE TO DHL ECOMMERCE",03:24:17 AM,5345286,'33882012293754096,"1584 CARROLL ST."
'GM555348587000076584,',"12/29/2020 03:19:33 AM",NATALIE BARLAS,"28 PONY FARM DR","","TORONTO","ON",'M9R 0B3,CA,.19,"DHL Parcel Intl Standard","",',"EN ROUTE TO DHL ECOMMERCE",03:24:17 AM,5345286,'33882012293754085,"1584 CARROLL ST."
'GM555348587000076539,',"12/29/2020 03:19:33 AM",SYDNEY HONEYBALL,"110 CEDARS RESORT","","FLESHERTON","ON",'N0C 1E0,CA,.19,"DHL Parcel Intl Standard","",',"EN ROUTE TO DHL ECOMMERCE",03:24:17 AM,5345286,'33882012293754039,"1584 CARROLL ST."
'GM555348587000076546,',"12/29/2020 03:19:33 AM",KURTIS LEWIN,"101 ISLAND VIEW DR","","FLESHERTON","ON",'N0C 1E0,CA,.19,"DHL Parcel Intl Standard","",',"EN ROUTE TO DHL ECOMMERCE",03:24:17 AM,5345286,'33882012293754051,"1584 CARROLL ST."
'GM555348587000076607,',"12/29/2020 03:19:33 AM",DANIEL LUCANIE,"118-8 HARRIS ST","","CAMBRIDGE","ON",'N1R 8R1,CA,.19,"DHL Parcel Intl Standard","",',"EN ROUTE TO DHL ECOMMERCE",03:24:17 AM,5345286,'33882012293754053,"1584 CARROLL ST."
'GM555348587000076836,',"12/29/2020 03:19:33 AM",CANDICE WRIGHT,"20 GUNN AVE","","CAMBRIDGE","ON",'N3C 3V9,CA,.19,"DHL Parcel Intl Standard","",',"EN ROUTE TO DHL ECOMMERCE",03:24:17 AM,5345286,'33882012293754106,"1584 CARROLL ST."
'GM555348587000076805,',"12/29/2020 03:19:33 AM",MATTHEW DRAZECKY,"882 COPPER CRES","","THUNDER BAY","ON",'P7B 6C9,CA,.19,"DHL Parcel Intl Standard","",',"EN ROUTE TO DHL ECOMMERCE",03:24:17 AM,5345286,'33882012293754090,"1584 CARROLL ST."
'GM555348587000076812,',"12/29/2020 03:19:33 AM",ROBERT OKEEFE,"95 GEORGETOWN DR","","WINNIPEG","MB",'R3Y 1V1,CA,.19,"DHL Parcel Intl Standard","",',"EN ROUTE TO DHL ECOMMERCE",03:24:17 AM,5345286,'33882012293754048,"1584 CARROLL ST."
'GM555348587000076676,',"12/29/2020 03:19:33 AM",TAMMY IRWIN,"PO BOX 561","","CARNDUFF","SK",'S0C 0S0,CA,.19,"DHL Parcel Intl Standard","",',"EN ROUTE TO DHL ECOMMERCE",03:24:17 AM,5345286,'33882012293754035,"1584 CARROLL ST."
'GM555348587000076881,',"12/29/2020 03:19:33 AM",ADUCIO THIESEN,"16 LOISELLE WAY","","ST. ALBERT","AB",'T8N 3C4,CA,.19,"DHL Parcel Intl Standard","",',"EN ROUTE TO DHL ECOMMERCE",03:24:17 AM,5345286,'33882012293754086,"1584 CARROLL ST."
'GM555348587000076720,',"12/29/2020 03:19:33 AM",HEATHER WESTBY,"8802 104 AVE","","GRANDE PRAIRIE","AB",'T8X 1L7,CA,.19,"DHL Parcel Intl Standard","",',"EN ROUTE TO DHL ECOMMERCE",03:24:17 AM,5345286,'33882012293754038,"1584 CARROLL ST."
'GM555348587000076928,',"12/29/2020 03:19:33 AM",BEV SMITH,"103-8408 JUBILEE RD EAST","","SUMMERLAND","BC",'V0H 1Z5,CA,.19,"DHL Parcel Intl Standard","",',"EN ROUTE TO DHL ECOMMERCE",03:24:17 AM,5345286,'33882012293754037,"1584 CARROLL ST."
'GM555348587000076867,',"12/29/2020 03:19:33 AM",EGON WARKENTIN,"22933 SAILES AVENUE","","FORT LANGLEY","BC",'V1M2S2,CA,.19,"DHL Parcel Intl Standard","",',"EN ROUTE TO DHL ECOMMERCE",03:24:17 AM,5345286,'33882012293754034,"1584 CARROLL ST."
'GM555348587000076751,',"12/29/2020 03:19:33 AM",LAUNA PROWSE,"594 CLAYTON CRES","","KELOWNA","BC",'V1X 7P4,CA,.19,"DHL Parcel Intl Standard","",',"EN ROUTE TO DHL ECOMMERCE",03:24:17 AM,5345286,'33882012293754045,"1584 CARROLL ST."
'GM555348587000076522,',"12/29/2020 03:19:33 AM",KAMI RANDHAWA,"9950 121 ST","","SURREY","BC",'V3V 4K2,CA,.19,"DHL Parcel Intl Standard","",',"EN ROUTE TO DHL ECOMMERCE",03:24:17 AM,5345286,'33882012293754109,"1584 CARROLL ST."
','9374869903506066879711,"12/29/2020 09:20:54 AM",,"134 Old Thompson Rd","","Buxton","ME",'04093-3436,US,.0666,"DHL SM Parcel Expedited","",'535816401229144423651,"EN ROUTE TO DHL ECOMMERCE",09:48:28 AM,5358164,'33872012294270844,"50 Lawrence ave"
','9374869903506066885415,"12/29/2020 09:22:31 AM",,"25 Chestnut St Apt 1-A","","Norwalk","CT",'06854-2974,US,.1776,"DHL SM Parcel Expedited","",'535816401229144423651,"EN ROUTE TO DHL ECOMMERCE",09:48:28 AM,5358164,'33872012294270839,"50 Lawrence ave"
','9374869903506066813234,"12/29/2020 09:12:53 AM",,"10 Tempo Ln","","Willingboro","NJ",'08046-4106,US,.0622,"DHL SM Parcel Expedited","",'535816401229144423651,"EN ROUTE TO DHL ECOMMERCE",09:48:28 AM,5358164,'33872012294270843,"50 Lawrence ave"
','9374869903506066877342,"12/29/2020 09:21:15 AM",,"24440 89th Ave","","Bellerose","NY",'11426-1502,US,.1332,"DHL SM Parcel Expedited","",'535816401229144423651,"EN ROUTE TO DHL ECOMMERCE",09:48:28 AM,5358164,'33872012294270836,"50 Lawrence ave"
','9374869903506066907391,"12/29/2020 09:25:39 AM",,"8930 Blue Smoke Dr","","Gaithersburg","MD",'20879-1650,US,.0666,"DHL SM Parcel Expedited","",'535816401229144423651,"EN ROUTE TO DHL ECOMMERCE",09:48:28 AM,5358164,'33872012294270834,"50 Lawrence ave"
','9374869903506066902211,"12/29/2020 09:25:01 AM",,"9420 Pond Vista Ct","","Charlotte","NC",'28216-6832,US,.0666,"DHL SM Parcel Expedited","",'535816401229144423651,"EN ROUTE TO DHL ECOMMERCE",09:48:28 AM,5358164,'33872012294270838,"50 Lawrence ave"
','9374869903506066806144,"12/29/2020 09:11:33 AM",,"332 Barons Run W","","Spring Lake","NC",'28390-7162,US,.0622,"DHL SM Parcel Expedited","",'535816401229144423651,"EN ROUTE TO DHL ECOMMERCE",09:48:28 AM,5358164,'33872012294270832,"50 Lawrence ave"
','9374869903506067045931,"12/29/2020 09:42:56 AM",,"2438 Briar Knoll Rd","","Lithonia","GA",'30058-8396,US,.3109,"DHL SM Parcel Expedited","",'535816401229144423651,"EN ROUTE TO DHL ECOMMERCE",09:48:28 AM,5358164,'33872012294270826,"50 Lawrence ave"
','9374869903506066914184,"12/29/2020 09:26:23 AM",,"8623 Lorento St","","Panama City","FL",'32408-7723,US,.1332,"DHL SM Parcel Expedited","",'535816401229144423651,"EN ROUTE TO DHL ECOMMERCE",09:48:28 AM,5358164,'33872012294270837,"50 Lawrence ave"
','9374869903506066899313,"12/29/2020 09:24:23 AM",,"2175 Inverness Ct","","Oviedo","FL",'32765-5841,US,.0666,"DHL SM Parcel Expedited","",'535816401229144423651,"EN ROUTE TO DHL ECOMMERCE",09:48:28 AM,5358164,'33872012294270841,"50 Lawrence ave"
','9374869903506066848083,"12/29/2020 09:16:04 AM",,"2000 N Bayshore Dr Apt 1007","","Miami","FL",'33137-5122,US,.0622,"DHL SM Parcel Expedited","",'535816401229144423651,"EN ROUTE TO DHL ECOMMERCE",09:48:28 AM,5358164,'33872012294270833,"50 Lawrence ave"
','9374869903506066901610,"12/29/2020 09:24:41 AM",,"8450 SW 20th Ter","","Miami","FL",'33155-1049,US,.0666,"DHL SM Parcel Expedited","",'535816401229144423651,"EN ROUTE TO DHL ECOMMERCE",09:48:28 AM,5358164,'33872012294270845,"50 Lawrence ave"
','9374869903506066827163,"12/29/2020 09:13:57 AM",,"120 Kenbrook Way","Apt 101","Davenport","FL",'33896-5521,US,.0622,"DHL SM Parcel Expedited","",'535816401229144423651,"EN ROUTE TO DHL ECOMMERCE",09:48:28 AM,5358164,'33872012294270827,"50 Lawrence ave"
','9374869903506066865448,"12/29/2020 09:19:12 AM",,"510 Spruce St","","Mount Carmel","TN",'37645-3331,US,.0622,"DHL SM Parcel Expedited","",'535816401229144423651,"EN ROUTE TO DHL ECOMMERCE",09:48:28 AM,5358164,'33872012294270842,"50 Lawrence ave"
','9374869903506066893656,"12/29/2020 09:23:21 AM",,"5242 Blackjack Rd","","Starkville","MS",'39759-5323,US,.0666,"DHL SM Parcel Expedited","",'535816401229144423651,"EN ROUTE TO DHL ECOMMERCE",09:48:28 AM,5358164,'33872012294270846,"50 Lawrence ave"
','9374869903506066890259,"12/29/2020 09:23:01 AM",,"91 Courtney Lane","","London","KY",'40744-9367,US,.1776,"DHL SM Parcel Expedited","",'535816401229144423651,"EN ROUTE TO DHL ECOMMERCE",09:48:28 AM,5358164,'33872012294270840,"50 Lawrence ave"
','9374869903506066875522,"12/29/2020 09:20:07 AM",,"15 E North St Apt 7","","Reading","OH",'45215-3620,US,.0666,"DHL SM Parcel Expedited","",'535816401229144423651,"EN ROUTE TO DHL ECOMMERCE",09:48:28 AM,5358164,'33872012294270829,"50 Lawrence ave"
','9374869903506067041933,"12/29/2020 09:42:22 AM",,"1211 E WALNUT ST","","DECATUR","IL",'62526-4969,US,.3109,"DHL SM Parcel Expedited","",'535816401229144423651,"EN ROUTE TO DHL ECOMMERCE",09:48:28 AM,5358164,'33872012294270825,"50 Lawrence ave"
','9374869903506067027999,"12/29/2020 09:41:09 AM",,"11402 Harbour Lake Ct","","Humble","TX",'77396-6012,US,.0666,"DHL SM Parcel Expedited","",'535816401229144423651,"EN ROUTE TO DHL ECOMMERCE",09:48:28 AM,5358164,'33872012294270830,"50 Lawrence ave"
','9374869903506066881356,"12/29/2020 09:22:03 AM",,"4003 N Frijo Ave","","Covina","CA",'91722-3811,US,.1776,"DHL SM Parcel Expedited","",'535816401229144423651,"EN ROUTE TO DHL ECOMMERCE",09:48:28 AM,5358164,'33872012294270828,"50 Lawrence ave"
','9374869903506066905861,"12/29/2020 09:25:19 AM",,"9455 Cameron St","","Rancho Cucamonga","CA",'91730-5619,US,.0666,"DHL SM Parcel Expedited","",'535816401229144423651,"EN ROUTE TO DHL ECOMMERCE",09:48:28 AM,5358164,'33872012294270831,"50 Lawrence ave"
','9374869903506066799477,"12/29/2020 09:10:24 AM",,"4125 Pinot Dr","","Napa","CA",'94558-2523,US,.0622,"DHL SM Parcel Expedited","",'535816401229144423651,"EN ROUTE TO DHL ECOMMERCE",09:48:28 AM,5358164,'33872012294270835,"50 Lawrence ave"
'3D72F0DFC8384859B55E7FBF1,',"12/29/2020 09:43:56 AM",,"266,rue giguere","","vallée-jonction","QC",'G0S 3J0,CA,.0662,"DHL Parcel Intl Standard","",'43260883,"EN ROUTE TO DHL ECOMMERCE",09:48:28 AM,5358164,'33872012294270847,"50 Lawrence ave"