Customer Confirmation Number,Delivery Confirmation Number,Receive Date,Recipient Name,Address Line 1,Address Line 2,City,State,Zip or Postal Code,Country,Weight (LBs),Mail Product Name,Customer Reference,BOL Number,Last Event Description,Last Event Time,Pickup Account Number,DHL Tracking Number,Pickup Address
','9374869903506620388109,"04/12/2021 11:07:47 AM",,"113 Trenton St","","Lawrence","MA",'01841-1739,US,.0622,"DHL SM Parcel Expedited","",'535816410412161723951,"EN ROUTE TO DHL ECOMMERCE",12:25:24 PM,5358164,'33872104123986743,"50 Lawrence ave"
','9374869903506620779754,"04/12/2021 11:43:54 AM",,"218 Beach St","","Revere","MA",'02151-5056,US,.0622,"DHL SM Parcel Expedited","",'535816410412161723951,"EN ROUTE TO DHL ECOMMERCE",12:25:24 PM,5358164,'33872104123986712,"50 Lawrence ave"
','9374869903506620724808,"04/12/2021 11:39:35 AM",,"28 Longview Trl W","","Denville","NJ",'07834-2022,US,.0622,"DHL SM Parcel Expedited","",'535816410412161723951,"EN ROUTE TO DHL ECOMMERCE",12:25:24 PM,5358164,'33872104123986705,"50 Lawrence ave"
','9374869903506620868007,"04/12/2021 11:51:35 AM",,"100 Bushwick Ave Apt 2R","","Brooklyn","NY",'11206-1601,US,.0622,"DHL SM Parcel Expedited","",'535816410412161723951,"EN ROUTE TO DHL ECOMMERCE",12:25:24 PM,5358164,'33872104123986687,"50 Lawrence ave"
','9374869903506620491212,"04/12/2021 11:17:26 AM",,"8 Ballad Pl","","Stony Brook","NY",'11790-2625,US,.0666,"DHL SM Parcel Expedited","",'535816410412161723951,"EN ROUTE TO DHL ECOMMERCE",12:25:24 PM,5358164,'33872104123986734,"50 Lawrence ave"
','9374869903506620532373,"04/12/2021 11:21:49 AM",,"6 Kings Mill Ct","","Albany","NY",'12205-3632,US,.1332,"DHL SM Parcel Expedited","",'535816410412161723951,"EN ROUTE TO DHL ECOMMERCE",12:25:24 PM,5358164,'33872104123986710,"50 Lawrence ave"
','9374869903506620393813,"04/12/2021 11:08:16 AM",,"825 Hamilton St","","Ogdensburg","NY",'13669-3470,US,.0666,"DHL SM Parcel Expedited","",'535816410412161723951,"EN ROUTE TO DHL ECOMMERCE",12:25:24 PM,5358164,'33872104123986736,"50 Lawrence ave"
','9374869903506620794313,"04/12/2021 11:44:53 AM",,"1628 Lincoln Ave Apt B4","","Prospect Park","PA",'19076-1920,US,.0622,"DHL SM Parcel Expedited","",'535816410412161723951,"EN ROUTE TO DHL ECOMMERCE",12:25:24 PM,5358164,'33872104123986709,"50 Lawrence ave"
','9374869903506620563216,"04/12/2021 11:24:44 AM",,"112 A St","","Wilmington","DE",'19801-5219,US,.2443,"DHL SM Parcel Expedited","",'535816410412161723951,"EN ROUTE TO DHL ECOMMERCE",12:25:24 PM,5358164,'33872104123986720,"50 Lawrence ave"
','9374869903506620436657,"04/12/2021 11:11:46 AM",,"5100 Buchanan St","","Hyattsville","MD",'20781-2438,US,.0666,"DHL SM Parcel Expedited","",'535816410412161723951,"EN ROUTE TO DHL ECOMMERCE",12:25:24 PM,5358164,'33872104123986730,"50 Lawrence ave"
','9374869903506621032629,"04/12/2021 12:04:54 PM",,"8635 Trumps Mill Rd","","Rosedale","MD",'21237-3806,US,.0622,"DHL SM Parcel Expedited","",'535816410412161723951,"EN ROUTE TO DHL ECOMMERCE",12:25:24 PM,5358164,'33872104123986696,"50 Lawrence ave"
','9374869903506620461758,"04/12/2021 11:14:51 AM",,"111 Wellington Dr","","Williamsburg","VA",'23185-5776,US,.0666,"DHL SM Parcel Expedited","",'535816410412161723951,"EN ROUTE TO DHL ECOMMERCE",12:25:24 PM,5358164,'33872104123986735,"50 Lawrence ave"
','9374869903506620832831,"04/12/2021 11:48:40 AM",,"4405 Stamp Act Ln","","Virginia Beach","VA",'23462-2324,US,.0622,"DHL SM Parcel Expedited","",'535816410412161723951,"EN ROUTE TO DHL ECOMMERCE",12:25:24 PM,5358164,'33872104123986700,"50 Lawrence ave"
','9374869903506620518568,"04/12/2021 11:20:43 AM",,"861 Ebenezer Church Rd","","Goldsboro","NC",'27530-9460,US,.1332,"DHL SM Parcel Expedited","",'535816410412161723951,"EN ROUTE TO DHL ECOMMERCE",12:25:24 PM,5358164,'33872104123986732,"50 Lawrence ave"
','9374869903506621084086,"04/12/2021 12:08:27 PM",,"7405 Brandon Allen Ave","","Raleigh","NC",'27613-1454,US,.0622,"DHL SM Parcel Expedited","",'535816410412161723951,"EN ROUTE TO DHL ECOMMERCE",12:25:24 PM,5358164,'33872104123986692,"50 Lawrence ave"
','9374869903506620495111,"04/12/2021 11:18:00 AM",,"4001 Meriwether Dr Apt E4","","Durham","NC",'27704-2888,US,.0666,"DHL SM Parcel Expedited","",'535816410412161723951,"EN ROUTE TO DHL ECOMMERCE",12:25:24 PM,5358164,'33872104123986724,"50 Lawrence ave"
','9374869903506620506701,"04/12/2021 11:19:22 AM",,"119 Magnolia St","","Lynchburg","SC",'29080-8278,US,.0666,"DHL SM Parcel Expedited","",'535816410412161723951,"EN ROUTE TO DHL ECOMMERCE",12:25:24 PM,5358164,'33872104123986726,"50 Lawrence ave"
','9374869903506620828308,"04/12/2021 11:47:51 AM",,"18 Berryhill Rd Apt 12A","","Columbia","SC",'29210-6427,US,.0622,"DHL SM Parcel Expedited","",'535816410412161723951,"EN ROUTE TO DHL ECOMMERCE",12:25:24 PM,5358164,'33872104123986713,"50 Lawrence ave"
','9374869903506620428867,"04/12/2021 11:10:39 AM",,"520 John Gatlin Rd","","Bonneau","SC",'29431-3230,US,.0666,"DHL SM Parcel Expedited","",'535816410412161723951,"EN ROUTE TO DHL ECOMMERCE",12:25:24 PM,5358164,'33872104123986747,"50 Lawrence ave"
','9374869903506620429475,"04/12/2021 11:10:50 AM",,"308 Mountain View Ln","","Clemson","SC",'29631-3110,US,.0666,"DHL SM Parcel Expedited","",'535816410412161723951,"EN ROUTE TO DHL ECOMMERCE",12:25:24 PM,5358164,'33872104123986728,"50 Lawrence ave"
','9374869903506621111393,"04/12/2021 12:11:09 PM",,"10073 Silent Trl","","Jonesboro","GA",'30238-6540,US,.0622,"DHL SM Parcel Expedited","",'535816410412161723951,"EN ROUTE TO DHL ECOMMERCE",12:25:24 PM,5358164,'33872104123986686,"50 Lawrence ave"
','9374869903506620400535,"04/12/2021 11:08:27 AM",,"1715 Brook View Ave","","Atlanta","GA",'30340-3869,US,.0666,"DHL SM Parcel Expedited","",'535816410412161723951,"EN ROUTE TO DHL ECOMMERCE",12:25:24 PM,5358164,'33872104123986746,"50 Lawrence ave"
','9374869903506620711846,"04/12/2021 11:38:41 AM",,"1107 Chapparal Cir","","Hinesville","GA",'31313-9131,US,.0622,"DHL SM Parcel Expedited","",'535816410412161723951,"EN ROUTE TO DHL ECOMMERCE",12:25:24 PM,5358164,'33872104123986703,"50 Lawrence ave"
','9374869903506620434455,"04/12/2021 11:11:32 AM",,"14290 Satinwood Dr","","Jacksonville","FL",'32224-5872,US,.0666,"DHL SM Parcel Expedited","",'535816410412161723951,"EN ROUTE TO DHL ECOMMERCE",12:25:24 PM,5358164,'33872104123986738,"50 Lawrence ave"
','9374869903506620445109,"04/12/2021 11:12:47 AM",,"11422 Campfield Cir","","Jacksonville","FL",'32256-3907,US,.0666,"DHL SM Parcel Expedited","",'535816410412161723951,"EN ROUTE TO DHL ECOMMERCE",12:25:24 PM,5358164,'33872104123986708,"50 Lawrence ave"
','9374869903506620422063,"04/12/2021 11:09:55 AM",,"3655 NW 87th Ave","Carnival Cruise","Doral","FL",'33178-2428,US,.0666,"DHL SM Parcel Expedited","",'535816410412161723951,"EN ROUTE TO DHL ECOMMERCE",12:25:24 PM,5358164,'33872104123986741,"50 Lawrence ave"
','9374869903506620393110,"04/12/2021 11:08:05 AM",,"8729 1/2 N 26th St","","Tampa","FL",'33604-2109,US,.0622,"DHL SM Parcel Expedited","",'535816410412161723951,"EN ROUTE TO DHL ECOMMERCE",12:25:24 PM,5358164,'33872104123986739,"50 Lawrence ave"
','9374869903506621123761,"04/12/2021 12:11:55 PM",,"1109 Glenwood St","","Dothan","AL",'36301-3319,US,.0622,"DHL SM Parcel Expedited","",'535816410412161723951,"EN ROUTE TO DHL ECOMMERCE",12:25:24 PM,5358164,'33872104123986690,"50 Lawrence ave"
','9374869903506620771055,"04/12/2021 11:42:59 AM",,"1200 Yellow Hop Aly","","Antioch","TN",'37013-3680,US,.0622,"DHL SM Parcel Expedited","",'535816410412161723951,"EN ROUTE TO DHL ECOMMERCE",12:25:24 PM,5358164,'33872104123986699,"50 Lawrence ave"
','9374869903506620469136,"04/12/2021 11:15:28 AM",,"PO Box 570","","Albany","KY",'42602-0570,US,.0666,"DHL SM Parcel Expedited","",'535816410412161723951,"EN ROUTE TO DHL ECOMMERCE",12:25:24 PM,5358164,'33872104123986737,"50 Lawrence ave"
','9374869903506620470224,"04/12/2021 11:15:32 AM",,"PO Box 767","52 N Main St","Utica","OH",'43080-0767,US,.0666,"DHL SM Parcel Expedited","",'535816410412161723951,"EN ROUTE TO DHL ECOMMERCE",12:25:24 PM,5358164,'33872104123986719,"50 Lawrence ave"
','9374869903506620505674,"04/12/2021 11:19:18 AM",,"320 Benedetti Ave","","Columbus","OH",'43213-4429,US,.0666,"DHL SM Parcel Expedited","",'535816410412161723951,"EN ROUTE TO DHL ECOMMERCE",12:25:24 PM,5358164,'33872104123986725,"50 Lawrence ave"
','9374869903506620526310,"04/12/2021 11:21:15 AM",,"1144 Concord Ave SW","","Canton","OH",'44710-2000,US,.1332,"DHL SM Parcel Expedited","",'535816410412161723951,"EN ROUTE TO DHL ECOMMERCE",12:25:24 PM,5358164,'33872104123986715,"50 Lawrence ave"
','9374869903506620736948,"04/12/2021 11:40:21 AM",,"1626 Almond St SW","","Demotte","IN",'46310-9722,US,.0622,"DHL SM Parcel Expedited","",'535816410412161723951,"EN ROUTE TO DHL ECOMMERCE",12:25:24 PM,5358164,'33872104123986718,"50 Lawrence ave"
','9374869903506620417557,"04/12/2021 11:09:32 AM",,"528 Prairie Dr","","Syracuse","IN",'46567-2038,US,.0666,"DHL SM Parcel Expedited","",'535816410412161723951,"EN ROUTE TO DHL ECOMMERCE",12:25:24 PM,5358164,'33872104123986742,"50 Lawrence ave"
','9374869903506620494183,"04/12/2021 11:18:04 AM",,"1482 Klein Rd","","Sterling","MI",'48659-9610,US,.0666,"DHL SM Parcel Expedited","",'535816410412161723951,"EN ROUTE TO DHL ECOMMERCE",12:25:24 PM,5358164,'33872104123986717,"50 Lawrence ave"
','9374869903506620555143,"04/12/2021 11:23:46 AM",,"E5302 410th ave","","Menomonie","WI",'54751-5676,US,.1776,"DHL SM Parcel Expedited","",'535816410412161723951,"EN ROUTE TO DHL ECOMMERCE",12:25:24 PM,5358164,'33872104123986706,"50 Lawrence ave"
','9374869903506620408159,"04/12/2021 11:08:50 AM",,"1141 Linden Dr","","Billings","MT",'59105-2635,US,.0666,"DHL SM Parcel Expedited","",'535816410412161723951,"EN ROUTE TO DHL ECOMMERCE",12:25:24 PM,5358164,'33872104123986745,"50 Lawrence ave"
','9374869903506620845152,"04/12/2021 11:49:28 AM",,"5713 S Moody Ave","","Chicago","IL",'60638-3547,US,.0622,"DHL SM Parcel Expedited","",'535816410412161723951,"EN ROUTE TO DHL ECOMMERCE",12:25:24 PM,5358164,'33872104123986697,"50 Lawrence ave"
','9374869903506620421172,"04/12/2021 11:09:43 AM",,"6807 N Milwaukee Ave Apt 211","","Niles","IL",'60714-4559,US,.0666,"DHL SM Parcel Expedited","",'535816410412161723951,"EN ROUTE TO DHL ECOMMERCE",12:25:24 PM,5358164,'33872104123986733,"50 Lawrence ave"
','9374869903506620438224,"04/12/2021 11:11:57 AM",,"19597 Chelsea Way","","Bloomington","IL",'61705-5872,US,.0666,"DHL SM Parcel Expedited","",'535816410412161723951,"EN ROUTE TO DHL ECOMMERCE",12:25:24 PM,5358164,'33872104123986721,"50 Lawrence ave"
','9374869903506620925182,"04/12/2021 11:56:09 AM",,"1550 Northwinds Estates Dr Apt 411","","Saint Louis","MO",'63136-1839,US,.0622,"DHL SM Parcel Expedited","",'535816410412161723951,"EN ROUTE TO DHL ECOMMERCE",12:25:24 PM,5358164,'33872104123986694,"50 Lawrence ave"
','9374869903506620941212,"04/12/2021 11:57:51 AM",,"718 Rockwell Ave","","Independence","MO",'64056-3127,US,.0622,"DHL SM Parcel Expedited","",'535816410412161723951,"EN ROUTE TO DHL ECOMMERCE",12:25:24 PM,5358164,'33872104123986698,"50 Lawrence ave"
','9374869903506620416079,"04/12/2021 11:09:18 AM",,"610 Lamont Dr","","Lincoln","NE",'68528-1438,US,.0666,"DHL SM Parcel Expedited","",'535816410412161723951,"EN ROUTE TO DHL ECOMMERCE",12:25:24 PM,5358164,'33872104123986740,"50 Lawrence ave"
','9374869903506621073769,"04/12/2021 12:07:45 PM",,"349 French Fork Rd","","Jonesville","LA",'71343-4201,US,.0622,"DHL SM Parcel Expedited","",'535816410412161723951,"EN ROUTE TO DHL ECOMMERCE",12:25:24 PM,5358164,'33872104123986691,"50 Lawrence ave"
','9374869903506620686205,"04/12/2021 11:36:17 AM",,"2408 Brenton Dr","","Edmond","OK",'73012-3627,US,.0622,"DHL SM Parcel Expedited","",'535816410412161723951,"EN ROUTE TO DHL ECOMMERCE",12:25:24 PM,5358164,'33872104123986711,"50 Lawrence ave"
','9374869903506620761735,"04/12/2021 11:42:20 AM",,"6314 S 107th East Ave Apt 3","","Tulsa","OK",'74133-1662,US,.0622,"DHL SM Parcel Expedited","",'535816410412161723951,"EN ROUTE TO DHL ECOMMERCE",12:25:24 PM,5358164,'33872104123986695,"50 Lawrence ave"
','9374869903506621095150,"04/12/2021 12:09:51 PM",,"3011 Nadar","","Grand Prairie","TX",'75054-6791,US,.0622,"DHL SM Parcel Expedited","",'535816410412161723951,"EN ROUTE TO DHL ECOMMERCE",12:25:24 PM,5358164,'33872104123986689,"50 Lawrence ave"
','9374869903506621138369,"04/12/2021 12:12:55 PM",,"5837 Faircrest Cv Apt 821","","Fort Worth","TX",'76137-6822,US,.0622,"DHL SM Parcel Expedited","",'535816410412161723951,"EN ROUTE TO DHL ECOMMERCE",12:25:24 PM,5358164,'33872104123986684,"50 Lawrence ave"
','9374869903506620484511,"04/12/2021 11:16:43 AM",,"20058 Sunshine Ridge Ln","","Cypress","TX",'77429-3384,US,.0666,"DHL SM Parcel Expedited","",'535816410412161723951,"EN ROUTE TO DHL ECOMMERCE",12:25:24 PM,5358164,'33872104123986727,"50 Lawrence ave"
','9374869903506620558762,"04/12/2021 11:24:30 AM",,"3024 Hondo Ave","","McAllen","TX",'78504-6281,US,.0666,"DHL SM Parcel Expedited","",'535816410412161723951,"EN ROUTE TO DHL ECOMMERCE",12:25:24 PM,5358164,'33872104123986731,"50 Lawrence ave"
','9374869903506620889811,"04/12/2021 11:53:31 AM",,"1415 Craddock Ave Apt 4126","","San Marcos","TX",'78666-2950,US,.0622,"DHL SM Parcel Expedited","",'535816410412161723951,"EN ROUTE TO DHL ECOMMERCE",12:25:24 PM,5358164,'33872104123986701,"50 Lawrence ave"
','9374869903506620909465,"04/12/2021 11:54:45 AM",,"1478 Hereford Dr","","El Paso","TX",'79928-6042,US,.0622,"DHL SM Parcel Expedited","",'535816410412161723951,"EN ROUTE TO DHL ECOMMERCE",12:25:24 PM,5358164,'33872104123986702,"50 Lawrence ave"
','9374869903506620426283,"04/12/2021 11:10:28 AM",,"21002 Nowhere Rd","","Eckert","CO",'81418-8308,US,.0666,"DHL SM Parcel Expedited","",'535816410412161723951,"EN ROUTE TO DHL ECOMMERCE",12:25:24 PM,5358164,'33872104123986744,"50 Lawrence ave"
','9374869903506621189736,"04/12/2021 12:16:07 PM",,"863W Sundown Ln","","Tooele","UT",'84074-3215,US,.0622,"DHL SM Parcel Expedited","",'535816410412161723951,"EN ROUTE TO DHL ECOMMERCE",12:25:24 PM,5358164,'33872104123986688,"50 Lawrence ave"
','9374869903506620541665,"04/12/2021 11:22:39 AM",,"1011 S Butte Crest Cir","","Payson","AZ",'85541-5603,US,.1776,"DHL SM Parcel Expedited","",'535816410412161723951,"EN ROUTE TO DHL ECOMMERCE",12:25:24 PM,5358164,'33872104123986716,"50 Lawrence ave"
','9374869903506621025201,"04/12/2021 12:04:13 PM",,"PO Box 152","1328 N Cortez Place","Tombstone","AZ",'85638-0152,US,.0622,"DHL SM Parcel Expedited","",'535816410412161723951,"EN ROUTE TO DHL ECOMMERCE",12:25:24 PM,5358164,'33872104123986693,"50 Lawrence ave"
','9374869903506621159647,"04/12/2021 12:14:13 PM",,"343 Palos Verdes Blvd Apt 22","","Redondo Beach","CA",'90277-6385,US,.0622,"DHL SM Parcel Expedited","",'535816410412161723951,"EN ROUTE TO DHL ECOMMERCE",12:25:24 PM,5358164,'33872104123986683,"50 Lawrence ave"
','9374869903506621195577,"04/12/2021 12:16:27 PM",,"1332 E THACKERY AVE","","WEST COVINA","CA",'91790-4344,US,.0622,"DHL SM Parcel Expedited","",'535816410412161723951,"EN ROUTE TO DHL ECOMMERCE",12:25:24 PM,5358164,'33872104123986685,"50 Lawrence ave"
','9374869903506620540194,"04/12/2021 11:22:27 AM",,"10380 Crossing Green Cir","","Moreno Valley","CA",'92557-2626,US,.1332,"DHL SM Parcel Expedited","",'535816410412161723951,"EN ROUTE TO DHL ECOMMERCE",12:25:24 PM,5358164,'33872104123986729,"50 Lawrence ave"
','9374869903506620483132,"04/12/2021 11:16:46 AM",,"8620 E Avenue T8","","Littlerock","CA",'93543-2513,US,.0666,"DHL SM Parcel Expedited","",'535816410412161723951,"EN ROUTE TO DHL ECOMMERCE",12:25:24 PM,5358164,'33872104123986704,"50 Lawrence ave"
','9374869903506620490031,"04/12/2021 11:17:22 AM",,"1151 N Villa Ave Apt 42","","Dinuba","CA",'93618-3508,US,.0666,"DHL SM Parcel Expedited","",'535816410412161723951,"EN ROUTE TO DHL ECOMMERCE",12:25:24 PM,5358164,'33872104123986723,"50 Lawrence ave"
','9374869903506620449596,"04/12/2021 11:14:02 AM",,"4-831 Kuhio Hwy Ste 438","","Kapaa","HI",'96746-1574,US,.0666,"DHL SM Parcel Expedited","",'535816410412161723951,"EN ROUTE TO DHL ECOMMERCE",12:25:24 PM,5358164,'33872104123986722,"50 Lawrence ave"
','9374869903506620545588,"04/12/2021 11:23:10 AM",,"4265 Great Plains dr ne","","Salem","OR",'97305-3682,US,.1776,"DHL SM Parcel Expedited","",'535816410412161723951,"EN ROUTE TO DHL ECOMMERCE",12:25:24 PM,5358164,'33872104123986707,"50 Lawrence ave"
','9374869903506620461376,"04/12/2021 11:14:47 AM",,"17246 34th Ave S","","Seatac","WA",'98188-4450,US,.0666,"DHL SM Parcel Expedited","",'535816410412161723951,"EN ROUTE TO DHL ECOMMERCE",12:25:24 PM,5358164,'33872104123986714,"50 Lawrence ave"
'18F90D2F38054655A938461DE,',"04/12/2021 11:28:52 AM",,"81 Acres","","Kirkland","QC",'H9H 5B5,CA,.1875,"DHL Parcel Intl Standard","",'42622598,"EN ROUTE TO DHL ECOMMERCE",12:25:24 PM,5358164,'33872104123988385,"50 Lawrence ave"
'CBE0DFDEDB9B462DB680945C8,',"04/12/2021 11:31:11 AM",,"5230 Glen Erin Dr","unit 68","Mississauga","ON",'L5M5Z7,CA,.1325,"DHL Parcel Intl Standard","",'42622598,"EN ROUTE TO DHL ECOMMERCE",12:25:24 PM,5358164,'33872104123988389,"50 Lawrence ave"
'A9A31387F23F4FA7AA53F29C4,',"04/12/2021 11:27:16 AM",,"1501-31 Tippett Road","","Toronto","ON",'M3H08C,CA,.0662,"DHL Parcel Intl Standard","",'42622598,"EN ROUTE TO DHL ECOMMERCE",12:25:24 PM,5358164,'33872104123988386,"50 Lawrence ave"
'46E60E7B94F54759B3A69AF50,',"04/12/2021 11:26:30 AM",,"776813 highway 10","","Holland Centre","ON",'N0H 1R0,CA,.0662,"DHL Parcel Intl Standard","",'42622598,"EN ROUTE TO DHL ECOMMERCE",12:25:24 PM,5358164,'33872104123988388,"50 Lawrence ave"
'1DDDD416AEC74FCDABA74F419,',"04/12/2021 11:25:49 AM",,"502 2nd Avenue west","","Meadow Lake","SK",'S9X1B2,CA,.0662,"DHL Parcel Intl Standard","",'42622598,"EN ROUTE TO DHL ECOMMERCE",12:25:24 PM,5358164,'33872104123988384,"50 Lawrence ave"
'2320179108564BAB94D976546,',"04/12/2021 11:27:52 AM",,"506 Selwyn Oaks Pl","","Victoria","BC",'V9B6K7,CA,.0662,"DHL Parcel Intl Standard","",'42622598,"EN ROUTE TO DHL ECOMMERCE",12:25:24 PM,5358164,'33872104123988387,"50 Lawrence ave"