Customer Confirmation Number,Delivery Confirmation Number,Receive Date,Recipient Name,Address Line 1,Address Line 2,City,State,Zip or Postal Code,Country,Weight (LBs),Mail Product Name,Customer Reference,BOL Number,Last Event Description,Last Event Time,Pickup Account Number,DHL Tracking Number,Pickup Address
'20210113154753999QXQGL1Q,',"01/13/2021 10:47:57 AM",,"zofit 10","","haifa","",'32994,IL,.5,"DHL Parcel Intl Standard","",'48524168,"EN ROUTE TO DHL ECOMMERCE",11:09:57 AM,5345229,'33872101139165575,"1584 CARROLL ST"
'20210113154755059WYSGJTZ,',"01/13/2021 10:47:58 AM",,"12 Rue Joseph Turcot","","Temiscouata-Sur-Le-Lac","QC",'G0L 1E0,CA,.4375,"DHL Parcel Intl Standard","",'48524168,"EN ROUTE TO DHL ECOMMERCE",11:09:57 AM,5345229,'33872101139165574,"1584 CARROLL ST"
'GM555348799000001101,',"01/13/2021 04:01:42 AM",SARA DURBACH,"8 KAREN ST","","THORNHILL","ON",'L4J 5L4,CA,.38,"DHL Parcel Intl Standard","",',"EN ROUTE TO DHL ECOMMERCE",04:04:20 AM,5345286,'33882101138551509,"1584 CARROLL ST."
','9374869903506149478305,"01/13/2021 09:42:02 AM",,"5101 Quail Ridge Dr","","Plainsboro","NJ",'08536-4255,US,.0622,"DHL SM Parcel Expedited","",'535816410113150923751,"EN ROUTE TO DHL ECOMMERCE",10:14:13 AM,5358164,'33872101139081060,"50 Lawrence ave"
','9374869903506149627307,"01/13/2021 09:55:48 AM",,"5 Bush Pkwy","","East Brunswick","NJ",'08816-2208,US,.0622,"DHL SM Parcel Expedited","",'535816410113150923751,"EN ROUTE TO DHL ECOMMERCE",10:14:13 AM,5358164,'33872101139081055,"50 Lawrence ave"
','9374869903506149658301,"01/13/2021 09:59:11 AM",,"1355 E 18th St Apt 5C","","Brooklyn","NY",'11230-7567,US,.0666,"DHL SM Parcel Expedited","",'535816410113150923751,"EN ROUTE TO DHL ECOMMERCE",10:14:13 AM,5358164,'33872101139081045,"50 Lawrence ave"
','9374869903506149568891,"01/13/2021 09:51:22 AM",,"4724 Wilshire Ln","","Oakdale","NY",'11769-1450,US,.0622,"DHL SM Parcel Expedited","",'535816410113150923751,"EN ROUTE TO DHL ECOMMERCE",10:14:13 AM,5358164,'33872101139081050,"50 Lawrence ave"
','9374869903506149697218,"01/13/2021 10:03:10 AM",,"12320 Gayton Station Blvd","","Richmond","VA",'23233-6625,US,.1332,"DHL SM Parcel Expedited","",'535816410113150923751,"EN ROUTE TO DHL ECOMMERCE",10:14:13 AM,5358164,'33872101139081059,"50 Lawrence ave"
','9374869903506149701939,"01/13/2021 10:03:29 AM",,"1053 Rifle Range Rd Apt 7A","","Mount Pleasant","SC",'29464-4613,US,.1332,"DHL SM Parcel Expedited","",'535816410113150923751,"EN ROUTE TO DHL ECOMMERCE",10:14:13 AM,5358164,'33872101139081054,"50 Lawrence ave"
','9374869903506149719927,"01/13/2021 10:05:39 AM",,"2823 N Course Dr Apt 106","","Pompano Beach","FL",'33069-3025,US,.1776,"DHL SM Parcel Expedited","",'535816410113150923751,"EN ROUTE TO DHL ECOMMERCE",10:14:13 AM,5358164,'33872101139081047,"50 Lawrence ave"
','9374869903506149681255,"01/13/2021 10:01:49 AM",,"1400 Strawberry Pl Apt 26","","Plant City","FL",'33563-6868,US,.0666,"DHL SM Parcel Expedited","",'535816410113150923751,"EN ROUTE TO DHL ECOMMERCE",10:14:13 AM,5358164,'33872101139081040,"50 Lawrence ave"
','9374869903506149714908,"01/13/2021 10:04:57 AM",,"47 Dogwood Drive Loop","","Ocala","FL",'34472-5609,US,.0666,"DHL SM Parcel Expedited","",'535816410113150923751,"EN ROUTE TO DHL ECOMMERCE",10:14:13 AM,5358164,'33872101139081041,"50 Lawrence ave"
','9374869903506149600638,"01/13/2021 09:53:28 AM",,"9645 Wedel Ln","","West Paducah","KY",'42086-9779,US,.0622,"DHL SM Parcel Expedited","",'535816410113150923751,"EN ROUTE TO DHL ECOMMERCE",10:14:13 AM,5358164,'33872101139081056,"50 Lawrence ave"
','9374869903506149611207,"01/13/2021 09:54:23 AM",,"1733 Tecumseh Dr","","Lancaster","OH",'43130-8156,US,.0622,"DHL SM Parcel Expedited","",'535816410113150923751,"EN ROUTE TO DHL ECOMMERCE",10:14:13 AM,5358164,'33872101139081051,"50 Lawrence ave"
','9374869903506149663633,"01/13/2021 09:59:29 AM",,"2206 Morrish Rd","","Swartz Creek","MI",'48473-9755,US,.0666,"DHL SM Parcel Expedited","",'535816410113150923751,"EN ROUTE TO DHL ECOMMERCE",10:14:13 AM,5358164,'33872101139081042,"50 Lawrence ave"
','9374869903506149691797,"01/13/2021 10:02:23 AM",,"13279 County Road 457","","Newberry","MI",'49868-7745,US,.0666,"DHL SM Parcel Expedited","",'535816410113150923751,"EN ROUTE TO DHL ECOMMERCE",10:14:13 AM,5358164,'33872101139081053,"50 Lawrence ave"
','9374869903506149665798,"01/13/2021 09:59:51 AM",,"408 Morris St Apt 15","","Holmen","WI",'54636-9703,US,.0666,"DHL SM Parcel Expedited","",'535816410113150923751,"EN ROUTE TO DHL ECOMMERCE",10:14:13 AM,5358164,'33872101139081048,"50 Lawrence ave"
','9374869903506149656321,"01/13/2021 09:58:52 AM",,"10271 Raleigh Rd","","Woodbury","MN",'55129-5022,US,.0666,"DHL SM Parcel Expedited","",'535816410113150923751,"EN ROUTE TO DHL ECOMMERCE",10:14:13 AM,5358164,'33872101139081052,"50 Lawrence ave"
','9374869903506149676794,"01/13/2021 10:01:00 AM",,"14688 190th Ave N","","Borup","MN",'56519-9662,US,.0666,"DHL SM Parcel Expedited","",'535816410113150923751,"EN ROUTE TO DHL ECOMMERCE",10:14:13 AM,5358164,'33872101139081043,"50 Lawrence ave"
'131593A4585045EAAAD404919,',"01/13/2021 10:04:20 AM",,"15 Travellers Drive, Travellers Rest","","Travellers Rest","TAS",'7250,AU,.1325,"DHL Parcel Intl Standard","",'48524099,"EN ROUTE TO DHL ECOMMERCE",10:14:13 AM,5358164,'33872101139081039,"50 Lawrence ave"
','9374869903506149559394,"01/13/2021 09:50:35 AM",,"2810 Navajo St","","San Antonio","TX",'78224-1220,US,.0622,"DHL SM Parcel Expedited","",'535816410113150923751,"EN ROUTE TO DHL ECOMMERCE",10:14:13 AM,5358164,'33872101139081058,"50 Lawrence ave"
','9374869903506149669581,"01/13/2021 10:00:06 AM",,"PO Box 689","507 S Cedardale","Mountainair","NM",'87036-0689,US,.0666,"DHL SM Parcel Expedited","",'535816410113150923751,"EN ROUTE TO DHL ECOMMERCE",10:14:13 AM,5358164,'33872101139081049,"50 Lawrence ave"
','9374869903506149718135,"01/13/2021 10:05:23 AM",,"27 W Market St","Rainbow Tv","Salinas","CA",'93901-2640,US,.0666,"DHL SM Parcel Expedited","",'535816410113150923751,"EN ROUTE TO DHL ECOMMERCE",10:14:13 AM,5358164,'33872101139081044,"50 Lawrence ave"
','9374869903506149726611,"01/13/2021 10:06:09 AM",,"200 Orchard Ave","","Modesto","CA",'95354-4114,US,.1776,"DHL SM Parcel Expedited","",'535816410113150923751,"EN ROUTE TO DHL ECOMMERCE",10:14:13 AM,5358164,'33872101139081057,"50 Lawrence ave"
','9374869903506149694774,"01/13/2021 10:02:40 AM",,"PO Box 106","","Willow","AK",'99688-0106,US,.1332,"DHL SM Parcel Expedited","",'535816410113150923751,"EN ROUTE TO DHL ECOMMERCE",10:14:13 AM,5358164,'33872101139081046,"50 Lawrence ave"