Customer Confirmation Number,Delivery Confirmation Number,Receive Date,Recipient Name,Address Line 1,Address Line 2,City,State,Zip or Postal Code,Country,Weight (LBs),Mail Product Name,Customer Reference,BOL Number,Last Event Description,Last Event Time,Pickup Account Number,DHL Tracking Number,Pickup Address
','9374869903506484933361,"03/18/2021 10:44:50 AM",,"58 Selkirk Rd Apt 5","","Brighton","MA",'02135-7227,US,.0622,"DHL SM Parcel Expedited","",'535816410318151323851,"EN ROUTE TO DHL ECOMMERCE",11:18:01 AM,5358164,'33872103189743186,"50 Lawrence ave"
','9374869903506484883420,"03/18/2021 10:37:32 AM",,"41 Massachusetts Ave","","Quincy","MA",'02169-6925,US,.0622,"DHL SM Parcel Expedited","",'535816410318151323851,"EN ROUTE TO DHL ECOMMERCE",11:18:01 AM,5358164,'33872103189743192,"50 Lawrence ave"
','9374869903506484966550,"03/18/2021 10:49:01 AM",,"70 Summit Ave Apt 25","","Jersey City","NJ",'07304-2958,US,.0622,"DHL SM Parcel Expedited","",'535816410318151323851,"EN ROUTE TO DHL ECOMMERCE",11:18:01 AM,5358164,'33872103189743187,"50 Lawrence ave"
','9374869903506484845800,"03/18/2021 10:33:56 AM",,"150 Doren Ter","","Vineland","NJ",'08360-4316,US,.1332,"DHL SM Parcel Expedited","",'535816410318151323851,"EN ROUTE TO DHL ECOMMERCE",11:18:01 AM,5358164,'33872103189743178,"50 Lawrence ave"
','9374869903506484844032,"03/18/2021 10:33:04 AM",,"24 Cornell rd","","Toms River","NJ",'08757-5505,US,.0666,"DHL SM Parcel Expedited","",'535816410318151323851,"EN ROUTE TO DHL ECOMMERCE",11:18:01 AM,5358164,'33872103189743179,"50 Lawrence ave"
','9374869903506484947290,"03/18/2021 10:46:43 AM",,"259 Woehrle Ave","","Staten Island","NY",'10312-1979,US,.0622,"DHL SM Parcel Expedited","",'535816410318151323851,"EN ROUTE TO DHL ECOMMERCE",11:18:01 AM,5358164,'33872103189743180,"50 Lawrence ave"
','9374869903506484986220,"03/18/2021 10:51:47 AM",,"13327 39th Ave Apt 5S","","Flushing","NY",'11354-4659,US,.0622,"DHL SM Parcel Expedited","",'535816410318151323851,"EN ROUTE TO DHL ECOMMERCE",11:18:01 AM,5358164,'33872103189743172,"50 Lawrence ave"
','9374869903506484824584,"03/18/2021 10:30:58 AM",,"15350 89th Ave Apt 1216","","Jamaica","NY",'11432-3979,US,.0666,"DHL SM Parcel Expedited","",'535816410318151323851,"EN ROUTE TO DHL ECOMMERCE",11:18:01 AM,5358164,'33872103189743175,"50 Lawrence ave"
','9374869903506484825734,"03/18/2021 10:31:07 AM",,"1249 Ridge Rd Apt 88","","Ontario","NY",'14519-8647,US,.0666,"DHL SM Parcel Expedited","",'535816410318151323851,"EN ROUTE TO DHL ECOMMERCE",11:18:01 AM,5358164,'33872103189743182,"50 Lawrence ave"
','9374869903506484840300,"03/18/2021 10:32:43 AM",,"6718 Central Hills Ter","","Hyattsville","MD",'20785-4337,US,.0666,"DHL SM Parcel Expedited","",'535816410318151323851,"EN ROUTE TO DHL ECOMMERCE",11:18:01 AM,5358164,'33872103189743169,"50 Lawrence ave"
','9374869903506484826618,"03/18/2021 10:31:29 AM",,"7411 Shreve Rd","","Falls Church","VA",'22043-3206,US,.0666,"DHL SM Parcel Expedited","",'535816410318151323851,"EN ROUTE TO DHL ECOMMERCE",11:18:01 AM,5358164,'33872103189743183,"50 Lawrence ave"
','9374869903506484839762,"03/18/2021 10:32:54 AM",,"1194 Fountain Dr SW","","atlanta","GA",'30314-3046,US,.0666,"DHL SM Parcel Expedited","",'535816410318151323851,"EN ROUTE TO DHL ECOMMERCE",11:18:01 AM,5358164,'33872103189743189,"50 Lawrence ave"
','9374869903506484978324,"03/18/2021 10:50:40 AM",,"201 Eagle Branch Trailer Park","","Statesboro","GA",'30458-8971,US,.0622,"DHL SM Parcel Expedited","",'535816410318151323851,"EN ROUTE TO DHL ECOMMERCE",11:18:01 AM,5358164,'33872103189743173,"50 Lawrence ave"
','9374869903506484837478,"03/18/2021 10:32:24 AM",,"4524 W Azeele St","","Tampa","FL",'33609-2544,US,.0666,"DHL SM Parcel Expedited","",'535816410318151323851,"EN ROUTE TO DHL ECOMMERCE",11:18:01 AM,5358164,'33872103189743191,"50 Lawrence ave"
','9374869903506484838956,"03/18/2021 10:32:33 AM",,"12108 Hoosier Ct Apt 201","","Hudson","FL",'34667-3145,US,.0666,"DHL SM Parcel Expedited","",'535816410318151323851,"EN ROUTE TO DHL ECOMMERCE",11:18:01 AM,5358164,'33872103189743168,"50 Lawrence ave"
','9374869903506484811706,"03/18/2021 10:29:58 AM",,"330 Kings Ln Apt E","","Noblesville","IN",'46060-2455,US,.0666,"DHL SM Parcel Expedited","",'535816410318151323851,"EN ROUTE TO DHL ECOMMERCE",11:18:01 AM,5358164,'33872103189743188,"50 Lawrence ave"
','9374869903506484810914,"03/18/2021 10:29:24 AM",,"1260 Huntsman Dr","","Saint Louis","MO",'63137-3501,US,.0666,"DHL SM Parcel Expedited","",'535816410318151323851,"EN ROUTE TO DHL ECOMMERCE",11:18:01 AM,5358164,'33872103189743171,"50 Lawrence ave"
'16A23BF7938542AEBB2831981,',"03/18/2021 10:34:56 AM",,"21 centaur avenue","","South Hedland","WA",'6722,AU,.0662,"DHL Parcel Intl Standard","",'47104485,"EN ROUTE TO DHL ECOMMERCE",11:18:01 AM,5358164,'33872103189743165,"50 Lawrence ave"
','9374869903506484810839,"03/18/2021 10:29:35 AM",,"1902 8th Ave","","Lake Charles","LA",'70601-6608,US,.0666,"DHL SM Parcel Expedited","",'535816410318151323851,"EN ROUTE TO DHL ECOMMERCE",11:18:01 AM,5358164,'33872103189743177,"50 Lawrence ave"
','9374869903506484813496,"03/18/2021 10:29:48 AM",,"1014 Memorial Glen Dr Apt A","","Humble","TX",'77338-5144,US,.0666,"DHL SM Parcel Expedited","",'535816410318151323851,"EN ROUTE TO DHL ECOMMERCE",11:18:01 AM,5358164,'33872103189743185,"50 Lawrence ave"
','9374869903506484824041,"03/18/2021 10:30:47 AM",,"19910 Sweetgum Forest Dr","","Humble","TX",'77346-2176,US,.0666,"DHL SM Parcel Expedited","",'535816410318151323851,"EN ROUTE TO DHL ECOMMERCE",11:18:01 AM,5358164,'33872103189743190,"50 Lawrence ave"
','9374869903506484944855,"03/18/2021 10:45:59 AM",,"11707 Vance Jackson Rd Apt 504","","San Antonio","TX",'78230-1462,US,.0622,"DHL SM Parcel Expedited","",'535816410318151323851,"EN ROUTE TO DHL ECOMMERCE",11:18:01 AM,5358164,'33872103189743181,"50 Lawrence ave"
','9374869903506484806559,"03/18/2021 10:29:04 AM",,"6002 McCarty Ave","","Farmington","NM",'87402-2912,US,.0666,"DHL SM Parcel Expedited","",'535816410318151323851,"EN ROUTE TO DHL ECOMMERCE",11:18:01 AM,5358164,'33872103189743174,"50 Lawrence ave"
','9374869903506484828674,"03/18/2021 10:31:18 AM",,"3166 Desatoya Dr","","Carson City","NV",'89701-3478,US,.0666,"DHL SM Parcel Expedited","",'535816410318151323851,"EN ROUTE TO DHL ECOMMERCE",11:18:01 AM,5358164,'33872103189743176,"50 Lawrence ave"
','9374869903506484788206,"03/18/2021 10:27:13 AM",,"13511 Gard Ave","","Norwalk","CA",'90650-3865,US,.1332,"DHL SM Parcel Expedited","",'535816410318151323851,"EN ROUTE TO DHL ECOMMERCE",11:18:01 AM,5358164,'33872103189743184,"50 Lawrence ave"
','9374869903506485000116,"03/18/2021 10:53:16 AM",,"1721 E Colton Ave Spc 31","","Redlands","CA",'92374-4936,US,.0622,"DHL SM Parcel Expedited","",'535816410318151323851,"EN ROUTE TO DHL ECOMMERCE",11:18:01 AM,5358164,'33872103189743167,"50 Lawrence ave"
','9374869903506484853553,"03/18/2021 10:34:19 AM",,"2806 Karla St","","Bakersfield","CA",'93312-3225,US,.2443,"DHL SM Parcel Expedited","",'535816410318151323851,"EN ROUTE TO DHL ECOMMERCE",11:18:01 AM,5358164,'33872103189743170,"50 Lawrence ave"
'69AA89C735A24B53B46446E7F,',"03/18/2021 10:22:11 AM",,"19 Australia drive","","brampton","ON",'L6R3E4,CA,.0662,"DHL Parcel Intl Standard","",'47104485,"EN ROUTE TO DHL ECOMMERCE",11:18:01 AM,5358164,'33872103189743166,"50 Lawrence ave"
'20210318151149832ANKWBBM,'9374869903506485156868,"03/18/2021 11:11:52 AM",,"770 EMPIRE BLVD APT 3L","","BROOKLYN","NY",'112135662,US,.625,"DHL SM Parcel Ground","",'536725110318151523251,"EN ROUTE TO DHL ECOMMERCE",11:18:01 AM,5367251,'33872103189743161,"5818 13TH AVE"
'20210318151309430CAG3CFK,'9374869903506485172325,"03/18/2021 11:13:13 AM",,"1455 55TH ST APT 3A","","BROOKLYN","NY",'112194251,US,.625,"DHL SM Parcel Ground","",'536725110318151523251,"EN ROUTE TO DHL ECOMMERCE",11:18:01 AM,5367251,'33872103189743162,"5818 13TH AVE"
'20210318150413214DVIPR0D,'9374869903506485092043,"03/18/2021 11:04:15 AM",,"515 S CLEM ST","","WINCHESTER","IN",'473941946,US,.625,"DHL SM Parcel Ground","",'536725110318151523251,"EN ROUTE TO DHL ECOMMERCE",11:18:01 AM,5367251,'33872103189743163,"5818 13TH AVE"
'202103181747444952LVTOFI,'9361269903506486258060,"03/18/2021 01:47:46 PM",,"6930 E PERSHING AVE","","SCOTTSDALE","AZ",'852544022,US,7,"DHL SM Parcel Plus Ground","",'536725110318175023051,"EN ROUTE TO DHL ECOMMERCE",01:51:24 PM,5367251,'33872103180090208,"5818 13TH AVE"
'20210318150840053ICVXAMB,',"03/18/2021 11:08:43 AM",,"48 Sleaford Road","","Lincoln","Lincolnshire",'LN4 2NF,GB,.5,"DHL Parcel Intl Standard","",'47104489,"EN ROUTE TO DHL ECOMMERCE",11:18:01 AM,5367251,'33872103189743164,"5818 13TH AVE"
'20210318132910104DE1CB3V,',"03/18/2021 09:29:13 AM",,"Buzzer Code 148","88 Grandview Way Unit 1015","Toronto","ON",'M2N 6V6,CA,.1875,"DHL Packet Plus International","",'47104521,"EN ROUTE TO DHL ECOMMERCE",11:54:19 AM,5367251,'33872103189815655,"5818 13TH AVE"