tracking number,rate__shipment__address_to__zip,Account
9374869903505582700073,98374-8866,5358164
9374869903505582776382,75010-1347,5358164
9374869903505582804788,92346-3903,5358164
9374869903505582819492,31093-1639,5358164
9374869903505583004576,44131-6361,5358164
9374869903505583035761,34221-7421,5358164
9374869903505583039585,37218-1037,5358164
9374869903505583045586,19010-1026,5358164
9374869903505583052799,70354-3503,5358164
9374869903505583054762,56111-3041,5358164
9374869903505583056919,49765-0523,5358164
9374869903505583059460,33572-8101,5358164
9374869903505583067076,33193-2572,5358164
9374869903505583069414,07646-3247,5358164
9374869903505583073855,78258-4564,5358164
630DEF0C5B8C424FA6C6BD622,T5A 3J8,5358164
6863AF3AB00D4B5D9EC219144,n3y4j9,5358164
F977B3AC3A0D442689CDF9BFE,L0R1W0,5358164
4B23CDBFAB2446DF9E1473B0F,T2W0Z1,5358164
8626CE2662CF4EE28C6308E4E,P1L0A1,5358164
9374869903505583139100,29053-9379,5358164
3200033AD2FF4EBE8126A456F,V1W 3S9,5358164
9374869903505583272630,22401-6634,5358164
9374869903505587757850,33322-5548,5358164
9374869903505587776578,30028-3998,5358164
9374869903505587788007,39180-6234,5358164
9374869903505587796200,66937-9771,5358164
9374869903505587825122,24641-2183,5358164
9374869903505587835763,75098-5563,5358164
9374869903505587841849,19134-1402,5358164
9374869903505587849128,28543-1109,5358164
9374869903505587867825,27030-2312,5358164
9374869903505587870498,48135-1049,5358164
9374869903505587881449,10003-4185,5358164
9374869903505587885447,80111-4215,5358164
9374869903505587889759,28117-6060,5358164
9374869903505587889322,07840-3518,5358164
9374869903505587892100,62025-4908,5358164
9374869903505587895156,70806-3456,5358164
9374869903505587896924,01020-1511,5358164
9374869903505587898959,35670-3731,5358164
9374869903505587901031,02038-3022,5358164
9374869903505587907873,32504-8487,5358164
9374869903505587868785,32222-2827,5358164
9374869903505587912020,30005-3587,5358164
9374869903505587869225,60409-1803,5358164
9374869903505587922524,76034-1485,5358164
2376E4F4C4AE4C57A33B9ED4A,ToJ1X2,5358164
435502CD1EA34A6F9F8D26ECE,T4T 1N3,5358164
9374869903505588203455,75048-4252,5358164
9374869903505630832992,90660-3237,5358164
9374869903505630832442,93307-4634,5358164
9374869903505630835221,30564-6934,5358164
9374869903505630840997,11228,5358164
9374869903505630844759,31405-0334,5358164
9374869903505630845916,31023-7570,5358164
9374869903505630856073,33177-5229,5358164
9374869903505630857339,21215-7063,5358164
9374869903505630857353,86442-6078,5358164
9374869903505630863743,32701-6305,5358164
9374869903505630863859,06492-4845,5358164
9374869903505630867635,48858-9064,5358164
9374869903505630868977,96814-4091,5358164
9374869903505630870802,80911-3306,5358164
9374869903505630872363,30236-4241,5358164
9374869903505630881730,95376-3710,5358164
9374869903505630881761,08302-2931,5358164
9374869903505630922389,76040-7636,5358164
9374869903505630925533,74955-2619,5358164
9374869903505630928343,62837-2420,5358164
9374869903505630930520,30046-4655,5358164
9374869903505630940789,20850-2510,5358164
9374869903505630940888,35209-5540,5358164
9374869903505630949010,76021-5843,5358164
66C593114874460A9ADAD8A24,H4E 2X5,5358164
9374869903505630963542,36619-5200,5358164
9374869903505630966758,78557-2582,5358164
9374869903505630973572,41017-1956,5358164
9374869903505630973756,85209-4323,5358164
9374869903505630978393,90277-6377,5358164
9374869903505630979413,90045-2162,5358164
9374869903505630986626,92308-7286,5358164
9374869903505630986220,24630-8250,5358164
9374869903505630998070,95757-3548,5358164
9374869903505630998223,30038-3732,5358164
9374869903505631002332,07660-1940,5358164
9374869903505631001144,60645-3005,5358164
9374869903505631008105,30022-2608,5358164
9374869903505631032285,22657-2706,5358164
9374869903505631036092,78744-0001,5358164
9374869903505631048286,28214-8682,5358164
9374869903505631054294,78414-4195,5358164
9374869903505631054904,84014-3409,5358164
9374869903505631063005,55449-6020,5358164
9374869903505631064149,19146-3046,5358164
9374869903505631139229,44276-9651,5358164
9374869903505631140201,33716-3861,5358164
9374869903505631146685,24018,5358164
9374869903505631147576,93727-3124,5358164
9374869903505631153744,63369-2611,5358164
9374869903505631153195,17844-1109,5358164
9374869903505631160209,60031-4436,5358164
9374869903505631158299,74533-3451,5358164
9374869903505631165396,92009-5310,5358164
9374869903505631178440,49306-9754,5358164
9374869903505631180573,15106-2827,5358164
9374869903505631184984,97401-4151,5358164
9374869903505631185172,20782-2952,5358164
9374869903505631190428,84120-5544,5358164
9374869903505631190763,30028-2610,5358164
9374869903505631196444,33071-6694,5358164
9374869903505631197014,85353-1325,5358164
9374869903505631208123,32940-6182,5358164
9374869903505631208765,33155-1260,5358164
9374869903505631231565,85614-5685,5358164
9374869903505631230926,77505-2145,5358164
9374869903505631236980,90012-3944,5358164
9374869903505631238458,34747-2727,5358164
9374869903505631241212,01810-3377,5358164
9374869903505631242714,28792-9116,5358164
9374869903505631248044,32822-3088,5358164
9374869903505631252164,20646-4544,5358164
9374869903505631253796,42701-8967,5358164
9374869903505631258869,85301-6811,5358164
9374869903505631267595,27265-8058,5358164
9374869903505631307413,07305-3438,5358164
9374869903505631437370,11413-2627,5358164
9374869903505631436199,89820-2362,5358164
9374869903505631440660,07076-1616,5358164
9374869903505631436496,39426-2687,5358164
9374869903505631441636,49305-9564,5358164
9374869903505631446068,33547-1234,5358164
9374869903505631446266,33446-1404,5358164
9374869903505631446457,92688-3004,5358164
9374869903505631448192,30047-8410,5358164
9374869903505631449076,60625-2334,5358164
9374869903505631449274,92656-5240,5358164
9374869903505631449960,53119-2271,5358164
9374869903505631453554,25064-1805,5358164
9374869903505631455046,60639-4034,5358164
9374869903505631456128,93550-6931,5358164
9374869903505631456456,34293-1472,5358164
9374869903505631462754,18411-2892,5358164
9374869903505631493154,84044-1823,5358164
9374869903505631495875,46628-9376,5358164
9374869903505631496223,80202-1561,5358164
9374869903505631495424,45320-1149,5358164
9374869903505631497121,79045-5012,5358164
9300169903505631498858,96950-4329,5358164
9374869903505631499187,48228-3694,5358164
9374869903505631500234,29073-8747,5358164
9374869903505631500593,48049-0155,5358164
9374869903505631500975,32966-8731,5358164
9374869903505631503525,27401-6559,5358164
9374869903505631501897,76182-7628,5358164
9374869903505631504348,89521-5803,5358164
9374869903505631505345,89521-5803,5358164
9374869903505631502139,92311-2924,5358164
9374869903505631506496,27834-9680,5358164
9374869903505631507783,02818-4300,5358164
9374869903505631508063,71237-9095,5358164
9374869903505631508230,44710-2000,5358164
9374869903505631509787,92120-2143,5358164
9374869903505631511247,01440-3041,5358164
9374869903505631512008,55316-1543,5358164
9374869903505631512947,37336-6604,5358164
9374869903505631510301,41094-0012,5358164
9374869903505631513548,34652-1521,5358164
9374869903505631514095,30127-2163,5358164
9374869903505631517683,95829-6087,5358164
9374869903505631518284,62615-1035,5358164
9374869903505631519939,20710-2132,5358164
9374869903505631520584,90810-2147,5358164
9374869903505631520874,68528-1436,5358164
9374869903505631521482,32535-2472,5358164
9374869903505631521871,94520-3006,5358164
9374869903505631523516,79761-6841,5358164
9374869903505631522991,33161-3953,5358164
9374869903505631523646,19061-4319,5358164
9374869903505631525527,60621-3847,5358164
9374869903505631523820,31220-3853,5358164
9374869903505632955040,39530-2471,5358164
9374869903505632964905,60901-4270,5358164
9374869903505632970043,48312-3075,5358164
9374869903505632973006,33173-4563,5358164
9374869903505632976359,21014-2211,5358164
9374869903505632971262,11224-4128,5358164
9374869903505632990492,93550-6931,5358164
9374869903505633015637,22042-1625,5358164
9374869903505633017181,92563-4393,5358164
9374869903505633020273,54220-2145,5358164
9374869903505633027111,48439-4913,5358164
9374869903505633031347,90037-3423,5358164
9374869903505633036687,85296-4265,5358164
9374869903505633039022,24541-1818,5358164
9374869903505633041131,83815-8837,5358164
9374869903505633045689,33948-7635,5358164
9374869903505633056913,60543-8276,5358164
9374869903505633061399,60014-3869,5358164
9374869903505633065830,28741-0258,5358164
9374869903505633070599,19382-5422,5358164
9374869903505633074917,33147-6856,5358164
9374869903505633088495,37303-7537,5358164
9374869903505633095189,22664-3164,5358164
9374869903505633100364,85335-3407,5358164
9374869903505633109565,70346-4300,5358164
9374869903505633112008,60021-1910,5358164
36BDC718FE0B423C8A3709C66,R2R 2C3,5358164
4479E4E2529442529AAD2B87A,N3t 0H2,5358164
1D8A58E127014F79B46BF779A,T0H 2C0,5358164
C0879F5A570B44758B3D7E731,V0H 1H4,5358164
3A55DF9624E840C1A00A9C1E2,V3w6k7,5358164
6FF69F44186B4BCEB57B2FF38,L8R1M5,5358164
D44F58133E7945738B8089C85,t2z 1s2,5358164
C09D9069952346499EB542545,69395,5358164
96639617F67F4AA284702B767,G0A-4K0,5358164
A9F0D58EB0B14643994A7FFD4,j2s4z7,5358164
86331EEDE9714707B3EF37437,H2V 4G3,5358164
53B8FA6F65D442FC848B1F27E,v6g1t2,5358164
1B4F64E9F7A9421E8FF93CAF6,V3T0K2,5358164
A61F1C74EF414B91878D58014,G1C 2C2,5358164
13770BB857CB4B0B8084DD9EF,G6V0P4,5358164
5BED516F654C4C2A9C2618606,l3r3t3,5358164
2638A96CE78F4AE3B0B3629ED,T1V2A2,5358164
EA1E1E45DE04477584354395A,B0T 1X0,5358164
B32A520BC63544C581A77F6A9,T5M1P6,5358164
E5A899BB3E454648A425190D6,4123,5358164
FC08C0AFECCB4965A78B5117D,5095,5358164
CAF98E1B55784CC18E8207EE7,V3T0K2,5358164
0BA53CAD79514D70B9625FAF7,9375621,5358164
9374869903505633765365,35173-2010,5358164
9374869903505633782591,85323-7706,5358164
9374869903505633795409,63627-9145,5358164
9374869903505633860527,55432-1633,5358164
9374869903505633989051,20785-4603,5358164
92001901755477000378809835,29526-8217,5358164
9374869903505640190648,08724-4721,5358164
92001901755477000379947772,00913-4608,5358164
9374869903505640241029,93458-8207,5358164
9374869903505640249438,02155-2311,5358164
9374869903505640283760,35640-2135,5358164
9374869903505640291024,85140-5687,5358164
9374869903505640298719,30286-6413,5358164
9374869903505640307640,63141-7553,5358164
9374869903505640332710,92354-2021,5358164
9374869903505640344973,91423-4626,5358164
9374869903505640352367,75181-3519,5358164
9374869903505640364094,30058-5034,5358164
9374869903505640390420,96367-9998,5358164
9374869903505640403267,48850-9457,5358164
9374869903505640405070,34288-8809,5358164
9374869903505640410852,32533-4872,5358164
9374869903505640416922,75235-4216,5358164
9374869903505640421773,90601-3486,5358164
9374869903505640422374,94590-3018,5358164
9374869903505640425139,71638-2019,5358164
9374869903505640427973,29720-7341,5358164
9374869903505640432526,07712-4615,5358164
6237D797054B4845BDDEF0ED4,K9H 6X9,5358164
1B91D912835347E38B3EFE0BC,M1H3J7,5358164
8C1F5F95E9AC4502BACCA285B,IV31 6NP,5358164
9374869903505640480718,53186-1407,5358164
9374869903505640484143,33014-6349,5358164
F124EE380CE14DBE95EA03458,V9B6K7,5358164
9374869903505645765148,76020-1632,5358164
9374869903505645775048,28110-7818,5358164
9374869903505645813825,45419-3647,5358164
9374869903505645823169,75211-3927,5358164
9374869903505645870873,48341-1933,5358164
9374869903505645870330,43060-9609,5358164
9374869903505645872471,27822-8303,5358164
9374869903505645875472,93436-3546,5358164
9374869903505645879395,16749-1205,5358164
92001901755477000381017302,00736-9455,5358164
9374869903505645920097,96746-1574,5358164
9374869903505645929533,27610-1589,5358164
9374869903505645932052,59901-8378,5358164
9374869903505645938528,19702-4602,5358164
9374869903505645941962,38115-4240,5358164
9374869903505645946233,48312-6531,5358164
9374869903505645952623,08757-5532,5358164
9374869903505645957598,46307-8929,5358164
9374869903505645962134,60484-2753,5358164
9374869903505645964053,19114-1117,5358164
5EC103DBB1C049F48467AB28B,N5X0K3,5358164
B8F59D76257446828F230491D,J0a1k0,5358164
425C5AC9416F4CAB973085A77,h7x 4a9,5358164
F8F6E571C7AB476E862589330,E3B 0V4,5358164
DEEBD91E29964BBEBE9E4EDCC,L6Y 1A4,5358164
C406F6C0A16045C2AB88BE752,B4A3Y2,5358164
0FFFD999F3E942AA83D77930E,K2B 8E3,5358164
89E4FCF589CA401BB87177E92,8024,5358164
9374869903505646207357,34787-4611,5358164
9374869903505651568337,90022-2711,5358164
9374869903505651589097,28216-3199,5358164
9374869903505651609436,46112-5541,5358164
9374869903505651696375,98277-3404,5358164
92001901755477000382037453,983,5358164
9374869903505651723439,35127-1626,5358164
9374869903505651732400,91730-3646,5358164
9374869903505651740696,34787-5041,5358164
9374869903505651755829,78559-4384,5358164
9374869903505651766498,37716-5540,5358164
9374869903505651770860,42602-0570,5358164
9374869903505651777074,11423-1558,5358164
9374869903505651785864,29936-9401,5358164
9374869903505651791308,33486-1326,5358164
9374869903505651798673,98053-4001,5358164
9374869903505651859008,75146-1315,5358164
9374869903505651867584,88240-4460,5358164
9374869903505651869922,60517-4558,5358164
9591181338654461861452AAB,N1r 1z2,5358164
862E180ECCEE442ABB6CB1EC3,L4A3H5,5358164
274A2C78683041DB909B7DA12,8014,5358164
9374869903505656067811,92009-7502,5358164
9374869903505656083880,27966-9798,5358164
9374869903505656097450,32822-7225,5358164
9374869903505656110845,80018-6019,5358164
9374869903505656136739,61301-9726,5358164
9374869903505656148664,12206-5010,5358164
9374869903505656156102,20164-3142,5358164
9374869903505656195378,90028-5623,5358164
9374869903505656197471,36311-5051,5358164
9374869903505656212310,55303-4222,5358164
9374869903505656214345,72058-9062,5358164
9374869903505656222050,89141-6042,5358164
9374869903505656224726,30294-3100,5358164
9374869903505656224900,43560-1581,5358164
9374869903505656228922,90063-1909,5358164
9374869903505656230802,70601-6608,5358164
9374869903505656236422,33010-3348,5358164
9374869903505656240061,71638-2019,5358164
3A5D31ED754B4A508924A8D1E,J0E 1P0,5358164
DB0AFA966B5A4CA097EE0631F,j3r2g2,5358164
9374869903505656852493,28043-3143,5358164
9374869903505656887730,06335-1130,5358164
9374869903505656893069,76036-3558,5358164
A0F67AF5961144B6B456F7A18,T3C3X5,5358164
9374869903505665653012,79701-8859,5358164
9374869903505665672402,64054-1052,5358164
9374869903505665751916,33071-4902,5358164
9374869903505665774496,02188-3907,5358164
9374869903505665827604,40204-1586,5358164
9374869903505665852316,11421-1003,5358164
9374869903505665870525,35474-1837,5358164
9374869903505665908204,29710-6911,5358164
9374869903505665926215,33189-2655,5358164
9374869903505665935422,27609-6810,5358164
9374869903505665958551,60133-7277,5358164
9374869903505665983454,9354,5358164
9374869903505666040033,34229-9119,5358164
9374869903505666064480,08050-2271,5358164
9374869903505666078319,84129-2858,5358164
9374869903505666103516,90745-1406,5358164
9374869903505666115427,34689-2102,5358164
9374869903505666150862,08857-3211,5358164
9374869903505666209546,30571-2253,5358164
9374869903505666218197,28358-8205,5358164
9374869903505666227939,80020-2516,5358164
9374869903505666238720,85345-8966,5358164
9374869903505666257387,46390-9501,5358164
9374869903505666274438,75603-3836,5358164
9374869903505666289500,95610-5962,5358164
9374869903505666303671,38671-4787,5358164
9374869903505666313151,91710-3912,5358164
9374869903505666330707,85050,5358164
9374869903505666583875,44319-3610,5358164
9374869903505666591894,93702-4527,5358164
9374869903505666594185,72762-0580,5358164
9374869903505666604952,33071-4073,5358164
9374869903505666613138,78541-4557,5358164
9374869903505666618461,91405-2847,5358164
9374869903505666624110,33035-2511,5358164
9374869903505666629399,33010-3348,5358164
9374869903505666642510,19468-3227,5358164
9374869903505666645764,75149-3530,5358164
9374869903505666664994,80111-4215,5358164
9374869903505666671909,15090-7000,5358164
9374869903505666685647,76631-3049,5358164
9374869903505666693802,11105-1635,5358164
9374869903505666705468,46151-1656,5358164
9374869903505666715481,32724-0901,5358164
9374869903505666728672,77478-5357,5358164
9374869903505666734925,54843-4031,5358164
9374869903505666747499,32347-9053,5358164
9374869903505666771166,94565-4643,5358164
9374869903505666778875,11416-2017,5358164
9374869903505666794974,76226-0416,5358164
9374869903505666810735,28327-7360,5358164
9374869903505666818762,57104-5180,5358164
9374869903505666824886,80104-8776,5358164
9374869903505666829263,02360-4030,5358164
9374869903505666836599,36251-7513,5358164
9374869903505666839095,60435-0688,5358164
9374869903505666848721,55318-1919,5358164
9374869903505666853237,45672-9631,5358164
011E778293D94CD6B66839A28,T4M0J5,5358164
8E913D6265624AF9B56D90377,l6v2c2,5358164
700BA0D78C33489AA5F65E56B,N6A0A1,5358164
13DB001BAF47480FBB7A7F178,M1V 1J7,5358164
4207EDC3C38C495AA510FDD61,N5R6J6,5358164
4280B0D3AD0449D5920A12103,L3K 5B4,5358164
0FAAB5B060C5410ABB88BCCA4,P0N 1C0,5358164
16881D7B29B040F48A32B6994,638316,5358164
7831FBE125424C86865EC8186,L1V 5V6,5358164
9374869903505666971993,90022-1222,5358164
56326AE77FBF44E889E71DE2B,M9W1Z5,5358164
9374869903505672088302,08089-1031,5358164
9374869903505672107980,67701-3031,5358164
9374869903505672116920,08901-3129,5358164
9374869903505672128398,35673-6534,5358164
9374869903505672136768,48310-2045,5358164
9374869903505672155561,01083-0934,5358164
9374869903505672163108,95037-9418,5358164
9374869903505672209738,34249-2602,5358164
9374869903505672215784,34249-2602,5358164
9374869903505672226513,77029-3053,5358164
9374869903505672234365,43147-8682,5358164
9374869903505672250730,94533-8036,5358164
9374869903505672267257,44646-3769,5358164
9374869903505672294901,78041-6124,5358164
9374869903505672313046,93662-2940,5358164
9374869903505672317051,60172-2306,5358164
9374869903505672317426,29475-5068,5358164
9374869903505672324035,77396-4229,5358164
9374869903505672329290,60133,5358164
9374869903505672332085,98321-9710,5358164
9374869903505672337684,44256-9744,5358164
9374869903505672342060,41519-8250,5358164
9374869903505672345450,14612-4702,5358164
9374869903505672348772,11236-5548,5358164
9374869903505672350591,70517-7912,5358164
9374869903505672356739,89122-3574,5358164
9374869903505672358610,29073-8747,5358164
9374869903505672361252,85032-4738,5358164
1A1011831CF04564885A88765,M4C 5P3,5358164
AE3D07A991EE4B63ACE344851,s0k 4r0,5358164
5D5AD0C4824541B38177CCC2A,L2A2V9,5358164
91B5B08515C743BFAE00F3D9E,T0M0W0,5358164
B66290AAF0A44F5CA066E0A49,H4B1R8,5358164
BBABC1F869854A5C9A6AD26F2,L9R2G3,5358164
9374869903505672426586,33063-1410,5358164
9374869903505677500601,66062-1319,5358164
9374869903505677519092,78023-1069,5358164
9374869903505677529374,60615-1202,5358164
9374869903505677539137,30060-7445,5358164
9374869903505677551986,06606-5041,5358164
9374869903505677556288,78628-1708,5358164
9374869903505677570338,44030,5358164
9374869903505677769640,33442-8465,5358164
9374869903505677782915,33029-5184,5358164
9374869903505677793287,78046-8831,5358164
9374869903505677799159,19007-2610,5358164
9374869903505677812902,35630-8919,5358164
399BEEF2A3A746B48F6CB52F1,T1P1X6,5358164
9374869903505677879646,01430-1100,5358164
9374869903505677884695,08004-1106,5358164
9374869903505677892140,10710-5438,5358164
9374869903505677899613,77584-9094,5358164
9374869903505677903402,12764-5426,5358164
9374869903505677911858,60148-3139,5358164
9374869903505677918185,86335-5606,5358164
9374869903505677976406,11209-3859,5358164
9374869903505677979452,93306-2845,5358164
9374869903505677982438,33967-3720,5358164
9374869903505677997234,43017-2328,5358164
9374869903505678005044,33315-3330,5358164
9374869903505678012110,11426,5358164
214C4F164C094A309EC0950C6,V2T6M9,5358164
2AAFA9D7CDCE4F82BCE32EABC,H2L2W9,5358164
0CC69625EB5B4174AEA33E3D1,G6A 0A6,5358164
43F2A4689F524CF98CB02F0E5,e4h 4p8,5358164
D42B0C4EA5B54BD39B561BA60,H1B 5C2,5358164
9374869903505678087668,33193-3298,5358164
9374869903505682673437,94086-6300,5358164
9374869903505682686901,60543-8447,5358164
9374869903505682707248,98388-1628,5358164
9374869903505682751371,95205-6637,5358164
9374869903505682774646,02445-4303,5358164
9374869903505682789138,94404-1833,5358164
9374869903505682796464,63640-3603,5358164
9374869903505682808709,95827-1127,5358164
9374869903505682823269,19001-4312,5358164
9374869903505682825850,28806-2109,5358164
9374869903505682828653,92024-7204,5358164
9374869903505682830748,55428-3654,5358164
9374869903505682834449,81050-9734,5358164
9374869903505682838485,37087-9533,5358164
9374869903505682846503,90304-2625,5358164
9374869903505682852818,84737-3110,5358164
9374869903505682855772,84737-3110,5358164
9374869903505682860776,10474-4743,5358164
1CF8C4379A184F8795E1BF338,B4A3Y2,5358164
A7B13E78C83348D1BB79E89AD,T0E 1A0,5358164
9374869903505687785340,90631-4205,5358164
9374869903505687794335,97420-1559,5358164
9374869903505687815993,53151-4538,5358164
9374869903505687827149,96041-0121,5358164
9374869903505687836240,32811-2435,5358164
9374869903505687852899,02188-3907,5358164
9374869903505687864083,94080-3360,5358164
9374869903505687881721,89032-2473,5358164
9374869903505687884371,76065-7098,5358164
9374869903505687893717,19709-7870,5358164
9374869903505687895261,91741-2605,5358164
9374869903505687909418,23323-1739,5358164
9374869903505687937602,75407-2666,5358164
9374869903505687941050,44024-7013,5358164
9374869903505687944341,05345-9760,5358164
9374869903505687948813,19802-3149,5358164
9374869903505687953107,02330-1426,5358164
9374869903505687954357,63017-8022,5358164
9374869903505687956955,92844-2539,5358164
9374869903505687960310,91304-2873,5358164
9374869903505687961287,64014-5124,5358164
9374869903505687965100,85382-7723,5358164
9374869903505687971262,60448-9105,5358164
9374869903505687973266,78557-3741,5358164
331D8753E9B34C01B4253C55E,M3C1C6,5358164
1B92FFB8CE0742CC8FCF66C07,M5G2J8,5358164
1F3FD930D1C940F49A01FC60F,T3g3c9,5358164
9F6BA0C9C24C475884856EFBE,L6Y5A5,5358164
9374869903505696120705,11212-6452,5358164
9374869903505696131435,91104-2760,5358164
9374869903505696164440,08805-1704,5358164
9374869903505696185339,34786-9518,5358164
9374869903505696224465,49504-6350,5358164
9374869903505696231456,40601-4621,5358164
9374869903505696250525,33014-6226,5358164
9374869903505696287156,02840-1389,5358164
9374869903505696308448,33823-3976,5358164
9374869903505696319222,75006-2663,5358164
9374869903505696331613,78724-8542,5358164
9374869903505696343166,33896-5531,5358164
9374869903505696357057,91340-1371,5358164
9374869903505696371077,77530-2870,5358164
9374869903505696383407,95670-3139,5358164
2983DF77742549ADB009F6FDE,L6Z 3P6,5358164
9374869903505696442630,38016-0925,5358164
9374869903505696461907,29486-6960,5358164
9374869903505696560280,75098-5563,5358164
9374869903505696581247,21136-3800,5358164
9374869903505696597088,90631-5372,5358164
9374869903505696612743,01915-2512,5358164
9374869903505696663011,02840-1327,5358164
9374869903505696681350,33445-1282,5358164
9374869903505696693995,85009-2548,5358164
9374869903505696713105,89103-2280,5358164
9374869903505696724804,77036-1533,5358164
9374869903505696739785,17701-3862,5358164
9374869903505696746240,43147-0436,5358164
9374869903505696758403,34145-3170,5358164
9374869903505696772638,95205-6112,5358164
9374869903505696787755,93536-6633,5358164
9374869903505696886533,90059,5358164
9374869903505696892190,77088-2838,5358164
9374869903505696895443,33054-3069,5358164
9374869903505696897478,11375-6816,5358164
9374869903505696902912,21208-2351,5358164
9374869903505696913895,05495-8101,5358164
9374869903505696941904,11437-0001,5358164
9374869903505696947302,85301-2200,5358164
9374869903505696951934,85323-7905,5358164
9374869903505696959640,93619-4299,5358164
9374869903505696968635,48188-5223,5358164
9374869903505696975084,54703-6000,5358164
9374869903505696985151,97218-2549,5358164
9374869903505696986172,90280-3432,5358164
9374869903505696989067,14209-1002,5358164
9374869903505696997192,06451-5246,5358164
9374869903505697003861,29617-7904,5358164
9374869903505697005858,27292-6930,5358164
9374869903505697010081,94568-7680,5358164
9374869903505697013020,13760-9705,5358164
9374869903505697019848,19604-2001,5358164
9374869903505697024897,89115-2257,5358164
9374869903505697031185,60451-1520,5358164
9374869903505697043188,28613-9029,5358164
9374869903505697048541,78541-4557,5358164
9374869903505697048091,89701-3478,5358164
9374869903505697055501,21921-4850,5358164
9374869903505697061236,37721-5148,5358164
9374869903505697063445,41102-8866,5358164
9374869903505697070641,30044-4048,5358164
9374869903505697077855,85737-7710,5358164
9374869903505697151531,49424-9388,5358164
9374869903505697159698,24112-4020,5358164
9374869903505697164043,49337-8200,5358164
9374869903505697175506,78537-2616,5358164
9374869903505697187691,78741-1333,5358164
9374869903505697195917,87507-4825,5358164
9374869903505697222194,84790-1885,5358164
6F376F3F64E24AAD980099051,N5X0K3,5358164
17130F70F0894A39AECB19733,L0S1T0,5358164
D1B34B0FC01149BBA9247E0C2,L6X 0J9,5358164
AE0EF6CF41E943E8871202DA3,L6r1n1,5358164
5FF7CEBE71C34CB6AB35345AC,B0h1t0,5358164
19821D79181F41649B7DD0386,m3n1j2,5358164
10D41ECA44F04533AAC6AB035,V4N 1M7,5358164
8609597D11B54A2C877199C82,V2T 4W9,5358164
01755A522CC6490FA65CE369A,L6R2G2,5358164
77E29A9CEC454028998052AEF,m3n1j9,5358164
986F45109B2E4D4EA856775A8,R5M 0A3,5358164
4441311106C247468D9952B9E,3058,5358164
7766B9AFECAB4C21AC14DE164,4123,5358164
9374869903505697364061,34746,5358164
9374869903505702705155,66046-5486,5358164
9374869903505702749807,75160-0037,5358164
9374869903505702757130,48034-1870,5358164
9374869903505702772683,76502-1328,5358164
9374869903505702784198,01835-7335,5358164
9374869903505702813225,16102-1245,5358164
9374869903505702848142,97027-2283,5358164
9374869903505702875940,46112-5543,5358164
9374869903505702899595,46628-9376,5358164
9374869903505702906606,30044-3159,5358164
9374869903505702920893,89131-8263,5358164
9374869903505702931899,75054-7229,5358164
9374869903505702936405,63128-4025,5358164
9374869903505702940983,11208-1928,5358164
9374869903505702945001,10801-1605,5358164
9374869903505702951460,07002-1835,5358164
9374869903505702957233,52241-2836,5358164
9374869903505702959206,33010-3219,5358164
9374869903505702974346,85349-7315,5358164
9374869903505702982556,78750-2828,5358164
9374869903505702985069,28078-6004,5358164
9374869903505702998977,64058-1147,5358164
9374869903505703001768,75791-9376,5358164
9374869903505703005049,53235-5538,5358164
9374869903505703008583,11580-4716,5358164
9374869903505703020011,31558-2569,5358164
9374869903505703026914,71941-8959,5358164
9374869903505703026310,89113-1763,5358164
9374869903505703030737,77521-7512,5358164
9374869903505703034513,60617-6602,5358164
9374869903505703037866,46738-1408,5358164
9374869903505703040156,44052-2846,5358164
736D1CAA7EAB434D90C03D807,J9J 1Z2,5358164
89414E72B7544DEB9D8B383BB,2790,5358164
5A6E1792A910488D87C3DDBB8,V6T 2G8,5358164
9374869903505707608390,32738-7912,5358164
9374869903505707633361,21227-3414,5358164
9374869903505707647610,15825-2172,5358164
9374869903505707658654,95343-5003,5358164
9374869903505707664778,93907-1716,5358164
9374869903505707668967,78660-3740,5358164
9374869903505707673480,59832-0408,5358164
9374869903505707679246,95608-2859,5358164
9374869903505707682789,11694-2850,5358164
9374869903505707682475,52402-5905,5358164
9374869903505707683373,89104-5427,5358164
9374869903505707690012,39842-1837,5358164
9374869903505707691484,07106-3506,5358164
9374869903505707693310,76049-3404,5358164
9374869903505707696168,46055-6219,5358164
9374869903505707700094,97229-1755,5358164
17F8D46093D0411AB3966E688,L6A1H5,5358164
2CB114DA9B22453C9E64DF16D,t2g 0c7,5358164
4B2B61B6FABC436293E340965,V3T0A2,5358164
DAC4B3B850B3411D828923D67,G2K2A9,5358164
6CBD36A24C7742709DE1B06CA,L4J 7Z3,5358164
B111FFD9A2D94FECBC38D3769,330-714,5358164
9374869903505712441494,10977-3141,5358164
9374869903505712452841,54631-8263,5358164
9374869903505712457372,54868-8538,5358164
9374869903505712480424,08880-1109,5358164
9374869903505712505813,90301-2690,5358164
9374869903505712534585,92551-2924,5358164
9374869903505712600983,33189-1708,5358164
9374869903505712608682,60612-1255,5358164
9374869903505712611415,02169-4937,5358164
9374869903505712618445,27455-2349,5358164
9374869903505712623302,98374-9225,5358164
9374869903505712627546,61109-4137,5358164
9374869903505712628123,10512-4416,5358164
9374869903505712630492,78574-5637,5358164
9374869903505712635817,10550-1489,5358164
9374869903505712639037,21742-4238,5358164
9374869903505712641610,89107-2623,5358164
9374869903505712643713,78840-4045,5358164
9374869903505712653972,96746-1574,5358164
9374869903505712657635,49886-9761,5358164
9374869903505712659936,34249-2602,5358164
3A76E28840F2450FA525F66C6,P0L 2B0,5358164
803202B9B6954000950E697A3,G5C 3T1,5358164
EC86D88ACF7948BB9D19652EA,m1b4n7,5358164
9374869903505712688035,78676-9142,5358164
9374869903505717054200,46254-4372,5358164
9374869903505717164220,35654-7936,5358164
9374869903505717174519,29073-6935,5358164
9374869903505717207873,78410-1521,5358164
9374869903505717211429,44256-8893,5358164
9374869903505717219753,10128-5480,5358164
9374869903505717225976,70115-2934,5358164
9374869903505717238808,92311-2924,5358164
9374869903505717240177,19010-1026,5358164
9374869903505717245042,40744-9367,5358164
9374869903505717249323,07022-1704,5358164
9374869903505717256048,16239-5423,5358164
9374869903505717261691,08202-2125,5358164
9374869903505717261288,37814-2511,5358164
9374869903505717265958,11434-6105,5358164
9374869903505717269642,97477-3254,5358164
4A94B39B7DB4440FB03B277D6,T1W 3M1,5358164
34AA6220169845208B2D4A60F,g2a 0a4,5358164
C6D862FD2E63438E895B1B95A,2220904,5358164
9374869903505726466438,55364-1937,5358164
9374869903505726476796,90621-1351,5358164
9374869903505726494301,95422-9715,5358164
9374869903505726516119,53711-3136,5358164
9374869903505726570807,03858-3103,5358164
9374869903505726588550,33021-3547,5358164
9374869903505726610251,75038-8421,5358164
9374869903505726628713,89509-1037,5358164
9374869903505726695401,33566-8411,5358164
9374869903505726714065,98569-0337,5358164
9374869903505726737583,33143-7911,5358164
9374869903505726756614,91304-3500,5358164
9374869903505726774816,58503-7804,5358164
9374869903505726798027,78526-2810,5358164
9374869903505726827567,07094-3016,5358164
9374869903505726829639,13039-7926,5358164
9374869903505726832677,75146-1315,5358164
9374869903505726837719,29053-9379,5358164
9374869903505726840665,44710-2000,5358164
9374869903505726850527,33155-2030,5358164
9374869903505726853214,84401-0613,5358164
9374869903505726860281,75440-5545,5358164
9374869903505726875681,08690-3525,5358164
9374869903505726881378,33010-3629,5358164
9374869903505726888551,43613-4615,5358164
9374869903505726893883,34116-9084,5358164
9374869903505726904992,46932-5011,5358164
9374869903505726909430,32780-5603,5358164
9374869903505726915929,30012-4052,5358164
9374869903505726928844,33487-3119,5358164
9374869903505726936030,95660-5088,5358164
9374869903505726941874,60458-2062,5358164
9374869903505726946879,03878-2223,5358164
9374869903505726951613,36869-3405,5358164
9374869903505726958018,92019-1990,5358164
9374869903505726963883,80014-1556,5358164
9374869903505726965221,10451-6955,5358164
9374869903505726978894,78251-2451,5358164
9374869903505726986240,43220-2416,5358164
9374869903505726990322,07106-3506,5358164
9374869903505726997147,71655-4931,5358164
9374869903505727007876,33139-5101,5358164
CEAFA400710C419FAAEC22B86,J0b 2b0,5358164
852DFC24894D46CDB795E6AD0,T5T6L2,5358164
908FDB8F80E44DF9AFE7D11B4,H4b 1R8,5358164
0113AC5D3FC64FFD88A2D2783,8014,5358164
9374869903505727065005,07728-2346,5358164
9374869903505733085417,46368-3310,5358164
9374869903505733098837,32839-4735,5358164
9374869903505733139448,78750-1651,5358164
9374869903505733150177,35121-1330,5358164
9374869903505733165027,33304-3632,5358164
9374869903505733177570,11385-3952,5358164
9374869903505733670903,84081-2709,5358164
9374869903505733673294,30331-2017,5358164
9374869903505733680445,22030-8570,5358164
9374869903505733742211,30260-1469,5358164
9374869903505733744598,70806-3456,5358164
9374869903505733748312,20866-3144,5358164
9374869903505733747179,76117-4871,5358164
9374869903505733754542,30153-6481,5358164
9374869903505733754450,80111-4215,5358164
9374869903505733760130,34222-4513,5358164
9374869903505733763056,68850-1219,5358164
9374869903505733766828,21040-3501,5358164
9374869903505733768501,77493-2593,5358164
9374869903505733773659,33463-4259,5358164
9374869903505733778685,30680-8714,5358164
9374869903505733778968,76052-1402,5358164
9374869903505733781739,33055-3160,5358164
9374869903505733784723,95407-7976,5358164
3D2DBF02680F41BFAB2556270,42000,5358164
A7FAD22F53374A3DAC5802F6B,37260,5358164
68C929C0F01546788E0722AA1,E3V 4A9,5358164
B1FB0ED401A2410F939A9546B,L1J 3W2,5358164
35CA1CB4DF2A4BF09495402BF,N0N1M0,5358164
5DDABA48EABD45DAA78C1126A,V7N 1L2,5358164
9374869903505737960420,92311-2924,5358164
14E6469638774E5B8884F9DCC,MRS3000,5358164
9374869903505738050946,78255-3802,5358164
9374869903505738066565,38128-0920,5358164
9374869903505738089588,17020-7100,5358164
9374869903505738107015,30680-1855,5358164
9374869903505738116000,27012-8417,5358164
9374869903505738125828,33619-6330,5358164
9374869903505738128232,63017-1770,5358164
9374869903505738137043,02875-1009,5358164
9374869903505738147738,02905-2901,5358164
9374869903505738158406,37764-2446,5358164
9374869903505738163295,77035-4311,5358164
9374869903505738181176,10916-3201,5358164
9374869903505738186638,10452-3119,5358164
9374869903505738188458,71832-2122,5358164
9374869903505738190611,39842-1837,5358164
9374869903505738196729,95341-5247,5358164
353FEA33198F4A0892A779813,n6h 0e5,5358164
276E6391C95A4F609D3431F92,M2M 4K8,5358164
33933BD76F6D4BEAB3457FD20,PE33 9NP,5358164
8E85FF038AD949D2951DF1C26,m9b1s9,5358164
9374869903505738359643,19114-1537,5358164
9374869903505742876761,20871-4394,5358164
9374869903505742883622,83605-5677,5358164
9374869903505742916672,94607-3978,5358164
9374869903505742922109,60657-1975,5358164
9A026A4068FF401DA47D9DEB2,2690 - 375,5358164
81E29994B7FB473EB24F2BFCB,M9W6A7,5358164
619994F0B8004C3B837BC274B,J0E 1P0,5358164
E4EBB203D2E14E40B3AA27B9B,V7C 3A1,5358164
52D9417081C7470999AC180F5,T1V2A2,5358164
9374869903505743021351,55328-9110,5358164
9374869903505743029111,71302-5129,5358164
9374869903505743031084,92509-4239,5358164
9374869903505743034795,98902-1632,5358164
9374869903505743036508,48655-9744,5358164
9374869903505743039424,24592-4846,5358164
9374869903505743041229,75791-9376,5358164
9374869903505743043094,32504-8487,5358164
9374869903505743048532,32504-8487,5358164
9374869903505748594645,23220-6157,5358164
9374869903505748608977,95660-5423,5358164
9374869903505748620825,20695-3253,5358164
9374869903505748633122,80915-3312,5358164
9374869903505748822601,98051-9549,5358164
9374869903505748838749,60626-2294,5358164
9374869903505748917512,10552-3522,5358164
9374869903505748971774,73446-9531,5358164
9374869903505748974782,23093-6176,5358164
9374869903505748977479,99223-5726,5358164
9374869903505749010243,02067-1527,5358164
9374869903505749014135,24541-1818,5358164
9374869903505749021898,10467-4701,5358164
9374869903505749031583,38128-3345,5358164
9374869903505749035666,19805-3206,5358164
9374869903505749037776,07206-2387,5358164
9374869903505749041902,75035-3756,5358164
9374869903505749046334,98391-4206,5358164
BC1E09D070354D2EA5598CEBE,V1L7B8,5358164
F559C569BC6B4DBABB112F952,H7W 1G5,5358164
C5A7B66FFAF04E728C8AB2DF8,L6S4H9,5358164
62F43320CD5B458BA0F73072A,J0N1P0,5358164
16E485E08169423DA7B189834,B4b 1l4,5358164
9374869903505760138643,84120-5673,5358164
9374869903505760159259,31707-5722,5358164
9374869903505760164307,08735-1609,5358164
9374869903505760173736,95421-9554,5358164
9374869903505760192072,32506-8278,5358164
9374869903505760229600,20886-4954,5358164
9374869903505760242715,77014-1138,5358164
9374869903505760346352,45415-1448,5358164
9374869903505760359611,43119-8425,5358164
9374869903505760546875,48642-3353,5358164
9374869903505760584280,21075-6841,5358164
9374869903505760621732,30013,5358164
9374869903505760633551,78617-2225,5358164
9374869903505760644137,46303-7080,5358164
9374869903505760664531,7960,5358164
9374869903505760679795,33004-4450,5358164
9374869903505760694637,48350-1210,5358164
9374869903505760697485,99515-1531,5358164
9374869903505760704374,89142-1796,5358164
9374869903505760711549,93612-1511,5358164
9374869903505760764668,93280-3412,5358164
9374869903505760772663,90650-4271,5358164
9374869903505760776647,27834-9680,5358164
9374869903505760783188,07111-4362,5358164
9374869903505760793545,29518-3082,5358164
9374869903505760795761,08610-6153,5358164
9374869903505760814264,55418,5358164
9374869903505760820760,29316-0018,5358164
9374869903505760837676,88240-4943,5358164
9374869903505760840294,72946-3750,5358164
9374869903505760845787,14706-9660,5358164
9374869903505760849433,14048-3554,5358164
9374869903505760858350,75044-7023,5358164
9374869903505760864221,60148-2696,5358164
9374869903505760866409,94580-2246,5358164
9374869903505760873889,27284-7558,5358164
9374869903505760886797,61914-9540,5358164
9374869903505760889149,06010-8218,5358164
9374869903505760895690,92201-0909,5358164
9374869903505760900660,06417-1618,5358164
9374869903505760906167,03052-1041,5358164
9374869903505760910942,33409-7347,5358164
9374869903505760917590,30294-3100,5358164
9374869903505760924802,18103-4979,5358164
9374869903505760931411,33178-3170,5358164
9374869903505760938069,60451-1520,5358164
9374869903505760944701,70601-6608,5358164
7C70FBD85F1F48E2A5538423E,G8z1t5,5358164
567846A47615474FB1300C9C7,M3C1C6,5358164
DC92B4B9A9EE4AC2B20F8CDC7,T3J 0R7,5358164
A5E5B5990A1D424C9B08F2F1F,n9e4n2,5358164
20DF19A06FCD45D4BA98C62F8,N0H 2C2,5358164
D581BBA4EFF8479899BEF1DB1,S0k2a0,5358164
47E328FAAA7A4DFF98AAC90DF,T2X 4E3,5358164
9374869903505761065368,16749-1205,5358164
9374869903505761212885,89048-6531,5358164
9374869903505761249645,78725-2902,5358164
9374869903505767624088,30324-2968,5358164
9374869903505767653651,05495-9117,5358164
9374869903505767661083,89011-3207,5358164
9374869903505767670825,02180-4400,5358164
9374869903505767681456,95521-7119,5358164
9374869903505767842567,32303-3153,5358164
9374869903505767847869,39474-5502,5358164
9374869903505767854300,60616-4287,5358164
9374869903505767862367,60827-1736,5358164
9374869903505767866068,81507-3710,5358164
9374869903505767870737,10009-8041,5358164
9374869903505767873752,33141-3345,5358164
9374869903505767875206,31503-5819,5358164
9374869903505767882976,07107-2310,5358164
D8C69606B90B43C3B42F21CB7,j6w5p7,5358164
LW225441857US,2990,5358164
092DD9FC39284A1B9473991CC,L4A1A2,5358164
45CDA9537FAF4173BEC48E687,L7P3S6,5358164
9374869903505767956516,75074-6006,5358164
9374869903505767981426,89139-5858,5358164
9374869903505767996499,72854-9012,5358164
9374869903505773221318,35654-7936,5358164
9374869903505773249756,46628-9376,5358164
9374869903505773261529,98102-5463,5358164
9374869903505773267804,33137-5077,5358164
9374869903505773272259,33178-4388,5358164
9374869903505773289394,91730-8934,5358164
9374869903505773299928,29579-3629,5358164
9374869903505773305834,75023-3447,5358164
9374869903505773314904,92336-2609,5358164
9374869903505773319503,62650-2201,5358164
9374869903505773336203,19002-4102,5358164
9374869903505773384631,71237-9095,5358164
9374869903505773386727,23323-5704,5358164
9374869903505773388455,39564-3424,5358164
9374869903505773391820,18055-2700,5358164
9374869903505773401499,93442-2302,5358164
9374869903505773405152,76123-1982,5358164
9374869903505773409051,21229-2013,5358164
3EE99DA4552143B48F1D14358,J0L1N0,5358164
772F0321C0E94110BF3BED15F,l4c2l9,5358164
0EC748170D5E49F8855CF010D,R0A0W1,5358164
1ZY363Y90320004617,30044-8852,5358164
9374869903505779825381,30238-8719,5358164
9374869903505779856132,21874-1352,5358164
9374869903505779920871,07206-1323,5358164
9374869903505779943795,46845-8786,5358164
9374869903505780045044,33020-6459,5358164
9374869903505780061051,78253-6344,5358164
9374869903505780092550,10040-2335,5358164
9374869903505780103102,93536-6640,5358164
9374869903505780151769,19063-1160,5358164
9374869903505780205141,80111-4215,5358164
9374869903505780216796,80111-4215,5358164
9374869903505780225767,28412-7513,5358164
9374869903505780228386,85615-9551,5358164
9374869903505780235230,42602-0570,5358164
9374869903505780262137,14612-1449,5358164
9374869903505780270187,40517-2247,5358164
9374869903505780297023,28613-1823,5358164
9374869903505780301119,39110-7523,5358164
9374869903505780304226,85201-1919,5358164
9374869903505780310609,32224-5872,5358164
9374869903505780317974,13662-2225,5358164
9374869903505780330775,23223-5634,5358164
9374869903505780362684,32713-4531,5358164
9374869903505780362394,29644-1514,5358164
A1CC59A3591C49419B436766C,T8A2G1,5358164
023C33CD42FA4DA58B9BE74E0,K0K1T0,5358164
199B0E539C7A4750818AA6B13,J3Y8A2,5358164
10ACCF091C984B178CA7FAB04,H4b 1R8,5358164
0614F43D94214458AF579662F,SW18 1JH,5358164
CCEABB3AD62F4510B8CD87C4E,54060,5358164
7425E4547E8F4FDD90C216290,4400,5358164
9374869903505785941631,95815-1514,5358164
9374869903505785958707,06471-1245,5358164
9374869903505785969765,45236-2003,5358164
9374869903505786025774,95966-6826,5358164
9374869903505786077063,72404-8598,5358164
9374869903505786102215,06471-1245,5358164
9374869903505786113914,21093-3374,5358164
9374869903505786122756,11778-8600,5358164
9374869903505786129724,91740-4531,5358164
9374869903505786152784,44485-1508,5358164
9374869903505786166460,44143-3247,5358164
9374869903505786168396,33319-5154,5358164
9374869903505786170979,27822-8303,5358164
9374869903505786174052,92503-4841,5358164
9374869903505786188059,23834-1688,5358164
9374869903505786192988,19341-1808,5358164
9374869903505786196382,19382-5422,5358164
9374869903505786199949,02780-7851,5358164
9374869903505786202571,17112-8884,5358164
9374869903505786203066,80234-2637,5358164
9374869903505786209631,60056-1860,5358164
9374869903505786211986,75036-1019,5358164
9374869903505786215625,34491-5034,5358164
9374869903505786272314,07206-2387,5358164
9374869903505786282160,94963-0177,5358164
9374869903505786284416,78202-3209,5358164
9374869903505786288872,77535-1188,5358164
01677275B1FA4F2B976594E5B,J9p0c3,5358164
9DB236D0473C4590B868CF186,H4b 1R8,5358164
2C69DCFB06AE474193D7694C3,L6L 1P5,5358164
9374869903505786330847,44107-6212,5358164
9374869903505786343281,60193-1461,5358164
9374869903505796737186,60543-8447,5358164
9374869903505796804192,58428-9636,5358164
9374869903505796816591,78731-2569,5358164
9374869903505796827320,27576-2911,5358164
9374869903505796944096,78251-2179,5358164
9374869903505796986751,53946-8562,5358164
9374869903505797016907,34209-3722,5358164
9374869903505797034857,11355-2044,5358164
9374869903505797064731,37914-8927,5358164
9374869903505797083473,52556-3518,5358164
9374869903505797099788,40143-4526,5358164
9374869903505797118885,91602,5358164
9374869903505797130818,89129-6151,5358164
9374869903505797144693,55448-1437,5358164
9374869903505797175840,14227-1411,5358164
9374869903505797201709,07111-2599,5358164
9374869903505797220724,59829-1111,5358164
9374869903505797223237,33634-2210,5358164
9374869903505797228027,23510-1367,5358164
9374869903505797231607,00741-0335,5358164
9374869903505797241507,80021-6422,5358164
9374869903505797246199,40409-8462,5358164
9374869903505797252947,27405-2899,5358164
9374869903505797262021,65742-8626,5358164
9374869903505797272143,25261-8643,5358164
9374869903505797279715,20164-3563,5358164
9374869903505797288946,02364-1510,5358164
9374869903505797295739,90059,5358164
9374869903505797298303,10576-1722,5358164
9374869903505797303106,48047-1416,5358164
9374869903505797310142,60914-4909,5358164
9374869903505797317790,63834-9166,5358164
9374869903505797324699,97206-6716,5358164
9374869903505797334735,85345-4817,5358164
9374869903505797344338,73401-2275,5358164
9374869903505797349906,08823-1718,5358164
9374869903505797354634,08232-2623,5358164
9374869903505797358502,92124-1547,5358164
9374869903505797367627,95829-6087,5358164
9374869903505797561636,38242-7144,5358164
9374869903505797564866,91345-1524,5358164
9374869903505797567461,53222-3435,5358164
9374869903505797577194,49090-7768,5358164
9374869903505797587278,33442-8051,5358164
9374869903505797641321,76034-1485,5358164
9374869903505797643356,60451-1520,5358164
ADA69FE65EFC457190AD8144D,L7A 1R8,5358164
B0FCF08738AA440CB44ECB8F2,V9W6J9,5358164
FBB5674F78D34CDF961DAD0C0,V3W 6K7,5358164
2522DC773B2A4873AFE974756,69395,5358164
9374869903505804270100,7407,5358164
9374869903505804277123,98004-7116,5358164
9374869903505804290221,66062-1284,5358164
9374869903505804306403,11221-2946,5358164
9374869903505804320393,24055-4418,5358164
9374869903505804340414,36695-3105,5358164
9374869903505804344146,44310-1872,5358164
9374869903505804345211,01960-5211,5358164
9374869903505804351274,07111-2599,5358164
9374869903505804353483,32811-3216,5358164
9374869903505804357207,95206-6268,5358164
9374869903505804361112,89123-0750,5358164
9374869903505804372804,44287-9222,5358164
9374869903505804380557,35744-7524,5358164
9374869903505804384586,19702-4602,5358164
9374869903505804387464,04101-2055,5358164
9374869903505804394202,34759-4203,5358164
9374869903505804397739,89108-5323,5358164
9374869903505804397470,735,5358164
9374869903505804399498,97055-8410,5358164
9374869903505804413743,96746-1574,5358164
9374869903505804418601,96746-1574,5358164
9374869903505804418397,75244-5532,5358164
9374869903505804420260,30705-4610,5358164
9374869903505804424190,29579-7721,5358164
9374869903505804430306,94510-1960,5358164
015AF91DA6C64E2A9891DA4C4,66241,5358164
365A283894FD47539BA40CF8C,M1k4h4,5358164
7C5E9D2CC4884C8193E09AE5A,L8R1M5,5358164
9374869903505804526689,76123,5358164
9374869903505804541644,64844-8245,5358164
9374869903505810491094,90660-3655,5358164
9374869903505810505852,90046-7407,5358164
9374869903505810533084,11791-6607,5358164
9374869903505810543007,95841-2215,5358164
9374869903505810548941,19512-1249,5358164
9374869903505810627899,75023-3447,5358164
9374869903505810643554,60657-1975,5358164
9374869903505810666836,13021-2125,5358164
9374869903505810675876,70002-3165,5358164
9374869903505810683635,28806-2109,5358164
9374869903505810688890,28211-6204,5358164
9374869903505810694402,33012-6623,5358164
9374869903505810726905,63801-5313,5358164
9374869903505810734597,20769-2112,5358164
9374869903505810738243,18848-7722,5358164
9374869903505810753192,08349-3524,5358164
9374869903505810760084,83642-6238,5358164
9374869903505810767403,49316-7684,5358164
9374869903505810769155,93306-2845,5358164
9374869903505810775675,26836-1046,5358164
9300169903505810786622,99901-9211,5358164
9374869903505810788040,32312-9621,5358164
9374869903505810791828,21502-6867,5358164
445BDA55FC644AEC82D1014B9,L5M 7A9,5358164
A841C28FB2044AE8B118A981C,J2G 6T8,5358164
347E3383DDD94DE8BC9D8ADE2,4593,5358164
9374869903505810920068,64759-1539,5358164
9374869903505816706079,56560-6840,5358164
9374869903505816712209,01830-4043,5358164
9374869903505816727623,33023-6116,5358164
9374869903505816733297,50309-4241,5358164
9374869903505816743814,12839-1323,5358164
9374869903505816759709,27609-4935,5358164
9374869903505816762426,77062-3217,5358164
9374869903505816772821,43130-9750,5358164
9374869903505816776287,21048-1738,5358164
9374869903505816781014,37849-0427,5358164
9374869903505816781465,76226-0416,5358164
9374869903505816784718,22102-1603,5358164
9374869903505816785975,30316-1469,5358164
9374869903505816790689,46214-4200,5358164
9374869903505816794526,85924-0516,5358164
63BD3E17DE10439D8EC61277B,V3R2Y8,5358164
CB7A1682F3384DC8A3561E828,G6A 0A6,5358164
BFE667CC1C3B4058A0D862BE2,2112,5358164
9374869903505816874976,39110-4713,5358164
9374869903505816893397,02169-4937,5358164
9374869903505816902846,94303-1635,5358164
9374869903505822693066,735,5358164
9374869903505822751407,60515-3617,5358164
9374869903505822772204,66203-4015,5358164
9374869903505822784368,48071-3555,5358164
9374869903505822796552,23505-2167,5358164
9374869903505822826631,77583-2040,5358164
9374869903505822835459,30122-2900,5358164
9374869903505822847216,02130-1813,5358164
9374869903505822854627,02130-1813,5358164
9374869903505822862165,48505-1714,5358164
9374869903505822878319,93033-7913,5358164
9374869903505822950749,33409-7347,5358164
9374869903505822954372,29455-6209,5358164
9374869903505822960700,32141-6019,5358164
9374869903505822961387,15217-2617,5358164
9374869903505822965958,28754-7501,5358164
9374869903505822971799,08610-3323,5358164
9374869903505822973038,33009-6530,5358164
9374869903505822974394,71108-4909,5358164
9374869903505822977128,11223-3353,5358164
9374869903505823000948,29588-5379,5358164
9374869903505823001501,32304-8655,5358164
9374869903505823004052,28762-7639,5358164
9374869903505823008012,06519-2435,5358164
9374869903505823009774,33625-4096,5358164
9374869903505823012163,27805-9499,5358164
9374869903505823021622,90404-6565,5358164
9374869903505823023237,98321-7416,5358164
9F773D28126A45FC8FDBFC31D,H1E1L3,5358164
5E09F9A9432A429B9C74C4546,53490,5358164
205799E9C4604EC5A82B5DDB4,j3r2g2,5358164
13D39FBFA440413CA76B26B1B,j3r2g2,5358164
9374869903505835292263,44313-8613,5358164
9374869903505835320119,98383-8061,5358164
9374869903505835334840,11230-3938,5358164
9374869903505835366810,83401-3780,5358164
9374869903505835386795,01852-1626,5358164
9374869903505835412340,92103-3329,5358164
9374869903505835430061,28269-1507,5358164
9374869903505835443122,27021-9348,5358164
9374869903505835466954,51048-8064,5358164
9374869903505835484415,29340-2720,5358164
9374869903505835500597,34787-4541,5358164
9374869903505835509026,33319-6317,5358164
9374869903505835521189,83686-6118,5358164
9374869903505835599010,33147-1218,5358164
9374869903505835618384,11772-5209,5358164
9374869903505835635060,31409-5513,5358164
9374869903505835648145,27260-3424,5358164
9374869903505835673628,33436-9136,5358164
9374869903505835684761,77044-5019,5358164
9374869903505835694722,37042-3227,5358164
9374869903505835705503,02725-2010,5358164
9374869903505835710736,02725-2010,5358164
9374869903505835723316,92606-3187,5358164
9374869903505835737429,24450-6537,5358164
9374869903505835753917,99606-0010,5358164
9374869903505835770822,45320,5358164
9374869903505835790592,73044-7618,5358164
9374869903505835807399,34741-7545,5358164
9374869903505835847944,64151-2292,5358164
9374869903505835868635,92392-0480,5358164
9374869903505835873240,70113-2326,5358164
9374869903505835926137,68147-1007,5358164
9374869903505835939373,60062-8407,5358164
9374869903505835968120,24822,5358164
9374869903505835980856,33614-8116,5358164
9374869903505836008771,61109-4137,5358164
9374869903505836027215,28650-9658,5358164
9374869903505836163197,60827-1736,5358164
9374869903505836166433,77545-8714,5358164
9374869903505836172717,48150-3078,5358164
9374869903505836221583,33145-3517,5358164
9374869903505836227608,29323-8033,5358164
9374869903505836233449,78028-5152,5358164
9374869903505836240980,54481-3902,5358164
9374869903505836252303,07031-6713,5358164
9374869903505836322785,53235-5538,5358164
9374869903505836333682,16933-1055,5358164
9374869903505836340567,78076-3600,5358164
9374869903505836354687,07701-2159,5358164
9374869903505836361005,77079-3045,5358164
9300169903505836368772,96913-3150,5358164
9374869903505836379925,769,5358164
9300169903505836398281,00923-3014,5358164
85460A48C9204FD7B31B3EAEE,830,5358164
736051A64CE94B3F8CE5A150B,T2C 4X6,5358164
88CFD280A47E440D8CECBDCA7,L3Y 3A5,5358164
2CC54AF4BBB749848C1AEAE1A,T5b1n5,5358164
E8405794584E44CEBCDCCBE5A,J0K 2N0,5358164
A2D096B3A09B4AD69DE8C3E65,M3C1C6,5358164
54C5C5ED31BC4B9285677F756,L6y 1h1,5358164
BCE3421B894D4783A300E76ED,G5C2K1,5358164
7E0BD47DDA8F40C0800F6CD69,L4J8C2,5358164
8479D68B1225424986AA5ADD3,2020,5358164
9374869903505836591556,32808-6122,5358164
9374869903505842921804,11358,5358164
9374869903505842925406,06241-1740,5358164
9374869903505842932787,85029-2318,5358164
9374869903505842937201,07054-2213,5358164
9374869903505842944483,15061-2525,5358164
9374869903505842953317,22554-8446,5358164
9374869903505843034695,91768-1285,5358164
9374869903505843042881,40505-3308,5358164
9374869903505843058905,60647-3448,5358164
9374869903505843068331,47403-4608,5358164
9374869903505843073816,43050-4454,5358164
9374869903505843076817,19567-9218,5358164
9374869903505843079689,11411-1234,5358164
9374869903505843082313,44310-1754,5358164
9374869903505843087851,91335-5637,5358164
9374869903505843094071,32713-4531,5358164
9374869903505843095726,33060-5441,5358164
9374869903505843098055,40220-1725,5358164
9374869903505843101021,78676-9142,5358164
F761A6ACCC1F46CF8BC0BB5E4,v3v 7s5,5358164
13C2055A9A31445BB4812D830,M3J 1K6,5358164
5DBFC2114F03491A9C97A58D0,L1Z 1A7,5358164
EB550B94681749CDA3D201656,T5M1P6,5358164
92001901755477000418827942,976,5358164
9374869903505850342981,42431-9632,5358164
9374869903505850355097,08230-1104,5358164
9374869903505850386169,22204-5233,5358164
9374869903505850397394,77493-2915,5358164
9374869903505850409349,78238-3016,5358164
9374869903505850421242,30039-3983,5358164
9374869903505850427909,37716-5540,5358164
9374869903505850443015,45215-2719,5358164
9374869903505850445972,20879-5427,5358164
9374869903505850447808,33605-2570,5358164
9374869903505850450327,60516-1098,5358164
9374869903505850457692,46062-7361,5358164
9374869903505850459641,99212-0584,5358164
9374869903505850460142,36345-6159,5358164
9374869903505850461194,10470-2146,5358164
9374869903505850468872,91340-4136,5358164
4800521A36EC476C9EEE1AC38,J9J 3V1,5358164
051E85BFA6E14C2C87437B734,T5G1P8,5358164
3A531E3C70C4411886CD641B7,L0R1T0,5358164
E76F67714955440CAE6A5D0C8,7748427,5358164
229DE68D230049D9A77421749,3870,5358164
F826A4114F1D46A39D270B2EB,t2x3m7,5358164
9374869903505860655071,28734-3919,5358164
9374869903505860669559,27410-8115,5358164
9374869903505860682534,36054-1592,5358164
9374869903505860730723,89104-1954,5358164
9374869903505860753142,20853-2334,5358164
9374869903505860766005,91352-4518,5358164
9374869903505860776417,07424-1648,5358164
9374869903505860800549,20874-2828,5358164
9374869903505860816434,08873-1253,5358164
9374869903505860833844,48307-2115,5358164
9374869903505860859646,78574-6572,5358164
9374869903505860862967,93552-4424,5358164
9374869903505860876520,42602-0570,5358164
9374869903505860884990,26416,5358164
9374869903505860913508,11235-2525,5358164
9374869903505860929752,40437-9423,5358164
9374869903505860934633,48638-4429,5358164
9374869903505860949279,30005-3587,5358164
9374869903505860955584,33880-4906,5358164
9374869903505860954136,77053-1432,5358164
9374869903505860958684,29053-9379,5358164
9374869903505860964159,98506-3735,5358164
9374869903505860971232,33952-6629,5358164
9374869903505860977449,75248-3490,5358164
9374869903505860987431,30294-3100,5358164
9374869903505860994569,92555-4525,5358164
3E723248C15C4AC49A31A5E5C,G1l1v4,5358164
B8450EF6429D4DE49BDF75AE9,k4k0h3,5358164
9D85095C58A143AC9A6B1B5E0,N7T7C2,5358164
A8EEB1CE94C443DFBDDDF0E8B,m6m 5e2,5358164
4341B2F4331246A4A31FD6F20,H4M 2R1,5358164
415074B82DD949918E53B61A6,h1b5n6,5358164
C22F515F02E546F5BBE50CE72,T6J 7j8,5358164
9374869903505880344283,40965-2572,5358164
9374869903505880366414,89128-3148,5358164
9374869903505880412654,06241-1740,5358164
9374869903505880416577,70726-5990,5358164
9374869903505880441302,61348-1309,5358164
9374869903505880445188,66061-3188,5358164
9374869903505880476502,38801-3031,5358164
9374869903505880494292,11249-4000,5358164
9374869903505880511395,32305-7257,5358164
9374869903505880533991,33955-4120,5358164
9374869903505880552275,78413-6210,5358164
9374869903505880582975,75246-1082,5358164
9374869903505880674236,92345-6537,5358164
9374869903505880693442,75601-3535,5358164
9374869903505880797485,60654-8876,5358164
9374869903505880807986,60654-8876,5358164
9374869903505880814069,60654-8876,5358164
9374869903505880835804,37923-6626,5358164
9374869903505880860141,98660-1307,5358164
9374869903505880880798,98660-1307,5358164
9374869903505880925802,14120-1723,5358164
9374869903505880942045,84302-6792,5358164
9374869903505880966669,95112-5868,5358164
9374869903505881001215,46140-7683,5358164
A6977EB96E4548189B348AD80,T1W 3M1,5358164
9374869903505881805929,32439-2163,5358164
9374869903505881810220,79407-5911,5358164
9374869903505881826405,27284-8666,5358164
9374869903505881877360,28056-8643,5358164
9374869903505881932519,63368-6905,5358164
9374869903505881942488,76240-7533,5358164
9374869903505881956508,11377-1517,5358164
9374869903505881961502,33815-7332,5358164
9374869903505881981067,20004-2215,5358164
9374869903505881988165,39564-3424,5358164
9374869903505882003751,00729-2298,5358164
9374869903505882015037,06029-3824,5358164
9374869903505882022363,44446-3444,5358164
9374869903505882029898,29150-2023,5358164
9374869903505882045188,71291-9715,5358164
9374869903505882059024,95122-3248,5358164
9374869903505882066619,84738-1254,5358164
9374869903505882071347,94702-1854,5358164
9374869903505882077110,70127-3737,5358164
9374869903505882092564,28027-3595,5358164
9374869903505882098146,81005-2105,5358164
9374869903505882110329,22312-2501,5358164
9374869903505882119063,30044-4938,5358164
9374869903505882132406,30083-2211,5358164
9374869903505882138446,76244-6942,5358164
9374869903505882145932,85119-6592,5358164
9374869903505882149497,79761-6841,5358164
9374869903505882168474,44710-2000,5358164
9374869903505882188885,34221-2002,5358164
DFD9296AD0754BB48676C4FD3,K8B 1B8,5358164
4CAE7356F66B4201BD9C25018,2235208,5358164
7AABAF104D4E450982C899D76,3041,5358164
8CC5D1F6B6034830AEAF67B63,H2P 2X7,5358164
BDB79FD32A374B47B94D1983F,R7n2c2,5358164
F862C4F89F574E64B4F8B16E3,N5W4J3,5358164
C4A67C367C69413CA57D9A81D,h3c 0x6,5358164
7CE0FAA2378A4933B50A8AFF7,P5N2S1,5358164
86CE0C92F3034312B6C4272C1,N2V 1B2,5358164
1AFBB23506AD46358E511309F,N1R7G1,5358164
DFB3A1577D6D442E9C3F166F8,N7V2G3,5358164
9374869903505882943088,06615-7208,5358164
9374869903505882970954,33624-3089,5358164
9374869903505883000414,85301-2200,5358164
9374869903505891579605,33162,5358164
9374869903505891597760,28202-3382,5358164
9374869903505891610193,92404-5852,5358164
9374869903505891626859,48801-2563,5358164
9374869903505891645799,98801-1103,5358164
9374869903505891732581,60406-3272,5358164
9374869903505891781138,32837-7448,5358164
9374869903505891794251,92840-4329,5358164
9374869903505891822619,14228,5358164
9374869903505891844055,33064-6751,5358164
9374869903505891864244,37355-6942,5358164
9374869903505891893732,60707-1924,5358164
9374869903505891912396,98499-5784,5358164
9374869903505891938204,95329-9697,5358164
9374869903505891950053,16666-1649,5358164
9374869903505891961165,33437-7905,5358164
9374869903505891968133,72370-2042,5358164
9374869903505891972437,19140-4117,5358164
9374869903505891977456,78541-4557,5358164
9374869903505891983198,36830-8300,5358164
9374869903505891988582,76084-1186,5358164
9374869903505891989893,93306-2845,5358164
9374869903505891998499,96746-1574,5358164
9374869903505892003734,8349,5358164
30C9A18C66A444D0A8970257B,H3L 2H8,5358164
327404C67D1340F588DEA013F,K9A 2L2,5358164
62D45C0D4D7D48DCAB429ED4D,M9N 1K3,5358164
9C8E6DE6F0204FF18F54AED48,K0G 1J0,5358164
A92DA9A10C6F43699338D8F81,T9H 0Y3,5358164
9374869903505892108859,46062-7361,5358164
9374869903505901597193,33173-4563,5358164
9374869903505901644675,22044-3205,5358164
9374869903505901693581,97123-7214,5358164
9374869903505901728160,32092-1934,5358164
9374869903505901800637,72143-3806,5358164
9374869903505901822745,89139-6262,5358164
9374869903505901846611,44089-1532,5358164
9374869903505901869276,02816-6945,5358164
9374869903505901884200,38652-8915,5358164
9374869903505901887850,10451-6955,5358164
9374869903505901894223,07660-1846,5358164
9374869903505901900566,77055-1924,5358164
9374869903505901899396,85283-8416,5358164
9374869903505901903307,54762-9757,5358164
9374869903505901912729,60625-2334,5358164
9374869903505901917540,12884-7701,5358164
9374869903505901921417,29673-1033,5358164
9374869903505901928270,30047-6116,5358164
9374869903505901931027,18062-8413,5358164
9374869903505901936596,85298-9034,5358164
9374869903505901938651,11234-2751,5358164
9374869903505901940272,93933-5003,5358164
9374869903505901943358,54626-8765,5358164
194B5C87F8F046149411CEEFA,N0E 1A0,5358164
15DD0E8105F94418899DFB774,V5t 1x9,5358164
9374869903505901975892,20878-2840,5358164
9374869903505901979395,54451-1842,5358164
63B7875868F34DEFB105C5DE2,D01 K7X7,5358164
9374869903505910703813,60107-1580,5358164
9374869903505910718015,06810-6994,5358164
9374869903505910743475,92111-3405,5358164
9374869903505910810665,20708-3427,5358164
9374869903505910825737,38611-7632,5358164
9374869903505910848644,77038-2917,5358164
9374869903505910862701,76537-1960,5358164
9374869903505910883782,37924-4927,5358164
9374869903505911027956,51104-2837,5358164
9374869903505911030901,90745-4424,5358164
9374869903505911035937,35064-1560,5358164
9374869903505911038020,33071-6576,5358164
9374869903505911045981,00780-1317,5358164
9374869903505911053511,60411-6903,5358164
9374869903505911054174,75172-3325,5358164
9374869903505911055973,83113-5100,5358164
9374869903505911068645,90028-5623,5358164
9374869903505911067310,23141-1920,5358164
9374869903505911072826,53089-1986,5358164
9374869903505911077562,98665-6997,5358164
9374869903505911080821,34667-4372,5358164
9374869903505911084577,43213-4429,5358164
9374869903505911088674,11230-7567,5358164
B3CAE0CC8A60431EB5841DD92,H4H 1N1,5358164
2FB5D75EE24944C3AE62BCF13,518000,5358164
9374869903505911109881,14810-7819,5358164
9374869903505918616665,07840-4936,5358164
9374869903505918622758,53225-2640,5358164
9374869903505918639855,94597-2062,5358164
9374869903505918675709,28202-2029,5358164
9374869903505918683278,94086-9235,5358164
9374869903505918692508,91765-4440,5358164
9374869903505918704966,60172-2306,5358164
9374869903505918707912,33167-3615,5358164
9374869903505918713340,91205-2888,5358164
9374869903505918720775,33486-1326,5358164
9374869903505918726142,21921-6012,5358164
9374869903505918728399,28327-7360,5358164
9374869903505918734628,90620-4437,5358164
9374869903505918737087,22153-2607,5358164
9374869903505918741145,85338-1462,5358164
9374869903505918749127,51104-2837,5358164
9374869903505918752820,00656-1405,5358164
4FD46F2357BF4FF09EF4AA98F,V9L 6A9,5358164
9374869903505936755384,97230-7807,5358164
9374869903505936779120,10467-3364,5358164
9374869903505936794635,77551-2116,5358164
9374869903505936844934,11249,5358164
9374869903505936883803,11434-3114,5358164
9374869903505936902269,93230-7037,5358164
1B9CEDABA8E2461FAAEC45F3C,M1E 4S8,5358164
9374869903505936999016,97027-2359,5358164
9374869903505937011564,80015-6408,5358164
9374869903505937037878,78040-5613,5358164
9374869903505937073937,08043-1162,5358164
9374869903505937223578,87701-4941,5358164
9374869903505937239241,34240-1436,5358164
9374869903505937259645,64015-9650,5358164
9374869903505937280885,14871-9465,5358164
9374869903505937293335,77530-2448,5358164
9300169903505937350607,99801-9726,5358164
9374869903505937419643,66104-3855,5358164
9374869903505937429277,94591-8222,5358164
9374869903505937435858,07304-2508,5358164
9374869903505937441699,36611-1662,5358164
9374869903505937445932,33617-5418,5358164
9374869903505937476370,27822-8303,5358164
9374869903505937507760,34639-4781,5358164
9374869903505937514386,79404-2730,5358164
9374869903505937526242,07416-9704,5358164
9374869903505937541801,11207-8224,5358164
9374869903505937551893,77274-1611,5358164
9374869903505937564077,32958-4056,5358164
9374869903505937573314,16435-1425,5358164
9374869903505937584099,24541-1818,5358164
9374869903505937604568,34219-1611,5358164
9374869903505937609938,14477-9703,5358164
9374869903505937612204,01880-1338,5358164
9374869903505937618114,60409-1803,5358164
9374869903505937624986,92131-4262,5358164
9374869903505937629998,54495-2285,5358164
9374869903505937633766,66720-1348,5358164
9374869903505937634411,84790-1885,5358164
9374869903505937645448,20115-2863,5358164
9374869903505937649132,85392-3010,5358164
9374869903505937654792,34747-3229,5358164
9374869903505937661141,48854-9232,5358164
9374869903505937668126,20784-6318,5358164
9374869903505937673205,49868-7688,5358164
9374869903505937687226,11772-3607,5358164
9374869903505937697386,07104-1317,5358164
9374869903505937702264,23223-1207,5358164
9374869903505937709126,78681-7461,5358164
9374869903505937719835,90304-2625,5358164
9374869903505937726284,37923-1200,5358164
9374869903505937735828,19143-3672,5358164
0F07DF6EB3A74B67AA5EFBDD8,10090,5358164
58ACE2337C18455FBAC0048EE,2353401,5358164
9516A161FA664D3D9D329D283,k9j 6x7,5358164
9374869903505946747164,15068-5307,5358164
9374869903505946838435,31407-3709,5358164
9374869903505946857580,15227-2303,5358164
9374869903505946873085,29432-5981,5358164
9374869903505947041261,60452-4426,5358164
9374869903505947059426,24486-2454,5358164
9374869903505947075464,30349-8011,5358164
9374869903505947097572,81503-4955,5358164
9374869903505947127651,44060-4642,5358164
9374869903505947150161,30080-2751,5358164
9374869903505947176963,49037-1244,5358164
9374869903505947179155,10467-6427,5358164
9374869903505947185170,91311-3283,5358164
9374869903505947193823,71060-8980,5358164
9374869903505947197104,95380-4700,5358164
9374869903505947204581,92404-4222,5358164
9374869903505947204352,25427-3858,5358164
9374869903505947209135,08520-4607,5358164
9374869903505947217048,10916-3201,5358164
9374869903505947230658,78613-3734,5358164
283725E6D76143799416F54D8,l7a2a5,5358164
9374869903505947281797,75146-1315,5358164
9374869903505947289540,53189-7176,5358164
9374869903505955802663,89002-0405,5358164
9374869903505955810705,08361-2989,5358164
9374869903505955826867,89012-5783,5358164
9374869903505955836576,90047-4504,5358164
9374869903505955867839,11206-1601,5358164
9374869903505956203681,17408-6348,5358164
9374869903505956214502,78045-8183,5358164
9374869903505956241669,01801-4637,5358164
9374869903505956263838,80902-3288,5358164
9374869903505956266457,49424-8206,5358164
9374869903505956270775,24577-3222,5358164
9374869903505956273691,89113-6243,5358164
9374869903505956275848,96826-5419,5358164
9374869903505956281740,89113-1763,5358164
9374869903505956288190,92122-6663,5358164
9374869903505956296577,33068-3011,5358164
9374869903505956298021,44646-3218,5358164
9374869903505956302032,90723-2926,5358164
9374869903505956305255,07728-2346,5358164
9374869903505956312475,17517-1428,5358164
9374869903505956336150,23233-3316,5358164
9374869903505956357094,77396-6012,5358164
9374869903505964079094,33193-3318,5358164
9374869903505964091683,85395-8496,5358164
9374869903505964110834,89084-5497,5358164
9374869903505964138449,90004-1605,5358164
9374869903505964154418,20176-4033,5358164
9374869903505964389070,23831-6945,5358164
9374869903505964412785,37923-2258,5358164
9374869903505964440610,28112-7317,5358164
9374869903505964457595,60660-1103,5358164
9374869903505964463206,95815-1514,5358164
9374869903505964594061,95206-6268,5358164
9374869903505964596676,57401-2954,5358164
9374869903505964599004,10460-3227,5358164
9374869903505964601035,06704-1567,5358164
9374869903505964604739,19468-3227,5358164
9374869903505964606290,90703-6533,5358164
9374869903505964609284,56501-7250,5358164
9374869903505964617692,83815-8837,5358164
9374869903505964621149,60543-8276,5358164
9374869903505964624492,92019-1990,5358164
9374869903505964631360,38358-6262,5358164
9374869903505964636259,92704-6976,5358164
9374869903505964643950,33142-6134,5358164
9374869903505964646074,47265-8620,5358164
9374869903505964669226,25159-9663,5358164
9374869903505964672998,33023-6606,5358164
9374869903505964674299,95037-9194,5358164
9374869903505964678983,23117-4651,5358164
9374869903505964682942,08360-4316,5358164
9374869903505964687435,33543-6542,5358164
9374869903505964691227,77503-2009,5358164
9374869903505964693498,25608-1004,5358164
9374869903505964697496,04101-2055,5358164
9374869903505964705672,89706-2608,5358164
C64720C218BF4D459A395CE25,l7n3m2,5358164
9374869903505972244118,28786-5604,5358164
9374869903505972259143,94510-2419,5358164
9374869903505972281762,75401-2852,5358164
9374869903505972319502,80014-7446,5358164
9374869903505972331481,98422-2454,5358164
9374869903505972340773,32805-2404,5358164
9374869903505972351748,42701-2654,5358164
9374869903505972361204,72416-8654,5358164
9374869903505972367053,20866-3144,5358164
9374869903505972368449,28806-2109,5358164
9374869903505972373603,22192-2732,5358164
9374869903505972375188,32708-6523,5358164
9374869903505972383893,87031-4894,5358164
9374869903505972386320,33610-5104,5358164
9374869903505972391683,20147-3723,5358164
9374869903505972396299,78249-1839,5358164
9374869903505972406530,21136-3634,5358164
9374869903505972406486,38374-6200,5358164
9374869903505972413187,42050-1325,5358164
9374869903505972418779,34488-1448,5358164
9374869903505972420284,33870-6352,5358164
9374869903505972431679,49886-9761,5358164
9374869903505972430146,88240-4460,5358164
9374869903505972433031,29576-8306,5358164
9374869903505972448585,11105-1635,5358164
9374869903505987603047,78130,5358164
9374869903505987625919,63089-2436,5358164
9374869903505987654254,63031-4056,5358164
9374869903505987691037,75172-3328,5358164
9374869903505987707837,12210-2636,5358164
9374869903505987723745,92677-7529,5358164
9374869903505987809593,95831-5233,5358164
9374869903505987827047,11706-6517,5358164
9374869903505987838067,29369-9638,5358164
9374869903505987856238,48138-1564,5358164
9374869903505988000869,01852-5881,5358164
9374869903505988005147,01852-5881,5358164
9374869903505988087914,95831-5233,5358164
9374869903505988136544,86314-5401,5358164
9374869903505988165124,98445-3242,5358164
9374869903505988189632,33071-5067,5358164
9374869903505988202393,94552-5258,5358164
9374869903505988227150,95821-6319,5358164
9374869903505988244430,50131-1066,5358164
9374869903505988268368,54965-8204,5358164
9374869903505988271429,52308-0001,5358164
9374869903505988278510,76001-7407,5358164
9374869903505988281992,90405-7201,5358164
9374869903505988299737,27834-9680,5358164
9374869903505988305476,75149-3530,5358164
9374869903505988314560,29123-8960,5358164
9374869903505988323586,30040-0612,5358164
9374869903505988331574,54451-1842,5358164
9374869903505988340538,56444-6281,5358164
9374869903505988348282,25064-1805,5358164
9374869903505988353286,34951-4420,5358164
9374869903505988364633,71107-2533,5358164
9374869903505988376162,21122-1546,5358164
9374869903505988383344,94901-5117,5358164
9374869903505988394197,80123-7807,5358164
9374869903505988403493,76205-8036,5358164
9374869903505988410040,27834-6360,5358164
9374869903505988408368,27021-9520,5358164
9374869903505988417698,43224-5228,5358164
9374869903505988425570,77521-7512,5358164
9374869903505988432295,29651-6307,5358164
9374869903505988443901,48101-1452,5358164
9374869903505988454983,91381-2209,5358164
9374869903505988462421,71107-2533,5358164
9374869903505988471614,33064-4235,5358164
9374869903505988485536,30046-5839,5358164
9374869903505988491773,89408-9291,5358164
9374869903505988510627,44145-1042,5358164
9374869903505988517855,76643-3616,5358164
9374869903505988531400,55117-5224,5358164
9374869903505988545964,89113-3270,5358164
9374869903505988579495,99109-9638,5358164
9374869903505988588763,30165-1760,5358164
9374869903505988590742,32408-5135,5358164
9374869903505988593422,08318-2749,5358164
0224D34DBD8540ABBA027F83F,L4A 0J2,5358164
A844DBA0DAFB4F95867F6F9D3,SW18 1JH,5358164
E1B3F2B308F646B787DD7BC15,971,5358164
9374869903505988870714,19601-1418,5358164
9374869903505998288608,48912-1166,5358164
9374869903505998311009,32935-4558,5358164
9374869903505998342645,15697-1332,5358164
9374869903505998349354,23834-3754,5358164
9374869903505998362285,20175-6149,5358164
9374869903505998377623,14719-9564,5358164
9374869903505998386182,19809-1444,5358164
9370369903505998391291,36301-4612,5358164
9374869903505998396426,11355-2166,5358164
9374869903505998403254,06106-4626,5358164
9374869903505998405494,85035-6416,5358164
9374869903505998411891,42602-0570,5358164
9374869903505998418951,17104-2034,5358164
9374869903505998424242,65616-8671,5358164
9374869903505998431912,46055-6219,5358164
9374869903505998443861,28327-7360,5358164
9374869903505998447272,80550-5382,5358164
9374869903505998450074,93033-2302,5358164
9374869903505998452962,74631-3210,5358164
9374869903505998457981,39322-9765,5358164
4CB0874E74214B34A4A83AF9C,220-851,5358164
9374869903506005545486,46815-4217,5358164
9374869903506005575667,53959-1578,5358164
9374869903506005583679,77063-2342,5358164
9374869903506005814711,75072-2922,5358164
9374869903506005816166,75072-2922,5358164
9374869903506005831749,46224-8547,5358164
9374869903506005896151,12412-5213,5358164
9374869903506005919911,57201,5358164
9374869903506005950754,31405-5916,5358164
9374869903506005953793,91942-8157,5358164
9374869903506005956114,34219-9050,5358164
9374869903506005959948,11385-6541,5358164
9374869903506005969091,61241-8850,5358164
9374869903506005977829,33905-5563,5358164
9374869903506005978314,78516-4704,5358164
9374869903506005988405,16749-1205,5358164
9374869903506006026359,55104-4136,5358164
9374869903506006030721,30457-4635,5358164
9374869903506006030424,80104-8776,5358164
9374869903506006033135,07024-1955,5358164
9374869903506006075395,76226-0416,5358164
9374869903506006080030,19001-4038,5358164
9374869903506006085455,93561-7953,5358164
9374869903506006090091,98204-2122,5358164
9374869903506006094822,63137-3501,5358164
9374869903506006098301,85032-4738,5358164
9374869903506012767642,41063-8753,5358164
9374869903506012794372,30274-3616,5358164
9374869903506012849775,33027-4458,5358164
9374869903506012863436,23434-6334,5358164
9374869903506012884417,41017-2863,5358164
677C07BB06F1464EAB0F7F4BF,V8B 0L6,5358164
9374869903506012978246,42408-8944,5358164
9300169903506012990879,99921-0935,5358164
9374869903506012999562,27804-6220,5358164
9374869903506013020562,33027-4458,5358164
9374869903506013077320,61109-4137,5358164
9374869903506013080849,11580-2904,5358164
9374869903506013094242,46312-2521,5358164
9374869903506013107027,85142-5194,5358164
9374869903506013121030,64601-1818,5358164
9374869903506013122761,78244-1361,5358164
9374869903506013122112,45628-9763,5358164
9374869903506013125250,71037-9479,5358164
9374869903506013138830,75189-3570,5358164
9374869903506013138168,94806-6101,5358164
9374869903506013142592,77879-1403,5358164
9374869903506013151464,60451-1520,5358164
9374869903506013155134,46321-1503,5358164
9374869903506013152416,08360-4316,5358164
496EBADCA0564CE2A9E5B32C9,V5J 3E4,5358164
9374869903506013173473,07728-2976,5358164
9374869903506013176351,11229-5015,5358164
9374869903506013630501,23323-1433,5358164
9374869903506013642993,78665-3432,5358164
9374869903506013681909,80212-1636,5358164
9374869903506019824676,33596-6395,5358164
9374869903506019842199,45320,5358164
9374869903506019869714,84074-9069,5358164
9374869903506019881846,29732-5527,5358164
9374869903506019885202,27822-8303,5358164
9374869903506019896680,75052-3116,5358164
9374869903506019902268,19010-1026,5358164
9374869903506019919174,57785-2975,5358164
9374869903506019923904,46806-3345,5358164
9374869903506019924437,77494-2637,5358164
9374869903506019926073,94132-1121,5358164
9374869903506019933019,30457-4635,5358164
9374869903506019935099,24102-3391,5358164
9374869903506019936133,64854-9374,5358164
9374869903506019938021,33192-2147,5358164
FA80EF001FEB4D31BC01B1ABB,h7y1a8,5358164
9374869903506019967731,92231-3332,5358164
