Customer Confirmation Number,Delivery Confirmation Number,Receive Date,Recipient Name,Address Line 1,Address Line 2,City,State,Zip or Postal Code,Country,Weight (LBs),Mail Product Name,Customer Reference,BOL Number,Last Event Description,Last Event Time,Pickup Account Number,DHL Tracking Number,Pickup Address
'GM555348587000081748,',"03/30/2021 03:45:18 AM",KARIN MACNAB,"5A LANDALE RD","","TOORAK","VIC",'3142,AU,.19,"DHL Parcel Intl Standard","",',"EN ROUTE TO DHL ECOMMERCE",03:49:28 AM,5345286,'33882103305646928,"1584 CARROLL ST."
'GM555348587000081731,',"03/30/2021 03:45:18 AM",KARIN MACNAB,"5A LANDALE RD","","TOORAK","VIC",'3142,AU,.19,"DHL Parcel Intl Standard","",',"EN ROUTE TO DHL ECOMMERCE",03:49:28 AM,5345286,'33882103305646931,"1584 CARROLL ST."
'GM555348587000081755,',"03/30/2021 03:45:18 AM",JANE CLARKE,"56 GOLF COURSE LANE","","SAFETY BEACH","VIC",'3936,AU,.19,"DHL Parcel Intl Standard","",',"EN ROUTE TO DHL ECOMMERCE",03:49:28 AM,5345286,'33882103305646929,"1584 CARROLL ST."
'GM555348587000081724,',"03/30/2021 03:45:18 AM",HEIDI LAFFIN,"144 WREN ST","","LONGREACH","QLD",'4730,AU,.19,"DHL Parcel Intl Standard","",',"EN ROUTE TO DHL ECOMMERCE",03:49:28 AM,5345286,'33882103305646927,"1584 CARROLL ST."
'GM555348587000081717,',"03/30/2021 03:45:18 AM",STACEY CRITCHLEY,"130 GLENDOWER ST","","PERTH","WA",'6000,AU,.19,"DHL Parcel Intl Standard","",',"EN ROUTE TO DHL ECOMMERCE",03:49:28 AM,5345286,'33882103305646930,"1584 CARROLL ST."