Customer Confirmation Number,Delivery Confirmation Number,Receive Date,Recipient Name,Address Line 1,Address Line 2,City,State,Zip or Postal Code,Country,Weight (LBs),Mail Product Name,Customer Reference,BOL Number,Last Event Description,Last Event Time,Pickup Account Number,DHL Tracking Number,Pickup Address
'20210112143722540UAQDVT0,',"01/12/2021 09:37:25 am",,"130 Kaimanawa St","Kelvin Grove","Palmerston North","Manawatu",'4414,NZ,.25,"DHL Parcel Intl Standard","",'48993804,"EN ROUTE TO DHL ECOMMERCE",11:32:59 AM,5345229,'33872101126033741,"1584 CARROLL ST"
'20210112143721901TGR1REA,',"01/12/2021 09:37:24 am",,"3675 Labelle St","","Saint-Hubert","QC",'J3Y 8A2,CA,.25,"DHL Parcel Intl Standard","",'48993804,"EN ROUTE TO DHL ECOMMERCE",11:32:59 AM,5345229,'33872101126033740,"1584 CARROLL ST"
'20210112143721779FHXJO2D,',"01/12/2021 09:37:25 am",,"93 Orange St","","Cobourg","ON",'K9A 2L2,CA,.25,"DHL Parcel Intl Standard","",'48993804,"EN ROUTE TO DHL ECOMMERCE",11:32:59 AM,5345229,'33872101126033739,"1584 CARROLL ST"
'GM555348587000080758,',"01/12/2021 03:21:19 am",BILLIEJEAN CONWAY,"11 SPENCER ST","","ST. JOHN'S","NL",'A1C 4H1,CA,.19,"DHL Parcel Intl Standard","",',"EN ROUTE TO DHL ECOMMERCE",03:25:03 AM,5345286,'33882101125387016,"1584 CARROLL ST."
'GM555348587000080390,',"01/12/2021 03:21:19 am",LEIGH ANN LEBLANC,"21 DONOVAN ST","","MOUNT PEARL","NL",'A1N 2C5,CA,.19,"DHL Parcel Intl Standard","",',"EN ROUTE TO DHL ECOMMERCE",03:25:03 AM,5345286,'33882101125387130,"1584 CARROLL ST."
'GM555348587000081168,',"01/12/2021 03:21:19 am",JUDITH SAULNIER,"229 DENSMORE RD","","SHUBENACADIE","NS",'B0N 2H0,CA,.19,"DHL Parcel Intl Standard","",',"EN ROUTE TO DHL ECOMMERCE",03:25:03 AM,5345286,'33882101125387118,"1584 CARROLL ST."
'GM555348587000079929,',"01/12/2021 03:21:19 am",KAREN OUTERLEYS,"1129 PINE CREST DR","","CENTREVILLE","NS",'B0P 1J0,CA,.19,"DHL Parcel Intl Standard","",',"EN ROUTE TO DHL ECOMMERCE",03:25:03 AM,5345286,'33882101125381770,"1584 CARROLL ST."
'GM555348587000080680,',"01/12/2021 03:21:19 am",MARSHA MACLEAN,"535 CAMERON AVE","","NEW GLASGOW","NS",'B2H 5R8,CA,.19,"DHL Parcel Intl Standard","",',"EN ROUTE TO DHL ECOMMERCE",03:25:03 AM,5345286,'33882101125381859,"1584 CARROLL ST."
'GM555348587000080956,',"01/12/2021 03:21:19 am",ROSEMARY BELGRAVE,"24-260 BROWNLOW AVE","","DARTMOUTH","NS",'B3B 1V9,CA,.19,"DHL Parcel Intl Standard","",',"EN ROUTE TO DHL ECOMMERCE",03:25:03 AM,5345286,'33882101125387021,"1584 CARROLL ST."
'GM555348587000079837,',"01/12/2021 03:21:19 am",NATALIE SAMPSON,"149 LAKEWOOD DR","","BROOKSIDE","NS",'B3T 1S5,CA,.19,"DHL Parcel Intl Standard","",',"EN ROUTE TO DHL ECOMMERCE",03:25:03 AM,5345286,'33882101125381861,"1584 CARROLL ST."
'GM555348587000080895,',"01/12/2021 03:21:19 am",KATIE EICHEL,"HEBBVILLE","15645 HWY 3","HEBBVILLE","NS",'B4V 6X8,CA,.19,"DHL Parcel Intl Standard","",',"EN ROUTE TO DHL ECOMMERCE",03:25:03 AM,5345286,'33882101125387027,"1584 CARROLL ST."
'GM555348587000080833,',"01/12/2021 03:21:19 am",THÉO BRIDEAU,"365-1060 ROUTE 365","","GAUVREAU","NB",'E1X 2R1,CA,.19,"DHL Parcel Intl Standard","",',"EN ROUTE TO DHL ECOMMERCE",03:25:03 AM,5345286,'33882101125381938,"1584 CARROLL ST."
'GM555348587000080628,',"01/12/2021 03:21:19 am",ROBERT KEEFE,"14 LINDEN CRES","","ROTHESAY","NB",'E2E 5R7,CA,.19,"DHL Parcel Intl Standard","",',"EN ROUTE TO DHL ECOMMERCE",03:25:03 AM,5345286,'33882101125381941,"1584 CARROLL ST."
'GM555348587000080062,',"01/12/2021 03:21:19 am",REBECCA FOSTER,"208 MEADOW DR","","DARLINGS ISLAND","NB",'E5N 6P8,CA,.19,"DHL Parcel Intl Standard","",',"EN ROUTE TO DHL ECOMMERCE",03:25:03 AM,5345286,'33882101125387124,"1584 CARROLL ST."
'GM555348587000081021,',"01/12/2021 03:21:19 am",GREG OLSSON,"366 HALL RD","","LAKESIDE","NB",'E5N 7G7,CA,.19,"DHL Parcel Intl Standard","",',"EN ROUTE TO DHL ECOMMERCE",03:25:03 AM,5345286,'33882101125381934,"1584 CARROLL ST."
'GM555348587000079714,',"01/12/2021 03:21:19 am",MATHIEU ALBERT,"295 CH LE BOUTHILLER","","SAINT-SIMON","NB",'E8P 1Z5,CA,.19,"DHL Parcel Intl Standard","",',"EN ROUTE TO DHL ECOMMERCE",03:25:03 AM,5345286,'33882101125381769,"1584 CARROLL ST."
'GM555348587000080543,',"01/12/2021 03:21:19 am",FRÉDÉRIC CARPENTIER,"14","RUE BORD DE LEAU","BEAUMONT","QC",'G0R 1C0,CA,.19,"DHL Parcel Intl Standard","",',"EN ROUTE TO DHL ECOMMERCE",03:25:03 AM,5345286,'33882101125387019,"1584 CARROLL ST."
'GM555348587000080307,',"01/12/2021 03:21:19 am",DANY BRISEBOIS,"4 CH KARL","","STONEHAM-ET-TEWKESBURY","QC",'G3C 1C5,CA,.19,"DHL Parcel Intl Standard","",',"EN ROUTE TO DHL ECOMMERCE",03:25:03 AM,5345286,'33882101125381778,"1584 CARROLL ST."
'GM555348587000079745,',"01/12/2021 03:21:19 am",CHANTAL BOUDREAU,"656 RUE DES GALETS","","SEPT-ILES","QC",'G4R 0C1,CA,.19,"DHL Parcel Intl Standard","",',"EN ROUTE TO DHL ECOMMERCE",03:25:03 AM,5345286,'33882101125387013,"1584 CARROLL ST."
'GM555348587000079813,',"01/12/2021 03:21:19 am",SYLVIE CARRÉ,"401-127 RUE DES PINS","","AMQUI","QC",'G5J 2W4,CA,.19,"DHL Parcel Intl Standard","",',"EN ROUTE TO DHL ECOMMERCE",03:25:03 AM,5345286,'33882101125381947,"1584 CARROLL ST."
'GM555348587000079783,',"01/12/2021 03:21:19 am",FRÉDÉRIC CHOQUETTE,"3340 RUE SÉVIGNY","","LAC-MÉGANTIC","QC",'G6B 3J2,CA,.19,"DHL Parcel Intl Standard","",',"EN ROUTE TO DHL ECOMMERCE",03:25:03 AM,5345286,'33882101125381783,"1584 CARROLL ST."
'GM555348587000081205,',"01/12/2021 03:21:19 am",STEPHANE LAPLANTE,"463 RUE CARRETTE","","THETFORD MINES","QC",'G6G 3C8,CA,.19,"DHL Parcel Intl Standard","",',"EN ROUTE TO DHL ECOMMERCE",03:25:03 AM,5345286,'33882101125381944,"1584 CARROLL ST."
'GM555348587000080567,',"01/12/2021 03:21:19 am",NATHALIE HUARD,"29 RUE JOHN-BREAKEY","","LEVIS","QC",'G6Z 7M7,CA,.19,"DHL Parcel Intl Standard","",',"EN ROUTE TO DHL ECOMMERCE",03:25:03 AM,5345286,'33882101125381937,"1584 CARROLL ST."
'GM555348587000081083,',"01/12/2021 03:21:19 am",YVES TURGEON,"MONTREAL","1137 47E AV","MONTREAL","QC",'H1A 2Z1,CA,.19,"DHL Parcel Intl Standard","",',"EN ROUTE TO DHL ECOMMERCE",03:25:03 AM,5345286,'33882101125381792,"1584 CARROLL ST."
'GM555348587000080352,',"01/12/2021 03:21:19 am",AURELIE BAYART,"5337 BOUL SAINT-MICHEL","","MONTRÉAL","QC",'H1Y 2C8,CA,.19,"DHL Parcel Intl Standard","",',"EN ROUTE TO DHL ECOMMERCE",03:25:03 AM,5345286,'33882101125381869,"1584 CARROLL ST."
'GM555348587000079936,',"01/12/2021 03:21:19 am",GREICHE&SCAFF EATON FLORIAN GU,"2452 RUE JEAN TALON E","","MONTRÉAL","QC",'H2E 1W2,CA,.19,"DHL Parcel Intl Standard","",',"EN ROUTE TO DHL ECOMMERCE",03:25:03 AM,5345286,'33882101125381791,"1584 CARROLL ST."
'GM555348587000079882,',"01/12/2021 03:21:19 am",LEA HAZIZA,"5852 AV CLANRANALD","","MONTRÉAL","QC",'H3X 2T1,CA,.19,"DHL Parcel Intl Standard","",',"EN ROUTE TO DHL ECOMMERCE",03:25:03 AM,5345286,'33882101125381785,"1584 CARROLL ST."
'GM555348587000079646,',"01/12/2021 03:21:19 am",ELSA PEREZ,"5273 AV KING EDWARD","","MONTRÉAL","QC",'H4V 2J8,CA,.19,"DHL Parcel Intl Standard","",',"EN ROUTE TO DHL ECOMMERCE",03:25:03 AM,5345286,'33882101125381931,"1584 CARROLL ST."
'GM555348587000080116,',"01/12/2021 03:21:19 am",NICOLAS SILVA,"2262 RUE DE MILAN","","LAVAL","QC",'H7K 2H4,CA,.19,"DHL Parcel Intl Standard","",',"EN ROUTE TO DHL ECOMMERCE",03:25:03 AM,5345286,'33882101125387115,"1584 CARROLL ST."
'GM555348587000081069,',"01/12/2021 03:21:19 am",CAROLE BÉLEC,"4350 RUE DU CATAMARAN APT 102","","LAVAL","QC",'H7R 6K5,CA,.19,"DHL Parcel Intl Standard","",',"EN ROUTE TO DHL ECOMMERCE",03:25:03 AM,5345286,'33882101125387116,"1584 CARROLL ST."
'GM555348587000080727,',"01/12/2021 03:21:19 am",MARIE-JOSÉE PÉLOQUIN,"1103 RUE BESSIÈRES","","LAVAL","QC",'H7X 2Z4,CA,.19,"DHL Parcel Intl Standard","",',"EN ROUTE TO DHL ECOMMERCE",03:25:03 AM,5345286,'33882101125387188,"1584 CARROLL ST."
'GM555348587000080468,',"01/12/2021 03:21:19 am",VERENA RENGGLI,"3373 RUE DALBÉ-VIAU","MONTRÉAL","MONTRÉAL","QC",'H8T 3N2,CA,.19,"DHL Parcel Intl Standard","",',"EN ROUTE TO DHL ECOMMERCE",03:25:03 AM,5345286,'33882101125387125,"1584 CARROLL ST."
'GM555348587000080598,',"01/12/2021 03:21:19 am",ANNIE-FRANCE GAUTHIER,"103-16850 BOUL GOUIN O","","SAINTE-GENEVIÈVE","QC",'H9H 1E4,CA,.19,"DHL Parcel Intl Standard","",',"EN ROUTE TO DHL ECOMMERCE",03:25:03 AM,5345286,'33882101125387113,"1584 CARROLL ST."
'GM555348587000079622,',"01/12/2021 03:21:19 am",KARINE CADIEUX,"105 RUE DES FONDATEURS","","ST-PIE","QC",'J0H 1W0,CA,.19,"DHL Parcel Intl Standard","",',"EN ROUTE TO DHL ECOMMERCE",03:25:03 AM,5345286,'33882101125387008,"1584 CARROLL ST."
'GM555348587000079677,',"01/12/2021 03:21:19 am",JESSICA G. MONTREUIL,"3810 RUE ANTOINE LABELLE","","SAINT-ANTOINE-ABBÉ","QC",'J0S 1N0,CA,.19,"DHL Parcel Intl Standard","",',"EN ROUTE TO DHL ECOMMERCE",03:25:03 AM,5345286,'33882101125381855,"1584 CARROLL ST."
'GM555348587000079820,',"01/12/2021 03:21:19 am",MARIE-EVE RENÉ,"437 RUE LESSARD","","DRUMMONDVILLE","QC",'J2A 2C8,CA,.19,"DHL Parcel Intl Standard","",',"EN ROUTE TO DHL ECOMMERCE",03:25:03 AM,5345286,'33882101125381774,"1584 CARROLL ST."
'GM555348587000080123,',"01/12/2021 03:21:19 am",AL-HOUSSEIN OUEDRAOGO,"8305 BOUL SAINT-JOSEPH","","DRUMMONDVILLE","QC",'J2A 3W8,CA,.19,"DHL Parcel Intl Standard","",',"EN ROUTE TO DHL ECOMMERCE",03:25:03 AM,5345286,'33882101125387114,"1584 CARROLL ST."
'GM555348587000080451,',"01/12/2021 03:21:19 am",MÉLISSA PROULX,"207-19 RUE DONAIS","","SAINT-JEAN-SUR-RICHELIEU","QC",'J2W 2J7,CA,.19,"DHL Parcel Intl Standard","",',"EN ROUTE TO DHL ECOMMERCE",03:25:03 AM,5345286,'33882101125387102,"1584 CARROLL ST."
'GM555348587000080918,',"01/12/2021 03:21:19 am",CARMEN RIENDEAU,"455 RUE DUBOIS","","BELOEIL","QC",'J3G 2K4,CA,.19,"DHL Parcel Intl Standard","",',"EN ROUTE TO DHL ECOMMERCE",03:25:03 AM,5345286,'33882101125387109,"1584 CARROLL ST."
'GM555348587000080291,',"01/12/2021 03:21:19 am",JUDITH HÉBERT,"1295 RUE RICHELIEU","","BROSSARD","QC",'J4X 1H1,CA,.19,"DHL Parcel Intl Standard","",',"EN ROUTE TO DHL ECOMMERCE",03:25:03 AM,5345286,'33882101125381867,"1584 CARROLL ST."
'GM555348587000080987,',"01/12/2021 03:21:19 am",DENIS RENAUD,"N/A","14 PLACE DE VAL-DES-BOIS","SAINTE-SOPHIE","QC",'J5J 0C7,CA,.19,"DHL Parcel Intl Standard","",',"EN ROUTE TO DHL ECOMMERCE",03:25:03 AM,5345286,'33882101125387103,"1584 CARROLL ST."
'GM555348587000080239,',"01/12/2021 03:21:19 am",MAXIME DURAND,"108 RUE JETTE","","NOTRE-DAME-DES-PRAIRIES","QC",'J6E 1H4,CA,.19,"DHL Parcel Intl Standard","",',"EN ROUTE TO DHL ECOMMERCE",03:25:03 AM,5345286,'33882101125387018,"1584 CARROLL ST."
'GM555348587000079769,',"01/12/2021 03:21:19 am",JOANNIE LAPOINTE,"403-142 RUE PASTEUR","","CHÂTEAUGUAY","QC",'J6K 4J8,CA,.19,"DHL Parcel Intl Standard","",',"EN ROUTE TO DHL ECOMMERCE",03:25:03 AM,5345286,'33882101125381935,"1584 CARROLL ST."
'GM555348587000080154,',"01/12/2021 03:21:19 am",GINETTE DUGAL,"3 RUE VICTORIA E APP 2","","SALABERRY-DE-VALLEYFIELD","QC",'J6T 2L1,CA,.19,"DHL Parcel Intl Standard","",',"EN ROUTE TO DHL ECOMMERCE",03:25:03 AM,5345286,'33882101125381865,"1584 CARROLL ST."
'GM555348587000079684,',"01/12/2021 03:21:19 am",ROCHENERT GEORGES,"630 RUE ERNEST S MATHIEU","","TERREBONNE","QC",'J6W 2X4,CA,.19,"DHL Parcel Intl Standard","",',"EN ROUTE TO DHL ECOMMERCE",03:25:03 AM,5345286,'33882101125387035,"1584 CARROLL ST."
'GM555348587000080512,',"01/12/2021 03:21:19 am",DANNY LEBLANC,"4565 RUE ALEXANDRE","","TERREBONNE","QC",'J6W 4V6,CA,.19,"DHL Parcel Intl Standard","",',"EN ROUTE TO DHL ECOMMERCE",03:25:03 AM,5345286,'33882101125387104,"1584 CARROLL ST."
'GM555348587000079806,',"01/12/2021 03:21:19 am",LUCIE BIBEAU,"1485 RUE DE PLAISANCE","","TERREBONNE","QC",'J6X 4A3,CA,.19,"DHL Parcel Intl Standard","",',"EN ROUTE TO DHL ECOMMERCE",03:25:03 AM,5345286,'33882101125381876,"1584 CARROLL ST."
'GM555348587000080215,',"01/12/2021 03:21:19 am",JACQUES BOURBONNAIS,"418 RUE SIMONE BERTHIAUME","","TERREBONNE","QC",'J6Y 1Y1,CA,.19,"DHL Parcel Intl Standard","",',"EN ROUTE TO DHL ECOMMERCE",03:25:03 AM,5345286,'33882101125381933,"1584 CARROLL ST."
'GM555348587000081144,',"01/12/2021 03:21:19 am",CHRISTINE LABELLE,"285 BOUL BINETTE","","ST-EUSTACHE","QC",'J7P 5W1,CA,.19,"DHL Parcel Intl Standard","",',"EN ROUTE TO DHL ECOMMERCE",03:25:03 AM,5345286,'33882101125381781,"1584 CARROLL ST."
'GM555348587000079721,',"01/12/2021 03:21:19 am",STEVE BOISVERT,"1112 RUE OVILA-FORGET","","DEUX-MONTAGNES","QC",'J7R 7G3,CA,.19,"DHL Parcel Intl Standard","",',"EN ROUTE TO DHL ECOMMERCE",03:25:03 AM,5345286,'33882101125387121,"1584 CARROLL ST."
'GM555348587000080765,',"01/12/2021 03:21:19 am",DIANE GRATTON,"1595 MONTÉE À CHARLES","","SAINTE-ADÈLE","QC",'J8B 2X4,CA,.19,"DHL Parcel Intl Standard","",',"EN ROUTE TO DHL ECOMMERCE",03:25:03 AM,5345286,'33882101125381952,"1584 CARROLL ST."
'GM555348587000080673,',"01/12/2021 03:21:19 am",MELANIE NORMAND,"227 RUE DAVIDSON E","","GATINEAU","QC",'J8R 2N2,CA,.19,"DHL Parcel Intl Standard","",',"EN ROUTE TO DHL ECOMMERCE",03:25:03 AM,5345286,'33882101125381776,"1584 CARROLL ST."
'GM555348587000080420,',"01/12/2021 03:21:19 am",PIERRE CHARBONNEAU,"1-218 RUE DU PIRÉE","","GATINEAU","QC",'J9J 4B2,CA,.19,"DHL Parcel Intl Standard","",',"EN ROUTE TO DHL ECOMMERCE",03:25:03 AM,5345286,'33882101125381939,"1584 CARROLL ST."
'GM555348587000080055,',"01/12/2021 03:21:19 am",MELANIE BISSONNETTE,"2727 BOUVIER RD","","HAMMOND","ON",'K0A 2A0,CA,.19,"DHL Parcel Intl Standard","",',"EN ROUTE TO DHL ECOMMERCE",03:25:03 AM,5345286,'33882101125387107,"1584 CARROLL ST."
'GM555348587000081038,',"01/12/2021 03:21:19 am",SHARNI WILKES,"2487 RIVER RD","","KEMPTVILLE","ON",'K0G 1J0,CA,.19,"DHL Parcel Intl Standard","",',"EN ROUTE TO DHL ECOMMERCE",03:25:03 AM,5345286,'33882101125381870,"1584 CARROLL ST."
'GM555348587000080147,',"01/12/2021 03:21:19 am",MEGAN GOLDE,"1027 HWY 7","","OAKWOOD","ON",'K0M 2M0,CA,.19,"DHL Parcel Intl Standard","",',"EN ROUTE TO DHL ECOMMERCE",03:25:03 AM,5345286,'33882101125381958,"1584 CARROLL ST."
'GM555348587000079776,',"01/12/2021 03:21:19 am",ZUZANA LE CLAIR,"345 BLACKLEAF DR","","NEPEAN","ON",'K2J 0G1,CA,.19,"DHL Parcel Intl Standard","",',"EN ROUTE TO DHL ECOMMERCE",03:25:03 AM,5345286,'33882101125381866,"1584 CARROLL ST."
'GM555348587000081045,',"01/12/2021 03:21:19 am",JEAN JUNEAU,"124 GLOUCESTER ST N","","CORNWALL","ON",'K6H 3W4,CA,.19,"DHL Parcel Intl Standard","",',"EN ROUTE TO DHL ECOMMERCE",03:25:03 AM,5345286,'33882101125387014,"1584 CARROLL ST."
'GM555348587000081212,',"01/12/2021 03:21:19 am",MIKE NAPIER,"131 NOTCH HILL RD APT 401","","KINGSTON","ON",'K7M 2X4,CA,.19,"DHL Parcel Intl Standard","",',"EN ROUTE TO DHL ECOMMERCE",03:25:03 AM,5345286,'33882101125381868,"1584 CARROLL ST."
'GM555348587000080864,',"01/12/2021 03:21:19 am",BEVERLY SMTIH,"2651B GREENWOOD RD","","PEMBROKE","ON",'K8A 6W2,CA,.19,"DHL Parcel Intl Standard","",',"EN ROUTE TO DHL ECOMMERCE",03:25:03 AM,5345286,'33882101125381768,"1584 CARROLL ST."
'GM555348587000080703,',"01/12/2021 03:21:19 am",BEVERLY SMTIH,"2651B GREENWOOD RD","","PEMBROKE","ON",'K8A 6W2,CA,.19,"DHL Parcel Intl Standard","",',"EN ROUTE TO DHL ECOMMERCE",03:25:03 AM,5345286,'33882101125387036,"1584 CARROLL ST."
'GM555348587000080802,',"01/12/2021 03:21:19 am",ASHLEY BRAKE,"46 NAMAO DR","","TRENTON","ON",'K8V 1C6,CA,.19,"DHL Parcel Intl Standard","",',"EN ROUTE TO DHL ECOMMERCE",03:25:03 AM,5345286,'33882101125387024,"1584 CARROLL ST."
'GM555348587000079844,',"01/12/2021 03:21:19 am",MARCI FEARON,"312 NOFTALL GDNS","","PETERBOROUGH","ON",'K9H 0G6,CA,.19,"DHL Parcel Intl Standard","",',"EN ROUTE TO DHL ECOMMERCE",03:25:03 AM,5345286,'33882101125387017,"1584 CARROLL ST."
'GM555348587000080826,',"01/12/2021 03:21:19 am",DANA ROBERTSON,"10 WESTWOOD CRT","","LINDSAY","ON",'K9V 4P6,CA,.19,"DHL Parcel Intl Standard","",',"EN ROUTE TO DHL ECOMMERCE",03:25:03 AM,5345286,'33882101125387129,"1584 CARROLL ST."
'GM555348587000080222,',"01/12/2021 03:21:19 am",MELISSA ALBANESE,"3691 CONCESSION RD 7","","LORETTO","ON",'L0G 1L0,CA,.19,"DHL Parcel Intl Standard","",',"EN ROUTE TO DHL ECOMMERCE",03:25:03 AM,5345286,'33882101125381877,"1584 CARROLL ST."
'GM555348587000080000,',"01/12/2021 03:21:19 am",JULIE EDWARDS,"3958 CONCESSION RD 3","","NEWCASTLE","ON",'L1B 0M8,CA,.19,"DHL Parcel Intl Standard","",',"EN ROUTE TO DHL ECOMMERCE",03:25:03 AM,5345286,'33882101125387187,"1584 CARROLL ST."
'GM555348587000080857,',"01/12/2021 03:21:19 am",SHANNON KIFT,"72 MANN ST","","BOWMANVILLE","ON",'L1C 2H5,CA,.19,"DHL Parcel Intl Standard","",',"EN ROUTE TO DHL ECOMMERCE",03:25:03 AM,5345286,'33882101125381788,"1584 CARROLL ST."
'GM555348587000079752,',"01/12/2021 03:21:19 am",MELANIE JACKSON,"126 SOUTHFIELD AVE","","COURTICE","ON",'L1E 3K1,CA,.19,"DHL Parcel Intl Standard","",',"EN ROUTE TO DHL ECOMMERCE",03:25:03 AM,5345286,'33882101125381951,"1584 CARROLL ST."
'GM555348587000081007,',"01/12/2021 03:21:19 am",BARBARA LAST,"440 FARES ST","","PORT COLBORNE","ON",'L3K 1X5,CA,.19,"DHL Parcel Intl Standard","",',"EN ROUTE TO DHL ECOMMERCE",03:25:03 AM,5345286,'33882101125381793,"1584 CARROLL ST."
'GM555348587000079974,',"01/12/2021 03:21:19 am",NINA FOSTER,"22 BIRKDALE PL","","NEWMARKET","ON",'L3Y 0E2,CA,.19,"DHL Parcel Intl Standard","",',"EN ROUTE TO DHL ECOMMERCE",03:25:03 AM,5345286,'33882101125381880,"1584 CARROLL ST."
'GM555348587000080888,',"01/12/2021 03:21:19 am",TYLER SMITH,"713 JACKSON CRT","","NEWMARKET","ON",'L3Y 5A5,CA,.19,"DHL Parcel Intl Standard","",',"EN ROUTE TO DHL ECOMMERCE",03:25:03 AM,5345286,'33882101125387031,"1584 CARROLL ST."
'GM555348587000080383,',"01/12/2021 03:21:19 am",MARCO MAGNANTE,"18 LANGEN GATE","","WHITCHURCH-STOUFFVILLE","ON",'L4A 0Y4,CA,.19,"DHL Parcel Intl Standard","",',"EN ROUTE TO DHL ECOMMERCE",03:25:03 AM,5345286,'33882101125381790,"1584 CARROLL ST."
'GM555348587000080284,',"01/12/2021 03:21:19 am",VANESSA BENARROCH,"112 MACARTHUR DR","","VAUGHAN","ON",'L4J 8J6,CA,.19,"DHL Parcel Intl Standard","",',"EN ROUTE TO DHL ECOMMERCE",03:25:03 AM,5345286,'33882101125381787,"1584 CARROLL ST."
'GM555348587000080604,',"01/12/2021 03:21:19 am",JAMIE PENMAN,"34 TOUCHETTE DR","","BARRIE","ON",'L4N 6A1,CA,.19,"DHL Parcel Intl Standard","",',"EN ROUTE TO DHL ECOMMERCE",03:25:03 AM,5345286,'33882101125381853,"1584 CARROLL ST."
'GM555348587000080734,',"01/12/2021 03:21:19 am",DEVI SOMAIAH,"7541 CATALPA RD","","MISSISSAUGA","ON",'L4T 2T2,CA,.19,"DHL Parcel Intl Standard","",',"EN ROUTE TO DHL ECOMMERCE",03:25:03 AM,5345286,'33882101125381932,"1584 CARROLL ST."
'GM555348587000080505,',"01/12/2021 03:21:19 am",WANDER BETANCES,"1120 KOS BLVD","","MISSISSAUGA","ON",'L5J 4L6,CA,.19,"DHL Parcel Intl Standard","",',"EN ROUTE TO DHL ECOMMERCE",03:25:03 AM,5345286,'33882101125381857,"1584 CARROLL ST."
'GM555348587000080406,',"01/12/2021 03:21:19 am",MICHAEL MISCHKE,"2822 CASTLEBRIDGE DR","","MISSISSAUGA","ON",'L5M 5T5,CA,.19,"DHL Parcel Intl Standard","",',"EN ROUTE TO DHL ECOMMERCE",03:25:03 AM,5345286,'33882101125381789,"1584 CARROLL ST."
'GM555348587000080611,',"01/12/2021 03:21:19 am",HALTON QUACH,"857 LEDBURY CRES","","MISSISSAUGA","ON",'L5V 2P9,CA,.19,"DHL Parcel Intl Standard","",',"EN ROUTE TO DHL ECOMMERCE",03:25:03 AM,5345286,'33882101125381875,"1584 CARROLL ST."
'GM555348587000080635,',"01/12/2021 03:21:19 am",JESSICA CASOLA,"115 CUNNINGHAM DR","","VAUGHAN","ON",'L6A 1Z1,CA,.19,"DHL Parcel Intl Standard","",',"EN ROUTE TO DHL ECOMMERCE",03:25:03 AM,5345286,'33882101125381959,"1584 CARROLL ST."
'GM555348587000079899,',"01/12/2021 03:21:19 am",CARMELINA MARCHIONE,"9700 KEELE ST","","MAPLE","ON",'L6A 3Y6,CA,.19,"DHL Parcel Intl Standard","",',"EN ROUTE TO DHL ECOMMERCE",03:25:03 AM,5345286,'33882101125381689,"1584 CARROLL ST."
'GM555348587000080932,',"01/12/2021 03:21:19 am",MARLENE JOHNSON,"1196 THORESBY DR","","OAKVILLE","ON",'L6J 7K3,CA,.19,"DHL Parcel Intl Standard","",',"EN ROUTE TO DHL ECOMMERCE",03:25:03 AM,5345286,'33882101125381954,"1584 CARROLL ST."
'GM555348587000080949,',"01/12/2021 03:21:19 am",ANGE MOURALLI,"114 KAITTING TRAIL","","OAKVILLE","ON",'L6M 5K8,CA,.19,"DHL Parcel Intl Standard","",',"EN ROUTE TO DHL ECOMMERCE",03:25:03 AM,5345286,'33882101125387025,"1584 CARROLL ST."
'GM555348587000080246,',"01/12/2021 03:21:19 am",JUSTINE CAPANO,"51 STATIONVIEW PL","","BOLTON","ON",'L7E 1K9,CA,.19,"DHL Parcel Intl Standard","",',"EN ROUTE TO DHL ECOMMERCE",03:25:03 AM,5345286,'33882101125381955,"1584 CARROLL ST."
'GM555348587000081199,',"01/12/2021 03:21:19 am",TANYA MIHKELSON,"16672 SHAWS CREEK RD","","CALEDON","ON",'L7K 1K1,CA,.19,"DHL Parcel Intl Standard","",',"EN ROUTE TO DHL ECOMMERCE",03:25:03 AM,5345286,'33882101125381950,"1584 CARROLL ST."
'GM555348587000079998,',"01/12/2021 03:21:19 am",HAILEY WHITE,"48 BESTON DR","","HAMILTON","ON",'L8T 4W7,CA,.19,"DHL Parcel Intl Standard","",',"EN ROUTE TO DHL ECOMMERCE",03:25:03 AM,5345286,'33882101125381775,"1584 CARROLL ST."
'GM555348587000080963,',"01/12/2021 03:21:19 am",JASON LAMONT,"24 BOLAN CRT","","HAMILTON","ON",'L8V 1S7,CA,.19,"DHL Parcel Intl Standard","",',"EN ROUTE TO DHL ECOMMERCE",03:25:03 AM,5345286,'33882101125381957,"1584 CARROLL ST."
'GM555348587000080086,',"01/12/2021 03:21:19 am",DONNA CURRIE,"64 REGENT AVE","","HAMILTON","ON",'L9B 1B4,CA,.19,"DHL Parcel Intl Standard","",',"EN ROUTE TO DHL ECOMMERCE",03:25:03 AM,5345286,'33882101125381854,"1584 CARROLL ST."
'GM555348587000080130,',"01/12/2021 03:21:19 am",MICHELLE OPALINSKI,"149 SAND RD","","HOLLAND LANDING","ON",'L9N 1J2,CA,.19,"DHL Parcel Intl Standard","",',"EN ROUTE TO DHL ECOMMERCE",03:25:03 AM,5345286,'33882101125387026,"1584 CARROLL ST."
'GM555348587000080178,',"01/12/2021 03:21:19 am",CINDY THOMAS,"300 CHUCHMACH CLOSE","","MILTON","ON",'L9T 8B3,CA,.19,"DHL Parcel Intl Standard","",',"EN ROUTE TO DHL ECOMMERCE",03:25:03 AM,5345286,'33882101125381691,"1584 CARROLL ST."
'GM555348587000080970,',"01/12/2021 03:21:19 am",CHRIS YOUNG,"50 NORTHLINE RD","","TORONTO","ON",'M4B 3E2,CA,.19,"DHL Parcel Intl Standard","",',"EN ROUTE TO DHL ECOMMERCE",03:25:03 AM,5345286,'33882101125387119,"1584 CARROLL ST."
'GM555348587000080437,',"01/12/2021 03:21:19 am",HICHAM EL BOUHATI,"66 BROADWAY AVE","","TORONTO","ON",'M4P 1T6,CA,.19,"DHL Parcel Intl Standard","",',"EN ROUTE TO DHL ECOMMERCE",03:25:03 AM,5345286,'33882101125381953,"1584 CARROLL ST."
'GM555348587000080260,',"01/12/2021 03:21:19 am",ELLIOT MUCHNIK,"7 EDENVALE CRES","","TORONTO","ON",'M9A 4A5,CA,.19,"DHL Parcel Intl Standard","",',"EN ROUTE TO DHL ECOMMERCE",03:25:03 AM,5345286,'33882101125387110,"1584 CARROLL ST."
'GM555348587000080796,',"01/12/2021 03:21:19 am",HAZEL HILL-RACETTE,"PO BOX 88","9 OAK ST.","OHSWEKEN","ON",'N0A 1M0,CA,.19,"DHL Parcel Intl Standard","",',"EN ROUTE TO DHL ECOMMERCE",03:25:03 AM,5345286,'33882101125381784,"1584 CARROLL ST."
'GM555348587000080581,',"01/12/2021 03:21:19 am",ALEXANDRA RITCHIE,"34 ERIN HEIGHTS DR","","ERIN","ON",'N0B 1T0,CA,.19,"DHL Parcel Intl Standard","",',"EN ROUTE TO DHL ECOMMERCE",03:25:03 AM,5345286,'33882101125381856,"1584 CARROLL ST."
'GM555348587000080031,',"01/12/2021 03:21:19 am",KERRI WEBER,"366 EDWARD ST","366 EDWARD STREET","WINGHAM","ON",'N0G 2W0,CA,.19,"DHL Parcel Intl Standard","",',"EN ROUTE TO DHL ECOMMERCE",03:25:03 AM,5345286,'33882101125387009,"1584 CARROLL ST."
'GM555348587000080697,',"01/12/2021 03:21:19 am",TERESA AINSLIE,"PO BOX 16","781 GOULD ST","WIARTON","ON",'N0H 2T0,CA,.19,"DHL Parcel Intl Standard","",',"EN ROUTE TO DHL ECOMMERCE",03:25:03 AM,5345286,'33882101125381878,"1584 CARROLL ST."
'GM555348587000080529,',"01/12/2021 03:21:19 am",JAN BAUGHMAN-WILCOX,"42651 WALNUT ST","","UNION","ON",'N0L 2L0,CA,.19,"DHL Parcel Intl Standard","",',"EN ROUTE TO DHL ECOMMERCE",03:25:03 AM,5345286,'33882101125387127,"1584 CARROLL ST."
'GM555348587000080789,',"01/12/2021 03:21:19 am",LEA WARD,"51090 BROADWAY ST. BOX 411","","SPRINGFIELD","ON",'N0L 2J0,CA,.19,"DHL Parcel Intl Standard","",',"EN ROUTE TO DHL ECOMMERCE",03:25:03 AM,5345286,'33882101125387033,"1584 CARROLL ST."
'GM555348587000080499,',"01/12/2021 03:21:19 am",FAIZ ALHARBI,"3267 SOUTH TALBOT RD","","OLDCASTLE","ON",'N0R 1L0,CA,.19,"DHL Parcel Intl Standard","",',"EN ROUTE TO DHL ECOMMERCE",03:25:03 AM,5345286,'33882101125381863,"1584 CARROLL ST."
'GM555348587000080161,',"01/12/2021 03:21:19 am",MELISSA MCCOOEYE,"49 FERGUSON AVE","","CAMBRIDGE","ON",'N1R 6E9,CA,.19,"DHL Parcel Intl Standard","",',"EN ROUTE TO DHL ECOMMERCE",03:25:03 AM,5345286,'33882101125381936,"1584 CARROLL ST."
'GM555348587000080192,',"01/12/2021 03:21:19 am",DINA LEGGIO,"70 SENIOR CRESCENT","70 SENIOR CRES","CAMBRIDGE","ON",'N1T 2K6,CA,.19,"DHL Parcel Intl Standard","",',"EN ROUTE TO DHL ECOMMERCE",03:25:03 AM,5345286,'33882101125387030,"1584 CARROLL ST."
'GM555348587000080482,',"01/12/2021 03:21:19 am",PHILIP GILLEY,"1401-600 GREENFIELD AVE","","KITCHENER","ON",'N2C 2J9,CA,.19,"DHL Parcel Intl Standard","",',"EN ROUTE TO DHL ECOMMERCE",03:25:03 AM,5345286,'33882101125381779,"1584 CARROLL ST."
'GM555348587000080338,',"01/12/2021 03:21:19 am",KIMBERLY LYON,"60 HAMMACHER ST","","BADEN","ON",'N3A 4S1,CA,.19,"DHL Parcel Intl Standard","",',"EN ROUTE TO DHL ECOMMERCE",03:25:03 AM,5345286,'33882101125387010,"1584 CARROLL ST."
'GM555348587000080536,',"01/12/2021 03:21:19 am",HANNA PATRICK,"1410 CHARLOTTEVILLE ROAD 8","","SIMCOE","ON",'N3Y 4K5,CA,.19,"DHL Parcel Intl Standard","",',"EN ROUTE TO DHL ECOMMERCE",03:25:03 AM,5345286,'33882101125381956,"1584 CARROLL ST."
'GM555348587000081014,',"01/12/2021 03:21:19 am",MICHELE ROURKE,"5029 10TH LINE","","ST.MARYS","ON",'N4X1C4,CA,.19,"DHL Parcel Intl Standard","",',"EN ROUTE TO DHL ECOMMERCE",03:25:03 AM,5345286,'33882101125381767,"1584 CARROLL ST."
'GM555348587000080376,',"01/12/2021 03:21:19 am",CHERYL LANDRY,"14 SHARPE DR","","STRATHROY","ON",'N7G 3T9,CA,.19,"DHL Parcel Intl Standard","",',"EN ROUTE TO DHL ECOMMERCE",03:25:03 AM,5345286,'33882101125381693,"1584 CARROLL ST."
'GM555348587000079790,',"01/12/2021 03:21:19 am",LAURA HARMON,"507 NASSAU CRES","","SARNIA","ON",'N7S 4H8,CA,.19,"DHL Parcel Intl Standard","",',"EN ROUTE TO DHL ECOMMERCE",03:25:03 AM,5345286,'33882101125381860,"1584 CARROLL ST."
'GM555348587000080840,',"01/12/2021 03:21:19 am",BETH BLUNT,"1099 HERITAGE DR","","WINDSOR","ON",'N9H 2E1,CA,.19,"DHL Parcel Intl Standard","",',"EN ROUTE TO DHL ECOMMERCE",03:25:03 AM,5345286,'33882101125381872,"1584 CARROLL ST."
'GM555348587000079639,',"01/12/2021 03:21:19 am",DEVINA SOARES,"136 LEE VALLEY RD","","MASSEY","ON",'P0P 1P0,CA,.19,"DHL Parcel Intl Standard","",',"EN ROUTE TO DHL ECOMMERCE",03:25:03 AM,5345286,'33882101125387022,"1584 CARROLL ST."
'GM555348587000080413,',"01/12/2021 03:21:19 am",JUDITH BELLINGER,"340 SARAH ST N","","GRAVENHURST","ON",'P1P 1G6,CA,.19,"DHL Parcel Intl Standard","",',"EN ROUTE TO DHL ECOMMERCE",03:25:03 AM,5345286,'33882101125381871,"1584 CARROLL ST."
'GM555348587000080079,',"01/12/2021 03:21:19 am",ROSANNA ADDUONO,"2223 SILLS ST","","THUNDER BAY","ON",'P7E 5T4,CA,.19,"DHL Parcel Intl Standard","",',"EN ROUTE TO DHL ECOMMERCE",03:25:03 AM,5345286,'33882101125381772,"1584 CARROLL ST."
'GM555348587000080574,',"01/12/2021 03:21:19 am",VINCENT JANZEN,"36 BERGEN BAY","PO BOX 255","KLEEFELD","MB",'R0A 0V0,CA,.19,"DHL Parcel Intl Standard","",',"EN ROUTE TO DHL ECOMMERCE",03:25:03 AM,5345286,'33882101125381771,"1584 CARROLL ST."
'GM555348587000081175,',"01/12/2021 03:21:19 am",DAVID BORLASE,"PO BOX 118","","WINNIPEG BEACH","MB",'R0C 3G0,CA,.19,"DHL Parcel Intl Standard","",',"EN ROUTE TO DHL ECOMMERCE",03:25:03 AM,5345286,'33882101125387034,"1584 CARROLL ST."
'GM555348587000080109,',"01/12/2021 03:21:19 am",ALAN BOUCHARD,"43 TRANQUILITY COVE","","WINNIPEG","MB",'R2G 2A8,CA,.19,"DHL Parcel Intl Standard","",',"EN ROUTE TO DHL ECOMMERCE",03:25:03 AM,5345286,'33882101125381766,"1584 CARROLL ST."
'GM555348587000079738,',"01/12/2021 03:21:19 am",CHRISTINE CHARTRAND,"38 GREENLEA COVE","","WINNIPEG","MB",'R2G 2J5,CA,.19,"DHL Parcel Intl Standard","",',"EN ROUTE TO DHL ECOMMERCE",03:25:03 AM,5345286,'33882101125387032,"1584 CARROLL ST."
'GM555348587000079950,',"01/12/2021 03:21:19 am",SHELLEY ANDRE,"82 WINTERHAVEN DR","","WINNIPEG","MB",'R2N 4L3,CA,.19,"DHL Parcel Intl Standard","",',"EN ROUTE TO DHL ECOMMERCE",03:25:03 AM,5345286,'33882101125381946,"1584 CARROLL ST."
'GM555348587000080666,',"01/12/2021 03:21:19 am",CARMEN PETERS CARMEN PETERS,"202-930A PARKHILL DR","","MORDEN","MB",'R6M 0C6,CA,.19,"DHL Parcel Intl Standard","",',"EN ROUTE TO DHL ECOMMERCE",03:25:03 AM,5345286,'33882101125387186,"1584 CARROLL ST."
'GM555348587000079875,',"01/12/2021 03:21:19 am",TANIS FERGUSON,"PO BOX 40","","JEDBURGH","SK",'S0A 1R0,CA,.19,"DHL Parcel Intl Standard","",',"EN ROUTE TO DHL ECOMMERCE",03:25:03 AM,5345286,'33882101125387028,"1584 CARROLL ST."
'GM555348587000080185,',"01/12/2021 03:21:19 am",JOHNATHON AIKEN,"PO BOX 963","","SHELLBROOK","SK",'S0J 2E0,CA,.19,"DHL Parcel Intl Standard","",',"EN ROUTE TO DHL ECOMMERCE",03:25:03 AM,5345286,'33882101125381777,"1584 CARROLL ST."
'GM555348587000080550,',"01/12/2021 03:21:19 am",DALE HOKANSON,"725 GARNER PL","","ESTEVAN","SK",'S4A 2G6,CA,.19,"DHL Parcel Intl Standard","",',"EN ROUTE TO DHL ECOMMERCE",03:25:03 AM,5345286,'33882101125381874,"1584 CARROLL ST."
'GM555348587000080369,',"01/12/2021 03:21:19 am",CRAIG WARNOCK,"481003 RANGE ROAD 10","RR 2","THORSBY","AB",'T0C 2P0,CA,.19,"DHL Parcel Intl Standard","",',"EN ROUTE TO DHL ECOMMERCE",03:25:03 AM,5345286,'33882101125381943,"1584 CARROLL ST."
'GM555348587000080642,',"01/12/2021 03:21:19 am",NICOLE DAVIS,"KINUSO","PO BOX 124","KINUSO","AB",'T0G 1K0,CA,.19,"DHL Parcel Intl Standard","",',"EN ROUTE TO DHL ECOMMERCE",03:25:03 AM,5345286,'33882101125387015,"1584 CARROLL ST."
'GM555348587000080024,',"01/12/2021 03:21:19 am",MICHANDA SHIPLEY,"1176 2 AVE W","B 1697","CARDSTON","AB",'T0K 0K0,CA,.19,"DHL Parcel Intl Standard","",',"EN ROUTE TO DHL ECOMMERCE",03:25:03 AM,5345286,'33882101125381864,"1584 CARROLL ST."
'GM555348587000080277,',"01/12/2021 03:21:19 am",NICOLE LAGACE,"235 LAKESIDE GREENS CRT","","CHESTERMERE","AB",'T1X 1C8,CA,.19,"DHL Parcel Intl Standard","",',"EN ROUTE TO DHL ECOMMERCE",03:25:03 AM,5345286,'33882101125381765,"1584 CARROLL ST."
'GM555348587000080819,',"01/12/2021 03:21:19 am",NDEYE ANTA SOW,"525 ERIN WOODS TERR SE","","CALGARY","AB",'T2B 2X9,CA,.19,"DHL Parcel Intl Standard","",',"EN ROUTE TO DHL ECOMMERCE",03:25:03 AM,5345286,'33882101125387106,"1584 CARROLL ST."
'GM555348587000080345,',"01/12/2021 03:21:19 am",RHEAL BOURGOUIN,"46 SPRINGBANK RISE SW","","CALGARY","AB",'T3H 4J6,CA,.19,"DHL Parcel Intl Standard","",',"EN ROUTE TO DHL ECOMMERCE",03:25:03 AM,5345286,'33882101125387011,"1584 CARROLL ST."
'GM555348587000079691,',"01/12/2021 03:21:19 am",GARETT FERGUSON,"72 MASTERS LANDNG SE","","CALGARY","AB",'T3M 2B2,CA,.19,"DHL Parcel Intl Standard","",',"EN ROUTE TO DHL ECOMMERCE",03:25:03 AM,5345286,'33882101125387105,"1584 CARROLL ST."
'GM555348587000080253,',"01/12/2021 03:21:19 am",LINDSEY HOWDEN,"22-4813 54 ST","","OLDS","AB",'T4H 1G4,CA,.19,"DHL Parcel Intl Standard","",',"EN ROUTE TO DHL ECOMMERCE",03:25:03 AM,5345286,'33882101125387126,"1584 CARROLL ST."
'GM555348587000080314,',"01/12/2021 03:21:19 am",TREVOR SKAPPAK,"113 VINCENT CLOSE","","RED DEER","AB",'T4R 0H8,CA,.19,"DHL Parcel Intl Standard","",',"EN ROUTE TO DHL ECOMMERCE",03:25:03 AM,5345286,'33882101125387108,"1584 CARROLL ST."
'GM555348587000081076,',"01/12/2021 03:21:19 am",CLAUDETTE GEHRIG,"9311 174 ST NW","","EDMONTON","AB",'T5T 3M3,CA,.19,"DHL Parcel Intl Standard","",',"EN ROUTE TO DHL ECOMMERCE",03:25:03 AM,5345286,'33882101125387029,"1584 CARROLL ST."
'GM555348587000079653,',"01/12/2021 03:21:19 am",LARRY HAIGHT,"4637 39 AVE","","DRAYTON VALLEY","AB",'T7A 1T5,CA,.19,"DHL Parcel Intl Standard","",',"EN ROUTE TO DHL ECOMMERCE",03:25:03 AM,5345286,'33882101125381940,"1584 CARROLL ST."
'GM555348587000079851,',"01/12/2021 03:21:19 am",YANA PHILLIPS,"PO BOX 7233 STN MAIN","","EDSON","AB",'T7E 1V5,CA,.19,"DHL Parcel Intl Standard","",',"EN ROUTE TO DHL ECOMMERCE",03:25:03 AM,5345286,'33882101125381948,"1584 CARROLL ST."
'GM555348587000079943,',"01/12/2021 03:21:19 am",SUZANNE WEIR,"100 GRAYWOOD MEWS","","STONY PLAIN","AB",'T7Z 0C2,CA,.19,"DHL Parcel Intl Standard","",',"EN ROUTE TO DHL ECOMMERCE",03:25:03 AM,5345286,'33882101125381873,"1584 CARROLL ST."
'GM555348587000080321,',"01/12/2021 03:21:19 am",RHONDA UNRAU,"49, 23045 TWP RD 514","","SHERWOOD PARK","AB",'T8B 1K9,CA,.19,"DHL Parcel Intl Standard","",',"EN ROUTE TO DHL ECOMMERCE",03:25:03 AM,5345286,'33882101125387117,"1584 CARROLL ST."
'GM555348587000079660,',"01/12/2021 03:21:19 am",MIKE SCHERTZING,"53074 RANGE ROAD 222","","ARDROSSAN","AB",'T8E 2A2,CA,.19,"DHL Parcel Intl Standard","",',"EN ROUTE TO DHL ECOMMERCE",03:25:03 AM,5345286,'33882101125381773,"1584 CARROLL ST."
'GM555348587000081052,',"01/12/2021 03:21:19 am",DEBRA AUGUSTYN,"115-35 STURGEON RD","","ST. ALBERT","AB",'T8N 0E8,CA,.19,"DHL Parcel Intl Standard","",',"EN ROUTE TO DHL ECOMMERCE",03:25:03 AM,5345286,'33882101125381949,"1584 CARROLL ST."
'GM555348587000080710,',"01/12/2021 03:21:19 am",NICOLE OZERKEVICH,"36 DUNDAS PL","","ST. ALBERT","AB",'T8N 6C9,CA,.19,"DHL Parcel Intl Standard","",',"EN ROUTE TO DHL ECOMMERCE",03:25:03 AM,5345286,'33882101125381782,"1584 CARROLL ST."
'GM555348587000080444,',"01/12/2021 03:21:19 am",DEAN VERBEEK,"63-27507 TWP RD 544","","STURGEON COUNTY","AB",'T8R 2B5,CA,.19,"DHL Parcel Intl Standard","",',"EN ROUTE TO DHL ECOMMERCE",03:25:03 AM,5345286,'33882101125387020,"1584 CARROLL ST."
'GM555348587000080093,',"01/12/2021 03:21:19 am",DIANE SVENSON,"117 VIOLET ST","","FORT MCMURRAY","AB",'T9K 0H2,CA,.19,"DHL Parcel Intl Standard","",',"EN ROUTE TO DHL ECOMMERCE",03:25:03 AM,5345286,'33882101125381881,"1584 CARROLL ST."
'GM555348587000080871,',"01/12/2021 03:21:19 am",KATHLEEN GOWER,"7314 REDROOFFS RD","","SECHELT","BC",'V0N 3A8,CA,.19,"DHL Parcel Intl Standard","",',"EN ROUTE TO DHL ECOMMERCE",03:25:03 AM,5345286,'33882101125387128,"1584 CARROLL ST."
'GM555348587000080017,',"01/12/2021 03:21:19 am",ABIGAIL SMYTHE,"2735 MT BAKER RD","","MILL BAY","BC",'V0R 2P1,CA,.19,"DHL Parcel Intl Standard","",',"EN ROUTE TO DHL ECOMMERCE",03:25:03 AM,5345286,'33882101125381945,"1584 CARROLL ST."
'GM555348587000081182,',"01/12/2021 03:21:19 am",RICHARD ABAMONGA,"1660 WILMOT CRT","","KELOWNA","BC",'V1P 1M8,CA,.19,"DHL Parcel Intl Standard","",',"EN ROUTE TO DHL ECOMMERCE",03:25:03 AM,5345286,'33882101125387012,"1584 CARROLL ST."
'GM555348587000080994,',"01/12/2021 03:21:19 am",AMANDA CALLAHAN,"4153 MEARS CRT","","PRINCE GEORGE","BC",'V2K 0B1,CA,.19,"DHL Parcel Intl Standard","",',"EN ROUTE TO DHL ECOMMERCE",03:25:03 AM,5345286,'33882101125381780,"1584 CARROLL ST."
'GM555348587000080741,',"01/12/2021 03:21:19 am",SARAH WIEBE,"9020 CHILCOTIN RD","","PRINCE GEORGE","BC",'V2N 5V3,CA,.19,"DHL Parcel Intl Standard","",',"EN ROUTE TO DHL ECOMMERCE",03:25:03 AM,5345286,'33882101125381879,"1584 CARROLL ST."
'GM555348587000079981,',"01/12/2021 03:21:19 am",AIMEE HYDE,"44340 SUMAS CENTRAL RD","","CHILLIWACK","BC",'V2R 4L3,CA,.19,"DHL Parcel Intl Standard","",',"EN ROUTE TO DHL ECOMMERCE",03:25:03 AM,5345286,'33882101125381862,"1584 CARROLL ST."
'GM555348587000079905,',"01/12/2021 03:21:19 am",MARK MACDONALD,"34376 HYCREST PL","","ABBOTSFORD","BC",'V2S 5E3,CA,.19,"DHL Parcel Intl Standard","",',"EN ROUTE TO DHL ECOMMERCE",03:25:03 AM,5345286,'33882101125387112,"1584 CARROLL ST."
'GM555348587000080901,',"01/12/2021 03:21:19 am",BIA WARKENTIN,"32267 GOLDEN AVE","","ABBOTSFORD","BC",'V2T 5C5,CA,.19,"DHL Parcel Intl Standard","",',"EN ROUTE TO DHL ECOMMERCE",03:25:03 AM,5345286,'33882101125381858,"1584 CARROLL ST."
'GM555348587000080772,',"01/12/2021 03:21:19 am",ERIN MYHRE,"ABBOTSFORD BC CANADA","2363 QUEEN ST","ABBOTSFORD","BC",'V2T 6J6,CA,.19,"DHL Parcel Intl Standard","",',"EN ROUTE TO DHL ECOMMERCE",03:25:03 AM,5345286,'33882101125387122,"1584 CARROLL ST."
'GM555348587000080925,',"01/12/2021 03:21:19 am",RANJIT JOHAL,"18438 58A AVE","","SURREY","BC",'V3S 1N8,CA,.19,"DHL Parcel Intl Standard","",',"EN ROUTE TO DHL ECOMMERCE",03:25:03 AM,5345286,'33882101125387123,"1584 CARROLL ST."
'GM555348587000080659,',"01/12/2021 03:21:19 am",DIANA MCGOWAN,"5029 54 ST","","DELTA","BC",'V4K 4R4,CA,.19,"DHL Parcel Intl Standard","",',"EN ROUTE TO DHL ECOMMERCE",03:25:03 AM,5345286,'33882101125387111,"1584 CARROLL ST."
'GM555348587000080048,',"01/12/2021 03:21:19 am",TOM HERMAN,"1556 KILMER RD","","NORTH VANCOUVER","BC",'V7K 1R4,CA,.19,"DHL Parcel Intl Standard","",',"EN ROUTE TO DHL ECOMMERCE",03:25:03 AM,5345286,'33882101125387023,"1584 CARROLL ST."
'GM555348587000079912,',"01/12/2021 03:21:19 am",WILEY HO,"NORTH VANCOUVER BC 2N9","V7P-2075 LLOYD AVE","NORTH VANCOUVER","BC",'V7P 2N9,CA,.19,"DHL Parcel Intl Standard","",',"EN ROUTE TO DHL ECOMMERCE",03:25:03 AM,5345286,'33882101125387185,"1584 CARROLL ST."
'GM555348587000079707,',"01/12/2021 03:21:19 am",TOM SAWYER,"763 PIEDMONT DR","","VICTORIA","BC",'V8Y 1L9,CA,.19,"DHL Parcel Intl Standard","",',"EN ROUTE TO DHL ECOMMERCE",03:25:03 AM,5345286,'33882101125381786,"1584 CARROLL ST."
'GM555348587000079967,',"01/12/2021 03:21:19 am",GREG COWAN,"103-831 ELLERY ST","","VICTORIA","BC",'V9A 4R6,CA,.19,"DHL Parcel Intl Standard","",',"EN ROUTE TO DHL ECOMMERCE",03:25:03 AM,5345286,'33882101125381942,"1584 CARROLL ST."
'GM555348587000079868,',"01/12/2021 03:21:19 am",HEATHER MAWBEY,"198 STRICKLAND ST","","NANAIMO","BC",'V9R 4S2,CA,.19,"DHL Parcel Intl Standard","",',"EN ROUTE TO DHL ECOMMERCE",03:25:03 AM,5345286,'33882101125387120,"1584 CARROLL ST."
'GM555348587000080475,',"01/12/2021 03:21:19 am",GALE TRINKWON,"707 NICOL ST","","NANAIMO","BC",'V9R 4V2,CA,.19,"DHL Parcel Intl Standard","",',"EN ROUTE TO DHL ECOMMERCE",03:25:03 AM,5345286,'33882101125381690,"1584 CARROLL ST."
'GM555348587000080208,',"01/12/2021 03:21:19 am",JENNIFER HUNTER,"1090 TOWNSITE RD","","NANAIMO","BC",'V9S 1M6,CA,.19,"DHL Parcel Intl Standard","",',"EN ROUTE TO DHL ECOMMERCE",03:25:03 AM,5345286,'33882101125381692,"1584 CARROLL ST."
','9374869903506143059647,"01/12/2021 09:43:31 am",,"16644 23RD AVE","","WHITESTONE","NY",'11357,US,.5,"DHL SM Parcel Expedited","1352533",'535103010112151723651,"EN ROUTE TO DHL ECOMMERCE",10:18:57 AM,5351030,'33872101125894149,"660 LEFFERTS AVE"
','9361269903506143060555,"01/12/2021 09:43:31 am",,"1215 YOUNGS RD","","WEST CHESTER","PA",'19380,US,1.625,"DHL SM Parcel Plus Expedited","1352533",'535103010112151723651,"EN ROUTE TO DHL ECOMMERCE",10:18:57 AM,5351030,'33872101125894152,"660 LEFFERTS AVE"
','9361269903506143057869,"01/12/2021 09:43:34 am",,"10261 KEY PLUM ST","","PLANTATION","FL",'33324,US,2.3125,"DHL SM Parcel Plus Expedited","1352533",'535103010112151723651,"EN ROUTE TO DHL ECOMMERCE",10:18:57 AM,5351030,'33872101125894150,"660 LEFFERTS AVE"
','9361269903506143060586,"01/12/2021 09:43:32 am",,"59608 BARKLEY DR","","NEW HUDSON","MI",'48165,US,1.625,"DHL SM Parcel Plus Expedited","1352533",'535103010112151723651,"EN ROUTE TO DHL ECOMMERCE",10:18:57 AM,5351030,'33872101125894151,"660 LEFFERTS AVE"
','9374869903506143060544,"01/12/2021 09:43:31 am",,"15730 123RD AVE SE","","YELM","WA",'98597,US,.5625,"DHL SM Parcel Expedited","1352533",'535103010112151723651,"EN ROUTE TO DHL ECOMMERCE",10:18:57 AM,5351030,'33872101125894153,"660 LEFFERTS AVE"
','9374869903506143330623,"01/12/2021 10:14:25 am",,"350 White Horse Pike","","Clementon","NJ",'08021-4345,US,.0666,"DHL SM Parcel Expedited","",'535816410112152123051,"EN ROUTE TO DHL ECOMMERCE",10:25:51 AM,5358164,'33872101125899312,"50 Lawrence ave"
','9374869903506143324943,"01/12/2021 10:13:34 am",,"6139 Spencer Ave","","Bronx","NY",'10471-1110,US,.1776,"DHL SM Parcel Expedited","",'535816410112152123051,"EN ROUTE TO DHL ECOMMERCE",10:25:51 AM,5358164,'33872101125899307,"50 Lawrence ave"
','9374869903506143328668,"01/12/2021 10:13:53 am",,"719 Grant Ave","","Dunkirk","NY",'14048-2639,US,.0666,"DHL SM Parcel Expedited","",'535816410112152123051,"EN ROUTE TO DHL ECOMMERCE",10:25:51 AM,5358164,'33872101125899313,"50 Lawrence ave"
','9374869903506142909868,"01/12/2021 09:25:19 am",,"8460 Limekiln Pike Apt 428","","Wyncote","PA",'19095-2644,US,.0622,"DHL SM Parcel Expedited","",'535816410112152123051,"EN ROUTE TO DHL ECOMMERCE",10:25:51 AM,5358164,'33872101125899321,"50 Lawrence ave"
','9374869903506143136126,"01/12/2021 09:52:57 am",,"2592 Oldknow Dr NW","","Atlanta","GA",'30318-6116,US,.0622,"DHL SM Parcel Expedited","",'535816410112152123051,"EN ROUTE TO DHL ECOMMERCE",10:25:51 AM,5358164,'33872101125899320,"50 Lawrence ave"
','9374869903506143196878,"01/12/2021 09:58:55 am",,"3179 Tobago Ct","","Apopka","FL",'32703-5934,US,.0622,"DHL SM Parcel Expedited","",'535816410112152123051,"EN ROUTE TO DHL ECOMMERCE",10:25:51 AM,5358164,'33872101125899316,"50 Lawrence ave"
'5A21D40B507F447E9D6CFDAC3,',"01/12/2021 10:18:22 am",,"72 Bell Road RD6 Teawamutu","","Teawamutu","",'3800,NZ,.1325,"DHL Parcel Intl Standard","",'48993671,"EN ROUTE TO DHL ECOMMERCE",10:25:51 AM,5358164,'33872101125899304,"50 Lawrence ave"
','9374869903506143181003,"01/12/2021 09:57:26 am",,"2215 Pebble Creek Dr Apt 103J","","Twinsburg","OH",'44087-3026,US,.0622,"DHL SM Parcel Expedited","",'535816410112152123051,"EN ROUTE TO DHL ECOMMERCE",10:25:51 AM,5358164,'33872101125899306,"50 Lawrence ave"
','9374869903506143310939,"01/12/2021 10:11:41 am",,"W5457 Rock Falls Dr","","Irma","WI",'54442-9625,US,.0666,"DHL SM Parcel Expedited","",'535816410112152123051,"EN ROUTE TO DHL ECOMMERCE",10:25:51 AM,5358164,'33872101125899308,"50 Lawrence ave"
','9374869903506143225820,"01/12/2021 10:01:42 am",,"PO Box 124","24 Central Ave Apt 4","Kensington","MN",'56343-0124,US,.0622,"DHL SM Parcel Expedited","",'535816410112152123051,"EN ROUTE TO DHL ECOMMERCE",10:25:51 AM,5358164,'33872101125899310,"50 Lawrence ave"
','9374869903506143312490,"01/12/2021 10:11:57 am",,"2526 11th Ave S Apt 50","","Great Falls","MT",'59405-5177,US,.0666,"DHL SM Parcel Expedited","",'535816410112152123051,"EN ROUTE TO DHL ECOMMERCE",10:25:51 AM,5358164,'33872101125899315,"50 Lawrence ave"
','9374869903506143318621,"01/12/2021 10:12:29 am",,"121 1/2 W North St Ste 200","","Normal","IL",'61761-3361,US,.0666,"DHL SM Parcel Expedited","",'535816410112152123051,"EN ROUTE TO DHL ECOMMERCE",10:25:51 AM,5358164,'33872101125899311,"50 Lawrence ave"
','9374869903506143309506,"01/12/2021 10:11:19 am",,"208N N 10th St","","Fredonia","KS",'66736-1504,US,.0666,"DHL SM Parcel Expedited","",'535816410112152123051,"EN ROUTE TO DHL ECOMMERCE",10:25:51 AM,5358164,'33872101125899314,"50 Lawrence ave"
','9374869903506143272312,"01/12/2021 10:06:52 am",,"2709 Bachelor Button Blvd","","Killeen","TX",'76549-4986,US,.0622,"DHL SM Parcel Expedited","",'535816410112152123051,"EN ROUTE TO DHL ECOMMERCE",10:25:51 AM,5358164,'33872101125899317,"50 Lawrence ave"
','9374869903506143265093,"01/12/2021 10:05:57 am",,"2647 W Bueno Vista Dr","","West Jordan","UT",'84088-5307,US,.0622,"DHL SM Parcel Expedited","",'535816410112152123051,"EN ROUTE TO DHL ECOMMERCE",10:25:51 AM,5358164,'33872101125899319,"50 Lawrence ave"
','9374869903506143249314,"01/12/2021 10:04:13 am",,"2911 E Gage Ave","","Huntington Park","CA",'90255-4410,US,.0622,"DHL SM Parcel Expedited","",'535816410112152123051,"EN ROUTE TO DHL ECOMMERCE",10:25:51 AM,5358164,'33872101125899309,"50 Lawrence ave"
','9374869903506143237502,"01/12/2021 10:02:58 am",,"565 Marge Way","","San Jose","CA",'95117-1552,US,.0622,"DHL SM Parcel Expedited","",'535816410112152123051,"EN ROUTE TO DHL ECOMMERCE",10:25:51 AM,5358164,'33872101125899318,"50 Lawrence ave"
'662D280081714023BA88137B4,',"01/12/2021 10:19:27 am",,"3 Corkery Street","Main Floor","Saint John","NB",'E2K2Z5,CA,.1325,"DHL Parcel Intl Standard","",'48993671,"EN ROUTE TO DHL ECOMMERCE",10:25:51 AM,5358164,'33872101125899303,"50 Lawrence ave"
'B1BC2D8B6DF44F298137E2D9B,',"01/12/2021 10:15:49 am",,"5425 Boisjoli","","Saint-Hubert","QC",'J3Y 6C3,CA,.1762,"DHL Parcel Intl Standard","",'48993671,"EN ROUTE TO DHL ECOMMERCE",10:25:51 AM,5358164,'33872101125899302,"50 Lawrence ave"
'20FA7702FFE34ADCBF39F885E,',"01/12/2021 10:17:17 am",,"123 Golden Orchard Road","","Maple","ON",'L6a0m7,CA,.3088,"DHL Parcel Intl Standard","",'48993671,"EN ROUTE TO DHL ECOMMERCE",10:25:51 AM,5358164,'33872101125899305,"50 Lawrence ave"