Ship Date,Customer Reference,Customer Confirmation,Delivery Confirmation,Recipient Address,Service,Weight (oz),Pricing Zone,USPS Comp. Rate,Charge,Surcharges,Total Savings,Total Charges
2021-04-05,,'20210405142822526OEP5VRF,'9361269903506577574505,", 860 PEACHTREE ST NE UNIT 1206, , ATLANTA, GA, 30308-1272, US",DHL SmartMail Parcel Plus Expedited,64.000,Zone 05,10.43,9.02,0.00,1.41,9.02
2021-04-05,,'202104051436086865NMDFUM,'9361269903506577667818,", 307 W AVENUE A, , BAZINE, KS, 67516-6206, US",DHL SmartMail Parcel Plus Expedited,64.000,Zone 06,14.80,11.69,0.00,3.11,11.69
2021-04-05,,'202104051436147065WHGV1U,'9361269903506577670207,", 42 RONNA PL, , WILMINGTON, DE, 19808-4732, US",DHL SmartMail Parcel Plus Expedited,64.000,Zone 02,8.10,7.33,0.00,0.77,7.33
2021-04-05,,'20210405143630104ROJJLS2,'9361269903506577672959,", 236 HILLCREST AVE, , HUBBARD, OH, 44425-1615, US",DHL SmartMail Parcel Plus Expedited,48.000,Zone 04,8.72,7.56,0.00,1.16,7.56
2021-04-05,,'20210405143639507VEC3BXP,'9361269903506577675967,", 12410 GRAHAM DR, , ORIENT, OH, 43146-9159, US",DHL SmartMail Parcel Plus Expedited,48.000,Zone 04,8.72,7.56,0.00,1.16,7.56
2021-04-05,,'20210405143842971JRSSX0P,'9361269903506577699420,", 245 BRONX RIVER RD APT 3A, , YONKERS, NY, 10704-3705, US",DHL SmartMail Parcel Plus Expedited,64.000,Zone 01,8.10,7.33,0.00,0.77,7.33
2021-04-05,,'202104051618051605FYP1WT,'9361269903506578887451,", 106 BRYANT LN, , NORTH DARTMOUTH, MA, 02747-3001, US",DHL SmartMail Parcel Plus Expedited,32.000,Zone 03,7.96,6.71,0.00,1.25,6.71
2021-04-05,,'20210405161823788DWLQ0NF,'9361269903506578892936,", 2816 BRIDGE STREET HILL RD, , TOWANDA, PA, 18848-8441, US",DHL SmartMail Parcel Plus Expedited,48.000,Zone 01,8.00,7.01,0.00,0.99,7.01
2021-04-05,,'20210405161846485YEUIJCM,'9361269903506578895098,", 133 ASHAROKEN AVE, , NORTHPORT, NY, 11768-1166, US",DHL SmartMail Parcel Plus Expedited,48.000,Zone 01,8.00,7.01,0.00,0.99,7.01
2021-04-05,,'20210405161849684W0JP2XK,'9361269903506578895265,", 405 LION DR N, , GRAVETTE, AR, 72736-8786, US",DHL SmartMail Parcel Plus Expedited,48.000,Zone 06,12.70,10.09,0.00,2.61,10.09
2021-04-05,,'20210405161852870OHL13OZ,'9361269903506578895371,", 2941 TRUITT DR, , BURLINGTON, NC, 27215-4655, US",DHL SmartMail Parcel Plus Expedited,48.000,Zone 04,8.72,7.56,0.00,1.16,7.56
2021-04-05,,'202104051618563624C3OMUV,'9361269903506578895494,", 64859 SMITH CT, , DESERT HOT SPRINGS, CA, 92240-1454, US",DHL SmartMail Parcel Plus Expedited,32.000,Zone 08,11.69,10.04,0.00,1.65,10.04
2021-04-05,,'202104051600224124JGNRSW,'9374869903506578689525,", 5854 ATTUCKS CIR, , PLAINFIELD, IN, 46168-7729, US",DHL SmartMail Parcel Plus Expedited,32.000,Zone 05,8.85,7.35,0.00,1.50,7.35
2021-04-05,,'20210405132801087BN10OA1,'9374869903506576887626,", 1628 MORNINGSIDE DR, , NEWTON, NC, 28658-1600, US",DHL SmartMail Parcel Expedited,5.000,Zone 04,3.51,3.34,0.00,0.17,3.34
2021-04-05,,'20210405132812977XRFKUAM,'9374869903506576888425,", 4724 SPRINGBROOK DR, , ANNANDALE, VA, 22003-3933, US",DHL SmartMail Parcel Expedited,8.000,Zone 03,3.49,3.37,0.00,0.12,3.37
2021-04-05,,'20210405132818564WY1WQZ5,'9374869903506576889651,", 5050 E HANNIBAL ST, , MESA, AZ, 85205-6879, US",DHL SmartMail Parcel Expedited,5.000,Zone 08,3.85,3.69,0.00,0.16,3.69
2021-04-05,,'20210405132806223HQGVGSN,'9374869903506576889859,", 8566 NW 72ND ST, , MIAMI, FL, 33166-2300, US",DHL SmartMail Parcel Expedited,5.000,Zone 06,3.58,3.39,0.00,0.19,3.39
2021-04-05,,'20210405132809499BXSGXDO,'9374869903506576890145,", 5 CAPANO DR APT A4, , NEWARK, DE, 19702-1829, US",DHL SmartMail Parcel Expedited,5.000,Zone 02,3.46,3.30,0.00,0.16,3.30
2021-04-05,,'20210405132824650U4JFCZC,'9374869903506576892088,", 5524 E MARSHALL PL, , TULSA, OK, 74115-5590, US",DHL SmartMail Parcel Expedited,5.000,Zone 06,3.58,3.39,0.00,0.19,3.39
2021-04-05,,'20210405132828034SV0D4EI,'9374869903506576894075,", 41313 PIONEER RD NE, , SAUM, MN, 56650-3112, US",DHL SmartMail Parcel Expedited,8.000,Zone 06,3.58,3.48,0.00,0.10,3.48
2021-04-05,,'20210405132833099ISUK5IM,'9374869903506576894211,", 2 SHIRLEY ST APT 1, , WORCESTER, MA, 01610-3434, US",DHL SmartMail Parcel Expedited,5.000,Zone 02,3.46,3.30,0.00,0.16,3.30
2021-04-05,,'20210405132836395I3C4SSG,'9374869903506576894358,", 11 WORTH CIR, , JOHNSON CITY, TN, 37601-4323, US",DHL SmartMail Parcel Expedited,5.000,Zone 05,3.57,3.39,0.00,0.18,3.39
2021-04-05,,'20210405132903737P03DEM5,'9374869903506576896413,", 479 BELL MEMORIAL CHURCH RD, , LATROBE, PA, 15650-5905, US",DHL SmartMail Parcel Expedited,5.000,Zone 04,3.51,3.34,0.00,0.17,3.34
2021-04-05,,'20210405132908200HB0TMQP,'9374869903506576896598,", 2105 GILES DR SE, C/O MARY BETH FULLER, CHRISTIANSBURG, VA, 24073-3813, US",DHL SmartMail Parcel Expedited,5.000,Zone 04,3.51,3.34,0.00,0.17,3.34
2021-04-05,,'20210405132900265TDU5EUK,'9374869903506576897106,", 1310 34TH AVE APT 2A, , ASTORIA, NY, 11106-4645, US",DHL SmartMail Parcel Expedited,5.000,Zone 01,3.46,3.30,0.00,0.16,3.30
2021-04-05,,'20210405133206278NDNMEUN,'9374869903506576932524,", 1800 SE 15TH ST, , MINERAL WELLS, TX, 76067-6642, US",DHL SmartMail Parcel Expedited,5.000,Zone 06,3.58,3.39,0.00,0.19,3.39
2021-04-05,,'20210405133210903JR2GXEW,'9374869903506576933545,", 1706 BELLEAIR FOREST DR APT 114, , BELLEAIR, FL, 33756-1505, US",DHL SmartMail Parcel Expedited,15.999,Zone 06,5.66,5.01,0.00,0.65,5.01
2021-04-05,,'20210405133214205D4LJV5U,'9374869903506576935945,", 638 DEPOT DR, , MILLIKEN, CO, 80543-3212, US",DHL SmartMail Parcel Expedited,5.000,Zone 07,3.69,3.51,0.00,0.18,3.51
2021-04-05,,'20210405133217634FYDCOU0,'9374869903506576936355,", 14805 WHITMAN AVE N APT 3, , SHORELINE, WA, 98133-6533, US",DHL SmartMail Parcel Expedited,5.000,Zone 08,3.85,3.69,0.00,0.16,3.69
2021-04-05,,'2021040513322292125SHLKZ,'9374869903506576937468,", 11735 COUNTY ROAD 3470, , STRATFORD, OK, 74872-5248, US",DHL SmartMail Parcel Expedited,5.000,Zone 06,3.58,3.39,0.00,0.19,3.39
2021-04-05,,'20210405133228518PHQJO0C,'9374869903506576938199,", 2422 W RIVER ST, , TWO RIVERS, WI, 54241-1943, US",DHL SmartMail Parcel Expedited,5.000,Zone 05,3.57,3.39,0.00,0.18,3.39
2021-04-05,,'20210405133233128PM2LJQF,'9374869903506576938618,", 127 ALOHA DR, , MORAINE, OH, 45439-1753, US",DHL SmartMail Parcel Expedited,5.000,Zone 04,3.51,3.34,0.00,0.17,3.34
2021-04-05,,'20210405133237174OL5UUMR,'9374869903506576940680,", 1455 CORINTH CHURCH RD, , LOUDON, TN, 37774-3780, US",DHL SmartMail Parcel Expedited,5.000,Zone 05,3.57,3.39,0.00,0.18,3.39
2021-04-05,,'20210405133240800YV0TPBN,'9374869903506576941526,", 368 SPOTTED FAWN LN, , CLEVELAND, GA, 30528-3361, US",DHL SmartMail Parcel Expedited,5.000,Zone 05,3.57,3.39,0.00,0.18,3.39
2021-04-05,,'20210405133305037PIPYCXN,'9374869903506576948976,", 125 TOBACCO LN, , BROOKNEAL, VA, 24528-3054, US",DHL SmartMail Parcel Expedited,12.000,Zone 04,4.12,3.88,0.00,0.24,3.88
2021-04-05,,'20210405133308653ZU0H5SP,'9374869903506576949102,", 10535 CORVEY LN, , HELOTES, TX, 78023-4629, US",DHL SmartMail Parcel Expedited,5.000,Zone 07,3.69,3.51,0.00,0.18,3.51
2021-04-05,,'20210405133317589M5ENCP2,'9374869903506576949362,", 30114 LIVE OAK TRL, , GEORGETOWN, TX, 78633-9612, US",DHL SmartMail Parcel Expedited,5.000,Zone 07,3.69,3.51,0.00,0.18,3.51
2021-04-05,,'20210405133313601QQUA3NF,'9374869903506576949959,", 5929 MERIDIAN ST, , LOS ANGELES, CA, 90042-2628, US",DHL SmartMail Parcel Expedited,5.000,Zone 08,3.85,3.69,0.00,0.16,3.69
2021-04-05,,'20210405133322284GHJXU5A,'9374869903506576950245,", 8285 CRIMSON CREEK CT, , GEORGETOWN, IN, 47122-9096, US",DHL SmartMail Parcel Expedited,5.000,Zone 05,3.57,3.39,0.00,0.18,3.39
2021-04-05,,'20210405133325733CM4E4VH,'9374869903506576951280,", 364 DEER PARK LOOP, , MOUNTAIN HOME, AR, 72653-6023, US",DHL SmartMail Parcel Expedited,6.000,Zone 06,3.58,3.43,0.00,0.15,3.43
2021-04-05,,'20210405133731441NS3CDYA,'9374869903506577001113,", 706 N 17TH ST, , MEMPHIS, TX, 79245-2312, US",DHL SmartMail Parcel Expedited,4.000,Zone 07,3.35,3.24,0.00,0.11,3.24
2021-04-05,,'20210405133734693VYS3YWF,'9374869903506577001366,", 779 MOORINGS CIR, , STEVENSVILLE, MD, 21666-2289, US",DHL SmartMail Parcel Expedited,1.000,Zone 03,3.03,2.96,0.00,0.07,2.96
2021-04-05,,'202104051337430225SHEV1H,'9374869903506577003513,", 39 HILDA EXT, , GALLIPOLIS, OH, 45631-1373, US",DHL SmartMail Parcel Expedited,4.000,Zone 04,3.06,2.99,0.00,0.07,2.99
2021-04-05,,'20210405133738044NPRQOGD,'9374869903506577003995,", 3513 HOGARTH AVE, , FLINT, MI, 48503-3422, US",DHL SmartMail Parcel Expedited,4.000,Zone 04,3.06,2.99,0.00,0.07,2.99
2021-04-05,,'2021040513380333012ZOPQ2,'9374869903506577006507,", 3174 RUTLEDGE PARK CT, , WEST BLOOMFIELD, MI, 48322-2455, US",DHL SmartMail Parcel Expedited,4.000,Zone 04,3.06,2.99,0.00,0.07,2.99
2021-04-05,,'20210405133806789VA5N5UH,'9374869903506577006743,", N4857 BALDWIN RD, , MANAWA, WI, 54949-9002, US",DHL SmartMail Parcel Expedited,1.000,Zone 05,3.12,3.02,0.00,0.10,3.02
2021-04-05,,'20210405133752360KIATGFM,'9374869903506577006934,", 340 ELLIOTT LANE, , CLAYTON, GA, 30525-0000, US",DHL SmartMail Parcel Expedited,1.000,Zone 05,3.12,3.02,0.00,0.10,3.02
2021-04-05,,'202104051337563774BPD0AH,'9374869903506577007016,", 1201 FERNGLEN PL, , CARY, NC, 27511-3894, US",DHL SmartMail Parcel Expedited,7.000,Zone 04,3.51,3.37,0.00,0.14,3.37
2021-04-05,,'20210405133759769T34X4EX,'9374869903506577007139,", 106 N BOUNDRY ST, , GRANT CITY, MO, 64456-8433, US",DHL SmartMail Parcel Expedited,8.000,Zone 06,3.58,3.48,0.00,0.10,3.48
2021-04-05,,'20210405133810407MIVZJYK,'9374869903506577008846,", 500 4TH AVE, , STEVENS POINT, WI, 54481-1621, US",DHL SmartMail Parcel Expedited,1.000,Zone 05,3.12,3.02,0.00,0.10,3.02
2021-04-05,,'20210405133823576NSIOWPG,'9374869903506577009584,", 82 FLORENCE ST APT 1, , EVERETT, MA, 02149-4907, US",DHL SmartMail Parcel Expedited,4.000,Zone 03,3.03,2.96,0.00,0.07,2.96
2021-04-05,,'20210405133820356FUYCLBE,'9374869903506577010375,", 3113 WASHINGTON AVE APT 522, , ALTON, IL, 62002-5478, US",DHL SmartMail Parcel Expedited,4.000,Zone 05,3.12,3.04,0.00,0.08,3.04
2021-04-05,,'202104051338137981DBMTTM,'9374869903506577011020,", 322 TROTTERS RDG, , LAWRENCEVILLE, GA, 30043-3651, US",DHL SmartMail Parcel Expedited,4.000,Zone 05,3.12,3.04,0.00,0.08,3.04
2021-04-05,,'20210405133817036HUROIZQ,'9374869903506577011174,", 111 VERRENA WAY, , GEORGETOWN, TX, 78628-1265, US",DHL SmartMail Parcel Expedited,4.000,Zone 07,3.35,3.24,0.00,0.11,3.24
2021-04-05,,'20210405133827596RJ0D3QR,'9374869903506577011709,", 2975 CHICKASAW DR, , HAINES CITY, FL, 33844-8419, US",DHL SmartMail Parcel Expedited,4.000,Zone 06,3.22,3.14,0.00,0.08,3.14
2021-04-05,,'20210405133840928XIPWPA3,'9374869903506577012614,", 4370 LAKESIDE CIR APT 254, , SAGINAW, MI, 48603-1316, US",DHL SmartMail Parcel Expedited,6.000,Zone 04,3.51,3.36,0.00,0.15,3.36
2021-04-05,,'20210405133905111FYUIOIM,'9374869903506577017787,", 5230 FACTOR RD SW, , SHERRODSVILLE, OH, 44675-9706, US",DHL SmartMail Parcel Expedited,4.000,Zone 04,3.06,2.99,0.00,0.07,2.99
2021-04-05,,'20210405140644473X5QEZHD,'9374869903506577337342,", 4422 BLACK ROCK RD APT 6, , HAMPSTEAD, MD, 21074-2626, US",DHL SmartMail Parcel Expedited,6.000,Zone 02,3.46,3.31,0.00,0.15,3.31
2021-04-05,,'20210405140651324YMLD3EO,'9374869903506577337496,", 368 E WISTER ST, , PHILADELPHIA, PA, 19144-1856, US",DHL SmartMail Parcel Expedited,6.000,Zone 02,3.46,3.31,0.00,0.15,3.31
2021-04-05,,'20210405140705941ANNKCY1,'9374869903506577337809,", 10701 OLD BEATTY FORD RD, , ROCKWELL, NC, 28138-8406, US",DHL SmartMail Parcel Expedited,6.000,Zone 04,3.51,3.36,0.00,0.15,3.36
2021-04-05,,'20210405140630220WWQGL2G,'9374869903506577339056,", 7611 STREAMWOOD DR APT 2A, , LANSING, MI, 48917-8980, US",DHL SmartMail Parcel Expedited,6.000,Zone 04,3.51,3.36,0.00,0.15,3.36
2021-04-05,,'20210405140655712GAKRO1V,'9374869903506577339780,", 213 S MILL ST, , NASHVILLE, AR, 71852-2542, US",DHL SmartMail Parcel Expedited,6.000,Zone 06,3.58,3.43,0.00,0.15,3.43
2021-04-05,,'20210405140635062HV3OB3Z,'9374869903506577340113,", 2770 LOWER UNION HILL RD, , CANTON, GA, 30115-8442, US",DHL SmartMail Parcel Expedited,6.000,Zone 05,3.57,3.40,0.00,0.17,3.40
2021-04-05,,'20210405140640900RG1EDIB,'9374869903506577340328,", 3209 HUMMINGBIRD LN, , DENTON, TX, 76209-4813, US",DHL SmartMail Parcel Expedited,6.000,Zone 06,3.58,3.43,0.00,0.15,3.43
2021-04-05,,'20210405140722566FAFUW3D,'9374869903506577341769,", 1533 AUTUMN BIRCH TRL, , EAU CLAIRE, WI, 54703-4055, US",DHL SmartMail Parcel Expedited,6.000,Zone 05,3.57,3.40,0.00,0.17,3.40
2021-04-05,,'20210405140700771Z0FOZNY,'9374869903506577341950,", 4210 FRANCISCAN WAY, , ANGELS CAMP, CA, 95222-9373, US",DHL SmartMail Parcel Expedited,6.000,Zone 08,3.85,3.74,0.00,0.11,3.74
2021-04-05,,'20210405140709674EJIPNZK,'9374869903506577342186,", 1525 NORTHWAY DR APT 218, , SAINT CLOUD, MN, 56303-4484, US",DHL SmartMail Parcel Expedited,6.000,Zone 06,3.58,3.43,0.00,0.15,3.43
2021-04-05,,'20210405140713470TU14H5C,'9374869903506577342285,", 8220 E 25 N, , KNOX, IN, 46534-8898, US",DHL SmartMail Parcel Expedited,6.000,Zone 05,3.57,3.40,0.00,0.17,3.40
2021-04-05,,'202104051407169021GCNYIW,'9374869903506577344012,", 200 E 5TH AVE # 1107A, , YORK, PA, 17404-2552, US",DHL SmartMail Parcel Expedited,6.000,Zone 02,3.46,3.31,0.00,0.15,3.31
2021-04-05,,'20210405140726364PLMND0S,'9374869903506577344920,", 875 S PEACHTREE DR, , TOQUERVILLE, UT, 84774-5018, US",DHL SmartMail Parcel Expedited,6.000,Zone 08,3.85,3.74,0.00,0.11,3.74
2021-04-05,,'202104051408199324RQHBWR,'9374869903506577351317,", 17 HEATHCOTE RD, , LINDENHURST, NY, 11757-1618, US",DHL SmartMail Parcel Expedited,6.000,Zone 01,3.46,3.31,0.00,0.15,3.31
2021-04-05,,'20210405140824791RUO0HNF,'9374869903506577352734,", 7 GARDENIA RD, , LEVITTOWN, PA, 19057-3411, US",DHL SmartMail Parcel Expedited,6.000,Zone 02,3.46,3.31,0.00,0.15,3.31
2021-04-05,,'20210405140828235W1EPUFM,'9374869903506577353311,", 173 FOX LOOP, , DAVENPORT, FL, 33837-3820, US",DHL SmartMail Parcel Expedited,6.000,Zone 06,3.58,3.43,0.00,0.15,3.43
2021-04-05,,'20210405140831561Z1UCSKD,'9374869903506577355186,", 215 W 2ND ST, , PECOS, TX, 79772-3118, US",DHL SmartMail Parcel Expedited,6.000,Zone 07,3.69,3.54,0.00,0.15,3.54
2021-04-05,,'20210405140834873RE250Q4,'9374869903506577356022,", 3905 NW 33RD PL, , CAPE CORAL, FL, 33993-7420, US",DHL SmartMail Parcel Expedited,6.000,Zone 06,3.58,3.43,0.00,0.15,3.43
2021-04-05,,'20210405140838053CFFUIXO,'9374869903506577356190,", 385 CALMING WAY, , FORT MILL, SC, 29708-8241, US",DHL SmartMail Parcel Expedited,6.000,Zone 04,3.51,3.36,0.00,0.15,3.36
2021-04-05,,'20210405140841405ABORXQK,'9374869903506577356350,", 3071 W CAMP DR, , GUTHRIE, OK, 73044-7410, US",DHL SmartMail Parcel Expedited,6.000,Zone 06,3.58,3.43,0.00,0.15,3.43
2021-04-05,,'20210405140845682I2L4HVG,'9374869903506577356619,", 553 FULTONBROOK DR, , FULTONDALE, AL, 35068-1373, US",DHL SmartMail Parcel Expedited,6.000,Zone 05,3.57,3.40,0.00,0.17,3.40
2021-04-05,,'202104051409153440RGCQPB,'9374869903506577358651,", 3031 PUTTY HILL AVE, , PARKVILLE, MD, 21234-4123, US",DHL SmartMail Parcel Expedited,6.000,Zone 02,3.46,3.31,0.00,0.15,3.31
2021-04-05,,'20210405140900376BYBAZBT,'9374869903506577359184,", 173 BANSHEE ST, , GWINN, MI, 49841-2700, US",DHL SmartMail Parcel Expedited,6.000,Zone 05,3.57,3.40,0.00,0.17,3.40
2021-04-05,,'20210405140904390QU0AAIE,'9374869903506577359498,", 328 MAJOR DR, , NORTHLAKE, IL, 60164-1819, US",DHL SmartMail Parcel Expedited,6.000,Zone 05,3.57,3.40,0.00,0.17,3.40
2021-04-05,,'20210405140908450BCGUQS4,'9374869903506577361071,", 6801 S COUNCIL RD, , OKLAHOMA CITY, OK, 73169-2012, US",DHL SmartMail Parcel Expedited,6.000,Zone 06,3.58,3.43,0.00,0.15,3.43
2021-04-05,,'20210405140911900B5P4MQ3,'9374869903506577361866,", 6830 RIDGE POINT DR UNIT 1B, , OAK FOREST, IL, 60452-1476, US",DHL SmartMail Parcel Expedited,6.000,Zone 05,3.57,3.40,0.00,0.17,3.40
2021-04-05,,'20210405140918727V2U14Q1,'9374869903506577362214,", 626 MOURNING DOVE, , NEWPORT, NC, 28570-9582, US",DHL SmartMail Parcel Expedited,6.000,Zone 04,3.51,3.36,0.00,0.15,3.36
2021-04-05,,'20210405141041215LRIKFRM,'9374869903506577374798,", 3232 RENAISSANCE DR SE, , RIO RANCHO, NM, 87124-7634, US",DHL SmartMail Parcel Expedited,6.000,Zone 07,3.69,3.54,0.00,0.15,3.54
2021-04-05,,'20210405141054989GABE2BG,'9374869903506577377409,", 2085 COUNTY ROAD 28, , HALEYVILLE, AL, 35565-6403, US",DHL SmartMail Parcel Expedited,6.000,Zone 05,3.57,3.40,0.00,0.17,3.40
2021-04-05,,'20210405141047023ZTGUL0V,'9374869903506577378079,", 33145 VINE ST APT 22, , WILLOWICK, OH, 44095-3367, US",DHL SmartMail Parcel Expedited,6.000,Zone 04,3.51,3.36,0.00,0.15,3.36
2021-04-05,,'20210405141050522C1ERIVF,'9374869903506577378178,", 17611 SHADYSIDE CIR, , LUTZ, FL, 33549-5610, US",DHL SmartMail Parcel Expedited,6.000,Zone 05,3.57,3.40,0.00,0.17,3.40
2021-04-05,,'20210405141058649AMGG4DL,'9374869903506577378376,", 10928 COLORADO AVE N, , CHAMPLIN, MN, 55316-4310, US",DHL SmartMail Parcel Expedited,6.000,Zone 05,3.57,3.40,0.00,0.17,3.40
2021-04-05,,'20210405141105389NONKPG0,'9374869903506577378574,", 1906 E ROUTT AVE, , PUEBLO, CO, 81004-3533, US",DHL SmartMail Parcel Expedited,6.000,Zone 07,3.69,3.54,0.00,0.15,3.54
2021-04-05,,'20210405141109381CLPRO5S,'9374869903506577379397,", 50 ARCHER RD, , MAHOPAC, NY, 10541-1913, US",DHL SmartMail Parcel Expedited,6.000,Zone 01,3.46,3.31,0.00,0.15,3.31
2021-04-05,,'2021040514111336243KSD5K,'9374869903506577379649,", 109 GOLDEN EAGLE LN, , ANDERSON, SC, 29621-4299, US",DHL SmartMail Parcel Expedited,6.000,Zone 04,3.51,3.36,0.00,0.15,3.36
2021-04-05,,'20210405141102053CSJ2CEE,'9374869903506577379939,", 202 GREEN ACRES DR, , VALPARAISO, IN, 46383-1844, US",DHL SmartMail Parcel Expedited,6.000,Zone 05,3.57,3.40,0.00,0.17,3.40
2021-04-05,,'20210405141116799VSSS3QU,'9374869903506577380263,", 6721 OLD LOUISVILLE RD, , COXS CREEK, KY, 40013-4701, US",DHL SmartMail Parcel Expedited,6.000,Zone 05,3.57,3.40,0.00,0.17,3.40
2021-04-05,,'20210405141120611Z0GPTMU,'9374869903506577380362,", 231 OLD FARM RD, , CRANBERRY TOWNSHIP, PA, 16066-4069, US",DHL SmartMail Parcel Expedited,6.000,Zone 04,3.51,3.36,0.00,0.15,3.36
2021-04-05,,'202104051411240170OFBEG4,'9374869903506577381383,", 7920 CAMELLIA LN APT 203, , CHARLOTTE, NC, 28277-3044, US",DHL SmartMail Parcel Expedited,6.000,Zone 04,3.51,3.36,0.00,0.15,3.36
2021-04-05,,'202104051411412033TSY2RV,'9374869903506577382465,", 30 CATAMOUNT RD, , PITTSFIELD, NH, 03263-3801, US",DHL SmartMail Parcel Expedited,6.000,Zone 03,3.49,3.34,0.00,0.15,3.34
2021-04-05,,'202104051411276231F15DOX,'9374869903506577383219,", 74 DYDO DR, , UNCASVILLE, CT, 06382-1845, US",DHL SmartMail Parcel Expedited,6.000,Zone 02,3.46,3.31,0.00,0.15,3.31
2021-04-05,,'20210405141204629LSYNIXH,'9374869903506577387569,", 100 EVERETT RD, , POLAND, ME, 04274-6329, US",DHL SmartMail Parcel Expedited,6.000,Zone 03,3.49,3.34,0.00,0.15,3.34
2021-04-05,,'20210405141210366YEGJY2L,'9374869903506577388016,", 12883 HILL PINE RD, , MIDLAND, NC, 28107-7815, US",DHL SmartMail Parcel Expedited,6.000,Zone 04,3.51,3.36,0.00,0.15,3.36
2021-04-05,,'20210405141216361B35NHCN,'9374869903506577390996,", 381 WEBSTER AVE, , ROCHESTER, NY, 14609-4702, US",DHL SmartMail Parcel Expedited,6.000,Zone 03,3.49,3.34,0.00,0.15,3.34
2021-04-05,,'20210405142121644QXZLTPW,'9374869903506577480949,", 1242 US 68 S, , XENIA, OH, 45385-9739, US",DHL SmartMail Parcel Expedited,6.000,Zone 04,3.51,3.36,0.00,0.15,3.36
2021-04-05,,'20210405142128847X5JC5SW,'9374869903506577481397,", 940 STEVENS CREEK RD # 208, , AUGUSTA, GA, 30907-3200, US",DHL SmartMail Parcel Expedited,5.000,Zone 05,3.57,3.39,0.00,0.18,3.39
2021-04-05,,'20210405142138412AUSHHUV,'9374869903506577482547,", 2502 E 39TH ST, , PANAMA CITY, FL, 32405-6634, US",DHL SmartMail Parcel Expedited,9.000,Zone 06,4.38,4.01,0.00,0.37,4.01
2021-04-05,,'20210405142134437URZI5WQ,'9374869903506577483148,", 8517 WINDY CIR, , BOYNTON BEACH, FL, 33472-5122, US",DHL SmartMail Parcel Expedited,5.000,Zone 06,3.58,3.39,0.00,0.19,3.39
2021-04-05,,'20210405142143044QY4CWAF,'9374869903506577483643,", 1768 BELLRIDGE DR, , BATON ROUGE, LA, 70815-5425, US",DHL SmartMail Parcel Expedited,5.000,Zone 06,3.58,3.39,0.00,0.19,3.39
2021-04-05,,'20210405142152410LEWDO1C,'9374869903506577486194,", 2403 COTTONWOOD RD, , AMES, IA, 50014-8227, US",DHL SmartMail Parcel Expedited,5.000,Zone 05,3.57,3.39,0.00,0.18,3.39
2021-04-05,,'20210405142157203KKPP14A,'9374869903506577487269,", 630 KEYSTONE DR, , CHRISTIANSBURG, VA, 24073-3066, US",DHL SmartMail Parcel Expedited,6.000,Zone 04,3.51,3.36,0.00,0.15,3.36
2021-04-05,,'20210405142200379N2TRQYF,'9374869903506577487436,", 967 INTERLOCH CT, , ALGONQUIN, IL, 60102-4109, US",DHL SmartMail Parcel Expedited,2.000,Zone 05,3.12,3.04,0.00,0.08,3.04
2021-04-05,,'20210405142203921MCLDR5B,'9374869903506577488648,", 96 HIGHWAY 70 SMYRNA E, , BEAUFORT, NC, 28516-7303, US",DHL SmartMail Parcel Expedited,1.000,Zone 04,3.06,2.98,0.00,0.08,2.98
2021-04-05,,'20210405142216673PHGPM11,'9374869903506577490313,", 117 PRISON LN, , WOODVILLE, MS, 39669-4292, US",DHL SmartMail Parcel Expedited,2.000,Zone 06,3.22,3.10,0.00,0.12,3.10
2021-04-05,,'20210405142208413IKJVPZP,'9374869903506577490863,", 4041 COLUMBIA AVE, , COLUMBIA, PA, 17512-9213, US",DHL SmartMail Parcel Expedited,5.000,Zone 02,3.46,3.30,0.00,0.16,3.30
2021-04-05,,'20210405142211747NUU323V,'9374869903506577491051,", 4611 STATE ST APT 35, , QUINCY, IL, 62305-5988, US",DHL SmartMail Parcel Expedited,2.000,Zone 05,3.12,3.04,0.00,0.08,3.04
2021-04-05,,'20210405142324561I0NWNSZ,'9374869903506577507134,", 3741 W 1650 S, , HANNA, IN, 46340-9711, US",DHL SmartMail Parcel Expedited,5.000,Zone 05,3.57,3.39,0.00,0.18,3.39
2021-04-05,,'20210405142327827ACTULAO,'9374869903506577507479,", 809 LEXINGTON ST, , TAYLOR, TX, 76574-2672, US",DHL SmartMail Parcel Expedited,2.000,Zone 07,3.35,3.17,0.00,0.18,3.17
2021-04-05,,'20210405142332364WQWK3GY,'9374869903506577508834,", 1556 WAFER RD, , HAUGHTON, LA, 71037-8895, US",DHL SmartMail Parcel Expedited,5.000,Zone 06,3.58,3.39,0.00,0.19,3.39
2021-04-05,,'202104051423356411D4FKMM,'9374869903506577509121,", 207 N EUCLID ST, , SLATER, MO, 65349-1326, US",DHL SmartMail Parcel Expedited,2.000,Zone 05,3.12,3.04,0.00,0.08,3.04
2021-04-05,,'20210405142338993OR0ZT2N,'9374869903506577509374,", 3556 ALTHORP DR, , RALEIGH, NC, 27616-8479, US",DHL SmartMail Parcel Expedited,5.000,Zone 04,3.51,3.34,0.00,0.17,3.34
2021-04-05,,'2021040514345469230H5M11,'9374869903506577652575,", 18 WARRINGTON ROUND, , DANBURY, CT, 06810-5169, US",DHL SmartMail Parcel Expedited,4.000,Zone 01,3.01,2.94,0.00,0.07,2.94
2021-04-05,,'20210405143505542PJEGGD1,'9374869903506577655361,", 2009 GREENE ST, , BOONE, IA, 50036-1263, US",DHL SmartMail Parcel Expedited,4.000,Zone 05,3.12,3.04,0.00,0.08,3.04
2021-04-05,,'20210405143500016UTELTWW,'9374869903506577655910,", 3933 WOODPOINTE CIR, , SACRAMENTO, CA, 95821-2873, US",DHL SmartMail Parcel Expedited,4.000,Zone 08,3.49,3.40,0.00,0.09,3.40
2021-04-05,,'202104051435117722V2BYJQ,'9374869903506577656504,", 42 DONNA LN, , MIDLAND PARK, NJ, 07432-1212, US",DHL SmartMail Parcel Expedited,4.000,Zone 01,3.01,2.94,0.00,0.07,2.94
2021-04-05,,'20210405143524481FWASK2P,'9374869903506577658768,", 722 N BROADWAY ST, , LA CYGNE, KS, 66040-3028, US",DHL SmartMail Parcel Expedited,4.000,Zone 06,3.22,3.14,0.00,0.08,3.14
2021-04-05,,'20210405143517519MUAFSJS,'9374869903506577659888,", 70 FRANCES AVE, , LARKSPUR, CA, 94939-1049, US",DHL SmartMail Parcel Expedited,4.000,Zone 08,3.49,3.40,0.00,0.09,3.40
2021-04-05,,'20210405143532991AHWIDAL,'9374869903506577660471,", 145 ROCKWOOD DR, , SOUTH SAN FRANCISCO, CA, 94080-5741, US",DHL SmartMail Parcel Expedited,4.000,Zone 08,3.49,3.40,0.00,0.09,3.40
2021-04-05,,'202104051435284201IR2EJX,'9374869903506577661294,", 2965 VISTA VIEW AVE APT 102, , HUDSONVILLE, MI, 49426-1961, US",DHL SmartMail Parcel Expedited,5.000,Zone 04,3.51,3.34,0.00,0.17,3.34
2021-04-05,,'20210405143536847EE5RQB0,'9374869903506577661812,", 1448 NORWICH AVE, , THOUSAND OAKS, CA, 91360-3530, US",DHL SmartMail Parcel Expedited,4.000,Zone 08,3.49,3.40,0.00,0.09,3.40
2021-04-05,,'20210405153616447D5DSARL,'9374869903506578390674,", 601 MERCER GRANT DR, , CARY, NC, 27519-8742, US",DHL SmartMail Parcel Expedited,6.000,Zone 04,3.51,3.36,0.00,0.15,3.36
2021-04-05,,'20210405153611390T0R4TCS,'9374869903506578391237,", 42 YOUNG AVE APT 1, , NEW YORK MILLS, NY, 13417-1416, US",DHL SmartMail Parcel Expedited,7.000,Zone 03,3.49,3.36,0.00,0.13,3.36
2021-04-05,,'202104051536213414ME1GGF,'9374869903506578391572,", 62900 LINCOLN AVE SPC 89, , MECCA, CA, 92254-7038, US",DHL SmartMail Parcel Expedited,4.000,Zone 08,3.49,3.40,0.00,0.09,3.40
2021-04-05,,'202104051536297601ZXUH2M,'9374869903506578394122,", 16 ALYSSA LN, , MANALAPAN, NJ, 07726-5101, US",DHL SmartMail Parcel Expedited,6.000,Zone 01,3.46,3.31,0.00,0.15,3.31
2021-04-05,,'20210405153639970EZNOHOY,'9374869903506578394412,", 2530 E FLAMINGO RD # 326, , LAS VEGAS, NV, 89121-5232, US",DHL SmartMail Parcel Expedited,6.000,Zone 08,3.85,3.74,0.00,0.11,3.74
2021-04-05,,'202104051536246670JTRMWQ,'9374869903506578394948,", 197 RIDINGER RD, , ALZADA, MT, 59311-8501, US",DHL SmartMail Parcel Expedited,2.000,Zone 07,3.35,3.17,0.00,0.18,3.17
2021-04-05,,'20210405153634335HEVSSKS,'9374869903506578395549,", 4948 TIPPITOE LN # 212, , FOREST RANCH, CA, 95942-9673, US",DHL SmartMail Parcel Expedited,4.000,Zone 08,3.49,3.40,0.00,0.09,3.40
2021-04-05,,'20210405153643336HWGEDMS,'9374869903506578397932,", 7339 3RD AVE S, , MINNEAPOLIS, MN, 55423-3202, US",DHL SmartMail Parcel Expedited,7.000,Zone 05,3.57,3.43,0.00,0.14,3.43
2021-04-05,,'202104051536567283WNA3T5,'9374869903506578399981,", 629 WESTERN AVE, , BERLIN, NH, 03570-1026, US",DHL SmartMail Parcel Expedited,1.000,Zone 03,3.03,2.96,0.00,0.07,2.96
2021-04-05,,'20210405153701498CCQ4WOT,'9374869903506578400137,", 8905 LITTLE HORSE AVE, , LAS VEGAS, NV, 89143-1106, US",DHL SmartMail Parcel Expedited,15.999,Zone 08,5.98,5.63,0.00,0.35,5.63
2021-04-05,,'20210405153704678JNDTYPA,'9374869903506578400342,", 1104 PORT ROYAL DR, , PAPILLION, NE, 68046-8002, US",DHL SmartMail Parcel Expedited,10.000,Zone 06,4.38,4.06,0.00,0.32,4.06
2021-04-05,,'20210405160018625COTJYV3,'9374869903506578690255,", 604 ELM ST, , SEBEWAING, MI, 48759-1229, US",DHL SmartMail Parcel Expedited,9.000,Zone 04,4.12,3.83,0.00,0.29,3.83
2021-04-05,,'20210405160012854H0Q1JGF,'9374869903506578691078,", 401 W MAIN ST, , LITTLE FALLS, NY, 13365-1815, US",DHL SmartMail Parcel Expedited,9.000,Zone 03,4.09,3.80,0.00,0.29,3.80
2021-04-05,,'20210405160033050BUJCE42,'9374869903506578692501,", 1150 REEF RD APT 14, , VERO BEACH, FL, 32963-4331, US",DHL SmartMail Parcel Expedited,6.000,Zone 05,3.57,3.40,0.00,0.17,3.40
2021-04-05,,'20210405160037361FFJ5DIN,'9374869903506578693805,", 4405 SE BYBEE BLVD, , PORTLAND, OR, 97206-7756, US",DHL SmartMail Parcel Expedited,5.000,Zone 08,3.85,3.69,0.00,0.16,3.69
2021-04-05,,'20210405160027816GAMH4OR,'9374869903506578694888,", 117 BIRCH ST, , LANSE, PA, 16849-1003, US",DHL SmartMail Parcel Expedited,13.000,Zone 03,5.23,4.61,0.00,0.62,4.61
2021-04-05,,'202104051600459595OEVJ1U,'9374869903506578695694,", 7504 NESTING PLACE CT, , TAMPA, FL, 33615-1506, US",DHL SmartMail Parcel Expedited,9.000,Zone 05,4.20,3.90,0.00,0.30,3.90
2021-04-05,,'202104051601015514JJUUFA,'9374869903506578698619,", 13035A HIGHWAY 281 N, , HARRISON, AR, 72601-5675, US",DHL SmartMail Parcel Expedited,7.000,Zone 06,3.58,3.46,0.00,0.12,3.46
2021-04-05,,'20210405160107115CU1P1OY,'9374869903506578700299,", 120 MELBORN RD, , MOSCOW, TN, 38057-8406, US",DHL SmartMail Parcel Expedited,5.000,Zone 05,3.57,3.39,0.00,0.18,3.39
2021-04-05,,'20210405160110489CL5TC2N,'9374869903506578700503,", 8421 TEWKSBURY CT, , FORT WAYNE, IN, 46835-8306, US",DHL SmartMail Parcel Expedited,7.000,Zone 04,3.51,3.37,0.00,0.14,3.37
2021-04-05,,'20210405160115304NPHGJNS,'9374869903506578702354,", 8037 OLD DAVIS RD, , NORWOOD, NC, 28128-7709, US",DHL SmartMail Parcel Expedited,7.000,Zone 04,3.51,3.37,0.00,0.14,3.37
2021-04-05,,'20210405161613724JZKRA05,'9374869903506578867183,", 1100 MOUNT ZION RD, , JOELTON, TN, 37080-4002, US",DHL SmartMail Parcel Expedited,4.000,Zone 05,3.12,3.04,0.00,0.08,3.04
2021-04-05,,'20210405161557566IRTBHUY,'9374869903506578867886,", 562 AZALEA LN, , BRIDGEVILLE, PA, 15017-3802, US",DHL SmartMail Parcel Expedited,4.000,Zone 04,3.06,2.99,0.00,0.07,2.99
2021-04-05,,'20210405161603744PEF4OPX,'9374869903506578868111,", 9932 N MILITARY TRL, , PALM BEACH GARDENS, FL, 33410-5461, US",DHL SmartMail Parcel Expedited,4.000,Zone 06,3.22,3.14,0.00,0.08,3.14
2021-04-05,,'20210405161608595XWGA4QG,'9374869903506578869224,", 1970 COUNTY ROAD 200, , PONCHA SPRINGS, CO, 81242-0000, US",DHL SmartMail Parcel Expedited,4.000,Zone 07,3.35,3.24,0.00,0.11,3.24
2021-04-05,,'20210405161619250CNSK1IP,'9374869903506578869682,", 1000 OAKHAVEN DR, , ROSWELL, GA, 30075-1234, US",DHL SmartMail Parcel Expedited,4.000,Zone 05,3.12,3.04,0.00,0.08,3.04
2021-04-05,,'20210405161622609TVP43FL,'9374869903506578870855,", 15321 VIA LA GITANA, , CARMEL VALLEY, CA, 93924-9611, US",DHL SmartMail Parcel Expedited,4.000,Zone 08,3.49,3.40,0.00,0.09,3.40
2021-04-05,,'20210405161751529NJUIWML,'9374869903506578883572,", 37 ECHO VALLEY FARM LN, , WEST ALEXANDER, PA, 15376-2295, US",DHL SmartMail Parcel Expedited,4.000,Zone 04,3.06,2.99,0.00,0.07,2.99
2021-04-05,,'20210405161755002DQMYEK5,'9374869903506578886894,", 16 LITTLE POND DR, , MILFORD, DE, 19963-3903, US",DHL SmartMail Parcel Expedited,4.000,Zone 02,3.01,2.94,0.00,0.07,2.94
2021-04-05,,'20210405161810109ZXGVNFC,'9374869903506578887716,", 37 LINWOOD AVE, , JAMESTOWN, NY, 14701-8309, US",DHL SmartMail Parcel Expedited,9.000,Zone 03,4.09,3.80,0.00,0.29,3.80
2021-04-05,,'20210405161820378SGXCV2F,'9374869903506578888720,", 1039 W ARCH ST, , COAL TOWNSHIP, PA, 17866-1803, US",DHL SmartMail Parcel Expedited,5.000,Zone 02,3.46,3.30,0.00,0.16,3.30
2021-04-05,,'20210405161817027ZOMK4CK,'9374869903506578890082,", 101 13TH ST, , CHARLESTON, IL, 61920-1613, US",DHL SmartMail Parcel Expedited,10.000,Zone 05,4.20,3.92,0.00,0.28,3.92
2021-04-05,,'20210405173425767M3JDXCP,'9374869903506579616650,", 49 PATTEN RD, , GREENE, ME, 04236-3934, US",DHL SmartMail Parcel Expedited,3.000,Zone 03,3.03,2.96,0.00,0.07,2.96
2021-04-05,,'20210405173430882AKQMKCD,'9374869903506579618340,", 2624 INDIAN WELLS CT, , SANFORD, NC, 27332-6073, US",DHL SmartMail Parcel Expedited,3.000,Zone 04,3.06,2.99,0.00,0.07,2.99
2021-04-05,,'20210405173440836LJ4F2MR,'9374869903506579619385,", 10599 WINTERFLOWER WAY, , PARKER, CO, 80134-3702, US",DHL SmartMail Parcel Expedited,14.000,Zone 07,5.81,5.18,0.00,0.63,5.18
2021-04-05,,'20210405173445581CQMQZFX,'9374869903506579619514,", 820 COMMONWEALTH AVE, BOSTON UNIVERSITY BOOTH THEATRE, BOSTON, MA, 02215-1278, US",DHL SmartMail Parcel Expedited,8.000,Zone 03,3.49,3.37,0.00,0.12,3.37
2021-04-05,,'20210405173435731D2GIIN4,'9374869903506579620091,", 105 MCKINLEY CT, , LIBERTY, SC, 29657-8968, US",DHL SmartMail Parcel Expedited,1.000,Zone 04,3.06,2.98,0.00,0.08,2.98
2021-04-05,,'20210405160001128JWXMSRU,'9361269903506578687402,", 2671 W GREASEWOOD ST, , APACHE JUNCTION, AZ, 85120-2927, US",DHL SmartMail Parcel Expedited,12.000,Zone 08,4.68,4.57,0.00,0.11,4.57
2021-04-05,,'20210405160006882I23J1OI,'9361269903506578685811,", 1004 60TH ST APT 5, , OAKLAND, CA, 94608-2345, US",DHL SmartMail Parcel Expedited,14.000,Zone 08,5.98,5.53,0.00,0.45,5.53
2021-04-05,,'202104051617582802ZBLLGV,'9361269903506578886492,", 36427 IRONHORSE DR, , PALMDALE, CA, 93550-8389, US",DHL SmartMail Parcel Expedited,15.000,Zone 08,5.98,5.59,0.00,0.39,5.59
2021-04-05,,'20210405161910088J20CKZ5,'9361269903506578897771,", 820 W COFFIN ST, , DENISON, TX, 75020-7523, US",DHL SmartMail Parcel Expedited,12.000,Zone 06,4.38,4.08,0.00,0.30,4.08
2021-04-05,,'20210405161746356HX3ME4P,'9361269903506578885204,", 7817 W KIMBERLY WAY, , GLENDALE, AZ, 85308-6118, US",DHL SmartMail Parcel Expedited,11.000,Zone 08,4.68,4.55,0.00,0.13,4.55
2021-04-05,,'20210405143619986K45MA4F,'9361269903506577670399,", 203 BROADWAY ST, , BERLIN, PA, 15530-1206, US",DHL SmartMail Parcel Expedited,8.000,Zone 03,3.49,3.37,0.00,0.12,3.37
2021-04-06,,'20210406162428063TJERK1P,'9361269903506587235601,", 3616 CALVERT AVE, , SAINT LOUIS, MO, 63114-2712, US",DHL SmartMail Parcel Plus Expedited,48.000,Zone 05,9.64,8.22,0.00,1.42,8.22
2021-04-06,,'20210406162422505OTGNVLO,'9361269903506587236042,", 190 112TH AVE N APT 501, , SAINT PETERSBURG, FL, 33716-3245, US",DHL SmartMail Parcel Plus Expedited,48.000,Zone 06,12.70,10.09,0.00,2.61,10.09
2021-04-06,,'20210406162433963QSHWFYS,'9361269903506587237445,", 2102 NW 83RD ST, , MIAMI, FL, 33147-5044, US",DHL SmartMail Parcel Plus Expedited,48.000,Zone 06,12.70,10.09,0.00,2.61,10.09
2021-04-06,,'202104061622081071SF0SMP,'9374869903506587203545,", 8011 288TH AVE LOT X, , SALEM, WI, 53168-9212, US",DHL SmartMail Parcel Plus Expedited,32.000,Zone 05,8.85,7.35,0.00,1.50,7.35
2021-04-06,,'20210406162131146JL1NM23,'9374869903506587199862,", 29 JEROME RD, , STATEN ISLAND, NY, 10305-2409, US",DHL SmartMail Parcel Expedited,5.000,Zone 01,3.46,3.30,0.00,0.16,3.30
2021-04-06,,'20210406162146684UUD1NXS,'9374869903506587200773,", 700 E GOBBI ST SPC 51, , UKIAH, CA, 95482-6226, US",DHL SmartMail Parcel Expedited,9.000,Zone 08,4.68,4.44,0.00,0.24,4.44
2021-04-06,,'202104061621378411JHIVDU,'9374869903506587201015,", 1905 COLLEGE ST, , SULPHUR SPRINGS, TX, 75482-3511, US",DHL SmartMail Parcel Expedited,5.000,Zone 06,3.58,3.39,0.00,0.19,3.39
2021-04-06,,'20210406162143201WUKAOIE,'9374869903506587201220,", 10300 SHORE FRONT PKWY APT 2D, , ROCKAWAY PARK, NY, 11694-2713, US",DHL SmartMail Parcel Expedited,5.000,Zone 01,3.46,3.30,0.00,0.16,3.30
2021-04-06,,'20210406162151581SL5GUFQ,'9374869903506587201763,", 57 PLEASANT AVE, , WALDEN, NY, 12586-1243, US",DHL SmartMail Parcel Expedited,5.000,Zone 02,3.46,3.30,0.00,0.16,3.30
2021-04-06,,'20210406162211422GBDFDTP,'9374869903506587203743,", 4970 KIBLER RD, , VAN BUREN, AR, 72956-8408, US",DHL SmartMail Parcel Expedited,4.000,Zone 06,3.22,3.14,0.00,0.08,3.14
2021-04-06,,'20210406162156995IZ3FWHB,'9374869903506587204139,", 4528 WARM STONE CIR, , PERRY HALL, MD, 21128-9036, US",DHL SmartMail Parcel Expedited,4.000,Zone 02,3.01,2.94,0.00,0.07,2.94
2021-04-06,,'20210406162200363K2XQRMC,'9374869903506587205204,", 1409 SHANNON PL, , CARROLLTON, TX, 75006-1514, US",DHL SmartMail Parcel Expedited,15.000,Zone 06,5.66,4.99,0.00,0.67,4.99
2021-04-06,,'20210406162204559U2ZFWRG,'9374869903506587205389,", 6910 BELMERE DR, , PARMA, OH, 44129-5153, US",DHL SmartMail Parcel Expedited,9.000,Zone 04,4.12,3.83,0.00,0.29,3.83
2021-04-06,,'20210406162219433ZQUMTIU,'9374869903506587208229,", 5590 EVENING SKY DR, , SIMI VALLEY, CA, 93063-5747, US",DHL SmartMail Parcel Expedited,5.000,Zone 08,3.85,3.69,0.00,0.16,3.69
2021-04-06,,'20210406162443200IXT40VI,'9374869903506587238615,", 2322 MYHAND RD, , PINE MOUNTAIN, GA, 31822-8121, US",DHL SmartMail Parcel Expedited,5.000,Zone 05,3.57,3.39,0.00,0.18,3.39
2021-04-06,,'202104061815082282KOOPLN,'9374869903506588321316,", 1043 WOODLAND DR, , VERSAILLES, OH, 45380-9563, US",DHL SmartMail Parcel Expedited,10.000,Zone 04,4.12,3.85,0.00,0.27,3.85
2021-04-06,,'20210406181745337WVH3QQH,'9374869903506588336358,", 671 JOHAHN DR, , WESTMINSTER, MD, 21158-9415, US",DHL SmartMail Parcel Expedited,5.000,Zone 02,3.46,3.30,0.00,0.16,3.30
2021-04-06,,'20210406181502768AFGCKYD,'9361269903506588321877,", 10778 DIXIE HWY, , DAVISBURG, MI, 48350-1123, US",DHL SmartMail Parcel Expedited,15.000,Zone 04,5.27,4.67,0.00,0.60,4.67
2021-04-07,,'20210407143112378ZKI5WGW,'9374869903506593842462,", 5744 ASPIRAN DR, , CATAWBA, NC, 28609-9060, US",DHL SmartMail Parcel Expedited,5.000,Zone 04,3.51,3.34,0.00,0.17,3.34
2021-04-07,,'20210407143122876WHJ4LA5,'9374869903506593842820,", 5425 MOSCA PASS CT, , COLORADO SPRINGS, CO, 80917-4300, US",DHL SmartMail Parcel Expedited,7.000,Zone 07,3.69,3.57,0.00,0.12,3.57
2021-04-07,,'202104071431003642K1JPZO,'9374869903506593844190,", 99 EVERGREEN PT APT 103, , DANVILLE, PA, 17821-8877, US",DHL SmartMail Parcel Expedited,5.000,Zone 02,3.46,3.30,0.00,0.16,3.30
2021-04-07,,'202104071431177672CGUSRU,'9374869903506593844589,", 4957 S LAKE PARK DR, , WICHITA FALLS, TX, 76302-4703, US",DHL SmartMail Parcel Expedited,7.000,Zone 06,3.58,3.46,0.00,0.12,3.46
2021-04-07,,'202104071431055692RHINS3,'9374869903506593845418,", 100 ARBOR LN, , ANDERSON, SC, 29621-4201, US",DHL SmartMail Parcel Expedited,5.000,Zone 04,3.51,3.34,0.00,0.17,3.34
2021-04-07,,'20210407143140639FNDSYE2,'9374869903506593849065,", 4801 GROVE POINT DR, , TAMPA, FL, 33624-5208, US",DHL SmartMail Parcel Expedited,11.000,Zone 05,4.20,3.94,0.00,0.26,3.94
2021-04-07,,'20210407143144140Z2YZVZB,'9374869903506593849140,", 211 N 2ND AVE, , RELIANCE, SD, 57569-2055, US",DHL SmartMail Parcel Expedited,4.000,Zone 06,3.22,3.14,0.00,0.08,3.14
2021-04-07,,'20210407143208256YJNY5VJ,'9374869903506593850122,", 795 PRATER WAY APT 213, , SPARKS, NV, 89431-3411, US",DHL SmartMail Parcel Expedited,5.000,Zone 08,3.85,3.69,0.00,0.16,3.69
2021-04-07,,'202104071432129962IYVBCV,'9374869903506593851167,", 146 CLAIBORNE CREEK DR, , WEST MONROE, LA, 71291-6700, US",DHL SmartMail Parcel Expedited,5.000,Zone 06,3.58,3.39,0.00,0.19,3.39
2021-04-07,,'2021040717282578202LUCGI,'9374869903506595251422,", 1260 CINNAMON HILL LN APT 209, , COLUMBIA, MO, 65201-8091, US",DHL SmartMail Parcel Expedited,4.000,Zone 05,3.12,3.04,0.00,0.08,3.04
2021-04-07,,'20210407172820533OJN11I2,'9374869903506595253990,", 3741 CASEY DR, , LAS VEGAS, NV, 89120-1352, US",DHL SmartMail Parcel Expedited,15.000,Zone 08,5.98,5.59,0.00,0.39,5.59
2021-04-07,,'20210407172829138FDVBMBX,'9374869903506595254270,", 8501 CHERRY HILL DR, , LAKELAND, FL, 33810-0378, US",DHL SmartMail Parcel Expedited,5.000,Zone 06,3.58,3.39,0.00,0.19,3.39
2021-04-07,,'20210407173036511PP4PFF2,'9374869903506595263654,", 4 SYCAMORE LN, , MORRISTOWN, NJ, 07960-6767, US",DHL SmartMail Parcel Expedited,2.000,Zone 01,3.01,2.94,0.00,0.07,2.94
2021-04-07,,'20210407143128722KIR0XPO,'9361269903506593847072,", 1010 1ST ST, MARYVALE ELEMENTARY SCHOOL, ROCKVILLE, MD, 20850-1450, US",DHL SmartMail Parcel Expedited,15.000,Zone 03,5.23,4.63,0.00,0.60,4.63
2021-04-07,,'20210407143135064HUOBGZ2,'9361269903506593848956,", 2210 COVENTRY RD, , LANCASTER, PA, 17601-3033, US",DHL SmartMail Parcel Expedited,5.000,Zone 02,3.46,3.30,0.00,0.16,3.30
2021-04-09,,'2021040913555233043ZNAKY,'9361269903506606939183,", 4000 GRIGGS RD APT 57, , HOUSTON, TX, 77021-1437, US",DHL SmartMail Parcel Plus Expedited,48.000,Zone 06,12.70,10.09,0.00,2.61,10.09
2021-04-09,,'2021040913552735004URH3S,'9374869903506606932845,", 38 E CATHERINE ST, , ROWLESBURG, WV, 26425-1700, US",DHL SmartMail Parcel Expedited,3.000,Zone 04,3.06,2.99,0.00,0.07,2.99
2021-04-09,,'20210409135515356IG032BI,'9374869903506606933934,", W241N5986 GOLDENCREST CT, , SUSSEX, WI, 53089-3687, US",DHL SmartMail Parcel Expedited,9.000,Zone 05,4.20,3.90,0.00,0.30,3.90
2021-04-09,,'20210409135532244GA5U22D,'9374869903506606935495,", 209 RIVA RIDGE DR, , FAIRVIEW, NC, 28730-9764, US",DHL SmartMail Parcel Expedited,5.000,Zone 04,3.51,3.34,0.00,0.17,3.34
2021-04-09,,'20210409135536151FEMOQLT,'9374869903506606935679,", 535 PEACEFUL DR, , BRANSON, MO, 65616-7428, US",DHL SmartMail Parcel Expedited,5.000,Zone 06,3.58,3.39,0.00,0.19,3.39
2021-04-09,,'20210409135542120VRMP210,'9374869903506606936393,", 359 W FREMONT ST, , LARAMIE, WY, 82072-3525, US",DHL SmartMail Parcel Expedited,9.000,Zone 07,4.53,4.20,0.00,0.33,4.20
2021-04-09,,'20210409135548093FNEJ3WW,'9374869903506606936577,", 4360 QUEEN ST, , UBLY, MI, 48475-7710, US",DHL SmartMail Parcel Expedited,2.000,Zone 04,3.06,2.99,0.00,0.07,2.99
2021-04-09,,'20210409135607017PNFUCSH,'9374869903506606940345,", 8781 BROWNSFERRY RD, , SENATOBIA, MS, 38668-3861, US",DHL SmartMail Parcel Expedited,7.000,Zone 05,3.57,3.43,0.00,0.14,3.43
2021-04-09,,'20210409135658965F3XF5K5,'9374869903506606946255,", 616 DISCOVERY WAY, , EASTSOUND, WA, 98245-8506, US",DHL SmartMail Parcel Expedited,4.000,Zone 08,3.49,3.40,0.00,0.09,3.40
2021-04-09,,'202104091356490870FWUGT3,'9374869903506606946965,", 2585 ORO DAM BLVD E, , OROVILLE, CA, 95966-6005, US",DHL SmartMail Parcel Expedited,5.000,Zone 08,3.85,3.69,0.00,0.16,3.69
2021-04-09,,'20210409135652186OG4AZRS,'9374869903506606947078,", 11345 E 1525TH AVE, , ROBINSON, IL, 62454-6419, US",DHL SmartMail Parcel Expedited,5.000,Zone 05,3.57,3.39,0.00,0.18,3.39
2021-04-09,,'20210409135655311XEI1QJU,'9374869903506606947214,", 1801 GREENWAY, , YAKIMA, WA, 98902-5222, US",DHL SmartMail Parcel Expedited,5.000,Zone 08,3.85,3.69,0.00,0.16,3.69
2021-04-09,,'20210409135702124TLNZQHC,'9374869903506606948372,", 765 N BROADWAY APT 11A, , HASTINGS ON HUDSON, NY, 10706-1051, US",DHL SmartMail Parcel Expedited,4.000,Zone 01,3.01,2.94,0.00,0.07,2.94
2021-04-09,,'202104091454176141HU3EUG,'9374869903506607585644,", 209 MONTEREY AVE, , CHOWCHILLA, CA, 93610-2526, US",DHL SmartMail Parcel Expedited,12.000,Zone 08,4.68,4.57,0.00,0.11,4.57
2021-04-09,,'20210409155301132JYWIESV,'9374869903506608100303,", 8029 MID HAVEN RD, , DUNDALK, MD, 21222-3457, US",DHL SmartMail Parcel Expedited,5.000,Zone 02,3.46,3.30,0.00,0.16,3.30
