Ship Date,Customer Reference,Customer Confirmation,Delivery Confirmation,Recipient Address,Service,Weight (oz),Pricing Zone,USPS Comp. Rate,Charge,Surcharges,Total Savings,Total Charges
2021-03-25,,'M1VCLZMVR9RWWUG,'9374869903506525200568,", 10341 W 59TH AVE APT 4, , ARVADA, CO, 80004, US",DHL SmartMail Parcel Expedited Max,10.000,Zone 07,7.48,5.07,0.00,2.41,5.07
2021-04-07,,'MHIMVDGG0QU2AGX,'9361269903506594725126,", 3466 GARFIELD RD, , AUBURN, MI, 48611, US",DHL SmartMail Parcel Expedited Max,32.000,Zone 04,8.24,7.92,0.00,0.32,7.92
2021-04-07,,'XHLJN0PPPEKXLCS,'9374869903506594719626,", 19093 GARY LN, , LIVONIA, MI, 48152, US",DHL SmartMail Parcel Expedited Max,6.000,Zone 04,6.46,4.07,0.00,2.39,4.07
2021-04-07,,'8SGNMY7QTKS4YPF,'9374869903506594719633,", PO BOX 153, , SMELTERVILLE, ID, 83868, US",DHL SmartMail Parcel Expedited Max,5.000,Zone 08,6.80,4.40,0.00,2.40,4.40
2021-04-07,,'D0LYGT4Z4Q0AH2J,'9374869903506594719640,", 110 pleasant way, , RUPERT, ID, 83350, US",DHL SmartMail Parcel Expedited Max,7.000,Zone 08,6.80,4.40,0.00,2.40,4.40
2021-04-07,,'VGYCKHPVWKZ1LH4,'9374869903506594719718,", 2277 W FLORAL CLIFF WAY, , TUCSON, AZ, 85741, US",DHL SmartMail Parcel Expedited Max,5.000,Zone 08,6.80,4.40,0.00,2.40,4.40
2021-04-07,,'BFQGUFPOVGBHST9,'9374869903506594719794,", 8689 SMART ST, , DETROIT, MI, 48210, US",DHL SmartMail Parcel Expedited Max,6.000,Zone 04,6.46,4.07,0.00,2.39,4.07
2021-04-07,,'SBWMT7MIIR6IYFP,'9374869903506594719824,", 19644 PESANTE RD, , SALINAS, CA, 93907, US",DHL SmartMail Parcel Expedited Max,15.000,Zone 08,8.93,6.49,0.00,2.44,6.49
2021-04-07,,'PFQLQASUASZKEDW,'9374869903506594719831,", 810 HAMMOCK RD, , BROOKSVILLE, FL, 34601, US",DHL SmartMail Parcel Expedited Max,5.000,Zone 05,6.52,4.13,0.00,2.39,4.13
2021-04-07,,'GCDF7QYKU5DNYQZ,'9374869903506594720813,", 10714 W APACHE ST, , CASHION, AZ, 85329, US",DHL SmartMail Parcel Expedited Max,5.000,Zone 08,6.80,4.40,0.00,2.40,4.40
2021-04-07,,'PG6ZWUU0ZA0AMUK,'9374869903506594720820,", 1041 SW Darmouth Ave., , Port ST Lucie, FL, 34953, US",DHL SmartMail Parcel Expedited Max,6.000,Zone 06,6.53,4.14,0.00,2.39,4.14
2021-04-07,,'EIY5TWFGCTBKEBN,'9374869903506594721278,", 10136 S MORGAN ST, , CHICAGO, IL, 60643, US",DHL SmartMail Parcel Expedited Max,5.000,Zone 05,6.52,4.13,0.00,2.39,4.13
2021-04-07,,'QLCQ6HZTWFOMOWQ,'9374869903506594721483,", 9207 S ERIE AVE, , TULSA, OK, 74137, US",DHL SmartMail Parcel Expedited Max,10.000,Zone 06,7.33,4.91,0.00,2.42,4.91
2021-04-07,,'MOVIRHCKV9V9KAO,'9374869903506594721575,", 117 APPIAN WAY, , ANDERSON, SC, 29625, US",DHL SmartMail Parcel Expedited Max,5.000,Zone 04,6.46,4.07,0.00,2.39,4.07
2021-04-07,,'HNRLO474WRDEGTE,'9374869903506594721629,", 1224 ALBANY ST, , CALDWELL, ID, 83605, US",DHL SmartMail Parcel Expedited Max,5.000,Zone 08,6.80,4.40,0.00,2.40,4.40
2021-04-07,,'UIZFF3FYA9YREUV,'9374869903506594721650,", 631 TUTHILL LN, , MOBILE, AL, 36608, US",DHL SmartMail Parcel Expedited Max,10.000,Zone 06,7.33,4.91,0.00,2.42,4.91
2021-04-07,,'U6IDI57D66ZIBDZ,'9374869903506594721728,", 981 Soaring Moon Drive, , Henderson, NV, 89015, US",DHL SmartMail Parcel Expedited Max,7.000,Zone 08,6.80,4.40,0.00,2.40,4.40
2021-04-07,,'EYYGNTXWXUXO3R6,'9374869903506594721735,", 17492 MATEER RD, , LINCOLN, AR, 72744, US",DHL SmartMail Parcel Expedited Max,5.000,Zone 06,6.53,4.14,0.00,2.39,4.14
2021-04-07,,'GQN3RRWIYV4SGRJ,'9374869903506594721827,", 22 Waterfront CT, , Sacramento, CA, 95831, US",DHL SmartMail Parcel Expedited Max,9.000,Zone 08,7.63,5.21,0.00,2.42,5.21
2021-04-07,,'QTWGNFXMZTK67ER,'9374869903506594722534,", 665 S BALBOA, , MESA, AZ, 85206, US",DHL SmartMail Parcel Expedited Max,5.000,Zone 08,6.80,4.40,0.00,2.40,4.40
2021-04-07,,'TOLIVAFSDW1EAJW,'9374869903506594722640,", 103 ROSEWOOD DR, , GREENTOWN, PA, 18426, US",DHL SmartMail Parcel Expedited Max,5.000,Zone 01,6.41,4.02,0.00,2.39,4.02
2021-04-07,,'EVMWWKT4ZSBQ4RQ,'9374869903506594722718,", 14205 Portnell RD, , Bozeman, MT, 59718, US",DHL SmartMail Parcel Expedited Max,9.000,Zone 07,7.48,5.06,0.00,2.42,5.06
2021-04-07,,'FXS7XFR2H3LS7KN,'9374869903506594722992,", 9 JUSTICE DR, , FORT MITCHELL, AL, 36856, US",DHL SmartMail Parcel Expedited Max,5.000,Zone 05,6.52,4.13,0.00,2.39,4.13
2021-04-07,,'NOWXNZKVQRTSW4U,'9374869903506594723029,", 14229 W PARADA DR, , SUN CITY WEST, AZ, 85375, US",DHL SmartMail Parcel Expedited Max,2.000,Zone 08,6.44,4.05,0.00,2.39,4.05
2021-04-07,,'MHIUXPU4MQ6JSG0,'9374869903506594723050,", 3701 35TH CIR SE, , RIO RANCHO, NM, 87124, US",DHL SmartMail Parcel Expedited Max,6.000,Zone 07,6.64,4.24,0.00,2.40,4.24
2021-04-07,,'ZHOYYNREVJUWZ6N,'9374869903506594723142,", 304 WATERSIDE ST, , PORT CHARLOTTE, FL, 33954, US",DHL SmartMail Parcel Expedited Max,5.000,Zone 06,6.53,4.14,0.00,2.39,4.14
2021-04-07,,'3TXZAOSFAZMKSZM,'9374869903506594723302,", 5845 MARINA DR APT 1, , SEBASTIAN, FL, 32958, US",DHL SmartMail Parcel Expedited Max,5.000,Zone 05,6.52,4.13,0.00,2.39,4.13
2021-04-07,,'GQO0E08Z6F5DENF,'9374869903506594723463,", 5065 ROBINSONG RD, , SARASOTA, FL, 34233, US",DHL SmartMail Parcel Expedited Max,5.000,Zone 06,6.53,4.14,0.00,2.39,4.14
2021-04-07,,'ETKS8Z7S3QNUOWS,'9374869903506594723494,", 605 CHRISBEN DR, , SPARTANBURG, SC, 29301, US",DHL SmartMail Parcel Expedited Max,5.000,Zone 04,6.46,4.07,0.00,2.39,4.07
2021-04-07,,'UJYJHTFBAIVMSPR,'9374869903506594723784,", 619 LANCASTER DR, , SPRING HILL, TN, 37174, US",DHL SmartMail Parcel Expedited Max,6.000,Zone 05,6.52,4.13,0.00,2.39,4.13
2021-04-07,,'YRYOOXYN3K4OTEH,'9374869903506594723791,", 7402 BROWNS LAKE RD, , JACKSON, MI, 49201, US",DHL SmartMail Parcel Expedited Max,6.000,Zone 04,6.46,4.07,0.00,2.39,4.07
2021-04-07,,'CQYMQ1TEKHKHVWJ,'9374869903506594723890,", 1413 OLD UNION RD, , PARIS, TN, 38242, US",DHL SmartMail Parcel Expedited Max,10.000,Zone 05,7.15,4.74,0.00,2.41,4.74
2021-04-07,,'ZUXH0PKQFD7D9F2,'9374869903506594723975,", 1402 SLIMER CIR, , TEXARKANA, AR, 71854, US",DHL SmartMail Parcel Expedited Max,6.000,Zone 06,6.53,4.14,0.00,2.39,4.14
2021-04-07,,'TIEBDN6LIKK3UYV,'9374869903506594723982,", 119 LAUREL LN, , BLAKESLEE, PA, 18610, US",DHL SmartMail Parcel Expedited Max,7.000,Zone 01,6.41,4.02,0.00,2.39,4.02
2021-04-07,,'DIKBQ91JPGFWEWV,'9374869903506594724019,", 2314 HARRIS RD, , BROADVIEW HTS, OH, 44147, US",DHL SmartMail Parcel Expedited Max,2.000,Zone 04,6.01,3.63,0.00,2.38,3.63
2021-04-07,,'HHKAWXETHWMVFPH,'9374869903506594724095,", 1115 S NEW HAMPSHIRE AVE UNIT 205, , LOS ANGELES, CA, 90006, US",DHL SmartMail Parcel Expedited Max,9.000,Zone 08,7.63,5.21,0.00,2.42,5.21
2021-04-07,,'X7EQXSMEBQMEF2S,'9374869903506594724118,", 6 HILLTOP DR, , BOURBONNAIS, IL, 60914, US",DHL SmartMail Parcel Expedited Max,9.000,Zone 05,7.15,4.74,0.00,2.41,4.74
2021-04-07,,'FES5BBGFI5JWKFX,'9374869903506594724224,", 357 N FRONT ST, , READING, PA, 19601, US",DHL SmartMail Parcel Expedited Max,2.000,Zone 02,5.96,3.58,0.00,2.38,3.58
2021-04-07,,'VIRPJTEK4PIQ7S6,'9374869903506594724231,", 15618 hemlock, , macomb, MI, 48044, US",DHL SmartMail Parcel Expedited Max,9.000,Zone 04,7.07,4.66,0.00,2.41,4.66
2021-04-07,,'VJDBLHVKJOJHNSI,'9374869903506594724309,", 9412 Centennial Dr., , WACO, TX, 76708, US",DHL SmartMail Parcel Expedited Max,7.000,Zone 06,6.53,4.14,0.00,2.39,4.14
2021-04-07,,'9GQSFB2MUY6BR54,'9374869903506594724347,", 3810 sw 60th ave  Apt.205, , Davie, FL, 33314, US",DHL SmartMail Parcel Expedited Max,5.000,Zone 06,6.53,4.14,0.00,2.39,4.14
2021-04-07,,'FYKHIHHJO3AGUXL,'9374869903506594724392,", 392 HILLSIDE AVE, , TORRINGTON, CT, 06790, US",DHL SmartMail Parcel Expedited Max,6.000,Zone 02,6.41,4.02,0.00,2.39,4.02
2021-04-07,,'XOHLWHQDSWJ7U16,'9374869903506594724415,", 122 LOOP RD, , WELLS, ME, 04090, US",DHL SmartMail Parcel Expedited Max,6.000,Zone 03,6.44,4.05,0.00,2.39,4.05
2021-04-07,,'AVKO2M23QRKXAM6,'9374869903506594724422,", N7239 547TH ST, , MENOMONIE, WI, 54751, US",DHL SmartMail Parcel Expedited Max,9.000,Zone 05,7.15,4.74,0.00,2.41,4.74
2021-04-07,,'BWLFAMUKLIH5IUT,'9374869903506594724507,", 84 NASH RD, , SOUTH WEYMOUTH, MA, 02190, US",DHL SmartMail Parcel Expedited Max,6.000,Zone 03,6.44,4.05,0.00,2.39,4.05
2021-04-07,,'RJ2A34HMKRRC8WY,'9374869903506594724583,", 1012 DUNDEE RD K -73, , DUNDEE, FL, 33838, US",DHL SmartMail Parcel Expedited Max,7.000,Zone 06,6.53,4.14,0.00,2.39,4.14
2021-04-07,,'0EL3TJK17Q7TIIW,'9374869903506594724644,", 619 LANCASTER DR, , SPRING HILL, TN, 37174, US",DHL SmartMail Parcel Expedited Max,6.000,Zone 05,6.52,4.13,0.00,2.39,4.13
2021-04-07,,'COL0RBTIGUPERTB,'9374869903506594724699,", 5701 PASEO RECALLO CT, , LAS VEGAS, NV, 89108, US",DHL SmartMail Parcel Expedited Max,6.000,Zone 08,6.80,4.40,0.00,2.40,4.40
2021-04-07,,'5KBHFPAUCYWWQ5Y,'9374869903506594724712,", 4028 ARBOR CV, , OLIVE BRANCH, MS, 38654, US",DHL SmartMail Parcel Expedited Max,6.000,Zone 05,6.52,4.13,0.00,2.39,4.13
2021-04-07,,'NHCNW86CYRBMA1K,'9374869903506594724729,", 665 HIGH WATER DR, , HARDEEVILLE, SC, 29927, US",DHL SmartMail Parcel Expedited Max,5.000,Zone 05,6.52,4.13,0.00,2.39,4.13
2021-04-07,,'IJ1RFH3XB3B6DTT,'9374869903506594724866,", 24 BARKER ST, , LOWELL, MA, 01850, US",DHL SmartMail Parcel Expedited Max,7.000,Zone 03,6.44,4.05,0.00,2.39,4.05
2021-04-07,,'GZGWBUP6GORAWCG,'9374869903506594724941,", 875 Sugar Pine Road, , Alta, CA, 95701, US",DHL SmartMail Parcel Expedited Max,9.000,Zone 08,7.63,5.21,0.00,2.42,5.21
2021-04-07,,'7PA7HT0GDBHVOFM,'9374869903506594725016,", 7697 Wyckford Court, , Indianapolis, IN, 46214, US",DHL SmartMail Parcel Expedited Max,4.000,Zone 05,6.07,3.69,0.00,2.38,3.69
2021-04-07,,'K7BTF2REDGAEROA,'9374869903506594725030,", 2107 Alicia drive, , Jonesboro, AR, 72404, US",DHL SmartMail Parcel Expedited Max,5.000,Zone 05,6.52,4.13,0.00,2.39,4.13
2021-04-07,,'APMOQC0OCIPVAA6,'9374869903506594725092,", 8094 SE DEERHILL WAY, , OLALLA, WA, 98359, US",DHL SmartMail Parcel Expedited Max,6.000,Zone 08,6.80,4.40,0.00,2.40,4.40
2021-04-07,,'CZ5Q416XEIJENY5,'9374869903506594725290,", 8925 KYSORVILLE BYERSVILLE RD, , NUNDA, NY, 14517, US",DHL SmartMail Parcel Expedited Max,6.000,Zone 03,6.44,4.05,0.00,2.39,4.05
2021-04-07,,'9QMJPXKDCZ1E6AD,'9374869903506594725382,", 6208 EWING BLVD, , ARLINGTON, TN, 38002, US",DHL SmartMail Parcel Expedited Max,5.000,Zone 05,6.52,4.13,0.00,2.39,4.13
2021-04-07,,'EPMRLQENTAZEHEG,'9374869903506594725405,", 3102 W NASSAU ST, , TAMPA, FL, 33607, US",DHL SmartMail Parcel Expedited Max,5.000,Zone 05,6.52,4.13,0.00,2.39,4.13
2021-04-07,,'XYU2SCO9MVDSKCX,'9374869903506594725504,", 309 BURGAW CREEK LOOP RD, , BURGAW, NC, 28425, US",DHL SmartMail Parcel Expedited Max,6.000,Zone 04,6.46,4.07,0.00,2.39,4.07
2021-04-07,,'9TMIJKBEMQOKIZ4,'9374869903506594725535,", 401 PRINTZ ST, , READING, PA, 19606, US",DHL SmartMail Parcel Expedited Max,2.000,Zone 02,5.96,3.58,0.00,2.38,3.58
2021-04-07,,'5785BTCUN78UPNB,'9374869903506594725580,", 4137 WYANDOTTE WOODS BLVD, , DUBLIN, OH, 43016, US",DHL SmartMail Parcel Expedited Max,5.000,Zone 04,6.46,4.07,0.00,2.39,4.07
2021-04-07,,'CKDWSK8WUJWLLTJ,'9374869903506594725764,", 10698 WATERSEDGE LN, , WOODBURY, MN, 55129, US",DHL SmartMail Parcel Expedited Max,5.000,Zone 05,6.52,4.13,0.00,2.39,4.13
2021-04-07,,'44TZCKFLFKYSTB4,'9374869903506594725795,", 230 JUDITH CIR, , YORKTOWN, VA, 23693, US",DHL SmartMail Parcel Expedited Max,5.000,Zone 03,6.44,4.05,0.00,2.39,4.05
2021-04-07,,'G6HGVMKCSMHS6BO,'9374869903506594725849,", 133 S 9TH AVE, , PAGE, AZ, 86040, US",DHL SmartMail Parcel Expedited Max,9.000,Zone 08,7.63,5.21,0.00,2.42,5.21
2021-04-07,,'5DZE6BM0MX0B3XE,'9374869903506594725931,", 10062 N DAYHUFF DR, , MOORESVILLE, IN, 46158, US",DHL SmartMail Parcel Expedited Max,5.000,Zone 05,6.52,4.13,0.00,2.39,4.13
2021-04-07,,'NH01HNOTA3ALWGD,'9374869903506594725993,", 7116 W WILLIAMS ST, , PHOENIX, AZ, 85043, US",DHL SmartMail Parcel Expedited Max,5.000,Zone 08,6.80,4.40,0.00,2.40,4.40
2021-04-07,,'Q3W6IWEP6GKKBJC,'9374869903506594726037,", 59 Wexford Drive, , OAKDALE, NY, 11769, US",DHL SmartMail Parcel Expedited Max,6.000,Zone 01,6.41,4.02,0.00,2.39,4.02
2021-04-07,,'RMJKGQYN0LDIUFZ,'9374869903506594726112,", 1701 MABBETTE ST APT 2-205, , KISSIMMEE, FL, 34741, US",DHL SmartMail Parcel Expedited Max,6.000,Zone 05,6.52,4.13,0.00,2.39,4.13
2021-04-07,,'WX6JFHNE9MFH8VL,'9374869903506594726228,", 1116 CALIFORNIA ST, , HUNTINGTON BEACH, CA, 92648, US",DHL SmartMail Parcel Expedited Max,6.000,Zone 08,6.80,4.40,0.00,2.40,4.40
2021-04-07,,'DR8431IZGARFWW0,'9374869903506594726235,", 1805 JOLYNN ST NE, , MASSILLON, OH, 44646, US",DHL SmartMail Parcel Expedited Max,10.000,Zone 04,7.07,4.66,0.00,2.41,4.66
2021-04-07,,'TZLAHZXTDLQCI1H,'9374869903506594726853,", 140 C AND B DR, , SALIX, PA, 15952, US",DHL SmartMail Parcel Expedited Max,5.000,Zone 03,6.44,4.05,0.00,2.39,4.05
2021-04-07,,'KVLDPV1VP1JYLEL,'9374869903506594726914,", 17237 90th ave, 2fl, Jamaica, NY, 11432, US",DHL SmartMail Parcel Expedited Max,5.000,Zone 01,6.41,4.02,0.00,2.39,4.02
2021-04-07,,'XJBFGXBQQGN3OIB,'9374869903506594726921,", 3546 LACEBARK CT, , SOUTHPORT, NC, 28461, US",DHL SmartMail Parcel Expedited Max,5.000,Zone 04,6.46,4.07,0.00,2.39,4.07
2021-04-07,,'QM1GQSRIKETGIKX,'9374869903506594726952,", 357 PITNEY RD APT 410, , LANCASTER, PA, 17601, US",DHL SmartMail Parcel Expedited Max,5.000,Zone 02,6.41,4.02,0.00,2.39,4.02
2021-04-07,,'YKIBZYSOQOKKOSP,'9374869903506594726969,", 2159 WIGGINS RD, , PINEVILLE, LA, 71360, US",DHL SmartMail Parcel Expedited Max,2.000,Zone 06,6.17,3.78,0.00,2.39,3.78
2021-04-07,,'EQ3HXHGE404XMYP,'9374869903506594727034,", 636 E Piping Rock Rd, , Phoenix, AZ, 85022, US",DHL SmartMail Parcel Expedited Max,5.000,Zone 08,6.80,4.40,0.00,2.40,4.40
2021-04-07,,'QT5SNI0FJS9EJZN,'9374869903506594727065,", 38 N BROAD ST REAR APT HAZLETON, PA 18202, WEST HAZLETON, PA, 18202, US",DHL SmartMail Parcel Expedited Max,2.000,Zone 01,5.96,3.58,0.00,2.38,3.58
2021-04-07,,'SXLLUEZMLOHCQHN,'9374869903506594727416,", 7581 HIGH RIDGE RD, , BOYNTON BEACH, FL, 33426, US",DHL SmartMail Parcel Expedited Max,2.000,Zone 06,6.17,3.78,0.00,2.39,3.78
2021-04-07,,'8REWHODRK80PZGW,'9374869903506594727485,", 8240 Dauphin Dr., , Stockton, CA, 95210, US",DHL SmartMail Parcel Expedited Max,9.000,Zone 08,7.63,5.21,0.00,2.42,5.21
2021-04-07,,'QZX16BCPWZMQXUN,'9374869903506594727911,", 133 E NETTLEMAN RD, , COLDWATER, MI, 49036, US",DHL SmartMail Parcel Expedited Max,9.000,Zone 04,7.07,4.66,0.00,2.41,4.66
2021-04-07,,'XCEE0LREPYLPLA1,'9374869903506594727935,", 22903 85TH AVENUE CT E, , GRAHAM, WA, 98338, US",DHL SmartMail Parcel Expedited Max,10.000,Zone 08,7.63,5.21,0.00,2.42,5.21
2021-04-07,,'VEWXTVW9JWWBEAN,'9374869903506594728147,", 251 WILLOW GROVE RD, , PITTSGROVE, NJ, 08318, US",DHL SmartMail Parcel Expedited Max,5.000,Zone 02,6.41,4.02,0.00,2.39,4.02
2021-04-07,,'DDLDKHOUZDFEQER,'9374869903506594728154,", 10364 SPRINGPOINTE CIR APT C, , MIAMISBURG, OH, 45342, US",DHL SmartMail Parcel Expedited Max,10.000,Zone 04,7.07,4.66,0.00,2.41,4.66
2021-04-07,,'VIRMG7N0UNXFOC2,'9374869903506594729137,", 10410 POPELAR RD, , WHITELAW, WI, 54247, US",DHL SmartMail Parcel Expedited Max,5.000,Zone 05,6.52,4.13,0.00,2.39,4.13
2021-04-08,,'SW7ER0Q6RA1WDXU,'LX002999409US,", 24 CLOVERDALE DR, , BRAMPTON, ON, L6T 2T4, CA",DHL Packet International,23.000,Canada,20.19,13.66,0.00,6.53,13.66
2021-04-08,,'XXTGFTKR07I6TVV,'UM252194801US,", 291 BOULEVARD BEGIN, , SAINT-PACOME, QC, G0L 3X0, CA",DHL Packet International,6.000,Canada,13.54,7.19,0.00,6.35,7.19
2021-04-08,,'N20CPSDYGTJV69U,'UM252194815US,", 5416 22 AVENUE SW, , EDMONTON, AB, T6X 2H8, CA",DHL Packet International,6.000,Canada,13.54,7.19,0.00,6.35,7.19
2021-04-08,,'ZOA9JRUUMET3STS,'UV059112112DE,", THE RECTORY CARE HOME, 2 TRINITY ROAD, TAUNTON, -, TA1 3JH, GB",DHL Packet International,3.000,Great Britain,15.44,5.52,0.00,9.92,5.52
