Ship Date,Customer Reference,Customer Confirmation,Delivery Confirmation,Recipient Address,Service,Weight (oz),Pricing Zone,USPS Comp. Rate,Charge,Surcharges,Total Savings,Total Charges
2021-04-02,,'113-8373996-6505856,'9374869903506566442231,", 336 SOUTH ST, , HYANNIS, MA, 02601, US",DHL SmartMail Parcel Expedited,15.000,Zone 03,5.23,5.03,0.00,0.20,5.03
2021-04-02,,'111-3698303-7614667,'9374869903506566454883,", 13452 NW 38TH CT, , OPA LOCKA, FL, 33054, US",DHL SmartMail Parcel Expedited,13.000,Zone 06,5.66,5.42,0.00,0.24,5.42
2021-04-02,,'112-9802935-5021061,'9374869903506566462451,", 7277 MCKINLEY, , CENTER LINE, MI, 48015, US",DHL SmartMail Parcel Expedited,13.000,Zone 04,5.27,5.06,0.00,0.21,5.06
2021-04-02,,'114-2555734-2323432,'9374869903506566473624,", 136 SHINGISS ST APT 212, , MC KEES ROCKS, PA, 15136, US",DHL SmartMail Parcel Expedited,13.000,Zone 04,5.27,5.06,0.00,0.21,5.06
2021-04-02,,'114-4608579-2306607,'9374869903506566481889,", 80283 WOODRIDGE LN, , ROMEO, MI, 48065, US",DHL SmartMail Parcel Expedited,11.000,Zone 04,4.12,4.02,0.00,0.10,4.02
2021-04-02,,'14689,'9374869903506567026157,", 322 MURRAY ST, , OXFORD, MS, 38655, US",DHL SmartMail Parcel Expedited,14.000,Zone 05,5.42,5.20,0.00,0.22,5.20
2021-04-02,,'3622116186731,'9374869903506567058066,", 2207 HILLSIDE AVE, , BELLMORE, NY, 11710, US",DHL SmartMail Parcel Expedited,14.000,Zone 01,5.19,4.98,0.00,0.21,4.98
2021-04-02,,'3632117942626,'9374869903506567137297,", 368 BURKE ST APT 1, , RIVER ROUGE, MI, 48218, US",DHL SmartMail Parcel Expedited,13.000,Zone 04,5.27,5.06,0.00,0.21,5.06
2021-04-02,,'14690,'9374869903506567185663,", 3850 SPRINGTOWN RD, , FURLONG, PA, 18925, US",DHL SmartMail Parcel Expedited,12.000,Zone 02,4.04,3.94,0.00,0.10,3.94
2021-04-05,,'114-7763800-9035415,'9361269903506580399379,", PSC 817 BOX 404, , FPO, AE, 09622, US",DHL SmartMail Parcel Plus Expedited,48.000,Zone 01,8.00,7.67,0.00,0.33,7.67
2021-04-05,,'112-6131514-5722659,'9374869903506579450063,", 17016 RIVER PIER DR SE, , HUNTSVILLE, AL, 35803, US",DHL SmartMail Parcel Expedited,14.000,Zone 05,5.42,5.20,0.00,0.22,5.20
2021-04-05,,'112-3457229-4635467,'9374869903506579467641,", 100 WALDEN CROSSING DR APT 7306, , CANTON, GA, 30115, US",DHL SmartMail Parcel Expedited,13.000,Zone 05,5.42,5.20,0.00,0.22,5.20
2021-04-05,,'114-4780700-4206652,'9374869903506579480893,", 463 LIBERTY RD, , DANVILLE, AL, 35619, US",DHL SmartMail Parcel Expedited,15.000,Zone 05,5.42,5.21,0.00,0.21,5.21
2021-04-05,,'114-8578260-1452229,'9374869903506579495965,", 3559 SALEM RD LOT G5, , COVINGTON, GA, 30016, US",DHL SmartMail Parcel Expedited,14.000,Zone 05,5.42,5.20,0.00,0.22,5.20
2021-04-05,,'114-6760288-7535440,'9374869903506579948225,", 1620 S MELANIE LN, , SYRACUSE, UT, 84075, US",DHL SmartMail Parcel Expedited,11.000,Zone 08,4.68,4.57,0.00,0.11,4.57
2021-04-05,,'114-6321451-7181801,'9374869903506579953397,", 625 QUINCY ST APT 215, , BROOKLYN, NY, 11221, US",DHL SmartMail Parcel Expedited,14.000,Zone 01,5.19,4.98,0.00,0.21,4.98
2021-04-05,,'114-4650920-3748208,'9374869903506579985404,", 560 LARCHWOOD DR, , SAN MARCOS, CA, 92069, US",DHL SmartMail Parcel Expedited,13.000,Zone 08,5.98,5.81,0.00,0.17,5.81
2021-04-05,,'114-2350547-7728245,'9374869903506580012489,", 1876 GREGORY AVE, , LINCOLN PARK, MI, 48146, US",DHL SmartMail Parcel Expedited,14.000,Zone 04,5.27,5.06,0.00,0.21,5.06
2021-04-05,,'113-9284937-8738607,'9374869903506580039561,", 28 DAKIN ST, , MUMFORD, NY, 14511, US",DHL SmartMail Parcel Expedited,14.000,Zone 03,5.23,5.02,0.00,0.21,5.02
2021-04-05,,'114-0927982-9805807,'9374869903506580050757,", 1664 RIVER RDG, , WILLIAMSBURG, VA, 23185, US",DHL SmartMail Parcel Expedited,8.000,Zone 03,3.49,3.41,0.00,0.08,3.41
2021-04-05,,'113-5022070-7553025,'9374869903506580062002,", 1032 MAIN ST, , LINCOLN, ME, 04457, US",DHL SmartMail Parcel Expedited,13.000,Zone 04,5.27,5.06,0.00,0.21,5.06
2021-04-05,,'113-2168385-5073855,'9374869903506580068042,", 1018 E 22ND AVE, , COLUMBUS, OH, 43211, US",DHL SmartMail Parcel Expedited,13.000,Zone 04,5.27,5.06,0.00,0.21,5.06
2021-04-05,,'112-6563959-1910665,'9374869903506580082994,", 504 N BOISE AVE, , EMMETT, ID, 83617, US",DHL SmartMail Parcel Expedited,12.000,Zone 08,4.68,4.57,0.00,0.11,4.57
2021-04-05,,'111-0086401-9689863,'9374869903506580091286,", 145 WILLIAM ST, , FARMINGDALE, NY, 11735, US",DHL SmartMail Parcel Expedited,13.000,Zone 01,5.19,4.98,0.00,0.21,4.98
2021-04-05,,'111-2918239-7313859,'9374869903506580107697,", 543 E 3RD ST # 1, , BROOKLYN, NY, 11218, US",DHL SmartMail Parcel Expedited,12.000,Zone 01,4.04,3.94,0.00,0.10,3.94
2021-04-05,,'111-3154261-6164223,'9374869903506580120115,", 4285 HILDEBRAND LN APT 172, , LAS VEGAS, NV, 89121, US",DHL SmartMail Parcel Expedited,15.999,Zone 08,5.98,5.84,0.00,0.14,5.84
2021-04-05,,'111-3539957-0730613,'9374869903506580129354,", 500 W 11TH ST, , FOND DU LAC, WI, 54935, US",DHL SmartMail Parcel Expedited,11.000,Zone 05,4.20,4.10,0.00,0.10,4.10
2021-04-05,,'111-4436115-1501808,'9374869903506580147051,", 7610 W LENOX CIR, , PUNTA GORDA, FL, 33950, US",DHL SmartMail Parcel Expedited,12.000,Zone 06,4.38,4.28,0.00,0.10,4.28
2021-04-05,,'111-6045558-9975429,'9374869903506580155568,", 1009 LOCUST ST, , FAYETTEVILLE, TN, 37334, US",DHL SmartMail Parcel Expedited,14.000,Zone 05,5.42,5.20,0.00,0.22,5.20
2021-04-05,,'112-0933753-9176227,'9374869903506580168193,", 3220 CHELSEA RD, , WEST POINT, VA, 23181, US",DHL SmartMail Parcel Expedited,15.999,Zone 03,5.23,5.03,0.00,0.20,5.03
2021-04-05,,'112-2431774-6673002,'9374869903506580175689,", 15913 E 4TH E108, , SPOKANE VALLEY, WA, 99037, US",DHL SmartMail Parcel Expedited,14.000,Zone 08,5.98,5.83,0.00,0.15,5.83
2021-04-05,,'112-5714231-2047460,'9374869903506580184193,", 1163 RED OAK CT NW, , CORYDON, IN, 47112, US",DHL SmartMail Parcel Expedited,9.000,Zone 05,4.20,4.10,0.00,0.10,4.10
2021-04-05,,'114-5747118-9761848,'9374869903506580200107,", 1 PLEASANT DR, , WEST LONG BRANCH, NJ, 07764, US",DHL SmartMail Parcel Expedited,14.000,Zone 01,5.19,4.98,0.00,0.21,4.98
2021-04-05,,'111-4454376-4423457,'9374869903506580215811,", 81 DEBBIE TER, , BERKELEY SPRINGS, WV, 25411, US",DHL SmartMail Parcel Expedited,9.000,Zone 02,4.04,3.94,0.00,0.10,3.94
2021-04-05,,'112-4766012-2582667,'9374869903506580450885,", 2871 SHADOWSTONE WAY, , WINDER, GA, 30680, US",DHL SmartMail Parcel Expedited,10.000,Zone 05,4.20,4.10,0.00,0.10,4.10
2021-04-05,,'3632117691186,'9374869903506580462185,", 325 BAYBORO CIR, , GOOSE CREEK, SC, 29445, US",DHL SmartMail Parcel Expedited,13.000,Zone 05,5.42,5.20,0.00,0.22,5.20
2021-04-05,,'3632117794464,'9374869903506580465506,", 5761 S HILLSIDE DR, , MURRAY, UT, 84107, US",DHL SmartMail Parcel Expedited,12.000,Zone 08,4.68,4.57,0.00,0.11,4.57
2021-04-05,,'3642118339435,'9374869903506580471101,", 2308 JACKSON AVE, , NEWPORT NEWS, VA, 23604, US",DHL SmartMail Parcel Expedited,13.000,Zone 03,5.23,5.02,0.00,0.21,5.02
2021-04-05,,'3652119664921,'9374869903506580479572,", 13021 PONY EXPRESS DR, , PIEDMONT, SD, 57769, US",DHL SmartMail Parcel Expedited,14.000,Zone 07,5.81,5.60,0.00,0.21,5.60
2021-04-05,,'3652120302223,'9374869903506580485245,", 6561 ESPERANCE LN, , MARIPOSA, CA, 95338, US",DHL SmartMail Parcel Expedited,12.000,Zone 08,4.68,4.57,0.00,0.11,4.57
2021-04-05,,'3652120210896,'9374869903506580486648,", 105 KELLY LN, , KINGSPORT, TN, 37664, US",DHL SmartMail Parcel Expedited,11.000,Zone 05,4.20,4.10,0.00,0.10,4.10
2021-04-05,,'3662121108334,'9374869903506580580407,", 2075 PLEASANT HOLLOW DR, , LITHONIA, GA, 30058, US",DHL SmartMail Parcel Expedited,14.000,Zone 05,5.42,5.20,0.00,0.22,5.20
2021-04-05,,'14691,'9374869903506580870096,", 1 AEROPOST WAY, , MIAMI, FL, 33206, US",DHL SmartMail Parcel Expedited,11.000,Zone 06,4.38,4.28,0.00,0.10,4.28
2021-04-05,,'14692,'9374869903506580879921,", 1850 AIRPORT EXCHANGE BLVD STE 200, REFERENCE #OREUSA21605530257NZ, ERLANGER, KY, 41025, US",DHL SmartMail Parcel Expedited,15.000,Zone 04,5.27,5.07,0.00,0.20,5.07
2021-04-05,,'14698,'9374869903506580905811,", 1708 DEEP SPRING ST, , BROWNSVILLE, TX, 78520, US",DHL SmartMail Parcel Expedited,10.000,Zone 07,4.53,4.42,0.00,0.11,4.42
2021-04-05,,'14697,'9374869903506580915452,", 201 N 1ST AVE APT 404, , IOWA CITY, IA, 52245, US",DHL SmartMail Parcel Expedited,12.000,Zone 05,4.20,4.10,0.00,0.10,4.10
2021-04-05,,'3662120064606,'9374869903506580924188,", 27 WINANS AVE, , PISCATAWAY, NJ, 08854, US",DHL SmartMail Parcel Expedited,12.000,Zone 01,4.04,3.94,0.00,0.10,3.94
2021-04-05,,'3662121020006,'9374869903506580934774,", 233 W MAIN ST, , MORRISTOWN, TN, 37814, US",DHL SmartMail Parcel Expedited,13.000,Zone 05,5.42,5.20,0.00,0.22,5.20
2021-04-05,,'3662121533393,'9374869903506581330605,", 6425 SW KING BLVD, , BEAVERTON, OR, 97008, US",DHL SmartMail Parcel Expedited,15.999,Zone 08,5.98,5.84,0.00,0.14,5.84
2021-04-05,,'112-8224981-9429806,'9374869903506581363825,", 2828 PHILLIPS ST, , FLORENCE, AL, 35633, US",DHL SmartMail Parcel Expedited,10.000,Zone 05,4.20,4.10,0.00,0.10,4.10
2021-04-06,,'114-4066853-0537820,'9374869903506589056446,", 2191 COUNTY ROAD 20, , HALEYVILLE, AL, 35565, US",DHL SmartMail Parcel Plus Expedited,32.000,Zone 05,8.85,8.35,0.00,0.50,8.35
2021-04-06,,'111-0442292-8714653,'9374869903506586394305,", 114 MAGNOLIA RD, , PEMBERTON, NJ, 08068, US",DHL SmartMail Parcel Expedited,11.000,Zone 02,4.04,3.94,0.00,0.10,3.94
2021-04-06,,'113-7494924-6390665,'9374869903506586529851,", 50 LAFAYETTE DR, , LIVINGSTON, NJ, 07039, US",DHL SmartMail Parcel Expedited,9.000,Zone 01,4.04,3.94,0.00,0.10,3.94
2021-04-06,,'114-0709283-0955439,'9374869903506586536125,", 9633 SAINT CLAUDE AVE, , LAS VEGAS, NV, 89148, US",DHL SmartMail Parcel Expedited,11.000,Zone 08,4.68,4.57,0.00,0.11,4.57
2021-04-06,,'111-0513741-2674648,'9374869903506586573632,", 800 BROOKSIDE DR, , GASTONIA, NC, 28056, US",DHL SmartMail Parcel Expedited,14.000,Zone 04,5.27,5.06,0.00,0.21,5.06
2021-04-06,,'14702,'9374869903506586590455,", 153 2ND AVE, , MUNCY, PA, 17756, US",DHL SmartMail Parcel Expedited,12.000,Zone 02,4.04,3.94,0.00,0.10,3.94
2021-04-06,,'14701,'9374869903506586596594,", 130 CONESTOGA RD, , PITTSBURGH, PA, 15235, US",DHL SmartMail Parcel Expedited,11.000,Zone 04,4.12,4.02,0.00,0.10,4.02
2021-04-06,,'114-7359820-7688235,'9374869903506588567165,", 2533 W PALMETTO ST, , FLORENCE, SC, 29501, US",DHL SmartMail Parcel Expedited,15.000,Zone 04,5.27,5.07,0.00,0.20,5.07
2021-04-07,,'111-9134621-8708258,'9374869903506593151663,", 3770 ZIP INDUSTRIAL BLVD SE, SUITE D NG60673, ATLANTA, GA, 30354, US",DHL SmartMail Parcel Expedited,13.000,Zone 05,5.42,5.20,0.00,0.22,5.20
2021-04-07,,'114-0872206-9490608,'9374869903506593468969,", PO BOX 801, , RESERVE, NM, 87830, US",DHL SmartMail Parcel Expedited,13.000,Zone 07,5.81,5.59,0.00,0.22,5.59
2021-04-07,,'111-2224780-6291411,'9374869903506593474694,", 16 3RD ST, , ELIZABETHPORT, NJ, 07206, US",DHL SmartMail Parcel Expedited,10.000,Zone 01,4.04,3.94,0.00,0.10,3.94
2021-04-07,,'113-9270658-0280268,'9374869903506593842998,", 292 GUANACASTE CT, , SAN JOSE, CA, 95116, US",DHL SmartMail Parcel Expedited,13.000,Zone 08,5.98,5.81,0.00,0.17,5.81
2021-04-07,,'111-7677930-1221857,'9374869903506593846798,", 5221 WOOD AVE, , SOUTH GATE, CA, 90280, US",DHL SmartMail Parcel Expedited,15.000,Zone 08,5.98,5.84,0.00,0.14,5.84
2021-04-07,,'111-6587008-6038638,'9374869903506593858418,", 1440 SHANABROOK DR, , AKRON, OH, 44313, US",DHL SmartMail Parcel Expedited,11.000,Zone 04,4.12,4.02,0.00,0.10,4.02
2021-04-07,,'114-5174596-9455437,'9374869903506594160176,", 2304 OAK LN STE 13, , GRAND PRAIRIE, TX, 75051, US",DHL SmartMail Parcel Expedited,12.000,Zone 06,4.38,4.28,0.00,0.10,4.28
2021-04-07,,'14703,'9374869903506594173220,", 116 BUCCANEER DR APT D, , CORPUS CHRISTI, TX, 78411, US",DHL SmartMail Parcel Expedited,15.000,Zone 07,5.81,5.61,0.00,0.20,5.61
2021-04-07,,'3682123399646,'9374869903506594223383,", 56625 MOUNTAIN VIEW TRL, , YUCCA VALLEY, CA, 92284, US",DHL SmartMail Parcel Expedited,12.000,Zone 08,4.68,4.57,0.00,0.11,4.57
2021-04-07,,'3672122979280,'9374869903506594231852,", 11735 S GLEN DR APT 201, , HOUSTON, TX, 77099, US",DHL SmartMail Parcel Expedited,15.000,Zone 06,5.66,5.43,0.00,0.23,5.43
2021-04-07,,'3682123087026,'9374869903506594254455,", 2621 FULTON AVE APT 49, , SACRAMENTO, CA, 95821, US",DHL SmartMail Parcel Expedited,12.000,Zone 08,4.68,4.57,0.00,0.11,4.57
2021-04-07,,'3672123541024,'9374869903506594273890,", 93 INVERNESS RD, , HOLBROOK, NY, 11741, US",DHL SmartMail Parcel Expedited,15.999,Zone 01,5.19,4.99,0.00,0.20,4.99
2021-04-07,,'111-2594038-1943418,'9374869903506595657583,", 2065 FREEMAN AVE, , BELLMORE, NY, 11710, US",DHL SmartMail Parcel Expedited,15.000,Zone 01,5.19,4.99,0.00,0.20,4.99
2021-04-07,,'113-6611859-5536255,'9374869903506595725398,", 1350 EASTON WAY, , GARDNERVILLE, NV, 89410, US",DHL SmartMail Parcel Expedited,14.000,Zone 08,5.98,5.83,0.00,0.15,5.83
2021-04-07,,'112-7913833-4171457,'9374869903506595955115,", 7 SYCAMORE ST, , BELMONT, MA, 02478, US",DHL SmartMail Parcel Expedited,11.000,Zone 03,4.09,3.99,0.00,0.10,3.99
2021-04-07,,'114-4348126-1141842,'9374869903506596379590,", 231 COUNTY ROAD 6875, , NATALIA, TX, 78059, US",DHL SmartMail Parcel Expedited,15.999,Zone 07,5.81,5.62,0.00,0.19,5.62
2021-04-08,,'112-3514395-1129821,'9374869903506600301142,", 3408 SARGEANT DR, , CHARLOTTE, NC, 28217, US",DHL SmartMail Parcel Expedited,15.000,Zone 04,5.27,5.07,0.00,0.20,5.07
2021-04-08,,'111-8082097-1015417,'9374869903506601619352,", 24307 NW 174TH AVE, , HIGH SPRINGS, FL, 32643, US",DHL SmartMail Parcel Expedited,13.000,Zone 05,5.42,5.20,0.00,0.22,5.20
2021-04-08,,'14707,'9374869903506602375493,", 9758 LUBAO AVE, , CHATSWORTH, CA, 91311, US",DHL SmartMail Parcel Expedited,12.000,Zone 08,4.68,4.57,0.00,0.11,4.57
2021-04-09,,'114-0125098-9298603,'9374869903506606835658,", 22 MEADOWGRASS, , IRVINE, CA, 92604, US",DHL SmartMail Parcel Expedited,8.000,Zone 08,3.85,3.76,0.00,0.09,3.76
2021-04-09,,'113-9105000-7143417,'9374869903506606849426,", 771 WILLOW RD, , FRANKLIN SQUARE, NY, 11010, US",DHL SmartMail Parcel Expedited,15.000,Zone 01,5.19,4.99,0.00,0.20,4.99
2021-04-09,,'113-7807116-9116246,'9374869903506606860346,", 2460 NORTHSIDE DR APT 103, , CLEARWATER, FL, 33761, US",DHL SmartMail Parcel Expedited,14.000,Zone 06,5.66,5.42,0.00,0.24,5.42
2021-04-09,,'111-5268461-7054657,'9374869903506606894013,", 7 SYCAMORE ST, , BELMONT, MA, 02478, US",DHL SmartMail Parcel Expedited,12.000,Zone 03,4.09,3.99,0.00,0.10,3.99
2021-04-09,,'113-8654060-2076269,'9374869903506606913912,", 6565 KINGSBRIDGE DR, , SYLVANIA, OH, 43560, US",DHL SmartMail Parcel Expedited,13.000,Zone 04,5.27,5.06,0.00,0.21,5.06
2021-04-09,,'3692126468723,'9374869903506607413664,", 5753 RICHARDSON RD, , WILLIAMSON, NY, 14589, US",DHL SmartMail Parcel Expedited,14.000,Zone 03,5.23,5.02,0.00,0.21,5.02
2021-04-09,,'3692126035722,'9374869903506607427814,", 2472 PARADISE VILLAGE WAY, , LAS VEGAS, NV, 89120, US",DHL SmartMail Parcel Expedited,13.000,Zone 08,5.98,5.81,0.00,0.17,5.81
2021-04-09,,'113-1381338-4702600,'9374869903506607446983,", 21045 KINGSCREST DR, , SANTA CLARITA, CA, 91350, US",DHL SmartMail Parcel Expedited,13.000,Zone 08,5.98,5.81,0.00,0.17,5.81
2021-04-09,,'111-0656454-9093854,'9374869903506607668354,", 130 POPES LN, , HINGHAM, MA, 02043, US",DHL SmartMail Parcel Expedited,13.000,Zone 03,5.23,5.02,0.00,0.21,5.02
