Ship Date,Customer Reference,Customer Confirmation,Delivery Confirmation,Recipient Address,Service,Weight (oz),Pricing Zone,USPS Comp. Rate,Charge,Surcharges,Total Savings,Total Charges
2021-04-05,,,'9300169903506577856993,", PO Box 247, , Mountainair, NM, 87036-0247, US",First Class Parcels,2.000,Zone 07,3.35,3.35,1.00,0.00,4.35
2021-04-05,,,'9374869903506577422185,", 13511 Gard Ave, , Norwalk, CA, 90650, US",DHL SmartMail Parcel Expedited,2.000,Zone 08,3.49,3.41,0.00,0.08,3.41
2021-04-05,,,'9374869903506577442183,", 130 S Partridge St, , Lebanon, PA, 17042-5157, US",DHL SmartMail Parcel Expedited,2.000,Zone 02,3.01,2.94,0.00,0.07,2.94
2021-04-05,,,'9374869903506577443746,", 2067 Van Hoesen Ave, , Bronx, NY, 10461-1722, US",DHL SmartMail Parcel Expedited,2.000,Zone 01,3.01,2.94,0.00,0.07,2.94
2021-04-05,,,'9374869903506577447966,", 10050 Westpark Dr Apt 1909, , Houston, TX, 77042-5720, US",DHL SmartMail Parcel Expedited,2.000,Zone 06,3.22,3.14,0.00,0.08,3.14
2021-04-05,,,'9374869903506577449007,", 220 Cross Park Dr Apt A10, Crosswinds Apts, Pearl, MS, 39208-8974, US",DHL SmartMail Parcel Expedited,2.000,Zone 06,3.22,3.14,0.00,0.08,3.14
2021-04-05,,,'9374869903506577451413,", 5242 Blackjack Rd, , Starkville, MS, 39759-5323, US",DHL SmartMail Parcel Expedited,2.000,Zone 06,3.22,3.14,0.00,0.08,3.14
2021-04-05,,,'9374869903506577455879,", 11018 Bragg Ct, , Williamsport, MD, 21795-1445, US",DHL SmartMail Parcel Expedited,2.000,Zone 02,3.01,2.94,0.00,0.07,2.94
2021-04-05,,,'9374869903506577457293,", 25447 Broadway Ave, , Warrens, WI, 54666-6613, US",DHL SmartMail Parcel Expedited,2.000,Zone 05,3.12,3.04,0.00,0.08,3.04
2021-04-05,,,'9374869903506577470292,", 5108 E Crestone Ave, , Castle Rock, CO, 80104-8776, US",DHL SmartMail Parcel Expedited,2.000,Zone 07,3.35,3.27,0.00,0.08,3.27
2021-04-05,,,'9374869903506577494601,", 5325 NW Deerfield Way, , Portland, OR, 97229-1755, US",DHL SmartMail Parcel Expedited,2.000,Zone 08,3.49,3.41,0.00,0.08,3.41
2021-04-05,,,'9374869903506577508742,", 7208 Barb Mar Ln, , Edinburg, TX, 78541-4557, US",DHL SmartMail Parcel Expedited,2.000,Zone 07,3.35,3.27,0.00,0.08,3.27
2021-04-05,,,'9374869903506577514224,", 706 Clay St, , Malcom, IA, 50157-5020, US",DHL SmartMail Parcel Expedited,2.000,Zone 05,3.12,3.04,0.00,0.08,3.04
2021-04-05,,,'9374869903506577529709,", 320 Terrace Dr Apt 53, , Flushing, MI, 48433-1978, US",DHL SmartMail Parcel Expedited,2.000,Zone 04,3.06,2.99,0.00,0.07,2.99
2021-04-05,,,'9374869903506577536547,", 3211 Norfolk St, Apt 23307, Houston, TX, 77098-3816, US",DHL SmartMail Parcel Expedited,2.000,Zone 06,3.22,3.14,0.00,0.08,3.14
2021-04-05,,,'9374869903506577549240,", 229 Farm Ln, , Hastings, PA, 16646-6609, US",DHL SmartMail Parcel Expedited,2.000,Zone 03,3.03,2.96,0.00,0.07,2.96
2021-04-05,,,'9374869903506577555647,", 909 N Hayden Island Dr Rm 430, , Portland, OR, 97217-8118, US",DHL SmartMail Parcel Expedited,5.000,Zone 08,3.85,3.76,0.00,0.09,3.76
2021-04-05,,,'9374869903506577564410,", 1309 Woodthorpe Dr, , Mesquite, TX, 75181-3519, US",DHL SmartMail Parcel Expedited,2.000,Zone 06,3.22,3.14,0.00,0.08,3.14
2021-04-05,,,'9374869903506577580519,", 7589 Twin River Rd, , Eureka, MO, 63025-2717, US",DHL SmartMail Parcel Expedited,2.000,Zone 05,3.12,3.04,0.00,0.08,3.04
2021-04-05,,,'9374869903506577588911,", 1650 Deep Gorge Ct, , Oxon Hill, MD, 20745-4071, US",DHL SmartMail Parcel Expedited,2.000,Zone 03,3.03,2.96,0.00,0.07,2.96
2021-04-05,,,'9374869903506577591669,", 198 Bloomfield Ave Apt 401, , Bloomfield, NJ, 07003-5781, US",DHL SmartMail Parcel Expedited,2.000,Zone 01,3.01,2.94,0.00,0.07,2.94
2021-04-05,,,'9374869903506577602495,", 321 Boulevard, , New Milford, NJ, 07646-1843, US",DHL SmartMail Parcel Expedited,2.000,Zone 01,3.01,2.94,0.00,0.07,2.94
2021-04-05,,,'9374869903506577604543,", 1452 W 48th St, , Los Angeles, CA, 90062-2023, US",DHL SmartMail Parcel Expedited,2.000,Zone 08,3.49,3.41,0.00,0.08,3.41
2021-04-05,,,'9374869903506577609104,", 435 Amston Rd, , Colchester, CT, 06415-1018, US",DHL SmartMail Parcel Expedited,2.000,Zone 02,3.01,2.94,0.00,0.07,2.94
2021-04-05,,,'9374869903506577615112,", 1922 W Layton Ave, , Milwaukee, WI, 53221-5310, US",DHL SmartMail Parcel Expedited,2.000,Zone 05,3.12,3.04,0.00,0.08,3.04
2021-04-05,,,'9374869903506577618236,", 5260 N Highway 14, , Landrum, SC, 29356-8701, US",DHL SmartMail Parcel Expedited,2.000,Zone 04,3.06,2.99,0.00,0.07,2.99
2021-04-05,,,'9374869903506577709224,", 7 Hudson Harbour Dr Apt D, , Poughkeepsie, NY, 12601-5366, US",DHL SmartMail Parcel Expedited,2.000,Zone 02,3.01,2.94,0.00,0.07,2.94
2021-04-05,,,'9374869903506577775854,", 192 Fox Hills Rd, , Douglas, GA, 31535-5600, US",DHL SmartMail Parcel Expedited,2.000,Zone 05,3.12,3.04,0.00,0.08,3.04
2021-04-05,,,'9374869903506577791847,", 3225 Droste Rd, , Saint Charles, MO, 63301-1110, US",DHL SmartMail Parcel Expedited,2.000,Zone 05,3.12,3.04,0.00,0.08,3.04
2021-04-05,,,'9374869903506577817660,", 7343 Meridale Forest Dr, , Charlotte, NC, 28269-3456, US",DHL SmartMail Parcel Expedited,2.000,Zone 04,3.06,2.99,0.00,0.07,2.99
2021-04-05,,,'9374869903506577872782,", 2235 N St Apt 209, , Sacramento, CA, 95816-5705, US",DHL SmartMail Parcel Expedited,2.000,Zone 08,3.49,3.41,0.00,0.08,3.41
2021-04-05,,,'9374869903506577888349,", 12 Pease Farm Rd, , Ellington, CT, 06029-3444, US",DHL SmartMail Parcel Expedited,2.000,Zone 02,3.01,2.94,0.00,0.07,2.94
2021-04-05,,,'9374869903506577901130,", 911 Hooven Ave, , Hamilton, OH, 45015-1845, US",DHL SmartMail Parcel Expedited,2.000,Zone 04,3.06,2.99,0.00,0.07,2.99
2021-04-05,,,'9374869903506577913690,", 1713 Jersey Ave, , Saint Cloud, FL, 34769-5005, US",DHL SmartMail Parcel Expedited,2.000,Zone 05,3.12,3.04,0.00,0.08,3.04
2021-04-05,,,'9374869903506577933582,", 7199 Lydia Ln, , Saint Paul, MN, 55125-6704, US",DHL SmartMail Parcel Expedited,2.000,Zone 05,3.12,3.04,0.00,0.08,3.04
2021-04-05,,,'9374869903506577954594,", 22036 Jordan Ln, , Richton Park, IL, 60471-1268, US",DHL SmartMail Parcel Expedited,2.000,Zone 05,3.12,3.04,0.00,0.08,3.04
2021-04-05,,,'9374869903506577980197,", 210 Delray Ave, , Syracuse, NY, 13224-1212, US",DHL SmartMail Parcel Expedited,2.000,Zone 03,3.03,2.96,0.00,0.07,2.96
2021-04-05,,,'9374869903506577992411,", 536 Meadow Green Ln, , Round Lake Beach, IL, 60073-1354, US",DHL SmartMail Parcel Expedited,2.000,Zone 05,3.12,3.04,0.00,0.08,3.04
2021-04-05,,,'9374869903506578005318,", 23137 Park Place Dr, , Southfield, MI, 48033-7111, US",DHL SmartMail Parcel Expedited,2.000,Zone 04,3.06,2.99,0.00,0.07,2.99
2021-04-05,,,'9374869903506578019193,", 3811 W Leila Ave, , Tampa, FL, 33616-2405, US",DHL SmartMail Parcel Expedited,2.000,Zone 05,3.12,3.04,0.00,0.08,3.04
2021-04-05,,,'9374869903506578030594,", 465 Pepper Dr Apt 465, , Hanford, CA, 93230-7037, US",DHL SmartMail Parcel Expedited,2.000,Zone 08,3.49,3.41,0.00,0.08,3.41
2021-04-05,,,'9374869903506578094435,", 6078 Via Naranjo, , La Verne, CA, 91750-1614, US",DHL SmartMail Parcel Expedited,2.000,Zone 08,3.49,3.41,0.00,0.08,3.41
2021-04-05,,,'9374869903506578105063,", 2851 NE 183rd St Apt 903, , Aventura, FL, 33160-2139, US",DHL SmartMail Parcel Expedited,2.000,Zone 06,3.22,3.14,0.00,0.08,3.14
2021-04-05,,,'9374869903506578123593,", 1963 NW 136th Ave Apt 523, , Sunrise, FL, 33323-5358, US",DHL SmartMail Parcel Expedited,2.000,Zone 06,3.22,3.14,0.00,0.08,3.14
2021-04-05,,,'9374869903506578142044,", 4301 Bissonnet St Apt 42, , Bellaire, TX, 77401-3229, US",DHL SmartMail Parcel Expedited,2.000,Zone 06,3.22,3.14,0.00,0.08,3.14
2021-04-05,,,'9374869903506578234619,", 878 E 176th St Apt 2D, , Bronx, NY, 10460-4672, US",DHL SmartMail Parcel Expedited,1.000,Zone 01,3.01,2.94,0.00,0.07,2.94
2021-04-05,,,'9374869903506578243567,", 1721 Claycreek Pt, , Antioch, TN, 37013-2886, US",DHL SmartMail Parcel Expedited,2.000,Zone 05,3.12,3.04,0.00,0.08,3.04
2021-04-05,,,'9374869903506578255959,", 86 W Alpine St, , Newark, NJ, 07108-2425, US",DHL SmartMail Parcel Expedited,1.000,Zone 01,3.01,2.94,0.00,0.07,2.94
2021-04-05,,,'9374869903506578279481,", 6 Victoria Cir, , Sharon, MA, 02067-3115, US",DHL SmartMail Parcel Expedited,1.000,Zone 03,3.03,2.96,0.00,0.07,2.96
2021-04-05,,,'9374869903506578287646,", 2213 Montezuma Rd, , Pueblo, CO, 81003-1846, US",DHL SmartMail Parcel Expedited,1.000,Zone 07,3.35,3.27,0.00,0.08,3.27
2021-04-05,,,'9374869903506578301052,", 5557 Baltimore Ave # 1051, , Hyattsville, MD, 20781-1922, US",DHL SmartMail Parcel Expedited,2.000,Zone 03,3.03,2.96,0.00,0.07,2.96
2021-04-05,,,'9374869903506578307184,", 18 Sandhurst Ct, , Toms River, NJ, 08757-6564, US",DHL SmartMail Parcel Expedited,1.000,Zone 01,3.01,2.94,0.00,0.07,2.94
2021-04-05,,,'9374869903506578323986,", 3122 137th St # 1FL, , Flushing, NY, 11354-1913, US",DHL SmartMail Parcel Expedited,1.000,Zone 01,3.01,2.94,0.00,0.07,2.94
2021-04-05,,,'9374869903506578330892,", 16500 Jacobson Rd, , Del Valle, TX, 78617-5113, US",DHL SmartMail Parcel Expedited,1.000,Zone 07,3.35,3.27,0.00,0.08,3.27
2021-04-05,,,'9374869903506578340488,", 19170 Buren Pl, , Castro Valley, CA, 94552-5258, US",DHL SmartMail Parcel Expedited,1.000,Zone 08,3.49,3.41,0.00,0.08,3.41
2021-04-05,,,'9374869903506578357929,", 2217 Hoffnagle St, , Philadelphia, PA, 19152-2511, US",DHL SmartMail Parcel Expedited,2.000,Zone 02,3.01,2.94,0.00,0.07,2.94
2021-04-05,,,'9374869903506578364781,", 162 Hastings Mill Rd, , Streamwood, IL, 60107-1937, US",DHL SmartMail Parcel Expedited,1.000,Zone 05,3.12,3.04,0.00,0.08,3.04
2021-04-05,,,'9374869903506578399486,", PO Box 124, , Kensington, MN, 56343-0124, US",DHL SmartMail Parcel Expedited,1.000,Zone 06,3.22,3.14,0.00,0.08,3.14
2021-04-05,,,'9374869903506578410136,", 5111 S Meridian Ave Lot 136, , Wichita, KS, 67217-3773, US",DHL SmartMail Parcel Expedited,1.000,Zone 06,3.22,3.14,0.00,0.08,3.14
2021-04-05,,,'9374869903506578420562,", 3385 Orovada Dr, , Carson City, NV, 89701-6862, US",DHL SmartMail Parcel Expedited,1.000,Zone 08,3.49,3.41,0.00,0.08,3.41
2021-04-05,,,'9374869903506578673579,", 740 W 3940 S, De31, Salt Lake City, UT, 84123-5716, US",DHL SmartMail Parcel Expedited,2.000,Zone 08,3.49,3.41,0.00,0.08,3.41
2021-04-05,,,'9374869903506578697056,", 2101 Donald St, , Modesto, CA, 95351-3407, US",DHL SmartMail Parcel Expedited,1.000,Zone 08,3.49,3.41,0.00,0.08,3.41
2021-04-05,,,'9374869903506578703375,", 102 Ridge Top Dr, , Crystal City, MO, 63019-1106, US",DHL SmartMail Parcel Expedited,1.000,Zone 05,3.12,3.04,0.00,0.08,3.04
2021-04-05,,,'9374869903506578712704,", 350 N Harrison Rd Apt 7108, , Tucson, AZ, 85748-3237, US",DHL SmartMail Parcel Expedited,1.000,Zone 08,3.49,3.41,0.00,0.08,3.41
2021-04-05,,,'9374869903506578768688,", 203 S Taylor Rd, , Garrett, IN, 46738-1830, US",DHL SmartMail Parcel Expedited,2.000,Zone 04,3.06,2.99,0.00,0.07,2.99
2021-04-05,,,'9374869903506578779561,", PO Box 922, , Wilson, NC, 27894-0922, US",DHL SmartMail Parcel Expedited,1.000,Zone 04,3.06,2.99,0.00,0.07,2.99
2021-04-05,,,'9374869903506578792584,", 174 Linton Downs Pl, , Spring, TX, 77382-1692, US",DHL SmartMail Parcel Expedited,1.000,Zone 06,3.22,3.14,0.00,0.08,3.14
2021-04-05,,,'9374869903506578850475,", 146 W Palm Dr, , Arcadia, CA, 91007-5142, US",DHL SmartMail Parcel Expedited,1.000,Zone 08,3.49,3.41,0.00,0.08,3.41
2021-04-05,,,'9374869903506578866148,", 1890 Bel Ct, , Indialantic, FL, 32903-2702, US",DHL SmartMail Parcel Expedited,1.000,Zone 05,3.12,3.04,0.00,0.08,3.04
2021-04-05,,,'9374869903506578881936,", 3748 Dundale Dr, , San Jose, CA, 95121-2614, US",DHL SmartMail Parcel Expedited,1.000,Zone 08,3.49,3.41,0.00,0.08,3.41
2021-04-05,,,'9374869903506578902303,", 9714 Sutton Ct, , Santee, CA, 92071-1315, US",DHL SmartMail Parcel Expedited,2.000,Zone 08,3.49,3.41,0.00,0.08,3.41
2021-04-05,,,'9374869903506578913934,", 4926 Mehl Ave, , Saint Louis, MO, 63129-1630, US",DHL SmartMail Parcel Expedited,2.000,Zone 05,3.12,3.04,0.00,0.08,3.04
2021-04-05,,,'9374869903506578927054,", 3076 Westvista Cir, , Fort Worth, TX, 76133-8006, US",DHL SmartMail Parcel Expedited,2.000,Zone 06,3.22,3.14,0.00,0.08,3.14
2021-04-05,,,'9374869903506578943801,", 7114 N Lancaster Ave, , Portland, OR, 97217-5634, US",DHL SmartMail Parcel Expedited,2.000,Zone 08,3.49,3.41,0.00,0.08,3.41
2021-04-05,,,'9374869903506579038810,", 37295 Wagenburg Farm Ln, , Middleburg, VA, 20117-2857, US",DHL SmartMail Parcel Expedited,2.000,Zone 03,3.03,2.96,0.00,0.07,2.96
2021-04-05,,,'9374869903506579064499,", 311 Fanyon St, , Milpitas, CA, 95035-4624, US",DHL SmartMail Parcel Expedited,2.000,Zone 08,3.49,3.41,0.00,0.08,3.41
2021-04-05,,,'9374869903506579076003,", 470 Mountain Rd, , Wilbraham, MA, 01095-1725, US",DHL SmartMail Parcel Expedited,2.000,Zone 02,3.01,2.94,0.00,0.07,2.94
2021-04-05,,,'9374869903506579093451,", 6218 WHALEY RD, , GRIFTON, NC, 28530-8715, US",DHL SmartMail Parcel Expedited,2.000,Zone 04,3.06,2.99,0.00,0.07,2.99
2021-04-05,,,'9374869903506579107264,", 1721 Claycreek Pt, , Antioch, TN, 37013-2886, US",DHL SmartMail Parcel Expedited,2.000,Zone 05,3.12,3.04,0.00,0.08,3.04
2021-04-05,,,'9374869903506579117102,", 8710 Grand Ave Apt 5B, , Elmhurst, NY, 11373-4447, US",DHL SmartMail Parcel Expedited,2.000,Zone 01,3.01,2.94,0.00,0.07,2.94
2021-04-05,,,'9374869903506579141497,", 14005 Bromfield Rd, , Germantown, MD, 20874-2287, US",DHL SmartMail Parcel Expedited,2.000,Zone 03,3.03,2.96,0.00,0.07,2.96
2021-04-05,,,'9374869903506579157856,", 12646 Heartleaf St, , Moreno Valley, CA, 92553-4766, US",DHL SmartMail Parcel Expedited,2.000,Zone 08,3.49,3.41,0.00,0.08,3.41
2021-04-05,,,'9374869903506579167770,", 5120 Brookleigh Dr, , Byram, MS, 39272-6007, US",DHL SmartMail Parcel Expedited,2.000,Zone 06,3.22,3.14,0.00,0.08,3.14
2021-04-05,,,'9374869903506579192888,", 242 W Main St # 184, , Hendersonville, TN, 37075-3330, US",DHL SmartMail Parcel Expedited,2.000,Zone 05,3.12,3.04,0.00,0.08,3.04
2021-04-05,,,'9374869903506579214528,", 10058 Iverson Dr, , Orlando, FL, 32832-5618, US",DHL SmartMail Parcel Expedited,2.000,Zone 05,3.12,3.04,0.00,0.08,3.04
2021-04-05,,,'9374869903506579227856,", 20059 Silver Rock Dr, , Katy, TX, 77449-7632, US",DHL SmartMail Parcel Expedited,2.000,Zone 06,3.22,3.14,0.00,0.08,3.14
2021-04-05,,,'9374869903506579240640,", 266 N Caroline Pl, , Dover, DE, 19904-7740, US",DHL SmartMail Parcel Expedited,2.000,Zone 02,3.01,2.94,0.00,0.07,2.94
2021-04-05,,,'9374869903506579258409,", 901 Wainwright Dr, , San Jose, CA, 95128-3467, US",DHL SmartMail Parcel Expedited,2.000,Zone 08,3.49,3.41,0.00,0.08,3.41
2021-04-05,,,'9374869903506579278131,", 10232 Highland Meadow Cir Apt 102, , Parker, CO, 80134-3332, US",DHL SmartMail Parcel Expedited,2.000,Zone 07,3.35,3.27,0.00,0.08,3.27
2021-04-05,,,'9374869903506579288574,", 3514 N 34th St, , Tampa, FL, 33605-1540, US",DHL SmartMail Parcel Expedited,2.000,Zone 05,3.12,3.04,0.00,0.08,3.04
2021-04-05,,,'9374869903506579295497,", 309 N Elizabeth St, , Middleton, MI, 48856-5123, US",DHL SmartMail Parcel Expedited,2.000,Zone 04,3.06,2.99,0.00,0.07,2.99
2021-04-05,,,'9374869903506579313818,", 1923 Scotch Pine St, , Tomball, TX, 77375-2055, US",DHL SmartMail Parcel Expedited,2.000,Zone 06,3.22,3.14,0.00,0.08,3.14
2021-04-05,,,'9374869903506579323886,", 1200 Bradford Creek Ln, , Taylors, SC, 29687-6154, US",DHL SmartMail Parcel Expedited,2.000,Zone 04,3.06,2.99,0.00,0.07,2.99
2021-04-05,,,'9374869903506579329338,", 1100 Wynns Rd, , Sanford, NC, 27330-7084, US",DHL SmartMail Parcel Expedited,2.000,Zone 04,3.06,2.99,0.00,0.07,2.99
2021-04-05,,,'9374869903506579333755,", 7205 Cholla Ave, , Yucca Valley, CA, 92284-2833, US",DHL SmartMail Parcel Expedited,2.000,Zone 08,3.49,3.41,0.00,0.08,3.41
2021-04-05,,,'9374869903506579346212,", 1756 Bernstein Dr, , Virginia Beach, VA, 23454-6790, US",DHL SmartMail Parcel Expedited,2.000,Zone 03,3.03,2.96,0.00,0.07,2.96
2021-04-05,,,'9374869903506579365008,", 3158 Tyro Rd Apt C, , Lexington, NC, 27295-0620, US",DHL SmartMail Parcel Expedited,2.000,Zone 04,3.06,2.99,0.00,0.07,2.99
2021-04-05,,,'9374869903506579371528,", 2762 2nd St NE Apt 205, , Hickory, NC, 28601-1448, US",DHL SmartMail Parcel Expedited,2.000,Zone 04,3.06,2.99,0.00,0.07,2.99
2021-04-05,,,'9374869903506579386775,", 16112 Pointe Oak Cir, , Edmond, OK, 73013-3246, US",DHL SmartMail Parcel Expedited,2.000,Zone 06,3.22,3.14,0.00,0.08,3.14
2021-04-05,,,'9374869903506579396873,", 3130 Cotton Creek Pl, , Casper, WY, 82604-3653, US",DHL SmartMail Parcel Expedited,2.000,Zone 07,3.35,3.27,0.00,0.08,3.27
2021-04-05,,,'9374869903506579414133,", 22 Trina Ln Lowr Level, , Staten Island, NY, 10309-1532, US",DHL SmartMail Parcel Expedited,2.000,Zone 01,3.01,2.94,0.00,0.07,2.94
2021-04-05,,,'9374869903506579425429,", 11827 Sunburst Marble Rd, , Riverview, FL, 33579-2144, US",DHL SmartMail Parcel Expedited,2.000,Zone 05,3.12,3.04,0.00,0.08,3.04
2021-04-05,,,'9374869903506579445571,", 28384 Gatineau St, , Murrieta, CA, 92563-3496, US",DHL SmartMail Parcel Expedited,2.000,Zone 08,3.49,3.41,0.00,0.08,3.41
2021-04-05,,,'9374869903506579462929,", 6032 Farrington Ln, , Los Angeles, CA, 90042-1210, US",DHL SmartMail Parcel Expedited,2.000,Zone 08,3.49,3.41,0.00,0.08,3.41
2021-04-05,,,'9374869903506579466835,", 7430 Barkbridge Rd, , Chesterfield, VA, 23832-8285, US",DHL SmartMail Parcel Expedited,2.000,Zone 03,3.03,2.96,0.00,0.07,2.96
2021-04-05,,,'9374869903506579498102,", 12855 SW 50th St, , Miramar, FL, 33027-5507, US",DHL SmartMail Parcel Expedited,2.000,Zone 06,3.22,3.14,0.00,0.08,3.14
2021-04-05,,,'9374869903506579529837,", 66 Chase St, , Pocatello, ID, 83201-3201, US",DHL SmartMail Parcel Expedited,2.000,Zone 08,3.49,3.41,0.00,0.08,3.41
2021-04-05,,,'9374869903506579542546,", 6078 Via Naranjo, , La Verne, CA, 91750-1614, US",DHL SmartMail Parcel Expedited,2.000,Zone 08,3.49,3.41,0.00,0.08,3.41
2021-04-05,,,'9374869903506579549606,", 1341 Omelveny Ave, , San Fernando, CA, 91340-4136, US",DHL SmartMail Parcel Expedited,2.000,Zone 08,3.49,3.41,0.00,0.08,3.41
2021-04-06,,,'9374869903506586437033,", 2050A 2nd St SE # 252, , Kirtland AFB, NM, 87117-5522, US",DHL SmartMail Parcel Expedited,2.000,Zone 07,3.35,3.27,0.00,0.08,3.27
2021-04-06,,,'9374869903506586437811,", 6149 Leontyne Price Ct, , Jacksonville, FL, 32209-1824, US",DHL SmartMail Parcel Expedited,2.000,Zone 05,3.12,3.04,0.00,0.08,3.04
2021-04-06,,,'9374869903506586440866,", 3337 Ashaway Rd, , Virginia Bch, VA, 23452-5256, US",DHL SmartMail Parcel Expedited,2.000,Zone 03,3.03,2.96,0.00,0.07,2.96
2021-04-06,,,'9374869903506586441641,", 203 Church St, , Amsterdam, NY, 12010-3949, US",DHL SmartMail Parcel Expedited,2.000,Zone 02,3.01,2.94,0.00,0.07,2.94
2021-04-06,,,'9374869903506586442297,", 949 N Traub Ave, , Indianapolis, IN, 46222-3835, US",DHL SmartMail Parcel Expedited,2.000,Zone 05,3.12,3.04,0.00,0.08,3.04
2021-04-06,,,'9374869903506586451367,", 19850 EAST ARROW HWY F11, , COVINA, CA, 91724, US",DHL SmartMail Parcel Expedited,2.000,Zone 08,3.49,3.41,0.00,0.08,3.41
2021-04-06,,,'9374869903506586451664,", 3131 55th St, , Woodside, NY, 11377-1517, US",DHL SmartMail Parcel Expedited,2.000,Zone 01,3.01,2.94,0.00,0.07,2.94
2021-04-06,,,'9374869903506586453736,", 17745 Peak Ave, , Morgan Hill, CA, 95037-4127, US",DHL SmartMail Parcel Expedited,2.000,Zone 08,3.49,3.41,0.00,0.08,3.41
2021-04-06,,,'9374869903506586456829,", 69218 County Road 384, , South Haven, MI, 49090-7768, US",DHL SmartMail Parcel Expedited,2.000,Zone 04,3.06,2.99,0.00,0.07,2.99
2021-04-06,,,'9374869903506586465548,", 1828 Hubbell St, , Las Vegas, NV, 89156-7124, US",DHL SmartMail Parcel Expedited,2.000,Zone 08,3.49,3.41,0.00,0.08,3.41
2021-04-06,,,'9374869903506586469393,", 119 Pinedale Dr, , Davenport, FL, 33897-4672, US",DHL SmartMail Parcel Expedited,2.000,Zone 06,3.22,3.14,0.00,0.08,3.14
2021-04-06,,,'9374869903506586473147,", 511CARIBOU BOX244, , SIMLA, CO, 80835-5014, US",DHL SmartMail Parcel Expedited,2.000,Zone 07,3.35,3.27,0.00,0.08,3.27
2021-04-06,,,'9374869903506586475011,", 30517 Danwood Dr, , Delmar, MD, 21875-2253, US",DHL SmartMail Parcel Expedited,2.000,Zone 03,3.03,2.96,0.00,0.07,2.96
2021-04-06,,,'9374869903506586482842,", 71180 Bay Dr, , Covington, LA, 70433-6930, US",DHL SmartMail Parcel Expedited,2.000,Zone 06,3.22,3.14,0.00,0.08,3.14
2021-04-06,,,'9374869903506586485713,", 464 Turnpike St, , Stoughton, MA, 02072-3739, US",DHL SmartMail Parcel Expedited,2.000,Zone 03,3.03,2.96,0.00,0.07,2.96
2021-04-06,,,'9374869903506586486765,", 362 Antietam Dr, , Hagerstown, MD, 21742-4238, US",DHL SmartMail Parcel Expedited,2.000,Zone 02,3.01,2.94,0.00,0.07,2.94
2021-04-06,,,'9374869903506586541402,", 30 Spellman Ln, , Frazeysburg, OH, 43822-9901, US",DHL SmartMail Parcel Expedited,2.000,Zone 04,3.06,2.99,0.00,0.07,2.99
2021-04-06,,,'9374869903506586586441,", 11722 216th St Apt A, , Lakewood, CA, 90715-2605, US",DHL SmartMail Parcel Expedited,2.000,Zone 08,3.49,3.41,0.00,0.08,3.41
2021-04-06,,,'9374869903506586599878,", 5647 Dumfries Ct W, , Dublin, OH, 43017-9429, US",DHL SmartMail Parcel Expedited,2.000,Zone 04,3.06,2.99,0.00,0.07,2.99
2021-04-06,,,'9374869903506586624853,", 3005 nw 27th, , Oklahoma City, OK, 73107-6911, US",DHL SmartMail Parcel Expedited,2.000,Zone 06,3.22,3.14,0.00,0.08,3.14
2021-04-06,,,'9374869903506586634487,", 6 Lawrence Dr Apt B, , Browns Mills, NJ, 08015-1754, US",DHL SmartMail Parcel Expedited,2.000,Zone 02,3.01,2.94,0.00,0.07,2.94
2021-04-06,,,'9374869903506586639383,", 31 Hibernia St, , Asheville, NC, 28801-4730, US",DHL SmartMail Parcel Expedited,2.000,Zone 04,3.06,2.99,0.00,0.07,2.99
2021-04-06,,,'9374869903506586649573,", 6324 Fairwood Ave, , Las Vegas, NV, 89107-2568, US",DHL SmartMail Parcel Expedited,2.000,Zone 08,3.49,3.41,0.00,0.08,3.41
2021-04-06,,,'9374869903506586654744,", 5858 Rue Chase Way, , Tucker, GA, 30084-1967, US",DHL SmartMail Parcel Expedited,2.000,Zone 05,3.12,3.04,0.00,0.08,3.04
2021-04-06,,,'9374869903506586680361,", 67600 Peineta Rd, , Cathedral City, CA, 92234-5538, US",DHL SmartMail Parcel Expedited,2.000,Zone 08,3.49,3.41,0.00,0.08,3.41
2021-04-06,,,'9374869903506586698113,", 2423 Hampton Hall Ln, , Winston Salem, NC, 27127-9444, US",DHL SmartMail Parcel Expedited,2.000,Zone 04,3.06,2.99,0.00,0.07,2.99
2021-04-06,,,'9374869903506586709024,", 11513 124th St, , Jamaica, NY, 11420-2503, US",DHL SmartMail Parcel Expedited,2.000,Zone 01,3.01,2.94,0.00,0.07,2.94
2021-04-06,,,'9374869903506586714646,", 1810 Cheney Dr, , San Jose, CA, 95128-3608, US",DHL SmartMail Parcel Expedited,2.000,Zone 08,3.49,3.41,0.00,0.08,3.41
2021-04-06,,,'9374869903506586716985,", 5803 Seagrape Dr, , Fort Pierce, FL, 34982-3248, US",DHL SmartMail Parcel Expedited,2.000,Zone 06,3.22,3.14,0.00,0.08,3.14
2021-04-06,,,'9374869903506586737386,", 1540 Larchwood Ave, , Hacienda Heights, CA, 91745-2745, US",DHL SmartMail Parcel Expedited,2.000,Zone 08,3.49,3.41,0.00,0.08,3.41
2021-04-06,,,'9374869903506586743332,", 3438 Wilson Ave Apt 1B, , Bronx, NY, 10469-2364, US",DHL SmartMail Parcel Expedited,2.000,Zone 01,3.01,2.94,0.00,0.07,2.94
2021-04-06,,,'9374869903506586767178,", 40 Bow St, , Hyde Park, MA, 02136-3304, US",DHL SmartMail Parcel Expedited,2.000,Zone 03,3.03,2.96,0.00,0.07,2.96
2021-04-06,,,'9374869903506586793771,", 9430 Riggs St, , Overland Park, KS, 66212-1443, US",DHL SmartMail Parcel Expedited,2.000,Zone 06,3.22,3.14,0.00,0.08,3.14
2021-04-06,,'C7B1447DDD20463CBE2418008,'LO017444935AU,", 36 CRESCENT RD, HOUSE, GYMPIE, QLD, 4570, AU",DHL Parcel International Standard,2.000,Australia Zone 1,17.34,12.91,0.00,4.43,12.91
2021-04-06,,'ED01AFD089DB46C3A24215133,'LO017445281AU,", 3920 PACIFIC HWY, , LOGANHOLME, QLD, 4129, AU",DHL Parcel International Standard,2.000,Australia Zone 1,17.34,12.91,0.00,4.43,12.91
2021-04-06,,'8E118EA67E1241E69BD28BFE1,'LW316471765DE,", SLAVKA BATUSICA 17, , ZAGREB, , 10090, HR",DHL Parcel International Standard,2.000,Croatia,14.73,10.97,0.00,3.76,10.97
2021-04-06,,'C1BF418E9CB84BBEAB677466A,'LX002876064US,", 2539, ROUTE 114, WELDON, NB, E4H 4P8, CA",DHL Parcel International Standard,2.000,Canada,13.54,10.08,0.00,3.46,10.08
2021-04-06,,'C350695D69064312BA0983C80,'LX002876617US,", 509 B, -100 JAMES ST, SAULT STE MARIE, ON, P6A6B8, CA",DHL Parcel International Standard,2.000,Canada,13.54,10.08,0.00,3.46,10.08
2021-04-06,,'AA9F0030682146CDA4782FB3B,'LX002876682US,", 34 BRYANSTOWN MANOR, BRYANSTOWN MANOR, DROGHEDA, LOUTH, A92FW27, IE",DHL Parcel International Standard,2.000,Ireland,15.44,11.50,0.00,3.94,11.50
2021-04-07,,,'9374869903506594796559,", 340 Cherry St, , Lincolnton, NC, 28092-2853, US",DHL SmartMail Parcel Expedited,2.000,Zone 04,3.06,2.99,0.00,0.07,2.99
2021-04-07,,,'9374869903506594798072,", 6015 E Red Bridge Rd, , Kansas City, MO, 64134-2631, US",DHL SmartMail Parcel Expedited,2.000,Zone 06,3.22,3.14,0.00,0.08,3.14
2021-04-07,,,'9374869903506594801185,", 637 Edgeglen Dr, , Dallas, TX, 75217-4121, US",DHL SmartMail Parcel Expedited,2.000,Zone 06,3.22,3.14,0.00,0.08,3.14
2021-04-07,,,'9374869903506594803042,", 6700 Auburn St Apt 28, , Bakersfield, CA, 93306-2845, US",DHL SmartMail Parcel Expedited,2.000,Zone 08,3.49,3.41,0.00,0.08,3.41
2021-04-07,,,'9374869903506594803561,", 1405 Constance St, , Los Angeles, CA, 90015-3203, US",DHL SmartMail Parcel Expedited,2.000,Zone 08,3.49,3.41,0.00,0.08,3.41
2021-04-07,,,'9374869903506594805503,", 52409 Highway 59, , Creighton, NE, 68729-3028, US",DHL SmartMail Parcel Expedited,2.000,Zone 06,3.22,3.14,0.00,0.08,3.14
2021-04-07,,,'9374869903506594806364,", 1802 Axel Ave Apt 4, , Madison, WI, 53711-3852, US",DHL SmartMail Parcel Expedited,2.000,Zone 05,3.12,3.04,0.00,0.08,3.04
2021-04-07,,,'9374869903506594810859,", 4901 Haverford Rd Apt C, , Harrisburg, PA, 17109-5421, US",DHL SmartMail Parcel Expedited,2.000,Zone 02,3.01,2.94,0.00,0.07,2.94
2021-04-07,,,'9374869903506594814772,", 131 S Main St, , Medford, WI, 54451-1842, US",DHL SmartMail Parcel Expedited,2.000,Zone 05,3.12,3.04,0.00,0.08,3.04
2021-04-07,,,'9374869903506594822104,", 10511 FM 1388, , Scurry, TX, 75158-2775, US",DHL SmartMail Parcel Expedited,2.000,Zone 06,3.22,3.14,0.00,0.08,3.14
2021-04-07,,,'9374869903506594822289,", 1033 N Calvert St Apt T, , Baltimore, MD, 21202-3889, US",DHL SmartMail Parcel Expedited,2.000,Zone 02,3.01,2.94,0.00,0.07,2.94
2021-04-07,,,'9374869903506594824696,", 414 Long Dr, , Kissimmee, FL, 34759-4017, US",DHL SmartMail Parcel Expedited,2.000,Zone 05,3.12,3.04,0.00,0.08,3.04
2021-04-07,,,'9374869903506594826836,", 13 McClancy Pl, , Brooklyn, NY, 11207-7310, US",DHL SmartMail Parcel Expedited,2.000,Zone 01,3.01,2.94,0.00,0.07,2.94
2021-04-07,,,'9374869903506594826980,", 7970 Rovenna St, , Anchorage, AK, 99518-2447, US",DHL SmartMail Parcel Expedited,2.000,Zone 13,3.49,4.27,0.00,-0.78,4.27
2021-04-07,,,'9374869903506594859834,", 2 Curtis Ave, , New Fairfield, CT, 06812-4506, US",DHL SmartMail Parcel Expedited,2.000,Zone 01,3.01,2.94,0.00,0.07,2.94
2021-04-07,,,'9374869903506594896167,", 1215 Laura Ave, , Kannapolis, NC, 28083-2842, US",DHL SmartMail Parcel Expedited,2.000,Zone 04,3.06,2.99,0.00,0.07,2.99
2021-04-07,,,'9374869903506594906248,", 4 Woodrush, , Irvine, CA, 92604-2814, US",DHL SmartMail Parcel Expedited,2.000,Zone 08,3.49,3.41,0.00,0.08,3.41
2021-04-07,,,'9374869903506594924358,", 4708 Parkoaks Dr, , Baton Rouge, LA, 70816-4713, US",DHL SmartMail Parcel Expedited,2.000,Zone 06,3.22,3.14,0.00,0.08,3.14
2021-04-07,,,'9374869903506594962114,", 66 Striper Ln, , East Falmouth, MA, 02536-6825, US",DHL SmartMail Parcel Expedited,2.000,Zone 03,3.03,2.96,0.00,0.07,2.96
2021-04-07,,,'9374869903506594967232,", 5098 E Madison Ave, , Fresno, CA, 93727-3124, US",DHL SmartMail Parcel Expedited,2.000,Zone 08,3.49,3.41,0.00,0.08,3.41
2021-04-07,,,'9374869903506594979860,", 1012 W Cherry St, , Lancaster, WI, 53813-1506, US",DHL SmartMail Parcel Expedited,2.000,Zone 05,3.12,3.04,0.00,0.08,3.04
2021-04-07,,,'9374869903506594986295,", 5050 Raleigh Dr, , Beaumont, TX, 77706-7323, US",DHL SmartMail Parcel Expedited,2.000,Zone 06,3.22,3.14,0.00,0.08,3.14
2021-04-07,,,'9374869903506594989678,", 504 Main Ave N Apt 2, , Thief River Falls, MN, 56701-1910, US",DHL SmartMail Parcel Expedited,2.000,Zone 06,3.22,3.14,0.00,0.08,3.14
2021-04-07,,,'9374869903506595001584,", 1943 Narrow, , Marion, KS, 66861-9153, US",DHL SmartMail Parcel Expedited,2.000,Zone 06,3.22,3.14,0.00,0.08,3.14
2021-04-07,,,'9374869903506595031987,", 4017 Hennings Dr, , Modesto, CA, 95356-9444, US",DHL SmartMail Parcel Expedited,2.000,Zone 08,3.49,3.41,0.00,0.08,3.41
2021-04-07,,,'9374869903506595048039,", 430 County Road 2940 Apt A, , Alba, TX, 75410-5840, US",DHL SmartMail Parcel Expedited,2.000,Zone 06,3.22,3.14,0.00,0.08,3.14
2021-04-07,,,'9374869903506595062912,", 9612 Adoree St, , Downey, CA, 90242-4900, US",DHL SmartMail Parcel Expedited,2.000,Zone 08,3.49,3.41,0.00,0.08,3.41
2021-04-07,,,'9374869903506595069676,", 13619 Christine Ave, , Garfield Heights, OH, 44105-7049, US",DHL SmartMail Parcel Expedited,2.000,Zone 04,3.06,2.99,0.00,0.07,2.99
2021-04-07,,,'9374869903506595075622,", 105 Europa Blvd, , Cherry Hill, NJ, 08003-2676, US",DHL SmartMail Parcel Expedited,2.000,Zone 02,3.01,2.94,0.00,0.07,2.94
2021-04-07,,'00178F0F89C5421B98F21D603,'LW317285251DE,", STERBACKEN 14  LGH 1005, , STOCKHOLM, SKOGS, 14232, SE",DHL Parcel International Standard,2.000,Sweden,14.73,10.97,0.00,3.76,10.97
2021-04-08,,,'9374869903506601886884,", 642 McKinley Ct, , Poinciana, FL, 34758-3234, US",DHL SmartMail Parcel Expedited,2.000,Zone 05,3.12,3.04,0.00,0.08,3.04
2021-04-08,,,'9374869903506601890010,", 40 28th St Apt 2, , San Francisco, CA, 94110-4932, US",DHL SmartMail Parcel Expedited,2.000,Zone 08,3.49,3.41,0.00,0.08,3.41
2021-04-08,,,'9374869903506601892748,", 13329 Fredericksburg Tpke, , Woodford, VA, 22580-2840, US",DHL SmartMail Parcel Expedited,2.000,Zone 03,3.03,2.96,0.00,0.07,2.96
2021-04-08,,,'9374869903506601892908,", 12113 SW 110th Street Cir S, , MIAMI, FL, 33186-3828, US",DHL SmartMail Parcel Expedited,2.000,Zone 06,3.22,3.14,0.00,0.08,3.14
2021-04-08,,,'9374869903506601894834,", 1122 Welworth Ave, , Evansville, IN, 47714-3337, US",DHL SmartMail Parcel Expedited,2.000,Zone 05,3.12,3.04,0.00,0.08,3.04
2021-04-08,,,'9374869903506601900986,", 89 3rd Ave # 2, , Newark, NJ, 07104-2705, US",DHL SmartMail Parcel Expedited,2.000,Zone 01,3.01,2.94,0.00,0.07,2.94
2021-04-08,,,'9374869903506602088423,", 7407 Whisperwillow Dr, , Sacramento, CA, 95828-4169, US",DHL SmartMail Parcel Expedited,2.000,Zone 08,3.49,3.41,0.00,0.08,3.41
2021-04-08,,,'9374869903506602137909,", 1032 SUMMIT DRIVE, PO 6359, CRESTLINE, CA, 92325, US",DHL SmartMail Parcel Expedited,2.000,Zone 08,3.49,3.41,0.00,0.08,3.41
2021-04-08,,,'9374869903506602149261,", 5121 Marigold Ln, , Stockton, CA, 95212-3025, US",DHL SmartMail Parcel Expedited,2.000,Zone 08,3.49,3.41,0.00,0.08,3.41
2021-04-08,,,'9374869903506602162468,", 31143 O'Plaine Rd, , Libertyville, IL, 60048, US",DHL SmartMail Parcel Expedited,2.000,Zone 05,3.12,3.04,0.00,0.08,3.04
2021-04-08,,,'9374869903506602172511,", 5 N Mead Street Ct, , Charlestown, MA, 02129-1421, US",DHL SmartMail Parcel Expedited,2.000,Zone 03,3.03,2.96,0.00,0.07,2.96
2021-04-08,,,'9374869903506602188413,", 5708 Kylie Ct, , Sylvania, OH, 43560-9911, US",DHL SmartMail Parcel Expedited,2.000,Zone 04,3.06,2.99,0.00,0.07,2.99
2021-04-08,,,'9374869903506602196074,", 4456 William Louis Dr, , Wilmington, NC, 28405-1279, US",DHL SmartMail Parcel Expedited,2.000,Zone 04,3.06,2.99,0.00,0.07,2.99
2021-04-08,,,'9374869903506602207206,", PO Box 6359, , Crestline, CA, 92325-6359, US",DHL SmartMail Parcel Expedited,2.000,Zone 08,3.49,3.41,0.00,0.08,3.41
2021-04-08,,,'9374869903506602214723,", 125 Clearblue Ln, , Swansboro, NC, 28584-8401, US",DHL SmartMail Parcel Expedited,2.000,Zone 04,3.06,2.99,0.00,0.07,2.99
2021-04-08,,,'9374869903506602221561,", 61 Taylor St, , Malden, MA, 02148-8020, US",DHL SmartMail Parcel Expedited,2.000,Zone 03,3.03,2.96,0.00,0.07,2.96
2021-04-08,,,'9374869903506602227327,", 4601 Technology Dr, , Weatherford, OK, 73096-7533, US",DHL SmartMail Parcel Expedited,2.000,Zone 06,3.22,3.14,0.00,0.08,3.14
2021-04-08,,,'9374869903506602235407,", 4700 S Ridge Rd Apt 6115, , McKinney, TX, 75070-2290, US",DHL SmartMail Parcel Expedited,2.000,Zone 06,3.22,3.14,0.00,0.08,3.14
2021-04-08,,,'9374869903506602453818,", 8750 Columbus Rd Lot 52A, , Mount Vernon, OH, 43050-4454, US",DHL SmartMail Parcel Expedited,2.000,Zone 04,3.06,2.99,0.00,0.07,2.99
2021-04-08,,'C4A072BCEEFA422484386C250,'LO017640317AU,", 7120/102 WEBB STREET, , TOWNVIEW, QLD, 4825, AU",DHL Parcel International Standard,2.000,Australia Zone 1,17.34,12.91,0.00,4.43,12.91
2021-04-08,,'6D4460EB8A6D4F99B34AFD32F,'LO017640396AU,", 845 1/6 AYAM CT, , NANUM, QLD, 4874, AU",DHL Parcel International Standard,2.000,Australia Zone 1,17.34,12.91,0.00,4.43,12.91
2021-04-08,,'19938053F5CA41C4899756238,'LX002984925US,", 386 PANHELLENIC DR, , MISSISSAUGA, ON, L5W 0B7, CA",DHL Parcel International Standard,2.000,Canada,13.54,10.08,0.00,3.46,10.08
2021-04-08,,'9C9F0F5098F24C6681959C436,'LX002988777US,", ZOFIT 10, , HAIFA, , 32994, IL",DHL Parcel International Standard,2.000,Israel,14.73,10.97,0.00,3.76,10.97
2021-04-09,,,'9374869903506607308786,", 21 Bay 41st St Fl 2, , Brooklyn, NY, 11214-4420, US",DHL SmartMail Parcel Expedited,1.000,Zone 01,3.01,2.94,0.00,0.07,2.94
2021-04-09,,,'9374869903506607313568,", 16953 SW 137th Pl, , Miami, FL, 33177-6406, US",DHL SmartMail Parcel Expedited,1.000,Zone 06,3.22,3.14,0.00,0.08,3.14
2021-04-09,,,'9374869903506607315715,", 2034 MARTIN DR, , SAINT CLAIR, MO, 63077, US",DHL SmartMail Parcel Expedited,1.000,Zone 05,3.12,3.04,0.00,0.08,3.04
2021-04-09,,,'9374869903506607321495,", 3254 Webb St, , Philadelphia, PA, 19134-5216, US",DHL SmartMail Parcel Expedited,1.000,Zone 02,3.01,2.94,0.00,0.07,2.94
2021-04-09,,,'9374869903506607390262,", 804 Ann St, , Augusta, GA, 30904-3108, US",DHL SmartMail Parcel Expedited,2.000,Zone 05,3.12,3.04,0.00,0.08,3.04
2021-04-09,,,'9374869903506607410274,", 19342 Bradford Ct, , Strongsville, OH, 44149-6070, US",DHL SmartMail Parcel Expedited,1.000,Zone 04,3.06,2.99,0.00,0.07,2.99
2021-04-09,,,'9374869903506607425902,", 4504 N University Dr, , Lauderhill, FL, 33351-5740, US",DHL SmartMail Parcel Expedited,1.000,Zone 06,3.22,3.14,0.00,0.08,3.14
2021-04-09,,,'9374869903506607466035,", 1380 E Hyde Park Blvd Apt 214, , Chicago, IL, 60615-2944, US",DHL SmartMail Parcel Expedited,1.000,Zone 05,3.12,3.04,0.00,0.08,3.04
2021-04-09,,,'9374869903506607477932,", 11232 1st Ave W, , Everett, WA, 98204-6468, US",DHL SmartMail Parcel Expedited,1.000,Zone 08,3.49,3.41,0.00,0.08,3.41
2021-04-09,,,'9374869903506607496346,", 5415 NW 22nd St, , Lauderhill, FL, 33313-3235, US",DHL SmartMail Parcel Expedited,1.000,Zone 06,3.22,3.14,0.00,0.08,3.14
2021-04-09,,,'9374869903506607527279,", 282 County Road 150 Rd, , Wharton, TX, 77488-2039, US",DHL SmartMail Parcel Expedited,1.000,Zone 06,3.22,3.14,0.00,0.08,3.14
