Ship Date,Customer Reference,Customer Confirmation,Delivery Confirmation,Recipient Address,Service,Weight (oz),Pricing Zone,USPS Comp. Rate,Charge,Surcharges,Total Savings,Total Charges
2021-03-16,,'GFDHL1159262,'9361269903506472990431,", 930 Alloway Place Southeast, , Atlanta, GA, 30316, US",DHL SmartMail Parcel Plus Expedited,48.000,Zone 05,9.64,9.16,4.50,0.48,13.66
2021-03-22,,'GFDHL1163687,'9361269903506505208748,", 2313 Joseph St, , Champaign, IL, 61822, US",DHL SmartMail Parcel Plus Expedited,32.000,Zone 05,8.85,8.35,0.00,0.50,8.35
2021-03-22,,'GFDHL1163689,'9361269903506505212080,", 34 Pine Circle, , Cary, IL, 60013, US",DHL SmartMail Parcel Plus Expedited,32.000,Zone 05,8.85,8.35,0.00,0.50,8.35
2021-03-22,,'GFDHL1163685,'9374869903506505208720,", 366 Ranch Dr., , Idaho Falls, ID, 83404, US",DHL SmartMail Parcel Expedited,3.000,Zone 08,3.49,3.41,0.00,0.08,3.41
2021-03-22,,'GFDHL1163688,'9374869903506505208751,", 5 Cherry Lane, , Durham, CT, 06422, US",DHL SmartMail Parcel Expedited,4.000,Zone 02,3.01,2.94,0.00,0.07,2.94
2021-03-22,,'GFDHL1163686,'9374869903506505209512,", PSC 559 Box 5257, , FPO, AP, 96377-0053, US",DHL SmartMail Parcel Expedited,5.000,Zone 08,3.85,3.76,0.00,0.09,3.76
2021-03-22,,'GFDHL1163684,'9374869903506505211096,", 924 mitchell st, , East prairie, MO, 63845, US",DHL SmartMail Parcel Expedited,3.000,Zone 05,3.12,3.04,0.00,0.08,3.04
2021-03-22,,'GFDHL1163683,'9374869903506505211959,", 13112 W Church St, , Savannah, NY, 13146, US",DHL SmartMail Parcel Expedited,3.000,Zone 03,3.03,2.96,0.00,0.07,2.96
2021-03-23,,'GFDHL1165171,'9361269903506513684107,", 1505 S Van Buren St, , San Angelo, TX, 76901, US",DHL SmartMail Parcel Plus Expedited,48.000,Zone 07,14.10,13.22,0.00,0.88,13.22
2021-03-23,,'GFDHL1165178,'9361269903506513684176,", 7139 68th Place, 2R, Glendale, NY, 11385, US",DHL SmartMail Parcel Plus Expedited,32.000,Zone 01,7.79,7.38,0.00,0.41,7.38
2021-03-23,,'GFDHL1165172,'9361269903506513684961,", 2125 Greenhorn, , Creek Circle, CA, 95961, US",DHL SmartMail Parcel Plus Expedited,48.000,Zone 08,16.45,15.54,0.00,0.91,15.54
2021-03-23,,'GFDHL1165157,'9374869903506513676016,", 944 Learidge Road, , Lyndhurst, OH, 44124, US",DHL SmartMail Parcel Expedited,3.000,Zone 04,3.06,2.99,0.00,0.07,2.99
2021-03-23,,'GFDHL1165156,'9374869903506513676924,", 4600 Jamaica Dr NE, , Albuquerque, NM, 87111, US",DHL SmartMail Parcel Expedited,11.000,Zone 07,4.53,4.42,0.00,0.11,4.42
2021-03-23,,'GFDHL1165159,'9374869903506513679826,", 6029 Greendale place  202, , Johnston, IA, 50131, US",DHL SmartMail Parcel Expedited,14.000,Zone 05,5.42,5.20,0.00,0.22,5.20
2021-03-23,,'GFDHL1165160,'9374869903506513682369,", 8716 Queen Elizabeth Blvd, , Annandale, VA, 22003, US",DHL SmartMail Parcel Expedited,14.000,Zone 03,5.23,5.02,0.00,0.21,5.02
2021-03-23,,'GFDHL1165167,'9374869903506513682406,", 2913 N 17TH AVE, , Phoenix, AZ, 85015, US",DHL SmartMail Parcel Expedited,14.000,Zone 08,5.98,5.83,0.00,0.15,5.83
2021-03-23,,'GFDHL1165170,'9374869903506513682437,", 1025 Maxwell Lane Unit 610, , Hoboken, NJ, 07030, US",DHL SmartMail Parcel Expedited,14.000,Zone 01,5.19,4.98,0.00,0.21,4.98
2021-03-23,,'GFDHL1165173,'9374869903506513682482,", 1706 Gridley Ln, , Silver Spring, MD, 20902, US",DHL SmartMail Parcel Expedited,6.000,Zone 03,3.49,3.41,0.00,0.08,3.41
2021-03-23,,'GFDHL1165176,'9374869903506513682536,", 280 Greenway Road, , Ridgewood, NJ, 07450, US",DHL SmartMail Parcel Expedited,3.000,Zone 01,3.01,2.94,0.00,0.07,2.94
2021-03-23,,'GFDHL1165164,'9374869903506513683168,", 3873 Birch St, , San Diego, CA, 92113, US",DHL SmartMail Parcel Expedited,14.000,Zone 08,5.98,5.83,0.00,0.15,5.83
2021-03-23,,'GFDHL1165169,'9374869903506513683212,", 25 Brennan Way, , Hillsborough, NJ, 08844, US",DHL SmartMail Parcel Expedited,14.000,Zone 01,5.19,4.98,0.00,0.21,4.98
2021-03-23,,'GFDHL1165174,'9374869903506513683236,", 2840 E Killarney St, , Gilbert, AZ, 85298, US",DHL SmartMail Parcel Expedited,8.000,Zone 08,3.85,3.76,0.00,0.09,3.76
2021-03-23,,'GFDHL1165177,'9374869903506513683281,", 24 Fox Meadow Lane, , South Windsor, CT, 06074, US",DHL SmartMail Parcel Expedited,6.000,Zone 02,3.46,3.38,0.00,0.08,3.38
2021-03-23,,'GFDHL1165161,'9374869903506513683977,", 16 FoxHurst Ct, , New Hyde Park, NY, 11040, US",DHL SmartMail Parcel Expedited,4.000,Zone 01,3.01,2.94,0.00,0.07,2.94
2021-03-23,,'GFDHL1165162,'9374869903506513683984,", 317 66th Ave NE, , Tacoma, WA, 98422, US",DHL SmartMail Parcel Expedited,4.000,Zone 08,3.49,3.41,0.00,0.08,3.41
2021-03-23,,'GFDHL1165163,'9374869903506513683991,", 1030 Cherry Street, , Wenatchee, WA, 98801, US",DHL SmartMail Parcel Expedited,14.000,Zone 08,5.98,5.83,0.00,0.15,5.83
2021-03-23,,'GFDHL1165165,'9374869903506513684042,", 7554 Quail Wood Dr Apt B, , Charlotte, NC, 28226, US",DHL SmartMail Parcel Expedited,14.000,Zone 04,5.27,5.06,0.00,0.21,5.06
2021-03-23,,'GFDHL1165158,'9374869903506513684851,", 22 Pinehurst Dr, , Clifton Park, NY, 12065, US",DHL SmartMail Parcel Expedited,14.000,Zone 02,5.19,4.98,0.00,0.21,4.98
2021-03-23,,'GFDHL1165166,'9374869903506513684899,", 80 John Street  apt 5i, , New York, NY, 10038, US",DHL SmartMail Parcel Expedited,14.000,Zone 01,5.19,4.98,0.00,0.21,4.98
2021-03-23,,'GFDHL1165168,'9374869903506513684905,", 7 Elm Ridge Ln, , Greensboro, NC, 27408, US",DHL SmartMail Parcel Expedited,14.000,Zone 04,5.27,5.06,0.00,0.21,5.06
2021-03-23,,'GFDHL1165175,'9374869903506513684950,", 2718 Cotoneaster Ct, , Waldorf, MD, 20601, US",DHL SmartMail Parcel Expedited,8.000,Zone 03,3.49,3.41,0.00,0.08,3.41
2021-03-23,,'GFDHL1165179,'9374869903506513685018,", 1411 130th Street, , College Point, NY, 11356, US",DHL SmartMail Parcel Expedited,4.000,Zone 01,3.01,2.94,0.00,0.07,2.94
2021-03-24,,'GFDHL1165191,'9374869903506516509588,", 1100 Halifax Medical Center Drive  apt 1302, , Daytona Beach, FL, 32114, US",DHL SmartMail Parcel Expedited,13.000,Zone 05,5.42,5.20,0.00,0.22,5.20
2021-03-24,,'GFDHL1165193,'9374869903506516509595,", 3054 Palatine terrace ave, , Henderson, NV, 89052, US",DHL SmartMail Parcel Expedited,13.000,Zone 08,5.98,5.81,0.00,0.17,5.81
2021-03-24,,'GFDHL1165194,'9374869903506516509601,", 1531 Greenbriar Dr., , Ashland, OH, 44805, US",DHL SmartMail Parcel Expedited,13.000,Zone 04,5.27,5.06,0.00,0.21,5.06
2021-03-24,,'GFDHL1165197,'9374869903506516509625,", 1610 McClaren Dr, , Carmichael, CA, 95608, US",DHL SmartMail Parcel Expedited,13.000,Zone 08,5.98,5.81,0.00,0.17,5.81
2021-03-24,,'GFDHL1165209,'9374869903506516509656,", 21217 New Hampshire ave., , Torrance, CA, 90502, US",DHL SmartMail Parcel Expedited,13.000,Zone 08,5.98,5.81,0.00,0.17,5.81
2021-03-24,,'GFDHL1165211,'9374869903506516509670,", 5018 constitution avenue, , Lincoln, NE, 68521, US",DHL SmartMail Parcel Expedited,13.000,Zone 06,5.66,5.42,0.00,0.24,5.42
2021-03-24,,'GFDHL1165213,'9374869903506516509694,", PSC 333 BOX 5781, , Apo, AP, 96251, US",DHL SmartMail Parcel Expedited,13.000,Zone 08,5.98,5.81,0.00,0.17,5.81
2021-03-24,,'GFDHL1165185,'9374869903506516511642,", 14234 Portrush dr, , Orlando, FL, 32828, US",DHL SmartMail Parcel Expedited,13.000,Zone 05,5.42,5.20,0.00,0.22,5.20
2021-03-24,,'GFDHL1165190,'9374869903506516511680,", 748 Belwood Drive, , Mankato, MN, 56001, US",DHL SmartMail Parcel Expedited,13.000,Zone 06,5.66,5.42,0.00,0.24,5.42
2021-03-24,,'GFDHL1165183,'9374869903506516512274,", 3104 Boyes Ave NE, , Grand Rapids, MI, 49525, US",DHL SmartMail Parcel Expedited,13.000,Zone 04,5.27,5.06,0.00,0.21,5.06
2021-03-24,,'GFDHL1165199,'9374869903506516512427,", 8068 Montevina Dr., , Sacramento, CA, 95829, US",DHL SmartMail Parcel Expedited,13.000,Zone 08,5.98,5.81,0.00,0.17,5.81
2021-03-24,,'GFDHL1165201,'9374869903506516512465,", 5350 Playa Vista Dr  #3, , Playa Vista, CA, 90094, US",DHL SmartMail Parcel Expedited,13.000,Zone 08,5.98,5.81,0.00,0.17,5.81
2021-03-24,,'GFDHL1165202,'9374869903506516512489,", 42 oak ridge road, , San Rafael, CA, 94903, US",DHL SmartMail Parcel Expedited,13.000,Zone 08,5.98,5.81,0.00,0.17,5.81
2021-03-24,,'GFDHL1165203,'9374869903506516512496,", 16547 Maines Valley Drive, , Noblesville, IN, 46062, US",DHL SmartMail Parcel Expedited,13.000,Zone 05,5.42,5.20,0.00,0.22,5.20
2021-03-24,,'GFDHL1165214,'9374869903506516512601,", 15731 Pasadena Ave Apt 12, , Tustin, CA, 92780, US",DHL SmartMail Parcel Expedited,13.000,Zone 08,5.98,5.81,0.00,0.17,5.81
2021-03-24,,'GFDHL1165218,'9374869903506516512670,", 411 N. Chapel ave. Apart K, , Alhambra, CA, 91801, US",DHL SmartMail Parcel Expedited,13.000,Zone 08,5.98,5.81,0.00,0.17,5.81
2021-03-24,,'GFDHL1165182,'9374869903506516512861,", 4255 Apollo Cir, , Union City, CA, 94587, US",DHL SmartMail Parcel Expedited,13.000,Zone 08,5.98,5.81,0.00,0.17,5.81
2021-03-24,,'GFDHL1165186,'9374869903506516512939,", 8440 Syracuse St, , Riverside, CA, 92508, US",DHL SmartMail Parcel Expedited,13.000,Zone 08,5.98,5.81,0.00,0.17,5.81
2021-03-24,,'GFDHL1165184,'9374869903506516512960,", 7810 mountain ash court., , Gurnee, IL, 60031, US",DHL SmartMail Parcel Expedited,13.000,Zone 05,5.42,5.20,0.00,0.22,5.20
2021-03-24,,'GFDHL1165189,'9374869903506516513011,", 8004 Hillandale Dr, , San Diego, CA, 92120, US",DHL SmartMail Parcel Expedited,13.000,Zone 08,5.98,5.81,0.00,0.17,5.81
2021-03-24,,'GFDHL1165196,'9374869903506516513110,", 3934 Selmi Grove, , San Pablo, CA, 94806, US",DHL SmartMail Parcel Expedited,13.000,Zone 08,5.98,5.81,0.00,0.17,5.81
2021-03-24,,'GFDHL1165198,'9374869903506516513158,", 974 Dempsey Road, , Milpitas, CA, 95035, US",DHL SmartMail Parcel Expedited,13.000,Zone 08,5.98,5.81,0.00,0.17,5.81
2021-03-24,,'GFDHL1165204,'9374869903506516513226,", 5009 ironhorse ranch ave, , Las Vegas, NV, 89131, US",DHL SmartMail Parcel Expedited,13.000,Zone 08,5.98,5.81,0.00,0.17,5.81
2021-03-24,,'GFDHL1165205,'9374869903506516513257,", 809 W Magnolia St, , Livingston, TX, 77351, US",DHL SmartMail Parcel Expedited,13.000,Zone 06,5.66,5.42,0.00,0.24,5.42
2021-03-24,,'GFDHL1165206,'9374869903506516513264,", 1122 Waugh Drive, , Hubbard, OH, 44425, US",DHL SmartMail Parcel Expedited,13.000,Zone 04,5.27,5.06,0.00,0.21,5.06
2021-03-24,,'GFDHL1165207,'9374869903506516513271,", 4282 Abbott pkwy, , blasdell, NY, 14219, US",DHL SmartMail Parcel Expedited,13.000,Zone 03,5.23,5.02,0.00,0.21,5.02
2021-03-24,,'GFDHL1165212,'9374869903506516513295,", 2125 Greenhorn, , Creek Circle, CA, 95961, US",DHL SmartMail Parcel Expedited,13.000,Zone 08,5.98,5.81,0.00,0.17,5.81
2021-03-24,,'GFDHL1165215,'9374869903506516513325,", 9 Mockingbird Ct, , Saint Paul, MN, 55127, US",DHL SmartMail Parcel Expedited,13.000,Zone 05,5.42,5.20,0.00,0.22,5.20
2021-03-24,,'GFDHL1165216,'9374869903506516513349,", 910 peachwood bend drive, , Houston, TX, 77077, US",DHL SmartMail Parcel Expedited,13.000,Zone 06,5.66,5.42,0.00,0.24,5.42
2021-03-24,,'GFDHL1165217,'9374869903506516513356,", 1819 Tambour Way, , San Jose, CA, 95131, US",DHL SmartMail Parcel Expedited,13.000,Zone 08,5.98,5.81,0.00,0.17,5.81
2021-03-24,,'GFDHL1165787,'9374869903506518714584,", 3905 NW 70th St, , Oklahoma City, OK, 73116, US",DHL SmartMail Parcel Expedited,3.000,Zone 06,3.22,3.14,0.00,0.08,3.14
2021-03-24,,'GFDHL1165788,'9374869903506518714591,", 19 Woodland Avenue, , Verona, NJ, 07044, US",DHL SmartMail Parcel Expedited,6.000,Zone 01,3.46,3.38,0.00,0.08,3.38
2021-03-24,,'GFDHL1165784,'9374869903506518717646,", 633 W. Suft St, , Chicago, IL, 60657, US",DHL SmartMail Parcel Expedited,8.000,Zone 05,3.57,3.48,0.00,0.09,3.48
2021-03-24,,'GFDHL1165783,'9374869903506518718032,", 6546 West Via Montoya Drive, , Glendale, AZ, 85310, US",DHL SmartMail Parcel Expedited,5.000,Zone 08,3.85,3.76,0.00,0.09,3.76
2021-03-24,,'GFDHL1165786,'9374869903506518718049,", 59 Park Gate Dr, , Edison, NJ, 08820, US",DHL SmartMail Parcel Expedited,2.000,Zone 01,3.01,2.94,0.00,0.07,2.94
2021-03-24,,'GFDHL1165789,'9374869903506518718087,", 13526 South Homestead Lane, , Riverton, UT, 84065, US",DHL SmartMail Parcel Expedited,3.000,Zone 08,3.49,3.41,0.00,0.08,3.41
2021-03-24,,'GFDHL1165785,'9374869903506518718896,", 197 8th street suite 600, , Charlestown, MA, 02129, US",DHL SmartMail Parcel Expedited,8.000,Zone 03,3.49,3.41,0.00,0.08,3.41
2021-03-25,,'GFDHL1166749,'9374869903506526227946,", 3284 Leah Ct, , Lebanon, TN, 37087-8222, US",DHL SmartMail Parcel Plus Expedited,32.000,Zone 05,8.85,8.35,0.00,0.50,8.35
2021-03-25,,'GFDHL1166744,'9374869903506526226666,", 7209 Summerland Drive, , Raleigh, NC, 27612, US",DHL SmartMail Parcel Expedited,5.000,Zone 04,3.51,3.43,0.00,0.08,3.43
2021-03-25,,'GFDHL1166746,'9374869903506526226680,", 1004 Old Mill Creek Court, , Raleigh, NC, 27614, US",DHL SmartMail Parcel Expedited,5.000,Zone 04,3.51,3.43,0.00,0.08,3.43
2021-03-25,,'GFDHL1166745,'9374869903506526226697,", 27608 238th Ave SE, , Maple Valley, WA, 98038, US",DHL SmartMail Parcel Expedited,4.000,Zone 08,3.49,3.41,0.00,0.08,3.41
2021-03-25,,'GFDHL1166752,'9374869903506526226789,", 768 Grand Marais, , Grosse Pointe, MI, 48230, US",DHL SmartMail Parcel Expedited,4.000,Zone 04,3.06,2.99,0.00,0.07,2.99
2021-03-25,,'GFDHL1166750,'9374869903506526227076,", 12666 Greenwald Lane, , Santa Ana, CA, 92705, US",DHL SmartMail Parcel Expedited,4.000,Zone 08,3.49,3.41,0.00,0.08,3.41
2021-03-25,,'GFDHL1166751,'9374869903506526227083,", 31 Rolling Hills Drive, , Pomona, CA, 91766, US",DHL SmartMail Parcel Expedited,4.000,Zone 08,3.49,3.41,0.00,0.08,3.41
2021-03-25,,'GFDHL1166748,'9374869903506526227908,", 1300 Deturk Ave, , Santa Rosa, CA, 95404-5807, US",DHL SmartMail Parcel Expedited,8.000,Zone 08,3.85,3.76,0.00,0.09,3.76
2021-03-25,,'GFDHL1166747,'9374869903506526227922,", 1037 Pipercove Way, , Bel Air, MD, 21014, US",DHL SmartMail Parcel Expedited,8.000,Zone 02,3.46,3.38,0.00,0.08,3.38
2021-03-30,,'GFDHL1167303,'9374869903506547955620,", 2375 Clipper Street, , San Mateo, CA, 94403, US",DHL SmartMail Parcel Expedited,13.000,Zone 08,5.98,5.81,0.00,0.17,5.81
2021-03-30,,'GFDHL1167322,'9374869903506547958362,", 417 Portrush Lane, , Cibolo, TX, 78108, US",DHL SmartMail Parcel Expedited,13.000,Zone 07,5.81,5.59,0.00,0.22,5.59
2021-03-30,,'GFDHL1167362,'9374869903506547959796,", 6404 NW High Drive, , Kearney, MO, 64060, US",DHL SmartMail Parcel Expedited,13.000,Zone 06,5.66,5.42,0.00,0.24,5.42
2021-03-30,,'GFDHL1167335,'9374869903506547960044,", 1380 E Folley Pl, , Chandler, AZ, 85225, US",DHL SmartMail Parcel Expedited,13.000,Zone 08,5.98,5.81,0.00,0.17,5.81
2021-03-30,,'GFDHL1167349,'9374869903506547961973,", 6881 Alvarado rd apt 4, , San Diego, CA, 92120, US",DHL SmartMail Parcel Expedited,13.000,Zone 08,5.98,5.81,0.00,0.17,5.81
2021-03-30,,'GFDHL1167357,'9374869903506547962116,", 8076 Dicenza ln, , San Diego, CA, 92119, US",DHL SmartMail Parcel Expedited,13.000,Zone 08,5.98,5.81,0.00,0.17,5.81
2021-03-30,,'GFDHL1167365,'9374869903506547962253,", 2880 N.E 203rd Street, , Miami, FL, 33180, US",DHL SmartMail Parcel Expedited,13.000,Zone 06,5.66,5.42,0.00,0.24,5.42
2021-03-30,,'GFDHL1167363,'9374869903506547962857,", 4112 Burton Lane, , Minneapolis, MN, 55406, US",DHL SmartMail Parcel Expedited,13.000,Zone 05,5.42,5.20,0.00,0.22,5.20
2021-03-31,,'GFDHL1169047,'9374869903506554567021,", 3531 N. 30th Ter, , Hollywood, FL, 33021, US",DHL SmartMail Parcel Expedited,13.000,Zone 06,5.66,5.42,0.00,0.24,5.42
2021-04-01,,'GFDHL1169654,'9374869903506560358552,", 27646 Miami Ave, , Hayward, CA, 94545, US",DHL SmartMail Parcel Expedited,13.000,Zone 08,5.98,5.81,0.00,0.17,5.81
2021-04-02,,'GFDHL1170666,'9374869903506565955824,", 13504 S 42nd Ave, , Bellevue, NE, 68123, US",DHL SmartMail Parcel Expedited,13.000,Zone 06,5.66,5.42,0.00,0.24,5.42
2021-04-02,,'GFDHL1170665,'9374869903506565955831,", 19 Waverly Street, , Springville, NY, 14141, US",DHL SmartMail Parcel Expedited,13.000,Zone 03,5.23,5.02,0.00,0.21,5.02
2021-04-02,,'GFDHL1170662,'9374869903506565956500,", 79 seaside rd, , Scituate, MA, 02066, US",DHL SmartMail Parcel Expedited,13.000,Zone 03,5.23,5.02,0.00,0.21,5.02
2021-04-02,,'GFDHL1170668,'9374869903506565956555,", 1504 Stafford St, , Redwood City, CA, 94063, US",DHL SmartMail Parcel Expedited,13.000,Zone 08,5.98,5.81,0.00,0.17,5.81
2021-04-02,,'GFDHL1170673,'9374869903506565956593,", 9131 E Blanche Dr, , Scottsdale, AZ, 85260, US",DHL SmartMail Parcel Expedited,13.000,Zone 08,5.98,5.81,0.00,0.17,5.81
2021-04-02,,'GFDHL1170675,'9374869903506565956678,", 20246 Cohasset St. Unit-3, , Winnetka, CA, 91306-2943, US",DHL SmartMail Parcel Expedited,13.000,Zone 08,5.98,5.81,0.00,0.17,5.81
2021-04-02,,'GFDHL1170676,'9374869903506565956685,", 14011 se 51st pl., , Bellevue, WA, 98006, US",DHL SmartMail Parcel Expedited,13.000,Zone 08,5.98,5.81,0.00,0.17,5.81
2021-04-02,,'GFDHL1170677,'9374869903506565956692,", 2040 beatrice Ct  4, , San Jose, CA, 95128, US",DHL SmartMail Parcel Expedited,13.000,Zone 08,5.98,5.81,0.00,0.17,5.81
2021-04-02,,'GFDHL1170681,'9374869903506565956753,", 5811 watermark circle, , Centreville, VA, 20120, US",DHL SmartMail Parcel Expedited,13.000,Zone 03,5.23,5.02,0.00,0.21,5.02
2021-04-02,,'GFDHL1170682,'9374869903506565956777,", 2118 N Warwick Ave, , Meridian, ID, 83646, US",DHL SmartMail Parcel Expedited,13.000,Zone 08,5.98,5.81,0.00,0.17,5.81
2021-04-02,,'GFDHL1170672,'9374869903506565957200,", 8623 Arrowwood drive Aptmnt #104, , Mason, OH, 45040, US",DHL SmartMail Parcel Expedited,13.000,Zone 04,5.27,5.06,0.00,0.21,5.06
2021-04-02,,'GFDHL1170680,'9374869903506565957286,", 477 Chestnut Street, , Rimersburg, PA, 16248, US",DHL SmartMail Parcel Expedited,13.000,Zone 04,5.27,5.06,0.00,0.21,5.06
2021-04-02,,'GFDHL1170663,'9374869903506565958061,", 1880 Meadowlark dr, , Huron, SD, 57350, US",DHL SmartMail Parcel Expedited,13.000,Zone 06,5.66,5.42,0.00,0.24,5.42
2021-04-02,,'GFDHL1170664,'9374869903506565958078,", 19 Waverly Street, , Springville, NY, 14141, US",DHL SmartMail Parcel Expedited,13.000,Zone 03,5.23,5.02,0.00,0.21,5.02
2021-04-02,,'GFDHL1170670,'9374869903506565958139,", 2674 Trio Falls Dr, , Loveland, CO, 80538, US",DHL SmartMail Parcel Expedited,13.000,Zone 07,5.81,5.59,0.00,0.22,5.59
2021-04-02,,'GFDHL1170671,'9374869903506565958184,", 140 N Wilmette Ave, , Westmont, IL, 60559, US",DHL SmartMail Parcel Expedited,13.000,Zone 05,5.42,5.20,0.00,0.22,5.20
2021-04-02,,'GFDHL1170678,'9374869903506565958238,", 42 Clarendon Place, , Buffalo, NY, 14209, US",DHL SmartMail Parcel Expedited,13.000,Zone 03,5.23,5.02,0.00,0.21,5.02
2021-04-02,,'GFDHL1170689,'9374869903506565958290,", 1143 Boxcar way, , Apex, NC, 27502, US",DHL SmartMail Parcel Expedited,13.000,Zone 04,5.27,5.06,0.00,0.21,5.06
2021-04-02,,'GFDHL1170667,'9374869903506565958870,", 5482 Rodeo Drive Liberty, , Township, OH, 45044, US",DHL SmartMail Parcel Expedited,13.000,Zone 04,5.27,5.06,0.00,0.21,5.06
2021-04-02,,'GFDHL1170674,'9374869903506565958986,", 2496 Cedar West Dr, , Jenison, MI, 49428, US",DHL SmartMail Parcel Expedited,13.000,Zone 04,5.27,5.06,0.00,0.21,5.06
2021-04-02,,'GFDHL1170679,'9374869903506565959044,", 8226 lullaby ln, , Panorama City, CA, 91402, US",DHL SmartMail Parcel Expedited,13.000,Zone 08,5.98,5.81,0.00,0.17,5.81
2021-04-02,,'GFDHL1170684,'9374869903506565959099,", 3001 Bunnfield Dr, , Zebulon, NC, 27597, US",DHL SmartMail Parcel Expedited,13.000,Zone 04,5.27,5.06,0.00,0.21,5.06
2021-04-02,,'GFDHL1170685,'9374869903506565959112,", 100 w midway dr., , Anaheim, CA, 92805, US",DHL SmartMail Parcel Expedited,13.000,Zone 08,5.98,5.81,0.00,0.17,5.81
2021-04-02,,'GFDHL1170686,'9374869903506565959129,", 99 Waldorf, , Irvine, CA, 92612, US",DHL SmartMail Parcel Expedited,13.000,Zone 08,5.98,5.81,0.00,0.17,5.81
2021-04-02,,'GFDHL1170687,'9374869903506565959143,", 2629 55th Ave S, , Fargo, ND, 58104, US",DHL SmartMail Parcel Expedited,13.000,Zone 06,5.66,5.42,0.00,0.24,5.42
2021-04-02,,'GFDHL1170683,'9374869903506565959181,", 825 Virginia Drive, , Arroyo Grande, CA, 93420, US",DHL SmartMail Parcel Expedited,13.000,Zone 08,5.98,5.81,0.00,0.17,5.81
2021-04-02,,'GFDHL1170691,'9374869903506565959242,", 5912 Kit Cove Ct, , Las Vegas, NV, 89131, US",DHL SmartMail Parcel Expedited,13.000,Zone 08,5.98,5.81,0.00,0.17,5.81
2021-04-02,,'GFDHL1170690,'9374869903506565959259,", 4105 Georgetown Drive, , Flower Mound, TX, 75028, US",DHL SmartMail Parcel Expedited,13.000,Zone 06,5.66,5.42,0.00,0.24,5.42
2021-04-02,,'GFDHL1170692,'9374869903506565959969,", 733 Fair Oaks Ln., , Saint Johns, FL, 32259, US",DHL SmartMail Parcel Expedited,13.000,Zone 05,5.42,5.20,0.00,0.22,5.20
2021-04-02,,'GFDHL1170693,'9374869903506566000691,", 79 Audubon Ave. Floor 1, , Jersey City, NJ, 07305, US",DHL SmartMail Parcel Expedited,13.000,Zone 01,5.19,4.98,0.00,0.21,4.98
2021-04-05,,'GFDHL1173487,'9361269903506580152103,", 701 N. Int. Ste. 119-1932, Suite 1932, Hidalgo, TX, 78557, US",DHL SmartMail Parcel Plus Expedited,192.000,Zone 07,42.24,23.37,18.00,18.87,41.37
2021-04-05,,'GFDHL1173488,'9361269903506580152110,", 3021 Clearwater Dr NE, , albany, OR, 97321, US",DHL SmartMail Parcel Plus Expedited,48.000,Zone 08,16.45,15.54,4.50,0.91,20.04
2021-04-05,,'GFDHL1173563,'9361269903506580156361,", 1559 DENBIGH DR, , Columbus, OH, 43220, US",DHL SmartMail Parcel Plus Expedited,96.000,Zone 04,9.64,9.42,9.00,0.22,18.42
2021-04-05,,'GFDHL1173514,'9361269903506580152493,", 1166 Pine Ridge Ct, , Ann Arbor, MI, 48103, US",DHL SmartMail Parcel Plus Expedited,32.000,Zone 04,8.24,7.79,0.00,0.45,7.79
2021-04-05,,'GFDHL1173567,'9361269903506580156408,", 1713 West Saint Johns Ave., , Austin, TX, 78757, US",DHL SmartMail Parcel Plus Expedited,32.000,Zone 07,11.01,10.35,0.00,0.66,10.35
2021-04-05,,'GFDHL1173561,'9361269903506580158013,", 3044 Constitution Way APT A, , Hill AFB, UT, 84056, US",DHL SmartMail Parcel Plus Expedited,80.000,Zone 08,21.96,19.15,0.00,2.81,19.15
2021-04-05,,'GFDHL1173524,'9374869903506580155001,", 85 Willow Springs Lane #203, , Goleta, CA, 93117, US",DHL SmartMail Parcel Plus Expedited,32.000,Zone 08,11.69,11.14,0.00,0.55,11.14
2021-04-05,,'GFDHL1173522,'9374869903506580152598,", 1859 - 13th Street, , Los Osos, CA, 93402, US",DHL SmartMail Parcel Plus Expedited,32.000,Zone 08,11.69,11.14,0.00,0.55,11.14
2021-04-05,,'GFDHL1173521,'9374869903506580152574,", 1311 Timber Valley Dr, , Flower Mound, TX, 75028, US",DHL SmartMail Parcel Plus Expedited,32.000,Zone 06,10.44,9.73,0.00,0.71,9.73
2021-04-05,,'GFDHL1173513,'9374869903506580154424,", 677 Westgate Avenue, Unit B, Bozeman, MT, 59718, US",DHL SmartMail Parcel Plus Expedited,32.000,Zone 07,11.01,10.35,0.00,0.66,10.35
2021-04-05,,'GFDHL1173520,'9374869903506580154974,", Apt 113 6600 Washington Ave., , St Louis, MO, 63130, US",DHL SmartMail Parcel Plus Expedited,32.000,Zone 05,8.85,8.35,0.00,0.50,8.35
2021-04-05,,'GFDHL1173565,'9374869903506580157128,", 8703 Biddle Court, , Fredericksburg, VA, 22407, US",DHL SmartMail Parcel Plus Expedited,32.000,Zone 03,7.96,7.54,0.00,0.42,7.54
2021-04-05,,'GFDHL1173617,'9374869903506580233051,", 803 Sierra Ridge Ave., , Pacific, MO, 63069, US",DHL SmartMail Parcel Plus Expedited,32.000,Zone 05,8.85,8.35,0.00,0.50,8.35
2021-04-05,,'GFDHL1171701,'9374869903506576301306,", 16413 Sapphire Bend, , Weston, FL, 33331, US",DHL SmartMail Parcel Expedited,13.000,Zone 06,5.66,5.42,0.00,0.24,5.42
2021-04-05,,'GFDHL1171708,'9374869903506576301382,", 4155 Loyalton Road, , Dublin, CA, 94568, US",DHL SmartMail Parcel Expedited,13.000,Zone 08,5.98,5.81,0.00,0.17,5.81
2021-04-05,,'GFDHL1171714,'9374869903506576302976,", 30 Glenbrook Rd  3F, , Stamford, CT, 06902, US",DHL SmartMail Parcel Expedited,13.000,Zone 01,5.19,4.98,0.00,0.21,4.98
2021-04-05,,'GFDHL1173472,'9374869903506580147822,", 42 Emerald St, , Fillmore, NY, 14735, US",DHL SmartMail Parcel Expedited,3.000,Zone 03,3.03,2.96,0.00,0.07,2.96
2021-04-05,,'GFDHL1173471,'9374869903506580151096,", 131 Slate Drive, , Buford, GA, 30518, US",DHL SmartMail Parcel Expedited,4.000,Zone 05,3.12,3.04,0.00,0.08,3.04
2021-04-05,,'GFDHL1173473,'9374869903506580151102,", 5462 Tyree Road, , Winston, GA, 30187, US",DHL SmartMail Parcel Expedited,3.000,Zone 05,3.12,3.04,0.00,0.08,3.04
2021-04-05,,'GFDHL1173479,'9374869903506580151171,", 1933 Mayflower Ave Apt 2F, , Bronx, NY, 10461, US",DHL SmartMail Parcel Expedited,14.000,Zone 01,5.19,4.98,0.00,0.21,4.98
2021-04-05,,'GFDHL1173480,'9374869903506580151249,", 20 Oakland Rd, , Sharon, MA, 02067, US",DHL SmartMail Parcel Expedited,3.000,Zone 03,3.03,2.96,0.00,0.07,2.96
2021-04-05,,'GFDHL1173478,'9374869903506580151324,", 516 glory ct, , Roseville, CA, 95747, US",DHL SmartMail Parcel Expedited,14.000,Zone 08,5.98,5.83,0.00,0.15,5.83
2021-04-05,,'GFDHL1173490,'9374869903506580151478,", 443 Linden Street, , Morgantown, WV, 26501, US",DHL SmartMail Parcel Expedited,4.000,Zone 04,3.06,2.99,0.00,0.07,2.99
2021-04-05,,'GFDHL1173489,'9374869903506580151546,", 2361 W 239th ST, , Torrance, CA, 90501, US",DHL SmartMail Parcel Expedited,4.000,Zone 08,3.49,3.41,0.00,0.08,3.41
2021-04-05,,'GFDHL1173498,'9374869903506580151676,", 8549 Whitehawk Court, , Fair Oaks, CA, 95628, US",DHL SmartMail Parcel Expedited,6.000,Zone 08,3.85,3.76,0.00,0.09,3.76
2021-04-05,,'GFDHL1173497,'9374869903506580151683,", 1330 Cadwell Court, , Riverside, CA, 92506, US",DHL SmartMail Parcel Expedited,4.000,Zone 08,3.49,3.41,0.00,0.08,3.41
2021-04-05,,'GFDHL1173502,'9374869903506580151737,", 110 Knollwood Dr, , Longmeadow, MA, 01106, US",DHL SmartMail Parcel Expedited,6.000,Zone 02,3.46,3.38,0.00,0.08,3.38
2021-04-05,,'GFDHL1173503,'9374869903506580151768,", 1011 S. Valentia Street  #55, , Denver, CO, 80247, US",DHL SmartMail Parcel Expedited,4.000,Zone 07,3.35,3.27,0.00,0.08,3.27
2021-04-05,,'GFDHL1173506,'9374869903506580151799,", 2308 Ponderosa Dr SW, , Rochester, MN, 55902, US",DHL SmartMail Parcel Expedited,10.000,Zone 05,4.20,4.10,0.00,0.10,4.10
2021-04-05,,'GFDHL1173508,'9374869903506580151829,", 1091 Carrington Way, , VICTOR, NY, 14564, US",DHL SmartMail Parcel Expedited,3.000,Zone 03,3.03,2.96,0.00,0.07,2.96
2021-04-05,,'GFDHL1173474,'9374869903506580151980,", 1309 N High Dr., , Wellington, KS, 67152, US",DHL SmartMail Parcel Expedited,3.000,Zone 06,3.22,3.14,0.00,0.08,3.14
2021-04-05,,'GFDHL1173484,'9374869903506580152086,", 9805 Elmcrest Drive, , Dallas, TX, 75238, US",DHL SmartMail Parcel Expedited,5.000,Zone 06,3.58,3.49,0.00,0.09,3.49
2021-04-05,,'GFDHL1173493,'9374869903506580152222,", 6009 N 40th St, , Tacoma, WA, 98407-1801, US",DHL SmartMail Parcel Expedited,4.000,Zone 08,3.49,3.41,0.00,0.08,3.41
2021-04-05,,'GFDHL1173516,'9374869903506580152512,", 14 Long Drive, , Downingtown, PA, 19335, US",DHL SmartMail Parcel Expedited,4.000,Zone 02,3.01,2.94,0.00,0.07,2.94
2021-04-05,,'GFDHL1173517,'9374869903506580152536,", 50 Colonial Drive, Apt 201, Springville, NY, 14141, US",DHL SmartMail Parcel Expedited,3.000,Zone 03,3.03,2.96,0.00,0.07,2.96
2021-04-05,,'GFDHL1173529,'9374869903506580152659,", 711 Clark St, , Franklin, OH, 45005, US",DHL SmartMail Parcel Expedited,3.000,Zone 04,3.06,2.99,0.00,0.07,2.99
2021-04-05,,'GFDHL1173528,'9374869903506580152666,", 455 Rush Road, , Henniker, NH, 03242, US",DHL SmartMail Parcel Expedited,8.000,Zone 03,3.49,3.41,0.00,0.08,3.41
2021-04-05,,'GFDHL1173539,'9374869903506580152796,", 1312 Kings Lake Dr, , Flower Mound, TX, 75028, US",DHL SmartMail Parcel Expedited,3.000,Zone 06,3.22,3.14,0.00,0.08,3.14
2021-04-05,,'GFDHL1173541,'9374869903506580152833,", 1116 East Oakland Street, , Rapid City, SD, 57701, US",DHL SmartMail Parcel Expedited,3.000,Zone 07,3.35,3.27,0.00,0.08,3.27
2021-04-05,,'GFDHL1173475,'9374869903506580153007,", 255 Four Rod Road, , Warren, ME, 04864, US",DHL SmartMail Parcel Expedited,3.000,Zone 03,3.03,2.96,0.00,0.07,2.96
2021-04-05,,'GFDHL1173477,'9374869903506580153076,", 5878 Zapata Place, , Rancho Cucamonga, CA, 91737, US",DHL SmartMail Parcel Expedited,5.000,Zone 08,3.85,3.76,0.00,0.09,3.76
2021-04-05,,'GFDHL1173476,'9374869903506580153137,", 59 Maywood  Irvine  CA, , Irvine, CA, 92602, US",DHL SmartMail Parcel Expedited,14.000,Zone 08,5.98,5.83,0.00,0.15,5.83
2021-04-05,,'GFDHL1173481,'9374869903506580153144,", 2133 East Fallbrook Avenue, , Fresno, CA, 93720, US",DHL SmartMail Parcel Expedited,5.000,Zone 08,3.85,3.76,0.00,0.09,3.76
2021-04-05,,'GFDHL1173482,'9374869903506580153151,", 12 Bernwood Dr, , Taylors, SC, 29687-6302, US",DHL SmartMail Parcel Expedited,5.000,Zone 04,3.51,3.43,0.00,0.08,3.43
2021-04-05,,'GFDHL1173483,'9374869903506580153175,", 318 Briarwick Court, , Millersville, MD, 21108, US",DHL SmartMail Parcel Expedited,5.000,Zone 02,3.46,3.38,0.00,0.08,3.38
2021-04-05,,'GFDHL1173491,'9374869903506580153274,", 1602 Ebbotts Pl, , Crofton, MD, 21114, US",DHL SmartMail Parcel Expedited,4.000,Zone 02,3.01,2.94,0.00,0.07,2.94
2021-04-05,,'GFDHL1173494,'9374869903506580153397,", 9813 Wilkins Way, , Plano, TX, 75025, US",DHL SmartMail Parcel Expedited,4.000,Zone 06,3.22,3.14,0.00,0.08,3.14
2021-04-05,,'GFDHL1173499,'9374869903506580153465,", 8328 Mountain Heather Court, , Las Vegas, NV, 89149, US",DHL SmartMail Parcel Expedited,4.000,Zone 08,3.49,3.41,0.00,0.08,3.41
2021-04-05,,'GFDHL1173500,'9374869903506580153472,", 2092 Farrs Bridge Road, , Easley, SC, 29640, US",DHL SmartMail Parcel Expedited,4.000,Zone 04,3.06,2.99,0.00,0.07,2.99
2021-04-05,,'GFDHL1173504,'9374869903506580153540,", 911 Candlelite Drive, , San Marcos, CA, 92069, US",DHL SmartMail Parcel Expedited,4.000,Zone 08,3.49,3.41,0.00,0.08,3.41
2021-04-05,,'GFDHL1173505,'9374869903506580153557,", 3703 PEBBLEVIEW CIR, , Bismarck, ND, 58503, US",DHL SmartMail Parcel Expedited,3.000,Zone 06,3.22,3.14,0.00,0.08,3.14
2021-04-05,,'GFDHL1173512,'9374869903506580153663,", 3816 Kipling Avenue, , Minneapolis, MN, 55416, US",DHL SmartMail Parcel Expedited,10.000,Zone 05,4.20,4.10,0.00,0.10,4.10
2021-04-05,,'GFDHL1173525,'9374869903506580153847,", 1692 Bretton Cove, , Niceville, FL, 32578, US",DHL SmartMail Parcel Expedited,3.000,Zone 06,3.22,3.14,0.00,0.08,3.14
2021-04-05,,'GFDHL1173486,'9374869903506580153984,", 821, Coldwell Ave, Modesto, CA, 95350, US",DHL SmartMail Parcel Expedited,5.000,Zone 08,3.85,3.76,0.00,0.09,3.76
2021-04-05,,'GFDHL1173492,'9374869903506580154080,", 2002 Grant Ave, Unit 1, Redondo Beach, CA, 90278, US",DHL SmartMail Parcel Expedited,4.000,Zone 08,3.49,3.41,0.00,0.08,3.41
2021-04-05,,'GFDHL1173495,'9374869903506580154110,", 950 1st Street, , Manteo, NC, 27954, US",DHL SmartMail Parcel Expedited,4.000,Zone 04,3.06,2.99,0.00,0.07,2.99
2021-04-05,,'GFDHL1173496,'9374869903506580154158,", 3905 NW 70th St, , Oklahoma City, OK, 73116, US",DHL SmartMail Parcel Expedited,6.000,Zone 06,3.58,3.49,0.00,0.09,3.49
2021-04-05,,'GFDHL1173507,'9374869903506580154318,", 961 Willoughby avenue apt 4J, , Brooklyn, NY, 11221, US",DHL SmartMail Parcel Expedited,3.000,Zone 01,3.01,2.94,0.00,0.07,2.94
2021-04-05,,'GFDHL1173509,'9374869903506580154356,", 159 Clay Ln, , Washburn, TN, 37888, US",DHL SmartMail Parcel Expedited,13.000,Zone 05,5.42,5.20,0.00,0.22,5.20
2021-04-05,,'GFDHL1173510,'9374869903506580154387,", 19203 Sahler st, , Elkhorn, NE, 68022, US",DHL SmartMail Parcel Expedited,10.000,Zone 06,4.38,4.27,0.00,0.11,4.27
2021-04-05,,'GFDHL1173532,'9374869903506580154714,", 458 Narragansett Dr, , Tallmadge, OH, 44278, US",DHL SmartMail Parcel Expedited,3.000,Zone 04,3.06,2.99,0.00,0.07,2.99
2021-04-05,,'GFDHL1173534,'9374869903506580154721,", 2284 Lower Lake Rd, , Seneca Falls, NY, 13148, US",DHL SmartMail Parcel Expedited,3.000,Zone 03,3.03,2.96,0.00,0.07,2.96
2021-04-05,,'GFDHL1173536,'9374869903506580154745,", 121 Lavender Ct, , New Carlisle, IN, 46552, US",DHL SmartMail Parcel Expedited,5.000,Zone 05,3.57,3.48,0.00,0.09,3.48
2021-04-05,,'GFDHL1173537,'9374869903506580154790,", 16350 Gulf Shores Drive, Unit 30, Boca Grande, FL, 33921, US",DHL SmartMail Parcel Expedited,3.000,Zone 06,3.22,3.14,0.00,0.08,3.14
2021-04-05,,'GFDHL1173538,'9374869903506580154806,", 20961 Sky Country Circle, , Trabuco Canyon, CA, 92679, US",DHL SmartMail Parcel Expedited,3.000,Zone 08,3.49,3.41,0.00,0.08,3.41
2021-04-05,,'GFDHL1173540,'9374869903506580154820,", 1663 South 2370 East, , Spanish Fork, UT, 84660, US",DHL SmartMail Parcel Expedited,3.000,Zone 08,3.49,3.41,0.00,0.08,3.41
2021-04-05,,'GFDHL1173511,'9374869903506580154851,", 28222 224th Place Southeast, , Maple Valley, WA, 98038, US",DHL SmartMail Parcel Expedited,9.000,Zone 08,4.68,4.57,0.00,0.11,4.57
2021-04-05,,'GFDHL1173515,'9374869903506580154950,", 11556 FM 2710, , Lindale, TX, 75771, US",DHL SmartMail Parcel Expedited,3.000,Zone 06,3.22,3.14,0.00,0.08,3.14
2021-04-05,,'GFDHL1173533,'9374869903506580155117,", 1120, 37th St, Brooklyn, NY, 11218, US",DHL SmartMail Parcel Expedited,3.000,Zone 01,3.01,2.94,0.00,0.07,2.94
2021-04-05,,'GFDHL1173549,'9374869903506580155230,", 405 Fannon Street, CRT0634S, Alexandria, VA, 22301, US",DHL SmartMail Parcel Expedited,3.000,Zone 03,3.03,2.96,0.00,0.07,2.96
2021-04-05,,'GFDHL1173556,'9374869903506580155292,", 1546 Stanford Ave, , Redondo Beach, CA, 90278-2738, US",DHL SmartMail Parcel Expedited,3.000,Zone 08,3.49,3.41,0.00,0.08,3.41
2021-04-05,,'GFDHL1173564,'9374869903506580155353,", 2947 Kodiak Circle, , Simi Valley, CA, 93063, US",DHL SmartMail Parcel Expedited,11.000,Zone 08,4.68,4.57,0.00,0.11,4.57
2021-04-05,,'GFDHL1173571,'9374869903506580155414,", 1383 Jackson Mill Dr, , Hixson, TN, 37343-3383, US",DHL SmartMail Parcel Expedited,7.000,Zone 05,3.57,3.48,0.00,0.09,3.48
2021-04-05,,'GFDHL1173527,'9374869903506580155902,", 56 Masconomo St., , Manchester, MA, 01944, US",DHL SmartMail Parcel Expedited,3.000,Zone 03,3.03,2.96,0.00,0.07,2.96
2021-04-05,,'GFDHL1173530,'9374869903506580155919,", 13526 South Homestead Lane, , Riverton, UT, 84065, US",DHL SmartMail Parcel Expedited,3.000,Zone 08,3.49,3.41,0.00,0.08,3.41
2021-04-05,,'GFDHL1173531,'9374869903506580155926,", 8 Dry Hill Court, , Norwalk, CT, 06851, US",DHL SmartMail Parcel Expedited,3.000,Zone 01,3.01,2.94,0.00,0.07,2.94
2021-04-05,,'GFDHL1173535,'9374869903506580156039,", 9400 Crosby Road, , Silver Spring, MD, 20910, US",DHL SmartMail Parcel Expedited,3.000,Zone 03,3.03,2.96,0.00,0.07,2.96
2021-04-05,,'GFDHL1173542,'9374869903506580156084,", 6353 N Glenwood Ave, Unit 1N, Chicago, IL, 60660, US",DHL SmartMail Parcel Expedited,3.000,Zone 05,3.12,3.04,0.00,0.08,3.04
2021-04-05,,'GFDHL1173544,'9374869903506580156107,", 25021 Acorn Dr, , Land O Lakes, FL, 34639, US",DHL SmartMail Parcel Expedited,3.000,Zone 05,3.12,3.04,0.00,0.08,3.04
2021-04-05,,'GFDHL1173550,'9374869903506580156138,", 67 CREST CT, , MONSEY, NY, 10952, US",DHL SmartMail Parcel Expedited,3.000,Zone 01,3.01,2.94,0.00,0.07,2.94
2021-04-05,,'GFDHL1173551,'9374869903506580156152,", 20961 Sky Country Circle, , Trabuco Canyon, CA, 92679, US",DHL SmartMail Parcel Expedited,3.000,Zone 08,3.49,3.41,0.00,0.08,3.41
2021-04-05,,'GFDHL1173555,'9374869903506580156220,", 71 Curcombe Street, , Hartford, CT, 06106, US",DHL SmartMail Parcel Expedited,5.000,Zone 02,3.46,3.38,0.00,0.08,3.38
2021-04-05,,'GFDHL1173562,'9374869903506580156336,", 16078 Hunters Way Drive, , CHESTERFIELD, MO, 63017, US",DHL SmartMail Parcel Expedited,12.000,Zone 05,4.20,4.10,0.00,0.10,4.10
2021-04-05,,'GFDHL1173570,'9374869903506580156428,", 703 Overlook Court, , Minooka, IL, 60447, US",DHL SmartMail Parcel Expedited,8.000,Zone 05,3.57,3.48,0.00,0.09,3.48
2021-04-05,,'GFDHL1173547,'9374869903506580156916,", 7 Academy Drive West, , Whippany, NJ, 07981, US",DHL SmartMail Parcel Expedited,3.000,Zone 01,3.01,2.94,0.00,0.07,2.94
2021-04-05,,'GFDHL1173553,'9374869903506580156978,", 1302 Greenbrook Dr, , Desoto, TX, 75115, US",DHL SmartMail Parcel Expedited,3.000,Zone 06,3.22,3.14,0.00,0.08,3.14
2021-04-05,,'GFDHL1173554,'9374869903506580156985,", 4465 Honeysuckle Ln, , Doylestown, PA, 18902, US",DHL SmartMail Parcel Expedited,6.000,Zone 02,3.46,3.38,0.00,0.08,3.38
2021-04-05,,'GFDHL1173557,'9374869903506580157036,", 1258 Quaker Ridge Drive, , Arnold, MD, 21012, US",DHL SmartMail Parcel Expedited,5.000,Zone 02,3.46,3.38,0.00,0.08,3.38
2021-04-05,,'GFDHL1173558,'9374869903506580157043,", 8 Pointe View Place, , South San Francisco, CA, 94080, US",DHL SmartMail Parcel Expedited,10.000,Zone 08,4.68,4.57,0.00,0.11,4.57
2021-04-05,,'GFDHL1173568,'9374869903506580157203,", 14214 Southwest 84th Street, , Miami, FL, 33183, US",DHL SmartMail Parcel Expedited,14.000,Zone 06,5.66,5.42,0.00,0.24,5.42
2021-04-05,,'GFDHL1173569,'9374869903506580157227,", 12915 Claret Court, , Rancho Cucamonga, CA, 91739, US",DHL SmartMail Parcel Expedited,4.000,Zone 08,3.49,3.41,0.00,0.08,3.41
2021-04-05,,'GFDHL1173545,'9374869903506580157869,", 6 South Union Street, 2A, Elgin, IL, 60123, US",DHL SmartMail Parcel Expedited,3.000,Zone 05,3.12,3.04,0.00,0.08,3.04
2021-04-05,,'GFDHL1173546,'9374869903506580157876,", 1510 townsend Ave, , San Jose, CA, 95131, US",DHL SmartMail Parcel Expedited,3.000,Zone 08,3.49,3.41,0.00,0.08,3.41
2021-04-05,,'GFDHL1173548,'9374869903506580157913,", 1514 Argyle Cres, , Ann Arbor, MI, 48103, US",DHL SmartMail Parcel Expedited,3.000,Zone 04,3.06,2.99,0.00,0.07,2.99
2021-04-05,,'GFDHL1173552,'9374869903506580157944,", 14 Winding Way, , Glen Mills, PA, 19342, US",DHL SmartMail Parcel Expedited,3.000,Zone 02,3.01,2.94,0.00,0.07,2.94
2021-04-05,,'GFDHL1173560,'9374869903506580158026,", 8259 VIEWPOINT LN, , CORNELIUS, NC, 28031, US",DHL SmartMail Parcel Expedited,7.000,Zone 04,3.51,3.43,0.00,0.08,3.43
2021-04-05,,'GFDHL1173566,'9374869903506580158095,", 204 Alvarado Ave, , Cedar Falls, IA, 50613, US",DHL SmartMail Parcel Expedited,6.000,Zone 05,3.57,3.48,0.00,0.09,3.48
2021-04-05,,'GFDHL1173598,'9374869903506580229382,", 4 Edwards dr, , Pelham, NH, 03076, US",DHL SmartMail Parcel Expedited,8.000,Zone 03,3.49,3.41,0.00,0.08,3.41
2021-04-05,,'GFDHL1173601,'9374869903506580229528,", 10360 SW 212th ST  Apt 201, , Miami, FL, 33189, US",DHL SmartMail Parcel Expedited,8.000,Zone 06,3.58,3.49,0.00,0.09,3.49
2021-04-05,,'GFDHL1173597,'9374869903506580230326,", 122 Filly Drive, , North Wales, PA, 19454-4248, US",DHL SmartMail Parcel Expedited,8.000,Zone 02,3.46,3.38,0.00,0.08,3.38
2021-04-05,,'GFDHL1173602,'9374869903506580230371,", 1305 Barclay boulevard, , Princeton, NJ, 08540, US",DHL SmartMail Parcel Expedited,8.000,Zone 01,3.46,3.38,0.00,0.08,3.38
2021-04-05,,'GFDHL1173606,'9374869903506580230432,", 4 farragut road apt 3, , Boston, MA, 02127, US",DHL SmartMail Parcel Expedited,8.000,Zone 03,3.49,3.41,0.00,0.08,3.41
2021-04-05,,'GFDHL1173607,'9374869903506580230456,", 925 Lenox Pl, , Lancaster, OH, 43130, US",DHL SmartMail Parcel Expedited,7.000,Zone 04,3.51,3.43,0.00,0.08,3.43
2021-04-05,,'GFDHL1173608,'9374869903506580230524,", 4096 Hardwoods Dr., , West Bloomfield, MI, 48323, US",DHL SmartMail Parcel Expedited,8.000,Zone 04,3.51,3.43,0.00,0.08,3.43
2021-04-05,,'GFDHL1173609,'9374869903506580230531,", 20 Brandon Circle, , Wilton, CT, 06897, US",DHL SmartMail Parcel Expedited,7.000,Zone 01,3.46,3.38,0.00,0.08,3.38
2021-04-05,,'GFDHL1173615,'9374869903506580230609,", 21149 W 107th Terrace, , Olathe, KS, 66061, US",DHL SmartMail Parcel Expedited,8.000,Zone 06,3.58,3.49,0.00,0.09,3.49
2021-04-05,,'GFDHL1173596,'9374869903506580230876,", 1335 Maple St, , Bonham, TX, 75418-2942, US",DHL SmartMail Parcel Expedited,8.000,Zone 06,3.58,3.49,0.00,0.09,3.49
2021-04-05,,'GFDHL1173604,'9374869903506580230982,", 6 revere court, , Jackson, NJ, 08527, US",DHL SmartMail Parcel Expedited,8.000,Zone 01,3.46,3.38,0.00,0.08,3.38
2021-04-05,,'GFDHL1173611,'9374869903506580231095,", 54 Lyndhurst, , Irvine, CA, 92620, US",DHL SmartMail Parcel Expedited,8.000,Zone 08,3.85,3.76,0.00,0.09,3.76
2021-04-05,,'GFDHL1173612,'9374869903506580231125,", 6254 Azalea Dr, , Lancaster, CA, 93536, US",DHL SmartMail Parcel Expedited,8.000,Zone 08,3.85,3.76,0.00,0.09,3.76
2021-04-05,,'GFDHL1173616,'9374869903506580231170,", 65 Bartley Street, , St. Peters, MO, 63376, US",DHL SmartMail Parcel Expedited,10.000,Zone 05,4.20,4.10,0.00,0.10,4.10
2021-04-05,,'GFDHL1173595,'9374869903506580231873,", 3974 153rd Ave SE, , Bellevue, WA, 98006, US",DHL SmartMail Parcel Expedited,8.000,Zone 08,3.85,3.76,0.00,0.09,3.76
2021-04-05,,'GFDHL1173603,'9374869903506580231910,", 23508 Canzonet St, , Woodland Hills, CA, 91367, US",DHL SmartMail Parcel Expedited,8.000,Zone 08,3.85,3.76,0.00,0.09,3.76
2021-04-05,,'GFDHL1173605,'9374869903506580231941,", 1376 Huntland Ct S, , Xenia, OH, 45385, US",DHL SmartMail Parcel Expedited,8.000,Zone 04,3.51,3.43,0.00,0.08,3.43
2021-04-05,,'GFDHL1173610,'9374869903506580231989,", 202 Cayuga Circle, , New Britain, PA, 18901, US",DHL SmartMail Parcel Expedited,8.000,Zone 02,3.46,3.38,0.00,0.08,3.38
2021-04-05,,'GFDHL1173613,'9374869903506580232924,", 10360 SW 212th ST  Apt 201, , Miami, FL, 33189, US",DHL SmartMail Parcel Expedited,8.000,Zone 06,3.58,3.49,0.00,0.09,3.49
2021-04-05,,'GFDHL1173614,'9374869903506580232962,", 310 West End Avenue #1A, , New York, NY, 10023, US",DHL SmartMail Parcel Expedited,8.000,Zone 01,3.46,3.38,0.00,0.08,3.38
2021-04-05,,'GFDHL1173657,'9374869903506580352677,", 2333 Cherish place SW, , Port Orchard, WA, 98366, US",DHL SmartMail Parcel Expedited,4.000,Zone 08,3.49,3.41,0.00,0.08,3.41
2021-04-05,,'GFDHL1173519,'9361269903506580154503,", 45 Cold Brook St, PO Box 511, Poland, NY, 13431, US",DHL SmartMail Parcel Expedited,6.000,Zone 03,3.49,3.41,0.00,0.08,3.41
2021-04-05,,'GFDHL1173518,'9361269903506580154497,", 3808 Brooklyn Avenue, , Cleveland, OH, 44109, US",DHL SmartMail Parcel Expedited,8.000,Zone 04,3.51,3.43,0.00,0.08,3.43
2021-04-07,,'GFDHL1175894,'9374869903506596407675,", 11703 N 112th East Ave, , Collinsville, OK, 74021, US",DHL SmartMail Parcel Expedited,6.000,Zone 06,3.58,3.49,0.00,0.09,3.49
2021-04-07,,'GFDHL1175895,'9374869903506596411276,", 5006 31 Ave, , Woodside, NY, 11377, US",DHL SmartMail Parcel Expedited,6.000,Zone 01,3.46,3.38,0.00,0.08,3.38
2021-04-07,,'GFDHL1175896,'9374869903506596411283,", 3505 Alexis Dr, , New Albany, IN, 47150, US",DHL SmartMail Parcel Expedited,6.000,Zone 05,3.57,3.48,0.00,0.09,3.48
2021-04-07,,'GFDHL1175897,'9374869903506596412259,", 1920 Tanglewood DR, , Algonquin, IL, 60102, US",DHL SmartMail Parcel Expedited,7.000,Zone 05,3.57,3.48,0.00,0.09,3.48
2021-04-07,,'GFDHL1175893,'9374869903506596413119,", 881 LOCKWOOD RD, , Barberton, OH, 44203, US",DHL SmartMail Parcel Expedited,6.000,Zone 04,3.51,3.43,0.00,0.08,3.43
2021-04-07,,'GFDHL1175898,'9374869903506596413195,", 6244 Lonetree Blvd, , Rocklin, CA, 95765, US",DHL SmartMail Parcel Expedited,8.000,Zone 08,3.85,3.76,0.00,0.09,3.76
2021-04-08,,'GFDHL1176563,'9374869903506602200153,", 1339 main st, , Wellsburg, WV, 26070, US",DHL SmartMail Parcel Expedited,8.000,Zone 04,3.51,3.43,0.00,0.08,3.43
2021-04-08,,'GFDHL1176565,'9374869903506602200184,", 608 S Rainbow Dr, , Clare, MI, 48617-9219, US",DHL SmartMail Parcel Expedited,8.000,Zone 04,3.51,3.43,0.00,0.08,3.43
2021-04-08,,'GFDHL1176567,'9374869903506602200238,", 2573 Chatham Dr, , Fort Mill, SC, 29707, US",DHL SmartMail Parcel Expedited,8.000,Zone 04,3.51,3.43,0.00,0.08,3.43
2021-04-08,,'GFDHL1176560,'9374869903506602201853,", 9 Clark Rd., , Bedford, MA, 01730, US",DHL SmartMail Parcel Expedited,8.000,Zone 02,3.46,3.38,0.00,0.08,3.38
2021-04-08,,'GFDHL1176559,'9374869903506602201884,", 2610 W Alabaster Ave, , Dunlap, IL, 61525, US",DHL SmartMail Parcel Expedited,8.000,Zone 05,3.57,3.48,0.00,0.09,3.48
2021-04-08,,'GFDHL1176566,'9374869903506602202119,", 580 Hawks ridge road, , Brookfield, WI, 53045, US",DHL SmartMail Parcel Expedited,8.000,Zone 05,3.57,3.48,0.00,0.09,3.48
2021-04-08,,'GFDHL1176562,'9374869903506602202911,", 3211 Parkside place apt 5k, , Bronx, NY, 10467, US",DHL SmartMail Parcel Expedited,11.000,Zone 01,4.04,3.94,0.00,0.10,3.94
2021-04-08,,'GFDHL1176561,'9374869903506602202928,", 41 Stengel ave, , Newark, NJ, 07112, US",DHL SmartMail Parcel Expedited,8.000,Zone 01,3.46,3.38,0.00,0.08,3.38
2021-04-08,,'GFDHL1176564,'9374869903506602203024,", 709 Comly Circle, , North Wales, PA, 19454, US",DHL SmartMail Parcel Expedited,13.000,Zone 02,5.19,4.98,0.00,0.21,4.98
