Customer Confirmation Number,Delivery Confirmation Number,Receive Date,Recipient Name,Address Line 1,Address Line 2,City,State,Zip or Postal Code,Country,Weight (LBs),Mail Product Name,Customer Reference,BOL Number,Last Event Description,Last Event Time,Pickup Account Number,DHL Tracking Number,Pickup Address
'GM555348587000081229,',"01/14/2021 03:10:21 AM",TRICIA BEAUREGARD,"2769 BIRCH BEACH RD","","SHUNIAH","ON",'P7A 0C2,CA,.19,"DHL Parcel Intl Standard","",',"EN ROUTE TO DHL ECOMMERCE",03:14:17 AM,5345286,'33882101141584111,"1584 CARROLL ST."
','9361269903506156462322,"01/14/2021 10:09:19 AM",,"101 PINE GLEN DR","","EAST GREENWICH","RI",'02818,US,1.3125,"DHL SM Parcel Plus Expedited","1352533",'535103010114165423151,"EN ROUTE TO DHL ECOMMERCE",12:59:59 PM,5351030,'33872101142594439,"660 LEFFERTS AVE"
','9361269903506156503254,"01/14/2021 10:14:32 AM",,"153 PLAISTOW RD","","PLAISTOW","NH",'03865,US,1,"DHL SM Parcel Plus Expedited","1352533",'535103010114165423151,"EN ROUTE TO DHL ECOMMERCE",12:59:59 PM,5351030,'33872101142594431,"660 LEFFERTS AVE"
','9374869903506156754249,"01/14/2021 10:40:53 AM",,"487 SUTHERLAND POND RD","","SABATTUS","ME",'04280,US,.1875,"DHL SM Parcel Expedited","1352533",'535103010114165423151,"EN ROUTE TO DHL ECOMMERCE",12:59:59 PM,5351030,'33872101142594447,"660 LEFFERTS AVE"
','9361269903506156498604,"01/14/2021 10:13:25 AM",,"241 80TH ST","","BROOKLYN","NY",'11209,US,2.5,"DHL SM Parcel Plus Expedited","1352533",'535103010114165423151,"EN ROUTE TO DHL ECOMMERCE",12:59:59 PM,5351030,'33872101142594440,"660 LEFFERTS AVE"
','9361269903506156466658,"01/14/2021 10:09:31 AM",,"18221150TH AVENUE","","SPRINGFIELD GARDENS","NY",'11413,US,1,"DHL SM Parcel Plus Expedited","1352533",'535103010114165423151,"EN ROUTE TO DHL ECOMMERCE",12:59:59 PM,5351030,'33872101142594441,"660 LEFFERTS AVE"
','9361269903506156754755,"01/14/2021 10:40:52 AM",,"7332 W HILLCREST LN","","SLATINGTON","PA",'18080,US,3,"DHL SM Parcel Plus Expedited","1352533",'535103010114165423151,"EN ROUTE TO DHL ECOMMERCE",12:59:59 PM,5351030,'33872101142594448,"660 LEFFERTS AVE"
','9361269903506156455645,"01/14/2021 10:08:25 AM",,"2101 4TH ST NE","","WASHINGTON","DC",'20002,US,2.375,"DHL SM Parcel Plus Expedited","1352533",'535103010114165423151,"EN ROUTE TO DHL ECOMMERCE",12:59:59 PM,5351030,'33872101142594424,"660 LEFFERTS AVE"
','9361269903506156503117,"01/14/2021 10:14:26 AM",,"344 STAFFORD DR","","MYRTLE BEACH","SC",'29579,US,1,"DHL SM Parcel Plus Expedited","1352533",'535103010114165423151,"EN ROUTE TO DHL ECOMMERCE",12:59:59 PM,5351030,'33872101142594436,"660 LEFFERTS AVE"
','9374869903506156754232,"01/14/2021 10:40:53 AM",,"2206 MCFARLAND 400 BLVD","","ALPHARETTA","GA",'30004,US,.4375,"DHL SM Parcel Expedited","1352533",'535103010114165423151,"EN ROUTE TO DHL ECOMMERCE",12:59:59 PM,5351030,'33872101142594438,"660 LEFFERTS AVE"
','9361269903506156503469,"01/14/2021 10:14:39 AM",,"406 SWEET APPLE LN","","BUFORD","GA",'30518,US,1,"DHL SM Parcel Plus Expedited","1352533",'535103010114165423151,"EN ROUTE TO DHL ECOMMERCE",12:59:59 PM,5351030,'33872101142594430,"660 LEFFERTS AVE"
','9361269903506156489367,"01/14/2021 10:12:44 AM",,"708 NW 100TH TER","","PLANTATION","FL",'33324,US,2.5,"DHL SM Parcel Plus Expedited","1352533",'535103010114165423151,"EN ROUTE TO DHL ECOMMERCE",12:59:59 PM,5351030,'33872101142594444,"660 LEFFERTS AVE"
','9361269903506156454723,"01/14/2021 10:08:23 AM",,"6946 OLD PASCO RD # 81","QUAIL RUN RV RESORT","WESLEY CHAPEL","FL",'33544,US,2.375,"DHL SM Parcel Plus Expedited","1352533",'535103010114165423151,"EN ROUTE TO DHL ECOMMERCE",12:59:59 PM,5351030,'33872101142594451,"660 LEFFERTS AVE"
','9361269903506156477630,"01/14/2021 10:10:40 AM",,"512 DANDRIDGE ST","","CINCINNATI","OH",'45202,US,1,"DHL SM Parcel Plus Expedited","1352533",'535103010114165423151,"EN ROUTE TO DHL ECOMMERCE",12:59:59 PM,5351030,'33872101142594437,"660 LEFFERTS AVE"
','9361269903506156482009,"01/14/2021 10:11:28 AM",,"4540 COUNTY ROAD ZZ","","DODGEVILLE","WI",'53533,US,1,"DHL SM Parcel Plus Expedited","1352533",'535103010114165423151,"EN ROUTE TO DHL ECOMMERCE",12:59:59 PM,5351030,'33872101142594429,"660 LEFFERTS AVE"
','9361269903506156472840,"01/14/2021 10:10:15 AM",,"2191 WATERLILY LN","","LAC DU FLAMBEAU","WI",'54538,US,1.75,"DHL SM Parcel Plus Expedited","1352533",'535103010114165423151,"EN ROUTE TO DHL ECOMMERCE",12:59:59 PM,5351030,'33872101142594443,"660 LEFFERTS AVE"
','9361269903506156494576,"01/14/2021 10:12:52 AM",,"26545 W 73RD ST","","SHAWNEE","KS",'66227,US,2.5,"DHL SM Parcel Plus Expedited","1352533",'535103010114165423151,"EN ROUTE TO DHL ECOMMERCE",12:59:59 PM,5351030,'33872101142594432,"660 LEFFERTS AVE"
','9361269903506156498093,"01/14/2021 10:13:52 AM",,"8430 LARSON ST","","HOUSTON","TX",'77061,US,1.75,"DHL SM Parcel Plus Expedited","1352533",'535103010114165423151,"EN ROUTE TO DHL ECOMMERCE",12:59:59 PM,5351030,'33872101142594425,"660 LEFFERTS AVE"
','9361269903506156489237,"01/14/2021 10:12:39 AM",,"110 TYRAH LN","","BASTROP","TX",'78602,US,2.5,"DHL SM Parcel Plus Expedited","1352533",'535103010114165423151,"EN ROUTE TO DHL ECOMMERCE",12:59:59 PM,5351030,'33872101142594427,"660 LEFFERTS AVE"
','9361269903506156493920,"01/14/2021 10:13:00 AM",,"2452 LAKEHURST RD UNIT 8","","SPICEWOOD","TX",'78669,US,2.5,"DHL SM Parcel Plus Expedited","1352533",'535103010114165423151,"EN ROUTE TO DHL ECOMMERCE",12:59:59 PM,5351030,'33872101142594445,"660 LEFFERTS AVE"
','9361269903506156481071,"01/14/2021 10:11:11 AM",,"15431 MILLDALE DR","","LOS ANGELES","CA",'90077,US,1,"DHL SM Parcel Plus Expedited","1352533",'535103010114165423151,"EN ROUTE TO DHL ECOMMERCE",12:59:59 PM,5351030,'33872101142594428,"660 LEFFERTS AVE"
','9374869903506156754225,"01/14/2021 10:40:53 AM",,"13626 BUSBY DR","","WHITTIER","CA",'90605,US,.75,"DHL SM Parcel Expedited","1352533",'535103010114165423151,"EN ROUTE TO DHL ECOMMERCE",12:59:59 PM,5351030,'33872101142594446,"660 LEFFERTS AVE"
','9361269903506156460007,"01/14/2021 10:09:03 AM",,"7890 E SPRING ST UNIT 7B","","LONG BEACH","CA",'90815,US,1.75,"DHL SM Parcel Plus Expedited","1352533",'535103010114165423151,"EN ROUTE TO DHL ECOMMERCE",12:59:59 PM,5351030,'33872101142594449,"660 LEFFERTS AVE"
','9361269903506156495948,"01/14/2021 10:13:09 AM",,"1080 SAN MIGUEL RD TRLR 31","","CONCORD","CA",'94518,US,2.5,"DHL SM Parcel Plus Expedited","1352533",'535103010114165423151,"EN ROUTE TO DHL ECOMMERCE",12:59:59 PM,5351030,'33872101142594450,"660 LEFFERTS AVE"
','9361269903506156496297,"01/14/2021 10:13:17 AM",,"2449 ELENDIL LN APT 5","","DAVIS","CA",'95616,US,2.5,"DHL SM Parcel Plus Expedited","1352533",'535103010114165423151,"EN ROUTE TO DHL ECOMMERCE",12:59:59 PM,5351030,'33872101142594426,"660 LEFFERTS AVE"
','9374869903506156377769,"01/14/2021 09:58:44 AM",,"2 W MRAVLAG PL","","ELIZABETH","NJ",'07201,US,.0666,"DHL SM Parcel Expedited","",'535816410114150623951,"EN ROUTE TO DHL ECOMMERCE",10:22:57 AM,5358164,'33872101142149162,"50 Lawrence ave"
','9374869903506156404045,"01/14/2021 10:01:51 AM",,"2 W MRAVLAG PL","","ELIZABETH","NJ",'07201,US,.0666,"DHL SM Parcel Expedited","",'535816410114150623951,"EN ROUTE TO DHL ECOMMERCE",10:22:57 AM,5358164,'33872101142149167,"50 Lawrence ave"
','9374869903506156399303,"01/14/2021 10:01:24 AM",,"815 Rebecca PL","","Elizabeth","NJ",'07201-2735,US,.0666,"DHL SM Parcel Expedited","",'535816410114150623951,"EN ROUTE TO DHL ECOMMERCE",10:22:57 AM,5358164,'33872101142149168,"50 Lawrence ave"
','9374869903506156372962,"01/14/2021 09:58:15 AM",,"36 E Knowles Ave","","Glenolden","PA",'19036-2104,US,.0666,"DHL SM Parcel Expedited","",'535816410114150623951,"EN ROUTE TO DHL ECOMMERCE",10:22:57 AM,5358164,'33872101142149154,"50 Lawrence ave"
','9374869903506156407824,"01/14/2021 10:02:12 AM",,"2710 2nd St SE","","Washington","DC",'20032-1701,US,.1332,"DHL SM Parcel Expedited","",'535816410114150623951,"EN ROUTE TO DHL ECOMMERCE",10:22:57 AM,5358164,'33872101142149159,"50 Lawrence ave"
','9374869903506156079588,"01/14/2021 09:23:09 AM",,"206 Kings Mill Ct Apt 1","","Fredericksburg","VA",'22401-5256,US,.0622,"DHL SM Parcel Expedited","",'535816410114150623951,"EN ROUTE TO DHL ECOMMERCE",10:22:57 AM,5358164,'33872101142149172,"50 Lawrence ave"
','9374869903506156284333,"01/14/2021 09:48:56 AM",,"1020 Remington Dr SE","","Conyers","GA",'30094-5950,US,.0622,"DHL SM Parcel Expedited","",'535816410114150623951,"EN ROUTE TO DHL ECOMMERCE",10:22:57 AM,5358164,'33872101142149165,"50 Lawrence ave"
','9374869903506156304413,"01/14/2021 09:50:53 AM",,"7030 Moderna Way","","Orlando","FL",'32822-4637,US,.0622,"DHL SM Parcel Expedited","",'535816410114150623951,"EN ROUTE TO DHL ECOMMERCE",10:22:57 AM,5358164,'33872101142149161,"50 Lawrence ave"
','9374869903506156368699,"01/14/2021 09:57:34 AM",,"3640 45th Ave NE","","Naples","FL",'34120-3223,US,.0666,"DHL SM Parcel Expedited","",'535816410114150623951,"EN ROUTE TO DHL ECOMMERCE",10:22:57 AM,5358164,'33872101142149169,"50 Lawrence ave"
','9374869903506156389045,"01/14/2021 10:00:08 AM",,"872 Florida Pkwy","","Kissimmee","FL",'34743-9611,US,.1332,"DHL SM Parcel Expedited","",'535816410114150623951,"EN ROUTE TO DHL ECOMMERCE",10:22:57 AM,5358164,'33872101142149163,"50 Lawrence ave"
','9374869903506156295803,"01/14/2021 09:49:54 AM",,"5505 Evergreen St","","Pascagoula","MS",'39567-1035,US,.0622,"DHL SM Parcel Expedited","",'535816410114150623951,"EN ROUTE TO DHL ECOMMERCE",10:22:57 AM,5358164,'33872101142149158,"50 Lawrence ave"
','9374869903506156377080,"01/14/2021 09:59:00 AM",,"13279 County Road 457","","Newberry","MI",'49868-7745,US,.0666,"DHL SM Parcel Expedited","",'535816410114150623951,"EN ROUTE TO DHL ECOMMERCE",10:22:57 AM,5358164,'33872101142149152,"50 Lawrence ave"
','9374869903506156412002,"01/14/2021 10:02:39 AM",,"W10490 Camp Hill Rd","","Camp Douglas","WI",'54618-9516,US,.3109,"DHL SM Parcel Expedited","",'535816410114150623951,"EN ROUTE TO DHL ECOMMERCE",10:22:57 AM,5358164,'33872101142149155,"50 Lawrence ave"
','9374869903506156317208,"01/14/2021 09:52:02 AM",,"5604 W 82nd St","","Burbank","IL",'60459-2057,US,.0622,"DHL SM Parcel Expedited","",'535816410114150623951,"EN ROUTE TO DHL ECOMMERCE",10:22:57 AM,5358164,'33872101142149157,"50 Lawrence ave"
'D79B492253D4454491982F59D,',"01/14/2021 10:01:03 AM",,"51 Holcombe Rd","","Warnbro","WA",'6169,AU,.0662,"DHL Parcel Intl Standard","",'48525956,"EN ROUTE TO DHL ECOMMERCE",10:22:57 AM,5358164,'33872101142156427,"50 Lawrence ave"
','9374869903506156349674,"01/14/2021 09:55:49 AM",,"627 6th St","","Bloomington","IL",'61704-7444,US,.0666,"DHL SM Parcel Expedited","",'535816410114150623951,"EN ROUTE TO DHL ECOMMERCE",10:22:57 AM,5358164,'33872101142149160,"50 Lawrence ave"
','9374869903506156380035,"01/14/2021 09:59:16 AM",,"2580 Red Wings Rd","","Bismarck","AR",'71929-6644,US,.0666,"DHL SM Parcel Expedited","",'535816410114150623951,"EN ROUTE TO DHL ECOMMERCE",10:22:57 AM,5358164,'33872101142149166,"50 Lawrence ave"
','9374869903506156059405,"01/14/2021 09:22:05 AM",,"2810 Navajo St","","San Antonio","TX",'78224-1220,US,.0622,"DHL SM Parcel Expedited","",'535816410114150623951,"EN ROUTE TO DHL ECOMMERCE",10:22:57 AM,5358164,'33872101142149171,"50 Lawrence ave"
','9374869903506156035706,"01/14/2021 09:17:55 AM",,"15596 Peach Rd","","Cedaredge","CO",'81413-8136,US,.0622,"DHL SM Parcel Expedited","",'535816410114150623951,"EN ROUTE TO DHL ECOMMERCE",10:22:57 AM,5358164,'33872101142149164,"50 Lawrence ave"
','9374869903506156370876,"01/14/2021 09:57:49 AM",,"8204 Misty Island Cir","","Las Vegas","NV",'89145-2418,US,.0666,"DHL SM Parcel Expedited","",'535816410114150623951,"EN ROUTE TO DHL ECOMMERCE",10:22:57 AM,5358164,'33872101142149156,"50 Lawrence ave"
','9374869903506156087293,"01/14/2021 09:24:23 AM",,"1659 Lakme Ave","","Wilmington","CA",'90744-1415,US,.0622,"DHL SM Parcel Expedited","",'535816410114150623951,"EN ROUTE TO DHL ECOMMERCE",10:22:57 AM,5358164,'33872101142149170,"50 Lawrence ave"
','9374869903506156344693,"01/14/2021 09:55:31 AM",,"5294 N I St","","San Bernardino","CA",'92407-2519,US,.0666,"DHL SM Parcel Expedited","",'535816410114150623951,"EN ROUTE TO DHL ECOMMERCE",10:22:57 AM,5358164,'33872101142149153,"50 Lawrence ave"
','9374869903506156023864,"01/14/2021 09:16:25 AM",,"PO Box 4755","","Spokane","WA",'99220-0755,US,.0622,"DHL SM Parcel Expedited","",'535816410114150623951,"EN ROUTE TO DHL ECOMMERCE",10:22:57 AM,5358164,'33872101142149173,"50 Lawrence ave"
'CCEB3C8A27BC48C2BDFB54C75,',"01/14/2021 10:04:26 AM",,"53","upton cres.","markham","ON",'l3r3t3,CA,.3088,"DHL Parcel Intl Standard","",'48525956,"EN ROUTE TO DHL ECOMMERCE",10:22:57 AM,5358164,'33872101142156425,"50 Lawrence ave"
'1990F0613BB444D7B7919C65D,',"01/14/2021 10:03:37 AM",,"box 53","28162 PR 246","aubigny","MB",'r0g 0c0,CA,.3088,"DHL Parcel Intl Standard","",'48525956,"EN ROUTE TO DHL ECOMMERCE",10:22:57 AM,5358164,'33872101142156426,"50 Lawrence ave"