Customer Confirmation Number,Delivery Confirmation Number,Receive Date,Recipient Name,Address Line 1,Address Line 2,City,State,Zip or Postal Code,Country,Weight (LBs),Mail Product Name,Customer Reference,BOL Number,Last Event Description,Last Event Time,Pickup Account Number,DHL Tracking Number,Pickup Address
'20210127155312755UMXJP2D,',"01/27/2021 10:53:16 AM",,"25 Rue Matshiteu","","Natashquan","QC",'G0G 2E0,CA,.4375,"DHL Parcel Intl Standard","",'48791572,"EN ROUTE TO DHL ECOMMERCE",10:55:10 AM,5345229,'33872101273154529,"1584 CARROLL ST"
','9374869903506225709194,"01/27/2021 11:35:34 AM",,"47 Malvern Rd","","Worcester","MA",'01610-2216,US,.0622,"DHL SM Parcel Expedited","",'535816410127164923351,"EN ROUTE TO DHL ECOMMERCE",11:56:20 AM,5358164,'33872101273286549,"50 Lawrence ave"
','9374869903506225720052,"01/27/2021 11:36:47 AM",,"10 Genoa Ave # 2","","Milford","MA",'01757-1607,US,.0622,"DHL SM Parcel Expedited","",'535816410127164923351,"EN ROUTE TO DHL ECOMMERCE",11:56:20 AM,5358164,'33872101273286538,"50 Lawrence ave"
','9374869903506225587655,"01/27/2021 11:19:15 AM",,"156 Gansett Ave","","Cranston","RI",'02910-2549,US,.0622,"DHL SM Parcel Expedited","",'535816410127164923351,"EN ROUTE TO DHL ECOMMERCE",11:56:20 AM,5358164,'33872101273286555,"50 Lawrence ave"
','9374869903506225737081,"01/27/2021 11:38:57 AM",,"700 Lakeside Dr","","Lake City","PA",'16423-1862,US,.0666,"DHL SM Parcel Expedited","",'535816410127164923351,"EN ROUTE TO DHL ECOMMERCE",11:56:20 AM,5358164,'33872101273286537,"50 Lawrence ave"
','9374869903506225756631,"01/27/2021 11:41:58 AM",,"6001 Summerdale Ave","","Philadelphia","PA",'19149-3631,US,.0666,"DHL SM Parcel Expedited","",'535816410127164923351,"EN ROUTE TO DHL ECOMMERCE",11:56:20 AM,5358164,'33872101273286534,"50 Lawrence ave"
','9374869903506225665704,"01/27/2021 11:29:12 AM",,"2173 Baltimore Pike","","Oxford","PA",'19363-4011,US,.0622,"DHL SM Parcel Expedited","",'535816410127164923351,"EN ROUTE TO DHL ECOMMERCE",11:56:20 AM,5358164,'33872101273286539,"50 Lawrence ave"
','9374869903506225649087,"01/27/2021 11:26:44 AM",,"215 Summerstone Bnd","","Byron","GA",'31008-6521,US,.0622,"DHL SM Parcel Expedited","",'535816410127164923351,"EN ROUTE TO DHL ECOMMERCE",11:56:20 AM,5358164,'33872101273286535,"50 Lawrence ave"
','9374869903506225688888,"01/27/2021 11:32:29 AM",,"604 Forest Lake Dr","","Warner Robins","GA",'31093-1028,US,.0622,"DHL SM Parcel Expedited","",'535816410127164923351,"EN ROUTE TO DHL ECOMMERCE",11:56:20 AM,5358164,'33872101273286547,"50 Lawrence ave"
','9374869903506225788656,"01/27/2021 11:45:29 AM",,"1607 Elmwood Dr","","Demopolis","AL",'36732-4007,US,.0666,"DHL SM Parcel Expedited","",'535816410127164923351,"EN ROUTE TO DHL ECOMMERCE",11:56:20 AM,5358164,'33872101273286542,"50 Lawrence ave"
','9374869903506225774734,"01/27/2021 11:43:49 AM",,"2275 Hillside Ave","","Memphis","TN",'38127-4021,US,.1332,"DHL SM Parcel Expedited","",'535816410127164923351,"EN ROUTE TO DHL ECOMMERCE",11:56:20 AM,5358164,'33872101273286546,"50 Lawrence ave"
','9374869903506225763097,"01/27/2021 11:42:37 AM",,"819 Oak Ave","","Cincinnati","OH",'45215-2719,US,.1332,"DHL SM Parcel Expedited","",'535816410127164923351,"EN ROUTE TO DHL ECOMMERCE",11:56:20 AM,5358164,'33872101273286554,"50 Lawrence ave"
','9374869903506225798143,"01/27/2021 11:46:54 AM",,"418 Grandview Ave","","Homer","MI",'49245-1234,US,.1332,"DHL SM Parcel Expedited","",'535816410127164923351,"EN ROUTE TO DHL ECOMMERCE",11:56:20 AM,5358164,'33872101273286544,"50 Lawrence ave"
','9374869903506225656689,"01/27/2021 11:27:46 AM",,"210 S Main St","","Munith","MI",'49259-9774,US,.0622,"DHL SM Parcel Expedited","",'535816410127164923351,"EN ROUTE TO DHL ECOMMERCE",11:56:20 AM,5358164,'33872101273286540,"50 Lawrence ave"
','9374869903506225749718,"01/27/2021 11:40:54 AM",,"15 Apricot Dr","","Champaign","IL",'61820-2301,US,.0666,"DHL SM Parcel Expedited","",'535816410127164923351,"EN ROUTE TO DHL ECOMMERCE",11:56:20 AM,5358164,'33872101273286551,"50 Lawrence ave"
','9374869903506225808910,"01/27/2021 11:48:24 AM",,"913 Lehman Dr","","Jacksonville","AR",'72076-5217,US,.0622,"DHL SM Parcel Expedited","",'535816410127164923351,"EN ROUTE TO DHL ECOMMERCE",11:56:20 AM,5358164,'33872101273286548,"50 Lawrence ave"
'966ABAD00D944C949B6BA8381,',"01/27/2021 11:45:01 AM",,"57 Appleby Road","Northdown","Northdown","TAS",'7307,AU,.1875,"DHL Parcel Intl Standard","",'48791670,"EN ROUTE TO DHL ECOMMERCE",11:56:20 AM,5358164,'33872101273289056,"50 Lawrence ave"
','9374869903506225725743,"01/27/2021 11:37:50 AM",,"2712 Roy Rd","","Tyler","TX",'75707-6259,US,.0622,"DHL SM Parcel Expedited","",'535816410127164923351,"EN ROUTE TO DHL ECOMMERCE",11:56:20 AM,5358164,'33872101273286556,"50 Lawrence ave"
','9374869903506225739962,"01/27/2021 11:39:16 AM",,"1808 Oregon St","","Baytown","TX",'77520-6430,US,.0666,"DHL SM Parcel Expedited","",'535816410127164923351,"EN ROUTE TO DHL ECOMMERCE",11:56:20 AM,5358164,'33872101273286532,"50 Lawrence ave"
','9374869903506225794053,"01/27/2021 11:46:15 AM",,"795 Barberry Cir","","Lafayette","CO",'80026-1573,US,.0666,"DHL SM Parcel Expedited","",'535816410127164923351,"EN ROUTE TO DHL ECOMMERCE",11:56:20 AM,5358164,'33872101273286553,"50 Lawrence ave"
','9374869903506225740623,"01/27/2021 11:39:44 AM",,"772 S Stone Ave","","Superior","AZ",'85173-4130,US,.0666,"DHL SM Parcel Expedited","",'535816410127164923351,"EN ROUTE TO DHL ECOMMERCE",11:56:20 AM,5358164,'33872101273286536,"50 Lawrence ave"
','9374869903506225753432,"01/27/2021 11:41:15 AM",,"926 Turquoise St Ste D","","San Diego","CA",'92109-1186,US,.0666,"DHL SM Parcel Expedited","",'535816410127164923351,"EN ROUTE TO DHL ECOMMERCE",11:56:20 AM,5358164,'33872101273286552,"50 Lawrence ave"
','9374869903506225748162,"01/27/2021 11:40:26 AM",,"25161 Wagner Way","","Hemet","CA",'92544-1723,US,.0666,"DHL SM Parcel Expedited","",'535816410127164923351,"EN ROUTE TO DHL ECOMMERCE",11:56:20 AM,5358164,'33872101273286541,"50 Lawrence ave"
','9374869903506225743266,"01/27/2021 11:40:00 AM",,"10380 Crossing Green Cir","","Moreno Valley","CA",'92557-2626,US,.0666,"DHL SM Parcel Expedited","",'535816410127164923351,"EN ROUTE TO DHL ECOMMERCE",11:56:20 AM,5358164,'33872101273286543,"50 Lawrence ave"
','9374869903506225617581,"01/27/2021 11:23:19 AM",,"11452 Jola Ave","","Garden Grove","CA",'92843-3514,US,.0622,"DHL SM Parcel Expedited","",'535816410127164923351,"EN ROUTE TO DHL ECOMMERCE",11:56:20 AM,5358164,'33872101273286558,"50 Lawrence ave"
','9374869903506225754453,"01/27/2021 11:41:42 AM",,"6700 Auburn St Apt 28","","Bakersfield","CA",'93306-2845,US,.0666,"DHL SM Parcel Expedited","",'535816410127164923351,"EN ROUTE TO DHL ECOMMERCE",11:56:20 AM,5358164,'33872101273286533,"50 Lawrence ave"
','9374869903506225556804,"01/27/2021 11:14:08 AM",,"133 W Edith Ave","","Los Altos","CA",'94022-2716,US,.0622,"DHL SM Parcel Expedited","",'535816410127164923351,"EN ROUTE TO DHL ECOMMERCE",11:56:20 AM,5358164,'33872101273286557,"50 Lawrence ave"
','9374869903506225799478,"01/27/2021 11:47:12 AM",,"160 Escondido Dr","","Martinez","CA",'94553-3034,US,.1776,"DHL SM Parcel Expedited","",'535816410127164923351,"EN ROUTE TO DHL ECOMMERCE",11:56:20 AM,5358164,'33872101273286545,"50 Lawrence ave"
','9374869903506225791663,"01/27/2021 11:45:59 AM",,"16755 Barnell Ave Apt 4","","Morgan Hill","CA",'95037-4921,US,.0666,"DHL SM Parcel Expedited","",'535816410127164923351,"EN ROUTE TO DHL ECOMMERCE",11:56:20 AM,5358164,'33872101273286550,"50 Lawrence ave"