Customer Confirmation Number,Delivery Confirmation Number,Receive Date,Recipient Name,Address Line 1,Address Line 2,City,State,Zip or Postal Code,Country,Weight (LBs),Mail Product Name,Customer Reference,BOL Number,Last Event Description,Last Event Time,Pickup Account Number,DHL Tracking Number,Pickup Address
'20210128170932986Q0YTGQX,',"01/28/2021 12:09:36 PM",,"460 Rue de Nanteuil App 102","","Quebec","QC",'G1G 6P4,CA,.4375,"DHL Parcel Intl Standard","",'49001611,"EN ROUTE TO DHL ECOMMERCE",12:25:20 PM,5345229,'33872101286394782,"1584 CARROLL ST"
','9361269903506231303809,"01/28/2021 10:51:00 AM",,"270 E MAIN ST","","JEWETT CITY","CT",'06351,US,3,"DHL SM Parcel Plus Expedited","1352533",'535103010128170023451,"EN ROUTE TO DHL ECOMMERCE",12:01:23 PM,5351030,'33872101286351157,"660 LEFFERTS AVE"
','9361269903506231246021,"01/28/2021 10:44:00 AM",,"15 RIMWOOD DR","","LINCROFT","NJ",'07738,US,3,"DHL SM Parcel Plus Expedited","1352533",'535103010128170023451,"EN ROUTE TO DHL ECOMMERCE",12:01:23 PM,5351030,'33872101286351153,"660 LEFFERTS AVE"
','9361269903506231246106,"01/28/2021 10:44:03 AM",,"15 RIMWOOD DR","","LINCROFT","NJ",'07738,US,3,"DHL SM Parcel Plus Expedited","1352533",'535103010128170023451,"EN ROUTE TO DHL ECOMMERCE",12:01:23 PM,5351030,'33872101286351161,"660 LEFFERTS AVE"
','9361269903506231307159,"01/28/2021 10:51:00 AM",,"190 QUARRY HILL EST","","AKRON","NY",'14001,US,3,"DHL SM Parcel Plus Expedited","1352533",'535103010128170023451,"EN ROUTE TO DHL ECOMMERCE",12:01:23 PM,5351030,'33872101286351166,"660 LEFFERTS AVE"
','9361269903506231248933,"01/28/2021 10:44:11 AM",,"9450 RIVER VIEW RD","","BROOMES ISLAND","MD",'20615,US,3,"DHL SM Parcel Plus Expedited","1352533",'535103010128170023451,"EN ROUTE TO DHL ECOMMERCE",12:01:23 PM,5351030,'33872101286351179,"660 LEFFERTS AVE"
','9361269903506231303816,"01/28/2021 10:51:00 AM",,"25 PARK LN","","EASTON","MD",'21601,US,3,"DHL SM Parcel Plus Expedited","1352533",'535103010128170023451,"EN ROUTE TO DHL ECOMMERCE",12:01:23 PM,5351030,'33872101286351177,"660 LEFFERTS AVE"
','9361269903506231245642,"01/28/2021 10:44:03 AM",,"1742 S SYCAMORE ST","","PETERSBURG","VA",'23805,US,3,"DHL SM Parcel Plus Expedited","1352533",'535103010128170023451,"EN ROUTE TO DHL ECOMMERCE",12:01:23 PM,5351030,'33872101286351160,"660 LEFFERTS AVE"
','9361269903506231244812,"01/28/2021 10:44:00 AM",,"2608 MAYS CHAPEL RD","N/A","SANFORD","NC",'27330,US,3,"DHL SM Parcel Plus Expedited","1352533",'535103010128170023451,"EN ROUTE TO DHL ECOMMERCE",12:01:23 PM,5351030,'33872101286351155,"660 LEFFERTS AVE"
','9361269903506231245574,"01/28/2021 10:44:01 AM",,"PO BOX 234","6861 HIGHWAY 39 NORTH","CROSS HILL","SC",'29332,US,3,"DHL SM Parcel Plus Expedited","1352533",'535103010128170023451,"EN ROUTE TO DHL ECOMMERCE",12:01:23 PM,5351030,'33872101286351176,"660 LEFFERTS AVE"
','9361269903506231245734,"01/28/2021 10:44:05 AM",,"328 TIMBERWOOD DR","","WOODRUFF","SC",'29388,US,3,"DHL SM Parcel Plus Expedited","1352533",'535103010128170023451,"EN ROUTE TO DHL ECOMMERCE",12:01:23 PM,5351030,'33872101286351181,"660 LEFFERTS AVE"
','9361269903506231245987,"01/28/2021 10:43:59 AM",,"4820 SPRING ST","","LORIS","SC",'29569,US,3,"DHL SM Parcel Plus Expedited","1352533",'535103010128170023451,"EN ROUTE TO DHL ECOMMERCE",12:01:23 PM,5351030,'33872101286351167,"660 LEFFERTS AVE"
','9361269903506231245369,"01/28/2021 10:43:57 AM",,"848 US HIGHWAY 19 S LOT 47","","LEESBURG","GA",'31763,US,3,"DHL SM Parcel Plus Expedited","1352533",'535103010128170023451,"EN ROUTE TO DHL ECOMMERCE",12:01:23 PM,5351030,'33872101286351175,"660 LEFFERTS AVE"
','9361269903506231307821,"01/28/2021 10:51:00 AM",,"165 MAY LENE DR","","LONDON","KY",'40744,US,3,"DHL SM Parcel Plus Expedited","1352533",'535103010128170023451,"EN ROUTE TO DHL ECOMMERCE",12:01:23 PM,5351030,'33872101286351159,"660 LEFFERTS AVE"
','9361269903506230977841,"01/28/2021 10:14:07 AM",,"63 VALLEY DR NE","","NEWARK","OH",'43055,US,1.5,"DHL SM Parcel Plus Expedited","1352533",'535103010128170023451,"EN ROUTE TO DHL ECOMMERCE",12:01:23 PM,5351030,'33872101286351178,"660 LEFFERTS AVE"
','9361269903506231246984,"01/28/2021 10:44:04 AM",,"708 TODDSON DR","","GREENCASTLE","IN",'46135,US,3,"DHL SM Parcel Plus Expedited","1352533",'535103010128170023451,"EN ROUTE TO DHL ECOMMERCE",12:01:23 PM,5351030,'33872101286351154,"660 LEFFERTS AVE"
','9361269903506231009350,"01/28/2021 10:18:20 AM",,"6000 MAJESTIC RD","","BRAHAM","MN",'55006,US,2.125,"DHL SM Parcel Plus Expedited","1352533",'535103010128170023451,"EN ROUTE TO DHL ECOMMERCE",12:01:23 PM,5351030,'33872101286351183,"660 LEFFERTS AVE"
','9361269903506231008179,"01/28/2021 10:18:16 AM",,"21853 CEDAR DR NW","","CEDAR","MN",'55011,US,2.125,"DHL SM Parcel Plus Expedited","1352533",'535103010128170023451,"EN ROUTE TO DHL ECOMMERCE",12:01:23 PM,5351030,'33872101286351182,"660 LEFFERTS AVE"
','9361269903506231008209,"01/28/2021 10:18:16 AM",,"3 RIVERBEND PL","","WASHINGTON","MO",'63090,US,2.125,"DHL SM Parcel Plus Expedited","1352533",'535103010128170023451,"EN ROUTE TO DHL ECOMMERCE",12:01:23 PM,5351030,'33872101286351184,"660 LEFFERTS AVE"
','9361269903506231009879,"01/28/2021 10:18:18 AM",,"736 MICHIGAN AVE","","LEAVENWORTH","KS",'66048,US,2.125,"DHL SM Parcel Plus Expedited","1352533",'535103010128170023451,"EN ROUTE TO DHL ECOMMERCE",12:01:23 PM,5351030,'33872101286351164,"660 LEFFERTS AVE"
','9361269903506231246878,"01/28/2021 10:44:01 AM",,"32900 PITCHER RD","","SPRINGFIELD","LA",'70462,US,3,"DHL SM Parcel Plus Expedited","1352533",'535103010128170023451,"EN ROUTE TO DHL ECOMMERCE",12:01:23 PM,5351030,'33872101286351151,"660 LEFFERTS AVE"
','9361269903506231244805,"01/28/2021 10:43:59 AM",,"30794 ROB KINCHEN RD","","TICKFAW","LA",'70466,US,3,"DHL SM Parcel Plus Expedited","1352533",'535103010128170023451,"EN ROUTE TO DHL ECOMMERCE",12:01:23 PM,5351030,'33872101286351165,"660 LEFFERTS AVE"
','9361269903506231246007,"01/28/2021 10:44:00 AM",,"167 OUACHITA 303","","CAMDEN","AR",'71701,US,3,"DHL SM Parcel Plus Expedited","1352533",'535103010128170023451,"EN ROUTE TO DHL ECOMMERCE",12:01:23 PM,5351030,'33872101286351168,"660 LEFFERTS AVE"
','9361269903506231245420,"01/28/2021 10:43:58 AM",,"2230 SHALMAR RD","","SULPHUR","OK",'73086,US,3,"DHL SM Parcel Plus Expedited","1352533",'535103010128170023451,"EN ROUTE TO DHL ECOMMERCE",12:01:23 PM,5351030,'33872101286351158,"660 LEFFERTS AVE"
','9361269903506230978855,"01/28/2021 10:14:14 AM",,"PO BOX 583","","BLOSSOM","TX",'75416,US,1.5,"DHL SM Parcel Plus Expedited","1352533",'535103010128170023451,"EN ROUTE TO DHL ECOMMERCE",12:01:23 PM,5351030,'33872101286351180,"660 LEFFERTS AVE"
','9374869903506230965677,"01/28/2021 10:12:49 AM",,"16204 ROCKIES RUN SMT","","AUSTIN","TX",'78738,US,.5,"DHL SM Parcel Expedited","1352533",'535103010128170023451,"EN ROUTE TO DHL ECOMMERCE",12:01:23 PM,5351030,'33872101286351171,"660 LEFFERTS AVE"
','9361269903506231307135,"01/28/2021 10:51:00 AM",,"2357 PLAZA ST","","IDAHO FALLS","ID",'83402,US,3,"DHL SM Parcel Plus Expedited","1352533",'535103010128170023451,"EN ROUTE TO DHL ECOMMERCE",12:01:23 PM,5351030,'33872101286351152,"660 LEFFERTS AVE"
','9361269903506231243761,"01/28/2021 10:43:58 AM",,"1704 E HISTORIC HIGHWAY 66","","GALLUP","NM",'87301,US,3,"DHL SM Parcel Plus Expedited","1352533",'535103010128170023451,"EN ROUTE TO DHL ECOMMERCE",12:01:23 PM,5351030,'33872101286351172,"660 LEFFERTS AVE"
','9361269903506231245789,"01/28/2021 10:44:06 AM",,"17750 BESSEMER ST","","ENCINO","CA",'91316,US,3,"DHL SM Parcel Plus Expedited","1352533",'535103010128170023451,"EN ROUTE TO DHL ECOMMERCE",12:01:23 PM,5351030,'33872101286351169,"660 LEFFERTS AVE"
','9361269903506231248858,"01/28/2021 10:44:08 AM",,"11627 TREE HOLLOW LN","","SAN DIEGO","CA",'92128,US,3,"DHL SM Parcel Plus Expedited","1352533",'535103010128170023451,"EN ROUTE TO DHL ECOMMERCE",12:01:23 PM,5351030,'33872101286351170,"660 LEFFERTS AVE"
','9361269903506231245345,"01/28/2021 10:43:57 AM",,"3224 WALL AVE","","SAN BERNARDINO","CA",'92404,US,3,"DHL SM Parcel Plus Expedited","1352533",'535103010128170023451,"EN ROUTE TO DHL ECOMMERCE",12:01:23 PM,5351030,'33872101286351156,"660 LEFFERTS AVE"
','9361269903506231008377,"01/28/2021 10:18:19 AM",,"1500 CALLE PODEROSA","","BAKERSFIELD","CA",'93309,US,2.125,"DHL SM Parcel Plus Expedited","1352533",'535103010128170023451,"EN ROUTE TO DHL ECOMMERCE",12:01:23 PM,5351030,'33872101286351185,"660 LEFFERTS AVE"
','9361269903506231247134,"01/28/2021 10:44:09 AM",,"1680 RICHARD AVE","","SANGER","CA",'93657,US,3,"DHL SM Parcel Plus Expedited","1352533",'535103010128170023451,"EN ROUTE TO DHL ECOMMERCE",12:01:23 PM,5351030,'33872101286351173,"660 LEFFERTS AVE"
','9361269903506231021598,"01/28/2021 10:20:12 AM",,"3610 RIO PACIFICA WAY","","SACRAMENTO","CA",'95834,US,2.5,"DHL SM Parcel Plus Expedited","1352533",'535103010128170023451,"EN ROUTE TO DHL ECOMMERCE",12:01:23 PM,5351030,'33872101286351163,"660 LEFFERTS AVE"
','9361269903506231046850,"01/28/2021 10:22:25 AM",,"12487 DOBBINS DR","","NEVADA CITY","CA",'95959,US,2.375,"DHL SM Parcel Plus Expedited","1352533",'535103010128170023451,"EN ROUTE TO DHL ECOMMERCE",12:01:23 PM,5351030,'33872101286351162,"660 LEFFERTS AVE"
','9374869903506231501713,"01/28/2021 11:19:32 AM",,"8829 Kennedy Blvd Apt A5","","North Bergen","NJ",'07047-5337,US,.0666,"DHL SM Parcel Expedited","",'535816410128163223251,"EN ROUTE TO DHL ECOMMERCE",11:36:47 AM,5358164,'33872101286284293,"50 Lawrence ave"
','9374869903506230550378,"01/28/2021 09:14:20 AM",,"134 Brighton Ave","","Belleville","NJ",'07109-3519,US,.0622,"DHL SM Parcel Expedited","",'535816410128163223251,"EN ROUTE TO DHL ECOMMERCE",11:36:47 AM,5358164,'33872101286284312,"50 Lawrence ave"
','9374869903506231468276,"01/28/2021 11:13:58 AM",,"245 E 35th St Apt 8H","","New York","NY",'10016-4229,US,.0622,"DHL SM Parcel Expedited","",'535816410128163223251,"EN ROUTE TO DHL ECOMMERCE",11:36:47 AM,5358164,'33872101286284311,"50 Lawrence ave"
','9374869903506231506220,"01/28/2021 11:20:16 AM",,"4638 N Camac St","","Philadelphia","PA",'19140-1232,US,.0666,"DHL SM Parcel Expedited","",'535816410128163223251,"EN ROUTE TO DHL ECOMMERCE",11:36:47 AM,5358164,'33872101286284296,"50 Lawrence ave"
','9374869903506230576101,"01/28/2021 09:18:21 AM",,"14351 Legend Glen Ct","","Gainesville","VA",'20155-1495,US,.0622,"DHL SM Parcel Expedited","",'535816410128163223251,"EN ROUTE TO DHL ECOMMERCE",11:36:47 AM,5358164,'33872101286284317,"50 Lawrence ave"
'6D758795281C47299100D4088,',"01/28/2021 11:25:42 AM",,"5 Victoria Street","","Singleton","NSW",'2330,AU,.0662,"DHL Parcel Intl Standard","",'49001539,"EN ROUTE TO DHL ECOMMERCE",11:36:47 AM,5358164,'33872101286276206,"50 Lawrence ave"
','9374869903506231560161,"01/28/2021 11:28:08 AM",,"1915 cardell Rd.  lot d24","","Austell","GA",'30168-5096,US,.0666,"DHL SM Parcel Expedited","",'535816410128163223251,"EN ROUTE TO DHL ECOMMERCE",11:36:47 AM,5358164,'33872101286284299,"50 Lawrence ave"
','9374869903506231519497,"01/28/2021 11:22:45 AM",,"838 Mud Green Rd","","Temple","GA",'30179-2307,US,.0666,"DHL SM Parcel Expedited","",'535816410128163223251,"EN ROUTE TO DHL ECOMMERCE",11:36:47 AM,5358164,'33872101286284295,"50 Lawrence ave"
','9374869903506231576407,"01/28/2021 11:29:31 AM",,"15 Four Oaks Dr","","Newnan","GA",'30263-5361,US,.3775,"DHL SM Parcel Expedited","",'535816410128163223251,"EN ROUTE TO DHL ECOMMERCE",11:36:47 AM,5358164,'33872101286284297,"50 Lawrence ave"
','9374869903506231524620,"01/28/2021 11:23:44 AM",,"861 Ansley Rd","","Warrenton","GA",'30828-5717,US,.0666,"DHL SM Parcel Expedited","",'535816410128163223251,"EN ROUTE TO DHL ECOMMERCE",11:36:47 AM,5358164,'33872101286284301,"50 Lawrence ave"
','9374869903506231530959,"01/28/2021 11:24:30 AM",,"11067 NW 122nd St","","Medley","FL",'33178-3170,US,.1332,"DHL SM Parcel Expedited","",'535816410128163223251,"EN ROUTE TO DHL ECOMMERCE",11:36:47 AM,5358164,'33872101286284292,"50 Lawrence ave"
','9374869903506230593122,"01/28/2021 09:21:51 AM",,"3903 W Oklahoma Ave","","Tampa","FL",'33616-2411,US,.0622,"DHL SM Parcel Expedited","",'535816410128163223251,"EN ROUTE TO DHL ECOMMERCE",11:36:47 AM,5358164,'33872101286284309,"50 Lawrence ave"
','9374869903506231552852,"01/28/2021 11:27:14 AM",,"1015 River Oaks Dr","","Cropwell","AL",'35054-3634,US,.0666,"DHL SM Parcel Expedited","",'535816410128163223251,"EN ROUTE TO DHL ECOMMERCE",11:36:47 AM,5358164,'33872101286284306,"50 Lawrence ave"
','9374869903506231511033,"01/28/2021 11:21:14 AM",,"2020 Russell J Tillman Rd","","Edwards","MS",'39066-9101,US,.0666,"DHL SM Parcel Expedited","",'535816410128163223251,"EN ROUTE TO DHL ECOMMERCE",11:36:47 AM,5358164,'33872101286284298,"50 Lawrence ave"
'FF73F478578143598E95083AA,',"01/28/2021 11:26:39 AM",,"35 Sundown Circuit","","Pimpama","QLD",'4209,AU,.0662,"DHL Parcel Intl Standard","",'49001539,"EN ROUTE TO DHL ECOMMERCE",11:36:47 AM,5358164,'33872101286276207,"50 Lawrence ave"
','9374869903506231520592,"01/28/2021 11:23:26 AM",,"1122 Welworth Ave","","Evansville","IN",'47714-3337,US,.0666,"DHL SM Parcel Expedited","",'535816410128163223251,"EN ROUTE TO DHL ECOMMERCE",11:36:47 AM,5358164,'33872101286284294,"50 Lawrence ave"
','9374869903506230508331,"01/28/2021 09:09:42 AM",,"2337 Hosmer St","","Saginaw","MI",'48601-1517,US,.0622,"DHL SM Parcel Expedited","",'535816410128163223251,"EN ROUTE TO DHL ECOMMERCE",11:36:47 AM,5358164,'33872101286284319,"50 Lawrence ave"
','9374869903506231527171,"01/28/2021 11:24:00 AM",,"45 Cedar St","","Alto Pass","IL",'62905-1031,US,.0666,"DHL SM Parcel Expedited","",'535816410128163223251,"EN ROUTE TO DHL ECOMMERCE",11:36:47 AM,5358164,'33872101286284314,"50 Lawrence ave"
','9374869903506231514454,"01/28/2021 11:21:44 AM",,"907 N Rouse St","","Pittsburg","KS",'66762-4373,US,.0666,"DHL SM Parcel Expedited","",'535816410128163223251,"EN ROUTE TO DHL ECOMMERCE",11:36:47 AM,5358164,'33872101286284304,"50 Lawrence ave"
','9374869903506231508309,"01/28/2021 11:20:45 AM",,"714 Maguey","","Brownsville","TX",'78521-5499,US,.0666,"DHL SM Parcel Expedited","",'535816410128163223251,"EN ROUTE TO DHL ECOMMERCE",11:36:47 AM,5358164,'33872101286284307,"50 Lawrence ave"
','9374869903506231426856,"01/28/2021 11:07:17 AM",,"5067 W Blythswood Ln","","Herriman","UT",'84096-2174,US,.0622,"DHL SM Parcel Expedited","",'535816410128163223251,"EN ROUTE TO DHL ECOMMERCE",11:36:47 AM,5358164,'33872101286284300,"50 Lawrence ave"
','9374869903506231574069,"01/28/2021 11:29:13 AM",,"11441 E Wallflower Ln","","Florence","AZ",'85132-7601,US,.1776,"DHL SM Parcel Expedited","",'535816410128163223251,"EN ROUTE TO DHL ECOMMERCE",11:36:47 AM,5358164,'33872101286284302,"50 Lawrence ave"
','9374869903506230588197,"01/28/2021 09:20:52 AM",,"10164 E Keats Ave","","Mesa","AZ",'85209-1272,US,.0622,"DHL SM Parcel Expedited","",'535816410128163223251,"EN ROUTE TO DHL ECOMMERCE",11:36:47 AM,5358164,'33872101286284313,"50 Lawrence ave"
','9374869903506231555686,"01/28/2021 11:27:42 AM",,"9047 Danesbury Ct","","Las Vegas","NV",'89123-3700,US,.0666,"DHL SM Parcel Expedited","",'535816410128163223251,"EN ROUTE TO DHL ECOMMERCE",11:36:47 AM,5358164,'33872101286284308,"50 Lawrence ave"
','9374869903506231517271,"01/28/2021 11:22:18 AM",,"13802 NW Passage Apt 204","","Marina del Rey","CA",'90292-7480,US,.0666,"DHL SM Parcel Expedited","",'535816410128163223251,"EN ROUTE TO DHL ECOMMERCE",11:36:47 AM,5358164,'33872101286284305,"50 Lawrence ave"
','9374869903506230514424,"01/28/2021 09:10:54 AM",,"11454 186th St Apt 123","","Artesia","CA",'90701-5544,US,.0622,"DHL SM Parcel Expedited","",'535816410128163223251,"EN ROUTE TO DHL ECOMMERCE",11:36:47 AM,5358164,'33872101286284318,"50 Lawrence ave"
','9374869903506230565389,"01/28/2021 09:16:43 AM",,"379 Newport Ave Apt 118","","Long Beach","CA",'90814-7038,US,.0622,"DHL SM Parcel Expedited","",'535816410128163223251,"EN ROUTE TO DHL ECOMMERCE",11:36:47 AM,5358164,'33872101286284316,"50 Lawrence ave"
','9374869903506231504578,"01/28/2021 11:19:58 AM",,"373 Vista del Norte","","Walnut","CA",'91789-1632,US,.0666,"DHL SM Parcel Expedited","",'535816410128163223251,"EN ROUTE TO DHL ECOMMERCE",11:36:47 AM,5358164,'33872101286284303,"50 Lawrence ave"
','9374869903506231514737,"01/28/2021 11:22:01 AM",,"6514 Paradise Ridge Rd","","San Diego","CA",'92114-7056,US,.0666,"DHL SM Parcel Expedited","",'535816410128163223251,"EN ROUTE TO DHL ECOMMERCE",11:36:47 AM,5358164,'33872101286284290,"50 Lawrence ave"
','9374869903506231566057,"01/28/2021 11:28:37 AM",,"3242 S Main St Apt 47E","","Santa Ana","CA",'92707-4434,US,.1332,"DHL SM Parcel Expedited","",'535816410128163223251,"EN ROUTE TO DHL ECOMMERCE",11:36:47 AM,5358164,'33872101286284291,"50 Lawrence ave"
','9374869903506230558275,"01/28/2021 09:15:42 AM",,"7337 Davenport Rd","","Goleta","CA",'93117-2825,US,.0622,"DHL SM Parcel Expedited","",'535816410128163223251,"EN ROUTE TO DHL ECOMMERCE",11:36:47 AM,5358164,'33872101286284310,"50 Lawrence ave"
','9374869903506230583529,"01/28/2021 09:19:55 AM",,"2502 M St NE Unit B","","Auburn","WA",'98002-2937,US,.0622,"DHL SM Parcel Expedited","",'535816410128163223251,"EN ROUTE TO DHL ECOMMERCE",11:36:47 AM,5358164,'33872101286284315,"50 Lawrence ave"
'7300461F97C24626A605CE5DE,',"01/28/2021 11:30:36 AM",,"55 Spruce Place SW","Unit# 2206","Calgary","AB",'T3C3X5,CA,.1762,"DHL Parcel Intl Standard","",'49001539,"EN ROUTE TO DHL ECOMMERCE",11:36:47 AM,5358164,'33872101286276208,"50 Lawrence ave"