Ship Date,Customer Reference,Customer Confirmation,Delivery Confirmation,Recipient Address,Service,Weight (oz),Pricing Zone,USPS Comp. Rate,Charge,Surcharges,Total Savings,Total Charges
2021-03-24,'L106,'190433928,'9361269903506519929066,", 10103 Lansdale dr, L106, Houston, TX, 77036, US",DHL SmartMail Parcel Plus Expedited,32.000,Zone 06,10.44,8.32,0.00,2.12,8.32
2021-03-24,,'190264894,'9374869903506518874318,", 4012 Barbe Wood Dr, , Lake Charles, LA, 70605, US",DHL SmartMail Parcel Expedited,12.000,Zone 06,4.38,4.08,0.00,0.30,4.08
2021-04-05,,'191918174,'9361269903506578162466,", 2470 Dammar St, 2134421463ext28226, Orlando, FL, 32824, US",DHL SmartMail Parcel Plus Expedited,32.000,Zone 05,8.85,7.35,0.00,1.50,7.35
2021-04-05,'102,'191654897,'9361269903506578165641,", 2402 John R Rd, 102, Troy, MI, 48083, US",DHL SmartMail Parcel Plus Expedited,32.000,Zone 04,8.24,6.91,0.00,1.33,6.91
2021-04-05,,'191852233,'9361269903506578166600,", 15 Buffum St, 2134421463ext21251, Salem, MA, 01970, US",DHL SmartMail Parcel Plus Expedited,32.000,Zone 03,7.96,6.71,0.00,1.25,6.71
2021-04-05,,'191767851,'9361269903506578168307,", 25395 S Beavercreek Rd, 4158519136ext63558, Beavercreek, OR, 97004, US",DHL SmartMail Parcel Plus Expedited,32.000,Zone 08,11.69,10.04,0.00,1.65,10.04
2021-04-05,,'191887675,'9361269903506578169915,", 1502 E la Vieve Ln, 2134421463ext07777, Tempe, AZ, 85284, US",DHL SmartMail Parcel Plus Expedited,32.000,Zone 08,11.69,10.04,0.00,1.65,10.04
2021-04-05,,'191632026,'9361269903506578170683,", 614 Haunts Walk Ave, 2107284548ext80167, Las Vegas, NV, 89178, US",DHL SmartMail Parcel Plus Expedited,32.000,Zone 08,11.69,10.04,0.00,1.65,10.04
2021-04-05,,'191814522,'9361269903506578171697,", 117 Huntingdon Vlg Drive G4, 6198542705ext56982, Hunker, PA, 15639, US",DHL SmartMail Parcel Plus Expedited,32.000,Zone 04,8.24,6.91,0.00,1.33,6.91
2021-04-05,,'191610974,'9361269903506578172113,", 712w17th, 3463079643ext16730, Ada, OK, 74820, US",DHL SmartMail Parcel Plus Expedited,32.000,Zone 06,10.44,8.32,0.00,2.12,8.32
2021-04-05,,'191834279,'9361269903506578173004,", 6805 Mayfield Rd Apt 906, 7632259463ext07239, Mayfield Heights, OH, 44124, US",DHL SmartMail Parcel Plus Expedited,32.000,Zone 04,8.24,6.91,0.00,1.33,6.91
2021-04-05,,'191819390,'9361269903506578175145,", 1205 Silver Spur Pl, 7632259463ext28689, Oceano, CA, 93445, US",DHL SmartMail Parcel Plus Expedited,32.000,Zone 08,11.69,10.04,0.00,1.65,10.04
2021-04-05,,'191874940,'9361269903506578175657,", 410 Sea Willow Dr, 2134421463ext54457, Kissimmee, FL, 34743, US",DHL SmartMail Parcel Plus Expedited,32.000,Zone 05,8.85,7.35,0.00,1.50,7.35
2021-04-05,,'191821266,'9361269903506578176371,", 3151 N Columbine St, 4806185344ext38527, Denver, CO, 80205, US",DHL SmartMail Parcel Plus Expedited,32.000,Zone 07,11.01,9.03,0.00,1.98,9.03
2021-04-05,,'191876056,'9361269903506578178061,", N8195 975th St, 2134421463ext06085, River Falls, WI, 54022, US",DHL SmartMail Parcel Plus Expedited,32.000,Zone 05,8.85,7.35,0.00,1.50,7.35
2021-04-05,,'191925511,'9361269903506578179174,", 958 Quantril Way, 6026716610ext47559, Baltimore, MD, 21205, US",DHL SmartMail Parcel Plus Expedited,32.000,Zone 02,7.79,6.56,0.00,1.23,6.56
2021-04-05,,'191763091,'9361269903506578182365,", 2227 Tarry Dr, 4158519136ext92218, Sterling Heights, MI, 48310, US",DHL SmartMail Parcel Plus Expedited,32.000,Zone 04,8.24,6.91,0.00,1.33,6.91
2021-04-05,,'191857918,'9361269903506578208096,", 195 Ehman Lane, 4806185344ext19947, Pinedale, WY, 82941, US",DHL SmartMail Parcel Plus Expedited,32.000,Zone 08,11.69,10.04,0.00,1.65,10.04
2021-04-05,,'191696947,'9361269903506578211195,", 2015 Shore PKWY  Apt. 8G, 7632259463ext78200, Brooklyn, NY, 11214, US",DHL SmartMail Parcel Plus Expedited,32.000,Zone 01,7.79,6.56,0.00,1.23,6.56
2021-04-05,,'191927342,'9361269903506580099354,", 4375 General Griffin Rd, 4158519136ext58500, Alexandria, OH, 43001, US",DHL SmartMail Parcel Plus Expedited,32.000,Zone 04,8.24,6.91,0.00,1.33,6.91
2021-04-05,,'191955520,'9361269903506581609019,", 634 Endwall St, 6026716610ext75889, El Paso, TX, 79928, US",DHL SmartMail Parcel Plus Expedited,32.000,Zone 08,11.69,10.04,0.00,1.65,10.04
2021-04-05,,'191945567,'9374869903506580102647,", 3108 Rimrock Dr, 3463079643ext02833, Lawrence, KS, 66047, US",DHL SmartMail Parcel Plus Expedited,32.000,Zone 06,10.44,8.32,0.00,2.12,8.32
2021-04-05,,'191953990,'9374869903506581609541,", 20 Old Turnpike Rd Ste 106, 6026716610ext14348, Nanuet, NY, 10954, US",DHL SmartMail Parcel Plus Expedited,32.000,Zone 01,7.79,6.56,0.00,1.23,6.56
2021-04-05,,'191949629,'9374869903506581607400,", 80 Trotter CIR, 4158519136ext05141, Kissimmee, FL, 34743, US",DHL SmartMail Parcel Plus Expedited,32.000,Zone 05,8.85,7.35,0.00,1.50,7.35
2021-04-05,,'191927477,'9374869903506580101183,", 1565 N Manzanita St, 2134421463ext61506, Canby, OR, 97013, US",DHL SmartMail Parcel Plus Expedited,32.000,Zone 08,11.69,10.04,0.00,1.65,10.04
2021-04-05,,'191953868,'9374869903506581609077,", 604 Spence St, 6198542705ext01940, Los Angeles, CA, 90023, US",DHL SmartMail Parcel Plus Expedited,32.000,Zone 08,11.69,10.04,0.00,1.65,10.04
2021-04-05,,'191932782,'9374869903506580101831,", 3688 Mocha Ln, 6026716610ext83101, Santa Rosa, CA, 95403, US",DHL SmartMail Parcel Plus Expedited,32.000,Zone 08,11.69,10.04,0.00,1.65,10.04
2021-04-05,,'191928228,'9374869903506580102517,", 2250 W Monterey Ave, 6026716610ext40987, Mesa, AZ, 85202, US",DHL SmartMail Parcel Plus Expedited,32.000,Zone 08,11.69,10.04,0.00,1.65,10.04
2021-04-05,,'191945711,'9374869903506580102203,", 4012 Walnut Grove Rd, 7632259463ext55466, Cookeville, TN, 38506, US",DHL SmartMail Parcel Plus Expedited,32.000,Zone 05,8.85,7.35,0.00,1.50,7.35
2021-04-05,,'191725828,'9374869903506578209563,", 500 Crest Ave Apt 116, 6198542705ext24339, Charleroi, PA, 15022, US",DHL SmartMail Parcel Plus Expedited,32.000,Zone 04,8.24,6.91,0.00,1.33,6.91
2021-04-05,,'191856190,'9374869903506578157819,", 500 E Moss Creek Dr, 7632259463ext57203, Bloomington, IN, 47401, US",DHL SmartMail Parcel Expedited,13.000,Zone 05,5.42,4.76,0.00,0.66,4.76
2021-04-05,,'191856050,'9374869903506578158809,", 1147 Allen St, 2107284548ext77658, Rocky Mount, NC, 27803, US",DHL SmartMail Parcel Expedited,7.000,Zone 04,3.51,3.37,0.00,0.14,3.37
2021-04-05,,'191875836,'9374869903506578159486,", 629 Sheridan St Apt 21, 2107284548ext85509, Hyattsville, MD, 20783, US",DHL SmartMail Parcel Expedited,7.000,Zone 03,3.49,3.36,0.00,0.13,3.36
2021-04-05,,'191872729,'9374869903506578160345,", 1450 51st St Apt 2, 4154198616ext77293, North Bergen, NJ, 07047, US",DHL SmartMail Parcel Expedited,7.000,Zone 01,3.46,3.33,0.00,0.13,3.33
2021-04-05,'LEESBURG VA 102,'191902826,'9374869903506578160741,", 28-12 Fort Evans Rd Ne, Leesburg Va 102, Leesburg, VA, 20176, US",DHL SmartMail Parcel Expedited,7.000,Zone 03,3.49,3.36,0.00,0.13,3.36
2021-04-05,,'191611725,'9374869903506578163384,", 7311 W 127th St, 6026716610ext54379, Palos Heights, IL, 60463, US",DHL SmartMail Parcel Expedited,7.000,Zone 05,3.57,3.43,0.00,0.14,3.43
2021-04-05,,'191917114,'9374869903506578163889,", 1041 High St, 7632259463ext45540, Shelbyville, KY, 40065, US",DHL SmartMail Parcel Expedited,7.000,Zone 05,3.57,3.43,0.00,0.14,3.43
2021-04-05,,'191853024,'9374869903506578164619,", 1105 Autumn Ridge Dr, 7632259463ext84060, Waxhaw, NC, 28173, US",DHL SmartMail Parcel Expedited,7.000,Zone 04,3.51,3.37,0.00,0.14,3.37
2021-04-05,,'191708267,'9374869903506578178432,", 9607 Rayneridge Dr, 3463079643ext80354, Huntersville, NC, 28078, US",DHL SmartMail Parcel Expedited,8.000,Zone 04,3.51,3.39,0.00,0.12,3.39
2021-04-05,,'191633114,'9374869903506578179651,", 906 S 281st St, 6198542705ext81149, Des Moines, WA, 98198, US",DHL SmartMail Parcel Expedited,9.000,Zone 08,4.68,4.44,0.00,0.24,4.44
2021-04-05,,'191915211,'9374869903506578181920,", 105 parklawn estates, 2134421463ext50626, Fenton, MO, 63026, US",DHL SmartMail Parcel Expedited,8.000,Zone 05,3.57,3.45,0.00,0.12,3.45
2021-04-05,,'191872144,'9374869903506578181951,", 1734 Baxter Forest Valley Ct, 4158519136ext15507, Chesterfield, MO, 63005, US",DHL SmartMail Parcel Expedited,10.000,Zone 05,4.20,3.92,0.00,0.28,3.92
2021-04-05,,'191634835,'9374869903506578182088,", 298 JRvisAVE, 2134421463ext49529, Holyoke, MA, 01040, US",DHL SmartMail Parcel Expedited,13.000,Zone 02,5.19,4.56,0.00,0.63,4.56
2021-04-05,,'191658211,'9374869903506578182576,", 212 W Bertsch St, 3463079643ext67000, Lansford, PA, 18232, US",DHL SmartMail Parcel Expedited,12.000,Zone 01,4.04,3.80,0.00,0.24,3.80
2021-04-05,,'191870942,'9374869903506578184327,", 15301 Cordell Rd, 6198542705ext16212, Kearney, MO, 64060, US",DHL SmartMail Parcel Expedited,13.000,Zone 06,5.66,4.95,0.00,0.71,4.95
2021-04-05,,'191870284,'9374869903506578184747,", 1907 River Way, 6026716610ext05751, Jonesboro, GA, 30236, US",DHL SmartMail Parcel Expedited,13.000,Zone 05,5.42,4.76,0.00,0.66,4.76
2021-04-05,,'191780623,'9374869903506578185690,", 804 Claudine St Ne, 2134421463ext97208, Albuquerque, NM, 87123, US",DHL SmartMail Parcel Expedited,13.000,Zone 07,5.81,5.15,0.00,0.66,5.15
2021-04-05,'ID 45247 JONATHAN FREEMAN,'191730329,'9374869903506578186048,", 3637 Old Vineyard Rd, Id 45247 Jonathan Freeman, Winston Salem, NC, 27104, US",DHL SmartMail Parcel Expedited,12.000,Zone 04,4.12,3.88,0.00,0.24,3.88
2021-04-05,,'191875266,'9374869903506578186734,", 3042 Fernwood Ave, 2134421463ext11254, Egg Harbor Twp, NJ, 08234, US",DHL SmartMail Parcel Expedited,13.000,Zone 02,5.19,4.56,0.00,0.63,4.56
2021-04-05,,'191874189,'9374869903506578187991,", 2503 14th St Ne Apt 1, 4158519136ext29286, Washington, DC, 20018, US",DHL SmartMail Parcel Expedited,13.000,Zone 03,5.23,4.61,0.00,0.62,4.61
2021-04-05,,'191612569,'9374869903506578188837,", 7153 W Deserama Dr, 3463079643ext89618, Tucson, AZ, 85743, US",DHL SmartMail Parcel Expedited,2.000,Zone 08,3.49,3.29,0.00,0.20,3.29
2021-04-05,,'191890343,'9374869903506578189575,", 2075 Lindale Ave, 6026716610ext08226, Simi Valley, CA, 93065, US",DHL SmartMail Parcel Expedited,13.000,Zone 08,5.98,5.49,0.00,0.49,5.49
2021-04-05,,'191875317,'9374869903506578189957,", 41 Deer Run Road, 2134421463ext43700, Perkasie, PA, 18944, US",DHL SmartMail Parcel Expedited,13.000,Zone 02,5.19,4.56,0.00,0.63,4.56
2021-04-05,,'191694187,'9374869903506578190601,", 8106 Floral Avenue, 7632259463ext84714, Skokie, IL, 60077, US",DHL SmartMail Parcel Expedited,4.000,Zone 05,3.12,3.04,0.00,0.08,3.04
2021-04-05,,'191697055,'9374869903506578190700,", 3007 Clyde Cir, , Mt Juliet, TN, 37122, US",DHL SmartMail Parcel Expedited,2.000,Zone 05,3.12,3.04,0.00,0.08,3.04
2021-04-05,,'191729217,'9374869903506578192230,", 801 Scott Dr, 3142829402ext53851, Fredericksburg, VA, 22405, US",DHL SmartMail Parcel Expedited,2.000,Zone 03,3.03,2.96,0.00,0.07,2.96
2021-04-05,'unit D,'191856561,'9374869903506578192797,", 7410 Newcastle golf club rd, unit D, Newcastle, WA, 98059, US",DHL SmartMail Parcel Expedited,2.000,Zone 08,3.49,3.29,0.00,0.20,3.29
2021-04-05,,'191832412,'9374869903506578194241,", 606 E Farm Road 20, 2107284548ext87177, Pleasant Hope, MO, 65725, US",DHL SmartMail Parcel Expedited,2.000,Zone 06,3.22,3.10,0.00,0.12,3.10
2021-04-05,,'191765939,'9374869903506578194876,", 10232 Sugar Creek Ter, 2134421463ext96672, Pensacola, FL, 32514, US",DHL SmartMail Parcel Expedited,2.000,Zone 06,3.22,3.10,0.00,0.12,3.10
2021-04-05,,'191816888,'9374869903506578196740,", 610 Bunny Rabbit Rd, 2107284548ext38386, Athens, TX, 75751, US",DHL SmartMail Parcel Expedited,8.000,Zone 06,3.58,3.48,0.00,0.10,3.48
2021-04-05,,'191763481,'9374869903506578197242,", 508 Davis St, 2107284548ext74665, North Babylon, NY, 11703, US",DHL SmartMail Parcel Expedited,11.000,Zone 01,4.04,3.78,0.00,0.26,3.78
2021-04-05,,'191833836,'9374869903506578197402,", 4419 Osage Dr, 4158519136ext24386, Baytown, TX, 77521, US",DHL SmartMail Parcel Expedited,9.000,Zone 06,4.38,4.01,0.00,0.37,4.01
2021-04-05,,'191836372,'9374869903506578197747,", 1030 Milan St, 4154198616ext51473, New Orleans, LA, 70115, US",DHL SmartMail Parcel Expedited,9.000,Zone 06,4.38,4.01,0.00,0.37,4.01
2021-04-05,,'191733834,'9374869903506578199888,", 1142 Bedford Ave Sw, 3463079643ext48072, Canton, OH, 44710, US",DHL SmartMail Parcel Expedited,10.000,Zone 04,4.12,3.85,0.00,0.27,3.85
2021-04-05,,'191871043,'9374869903506578200454,", 508 Davis St, 4806185344ext43732, North Babylon, NY, 11703, US",DHL SmartMail Parcel Expedited,11.000,Zone 01,4.04,3.78,0.00,0.26,3.78
2021-04-05,,'191814396,'9374869903506578201246,", 18724 Pintail Ln, 6198542705ext70085, Gaithersburg, MD, 20879, US",DHL SmartMail Parcel Expedited,9.000,Zone 03,4.09,3.80,0.00,0.29,3.80
2021-04-05,,'191697963,'9374869903506578201505,", 219 16th St Apt 1, 4154198616ext03538, Brooklyn, NY, 11215, US",DHL SmartMail Parcel Expedited,10.000,Zone 01,4.04,3.77,0.00,0.27,3.77
2021-04-05,,'191916456,'9374869903506578202694,", 5 Frazer St, 4806185344ext33513, Dorchester Center, MA, 02124, US",DHL SmartMail Parcel Expedited,10.000,Zone 03,4.09,3.82,0.00,0.27,3.82
2021-04-05,,'191856438,'9374869903506578203509,", 648 Il Route 127, 6026716610ext45360, Greenville, IL, 62246, US",DHL SmartMail Parcel Expedited,9.000,Zone 05,4.20,3.90,0.00,0.30,3.90
2021-04-05,'Apt 1,'191840717,'9374869903506578203875,", 2715 riedling drive, Apt 1, Louisville, KY, 40206, US",DHL SmartMail Parcel Expedited,10.000,Zone 05,4.20,3.92,0.00,0.28,3.92
2021-04-05,,'191889959,'9374869903506578204087,", 2223 Lenox Pl, 4154198616ext41275, Santa Clara, CA, 95054, US",DHL SmartMail Parcel Expedited,9.000,Zone 08,4.68,4.44,0.00,0.24,4.44
2021-04-05,,'191728858,'9374869903506578204995,", 11668 Ga Highway 112, 3463079643ext17000, Rochelle, GA, 31079, US",DHL SmartMail Parcel Expedited,10.000,Zone 05,4.20,3.92,0.00,0.28,3.92
2021-04-05,,'191850524,'9374869903506578205466,", 4020 Mira Loma Dr, 4154198616ext76480, Reno, NV, 89502, US",DHL SmartMail Parcel Expedited,11.000,Zone 08,4.68,4.55,0.00,0.13,4.55
2021-04-05,,'191715588,'9374869903506578206388,", 4 Perkins Ct, 7632259463ext16980, Haverhill, MA, 01832, US",DHL SmartMail Parcel Expedited,10.000,Zone 03,4.09,3.82,0.00,0.27,3.82
2021-04-05,,'191821086,'9374869903506578206654,", 801 Marion Pugh Dr, 7632259463ext14217, College Station, TX, 77840, US",DHL SmartMail Parcel Expedited,9.000,Zone 06,4.38,4.01,0.00,0.37,4.01
2021-04-05,,'191747465,'9374869903506578207484,", 2253 Jasmine Avenue, 2107284548ext25359, Upland, CA, 91784, US",DHL SmartMail Parcel Expedited,10.000,Zone 08,4.68,4.50,0.00,0.18,4.50
2021-04-05,,'191765070,'9374869903506578207927,", 150 W Govey Rd, 7632259463ext56374, Shelton, WA, 98584, US",DHL SmartMail Parcel Expedited,10.000,Zone 08,4.68,4.50,0.00,0.18,4.50
2021-04-05,,'191635484,'9374869903506578208719,", 113 Hickory Gln Cir, 6198542705ext76333, Huntsville, AL, 35811, US",DHL SmartMail Parcel Expedited,10.000,Zone 05,4.20,3.92,0.00,0.28,3.92
2021-04-05,,'191746820,'9374869903506578209280,", 13007 Paramount Blvd, 7632259463ext13578, Downey, CA, 90242, US",DHL SmartMail Parcel Expedited,11.000,Zone 08,4.68,4.55,0.00,0.13,4.55
2021-04-05,,'191929852,'9374869903506580097790,", 611 E 182nd St 1, 6198542705ext05940, Bronx, NY, 10457, US",DHL SmartMail Parcel Expedited,7.000,Zone 01,3.46,3.33,0.00,0.13,3.33
2021-04-05,,'191931218,'9374869903506580100070,", 18815 Nw 2nd St, 4806185344ext65200, Pembroke Pines, FL, 33029, US",DHL SmartMail Parcel Expedited,10.000,Zone 06,4.38,4.06,0.00,0.32,4.06
2021-04-05,,'191945660,'9374869903506580101459,", 297 Fenrose Dr, 6026716610ext05475, Harvest, AL, 35749, US",DHL SmartMail Parcel Expedited,2.000,Zone 05,3.12,3.04,0.00,0.08,3.04
2021-04-05,,'191929558,'9374869903506580101565,", 428 Hill St Apt 17, 2134421463ext10362, Santa Monica, CA, 90405, US",DHL SmartMail Parcel Expedited,14.000,Zone 08,5.98,5.53,0.00,0.45,5.53
2021-04-05,,'191954079,'9374869903506581606298,", 3435 New Garden Rd, 3463079643ext64616, Cleveland, VA, 24225, US",DHL SmartMail Parcel Expedited,7.000,Zone 05,3.57,3.43,0.00,0.14,3.43
2021-04-05,,'191949563,'9374869903506581606915,", 2443 Old Franklin Rd, 4158519136ext13660, Scottsville, KY, 42164, US",DHL SmartMail Parcel Expedited,7.000,Zone 05,3.57,3.43,0.00,0.14,3.43
2021-04-05,,'191950891,'9374869903506581607332,", 6063 Millard Ave, 6026716610ext38701, Livonia, NY, 14487, US",DHL SmartMail Parcel Expedited,8.000,Zone 03,3.49,3.37,0.00,0.12,3.37
2021-04-05,,'191952673,'9374869903506581608131,", 5858 W Keetoowah Ave, 7632259463ext38680, Fort Benning, GA, 31905, US",DHL SmartMail Parcel Expedited,9.000,Zone 05,4.20,3.90,0.00,0.30,3.90
2021-04-06,,'191972617,'9361269903506586057662,", 402 Schachtner St, 4154198616ext58496, Somerset, WI, 54025, US",DHL SmartMail Parcel Plus Expedited,32.000,Zone 05,8.85,7.35,0.00,1.50,7.35
2021-04-06,,'192001430,'9361269903506586057839,", 1232 86th Ave, 7632259463ext96569, Oakland, CA, 94621, US",DHL SmartMail Parcel Plus Expedited,32.000,Zone 08,11.69,10.04,0.00,1.65,10.04
2021-04-06,,'191997258,'9361269903506586069283,", 10 Charles Hill Rd, 6026716610ext20796, Holyoke, MA, 01040, US",DHL SmartMail Parcel Plus Expedited,32.000,Zone 02,7.79,6.56,0.00,1.23,6.56
2021-04-06,,'191996820,'9361269903506586069863,", 565 Duchess Dr, 4158519136ext74598, Marietta, GA, 30066, US",DHL SmartMail Parcel Plus Expedited,32.000,Zone 05,8.85,7.35,0.00,1.50,7.35
2021-04-06,,'191975620,'9361269903506589220643,", 5176 Kalispell St, 3463079643ext97749, Denver, CO, 80239, US",DHL SmartMail Parcel Plus Expedited,32.000,Zone 07,11.01,9.03,0.00,1.98,9.03
2021-04-06,,'192088462,'9361269903506589223781,", 708 Rawlinson Rd, 6026716610ext27130, Nacogdoches, TX, 75964, US",DHL SmartMail Parcel Plus Expedited,32.000,Zone 06,10.44,8.32,0.00,2.12,8.32
2021-04-06,,'192045376,'9361269903506589223859,", 1239 Lyman Way, 6026716610ext54488, Farmington, NY, 14425, US",DHL SmartMail Parcel Plus Expedited,32.000,Zone 03,7.96,6.71,0.00,1.25,6.71
2021-04-06,,'192084694,'9361269903506589224078,", Apt26a 3400 Red Lion Rd, 2134421463ext59929, Philadelphia, PA, 19114, US",DHL SmartMail Parcel Plus Expedited,32.000,Zone 02,7.79,6.56,0.00,1.23,6.56
2021-04-06,,'192094210,'9361269903506589224405,", 1322 E Allen Rd Apt 06, 6198542705ext73201, Tahlequah, OK, 74464, US",DHL SmartMail Parcel Plus Expedited,32.000,Zone 06,10.44,8.32,0.00,2.12,8.32
2021-04-06,,'192075049,'9361269903506589225280,", 948 Wright Dr, 7632259463ext78690, Gas City, IN, 46933, US",DHL SmartMail Parcel Plus Expedited,32.000,Zone 05,8.85,7.35,0.00,1.50,7.35
2021-04-06,'Ranger Inn rm 217,'192089264,'9361269903506589225617,", 1476 Hammond St, Ranger Inn rm 217, Bangor, ME, 04401, US",DHL SmartMail Parcel Plus Expedited,48.000,Zone 04,8.72,7.56,0.00,1.16,7.56
2021-04-06,,'192071712,'9361269903506589228656,", 1575 Richmond Blvd Apt G78, 6198542705ext32642, Danville, VA, 24540, US",DHL SmartMail Parcel Plus Expedited,48.000,Zone 04,8.72,7.56,0.00,1.16,7.56
2021-04-06,,'192071831,'9361269903506589231427,", 335 Monument Pkwy, 2107284548ext18520, Perris, CA, 92570, US",DHL SmartMail Parcel Plus Expedited,48.000,Zone 08,16.45,13.73,0.00,2.72,13.73
2021-04-06,,'192088361,'9361269903506589232172,", 27 Hillcrest Ave Apt A, 6198542705ext78617, Fort Lee, NJ, 07024, US",DHL SmartMail Parcel Plus Expedited,48.000,Zone 01,8.00,7.01,0.00,0.99,7.01
2021-04-06,,'192113346,'9361269903506590009787,", 529 Fair St A, 6198542705ext80116, Henderson, KY, 42420, US",DHL SmartMail Parcel Plus Expedited,32.000,Zone 05,8.85,7.35,0.00,1.50,7.35
2021-04-06,,'192096596,'9361269903506590013845,", 1512 E Lindsey St Apt M, 7632259463ext61519, Norman, OK, 73071, US",DHL SmartMail Parcel Plus Expedited,32.000,Zone 06,10.44,8.32,0.00,2.12,8.32
2021-04-06,,'192117967,'9361269903506590014248,", 891 16th Ln, , Palm Harbor, FL, 34683, US",DHL SmartMail Parcel Plus Expedited,32.000,Zone 05,8.85,7.35,0.00,1.50,7.35
2021-04-06,,'192113747,'9361269903506590014354,", 400 Doty St., 4154198616ext55804, Fond du Lac, WI, 54935, US",DHL SmartMail Parcel Plus Expedited,32.000,Zone 05,8.85,7.35,0.00,1.50,7.35
2021-04-06,,'192113492,'9361269903506590014859,", 1130 White Rock Rd Spc 92, 2134421463ext30764, El Dorado Hills, CA, 95762, US",DHL SmartMail Parcel Plus Expedited,32.000,Zone 08,11.69,10.04,0.00,1.65,10.04
2021-04-06,,'192112418,'9361269903506590014941,", 2513 True Ave, 6026716610ext84397, Fort Worth, TX, 76114, US",DHL SmartMail Parcel Plus Expedited,32.000,Zone 06,10.44,8.32,0.00,2.12,8.32
2021-04-06,,'191972776,'9374869903506586066493,", 1169 lombardi ave, 6026716610ext96837, petaluma, CA, 94954, US",DHL SmartMail Parcel Plus Expedited,32.000,Zone 08,11.69,10.04,0.00,1.65,10.04
2021-04-06,,'192050928,'9374869903506586058559,", 38210 5th St E Apt 16, 4158519136ext02066, Palmdale, CA, 93550, US",DHL SmartMail Parcel Plus Expedited,48.000,Zone 08,16.45,13.73,0.00,2.72,13.73
2021-04-06,,'191999681,'9374869903506586067056,", 44 Stillman Rd, 4158519136ext23592, Melrose, MA, 02176, US",DHL SmartMail Parcel Plus Expedited,32.000,Zone 03,7.96,6.71,0.00,1.25,6.71
2021-04-06,,'192073847,'9374869903506589231140,", 174 Edmond Dr, 6026716610ext26407, Wheelersburg, OH, 45694, US",DHL SmartMail Parcel Plus Expedited,32.000,Zone 04,8.24,6.91,0.00,1.33,6.91
2021-04-06,,'192095354,'9374869903506589228355,", 1930 S 24th St Apt 342, , Mesa, AZ, 85204, US",DHL SmartMail Parcel Plus Expedited,32.000,Zone 08,11.69,10.04,0.00,1.65,10.04
2021-04-06,,'192115440,'9374869903506590015999,", 417 N 7th St, 6026716610ext03783, Oneill, NE, 68763, US",DHL SmartMail Parcel Plus Expedited,32.000,Zone 06,10.44,8.32,0.00,2.12,8.32
2021-04-06,,'191999261,'9374869903506586029672,", 1454 Glenwood Dr, , Gardnerville, NV, 89460, US",DHL SmartMail Parcel Expedited,4.000,Zone 08,3.49,3.40,0.00,0.09,3.40
2021-04-06,,'192002556,'9374869903506586032337,", 205 Burk Way, , Del City, OK, 73115, US",DHL SmartMail Parcel Expedited,4.000,Zone 06,3.22,3.14,0.00,0.08,3.14
2021-04-06,,'192016261,'9374869903506586032634,", 129 Sunny Acres Dr, , Elizabeth City, NC, 27909, US",DHL SmartMail Parcel Expedited,4.000,Zone 04,3.06,2.99,0.00,0.07,2.99
2021-04-06,,'192018418,'9374869903506586034669,", 114 Caprice Dr, , S Cheek, NY, 14227, US",DHL SmartMail Parcel Expedited,4.000,Zone 03,3.03,2.96,0.00,0.07,2.96
2021-04-06,,'192017733,'9374869903506586035765,", 185 Timber Ridge Dr, , Brunswick, GA, 31525, US",DHL SmartMail Parcel Expedited,4.000,Zone 05,3.12,3.04,0.00,0.08,3.04
2021-04-06,,'192017885,'9374869903506586037059,", 4020 W Saint Andrews Dr, , Boise, ID, 83705, US",DHL SmartMail Parcel Expedited,4.000,Zone 08,3.49,3.40,0.00,0.09,3.40
2021-04-06,,'192031529,'9374869903506586037622,", 3105 W Oso Rd, , Prescott, AZ, 86305, US",DHL SmartMail Parcel Expedited,4.000,Zone 08,3.49,3.40,0.00,0.09,3.40
2021-04-06,,'192018516,'9374869903506586038681,", 73711 Oak Flats Dr, , Palm Desert, CA, 92260, US",DHL SmartMail Parcel Expedited,4.000,Zone 08,3.49,3.40,0.00,0.09,3.40
2021-04-06,,'192018638,'9374869903506586038940,", 4 Hillside Ave, , Exeter, NH, 03833, US",DHL SmartMail Parcel Expedited,4.000,Zone 03,3.03,2.96,0.00,0.07,2.96
2021-04-06,,'192032542,'9374869903506586039381,", 419 Sw Walking Path, , Stuart, CT, 34997, US",DHL SmartMail Parcel Expedited,8.000,Zone 06,3.58,3.48,0.00,0.10,3.48
2021-04-06,,'192043795,'9374869903506586039800,", 416 N Hoosier Street, , Brazil, IN, 47834, US",DHL SmartMail Parcel Expedited,14.000,Zone 05,5.42,4.78,0.00,0.64,4.78
2021-04-06,'1-700,'192031619,'9374869903506586040103,", 3120 West Carefree Hwy  Ste., 1-700, Phoenix, AZ, 85086, US",DHL SmartMail Parcel Expedited,4.000,Zone 08,3.49,3.40,0.00,0.09,3.40
2021-04-06,,'192034850,'9374869903506586042138,", 9702 Terra Lago Ct Apt 226, , Rowlett, TX, 75089, US",DHL SmartMail Parcel Expedited,4.000,Zone 06,3.22,3.14,0.00,0.08,3.14
2021-04-06,,'191974472,'9374869903506586055442,", 404 W Gruy St, 7632259463ext42921, Hebbronville, TX, 78361, US",DHL SmartMail Parcel Expedited,7.000,Zone 07,3.69,3.57,0.00,0.12,3.57
2021-04-06,,'191977744,'9374869903506586056234,", 101 Heatherwood Ct, 4154198616ext65603, Porterville, CA, 93257, US",DHL SmartMail Parcel Expedited,7.000,Zone 08,3.85,3.76,0.00,0.09,3.76
2021-04-06,,'191995256,'9374869903506586057125,", 8552 Sandstone Way, 4158519136ext15032, Manassas Park, VA, 20111, US",DHL SmartMail Parcel Expedited,7.000,Zone 03,3.49,3.36,0.00,0.13,3.36
2021-04-06,,'192031884,'9374869903506586057507,", 300 Wallace Ave, 2107284548ext41500, Frankfort, KY, 40601, US",DHL SmartMail Parcel Expedited,7.000,Zone 04,3.51,3.37,0.00,0.14,3.37
2021-04-06,,'191976372,'9374869903506586057972,", 2608 Fairway, 4158519136ext24789, The Colony, TX, 75056, US",DHL SmartMail Parcel Expedited,7.000,Zone 06,3.58,3.46,0.00,0.12,3.46
2021-04-06,,'191998631,'9374869903506586058320,", 1412 Cobblestone Ln 1412, 6198542705ext16188, Montevallo, AL, 35115, US",DHL SmartMail Parcel Expedited,7.000,Zone 05,3.57,3.43,0.00,0.14,3.43
2021-04-06,,'192000618,'9374869903506586058863,", 781 S Garfield Ave, 2107284548ext05931, Deland, FL, 32724, US",DHL SmartMail Parcel Expedited,7.000,Zone 05,3.57,3.43,0.00,0.14,3.43
2021-04-06,,'192016683,'9374869903506586060408,", 1203 E Liberty, 3463079643ext43584, Siloam Springs, AR, 72761, US",DHL SmartMail Parcel Expedited,13.000,Zone 06,5.66,4.95,0.00,0.71,4.95
2021-04-06,,'191994623,'9374869903506586061221,", 9 Myrtle St, 2134421463ext25722, Northampton, MA, 01060, US",DHL SmartMail Parcel Expedited,8.000,Zone 02,3.46,3.34,0.00,0.12,3.34
2021-04-06,,'191997844,'9374869903506586061900,", 100 Karley Pl, 2134421463ext36665, Yorktown, VA, 23692, US",DHL SmartMail Parcel Expedited,8.000,Zone 03,3.49,3.37,0.00,0.12,3.37
2021-04-06,,'192032740,'9374869903506586062471,", 1449 Lakeview Dr Apt 4, 7632259463ext78114, Fort Atkinson, WI, 53538, US",DHL SmartMail Parcel Expedited,13.000,Zone 05,5.42,4.76,0.00,0.66,4.76
2021-04-06,,'192045239,'9374869903506586062570,", 844 Carmadelle St, 4158519136ext24670, Marrero, LA, 70072, US",DHL SmartMail Parcel Expedited,13.000,Zone 06,5.66,4.95,0.00,0.71,4.95
2021-04-06,,'192002211,'9374869903506586062921,", 1301 Harvey Rd Apt 272, 4154198616ext45760, College Station, TX, 77840, US",DHL SmartMail Parcel Expedited,13.000,Zone 06,5.66,4.95,0.00,0.71,4.95
2021-04-06,,'191994592,'9374869903506586063768,", 17680 Mockingbird Ct, 4154198616ext51603, Reno, NV, 89508, US",DHL SmartMail Parcel Expedited,12.000,Zone 08,4.68,4.57,0.00,0.11,4.57
2021-04-06,,'191995128,'9374869903506586065083,", 424 The Alameda, 2134421463ext97368, San Anselmo, CA, 94960, US",DHL SmartMail Parcel Expedited,11.000,Zone 08,4.68,4.55,0.00,0.13,4.55
2021-04-06,,'191977937,'9374869903506586065304,", 201 S University Dr, 7632259463ext60932, Fargo, ND, 58103, US",DHL SmartMail Parcel Expedited,9.000,Zone 06,4.38,4.01,0.00,0.37,4.01
2021-04-06,,'191985630,'9374869903506586066189,", 35734 Clarkston Ln, 7632259463ext73762, Richmond, MI, 48062, US",DHL SmartMail Parcel Expedited,10.000,Zone 04,4.12,3.85,0.00,0.27,3.85
2021-04-06,,'191999554,'9374869903506586066325,", 5642 LA JOLla Hermosa Ave, 6198542705ext44917, La Jolla, CA, 92037, US",DHL SmartMail Parcel Expedited,10.000,Zone 08,4.68,4.50,0.00,0.18,4.50
2021-04-06,'Apt 108,'192044625,'9374869903506586067858,", 4431 S Broadway, Apt 108, Saint Louis, MO, 63111, US",DHL SmartMail Parcel Expedited,11.000,Zone 05,4.20,3.94,0.00,0.26,3.94
2021-04-06,,'191975193,'9374869903506586068329,", 18815 Sw Longacre St, 7632259463ext92693, Beaverton, OR, 97003, US",DHL SmartMail Parcel Expedited,11.000,Zone 08,4.68,4.55,0.00,0.13,4.55
2021-04-06,,'191998596,'9374869903506586069401,", 211 Oakmont Dr., 2107284548ext62807, Boiling Springs, SC, 29316, US",DHL SmartMail Parcel Expedited,11.000,Zone 04,4.12,3.86,0.00,0.26,3.86
2021-04-06,,'191977811,'9374869903506586071305,", 1901 Summerwood Ct, 7632259463ext23590, Goddard, KS, 67052, US",DHL SmartMail Parcel Expedited,11.000,Zone 06,4.38,4.08,0.00,0.30,4.08
2021-04-06,,'192071955,'9374869903506589225828,", 6858 Avenida Andorra, 4806185344ext20832, la Jolla, CA, 92037, US",DHL SmartMail Parcel Expedited,8.000,Zone 08,3.85,3.76,0.00,0.09,3.76
2021-04-06,,'192070383,'9374869903506589226726,", 10 Farnum St, , Quincy, MA, 02169, US",DHL SmartMail Parcel Expedited,4.000,Zone 03,3.03,2.96,0.00,0.07,2.96
2021-04-06,,'192078110,'9374869903506589227174,", 1119 40th street, , Moline, IL, 61265, US",DHL SmartMail Parcel Expedited,11.000,Zone 05,4.20,3.94,0.00,0.26,3.94
2021-04-06,,'192076057,'9374869903506589227792,", 3569 Byrd Dr, , Indianapolis, IN, 46237, US",DHL SmartMail Parcel Expedited,4.000,Zone 05,3.12,3.04,0.00,0.08,3.04
2021-04-06,,'192075982,'9374869903506589228942,", 1109 Nw Aspen Ct, , Grain Valley, MO, 64029, US",DHL SmartMail Parcel Expedited,4.000,Zone 06,3.22,3.14,0.00,0.08,3.14
2021-04-06,,'192074380,'9374869903506589229772,", 3708 Randolph St, 2107284548ext71395, Drexel Hill, PA, 19026, US",DHL SmartMail Parcel Expedited,13.000,Zone 02,5.19,4.56,0.00,0.63,4.56
2021-04-06,,'192076151,'9374869903506589230877,", 7969 Madison Ave Apt 502, , Citrus Heights, CA, 95610, US",DHL SmartMail Parcel Expedited,8.000,Zone 08,3.85,3.76,0.00,0.09,3.76
2021-04-06,,'192096493,'9374869903506590012134,", 404 S Sockey Ln, 2107284548ext99509, Stigler, OK, 74462, US",DHL SmartMail Parcel Expedited,7.000,Zone 06,3.58,3.46,0.00,0.12,3.46
2021-04-06,,'192095723,'9374869903506590013544,", 404 S Sockey Ln, 7632259463ext39467, Stigler, OK, 74462, US",DHL SmartMail Parcel Expedited,7.000,Zone 06,3.58,3.46,0.00,0.12,3.46
2021-04-06,,'192115064,'9374869903506590014435,", 356 Park West Dr., , St Peters, MO, 63376, US",DHL SmartMail Parcel Expedited,12.000,Zone 05,4.20,3.96,0.00,0.24,3.96
2021-04-06,,'192114954,'9374869903506590016033,", 1101 Gettysburg Ave Apt 1164, , Clovis, CA, 93612, US",DHL SmartMail Parcel Expedited,7.000,Zone 08,3.85,3.76,0.00,0.09,3.76
2021-04-06,'BLOOMINGTON,'192115158,'9374869903506590016194,", 8116 Rhode Island Cir, Bloomington, Minneapolis, MN, 55438, US",DHL SmartMail Parcel Expedited,4.000,Zone 05,3.12,3.04,0.00,0.08,3.04
2021-04-06,,'192115325,'9374869903506590016224,", 2218 Cullen Ct Apt B, 3463079643ext04040, Bakersfield, CA, 93314, US",DHL SmartMail Parcel Expedited,13.000,Zone 08,5.98,5.49,0.00,0.49,5.49
2021-04-06,,'192099159,'9374869903506590016286,", 12021 Nelson Street, , Garden Grove, CA, 92840, US",DHL SmartMail Parcel Expedited,9.000,Zone 08,4.68,4.44,0.00,0.24,4.44
2021-04-06,,'192119225,'9374869903506590016347,", Doral 10420 Nw 63rd Ter Doral, 3463079643ext46095, Miami, FL, 33178, US",DHL SmartMail Parcel Expedited,15.999,Zone 06,5.66,5.01,0.00,0.65,5.01
2021-04-06,,'191997188,'9361269903506586059628,", 5357 S 194th Ave, 3463079643ext77632, Omaha, NE, 68135, US",DHL SmartMail Parcel Expedited,15.000,Zone 06,5.66,4.99,0.00,0.67,4.99
2021-04-06,,'191973034,'9361269903506586062758,", 2409 N Sycamore St, 2134421463ext44584, Arlington, VA, 22207, US",DHL SmartMail Parcel Expedited,4.000,Zone 03,3.03,2.96,0.00,0.07,2.96
2021-04-07,,'192120296,'9361269903506593878755,", 2927 Valley Glenn Cir, 4158519136ext02460, Kalamazoo, MI, 49004, US",DHL SmartMail Parcel Plus Expedited,32.000,Zone 04,8.24,6.91,0.00,1.33,6.91
2021-04-07,,'192149320,'9361269903506593881380,", 6708 Harvard Ave, , Raytown, MO, 64133, US",DHL SmartMail Parcel Plus Expedited,32.000,Zone 06,10.44,8.32,0.00,2.12,8.32
2021-04-07,,'192149475,'9361269903506593882899,", 120 Sw Nelson Dr, 3142829402ext29873, Grain Valley, MO, 64029, US",DHL SmartMail Parcel Plus Expedited,32.000,Zone 06,10.44,8.32,0.00,2.12,8.32
2021-04-07,,'192203018,'9361269903506593884152,", 315 3rd Ave Ne, 7632259463ext07488, Sleepy Eye, MN, 56085, US",DHL SmartMail Parcel Plus Expedited,32.000,Zone 06,10.44,8.32,0.00,2.12,8.32
2021-04-07,,'192186355,'9361269903506593894106,", 1860 D St, 4154198616ext95744, South Lake Tahoe, CA, 96150, US",DHL SmartMail Parcel Plus Expedited,48.000,Zone 08,16.45,13.73,0.00,2.72,13.73
2021-04-07,,'192214250,'9361269903506593895370,", 212 Juniper Dr, 7632259463ext71721, Clayton, NC, 27520, US",DHL SmartMail Parcel Plus Expedited,48.000,Zone 04,8.72,7.56,0.00,1.16,7.56
2021-04-07,,'192204058,'9361269903506593896025,", 2559 Woodland Rd, , Abington, PA, 19001, US",DHL SmartMail Parcel Plus Expedited,32.000,Zone 02,7.79,6.56,0.00,1.23,6.56
2021-04-07,,'192204120,'9374869903506593896885,", 1 Via Amistosa Apt G, , Rancho Santa Margarita, CA, 92688, US",DHL SmartMail Parcel Plus Expedited,32.000,Zone 08,11.69,10.04,0.00,1.65,10.04
2021-04-07,,'192200123,'9374869903506593878294,", 608 Dora St, , New Smyrna Beach, FL, 32168, US",DHL SmartMail Parcel Expedited,7.000,Zone 05,3.57,3.43,0.00,0.14,3.43
2021-04-07,,'192147451,'9374869903506593884349,", 522 Sealine Dr, 6026716610ext54862, Cary, NC, 27519, US",DHL SmartMail Parcel Expedited,11.000,Zone 04,4.12,3.86,0.00,0.26,3.86
2021-04-07,,'192185136,'9374869903506593885230,", 1848 Westview Drive, , Indianapolis, IN, 46221, US",DHL SmartMail Parcel Expedited,8.000,Zone 05,3.57,3.45,0.00,0.12,3.45
2021-04-07,,'192120840,'9374869903506593885964,", 2093 Scanlon Ferry Ct Unit 103, , Las Vegas, NV, 89156, US",DHL SmartMail Parcel Expedited,4.000,Zone 08,3.49,3.40,0.00,0.09,3.40
2021-04-07,,'192144220,'9374869903506593886626,", 4626 E Paradise Ln, , Phoenix, AZ, 85032, US",DHL SmartMail Parcel Expedited,4.000,Zone 08,3.49,3.40,0.00,0.09,3.40
2021-04-07,,'192165067,'9374869903506593886787,", 1076 Paoli Rd, , Carlton, GA, 30627, US",DHL SmartMail Parcel Expedited,4.000,Zone 05,3.12,3.04,0.00,0.08,3.04
2021-04-07,,'192166851,'9374869903506593887593,", 8152 Twin Oaks Ave, , Citrus Heights, CA, 95610, US",DHL SmartMail Parcel Expedited,4.000,Zone 08,3.49,3.40,0.00,0.09,3.40
2021-04-07,,'192185671,'9374869903506593888378,", 32920 E Punkin Center Rd, , Hermiston, OR, 97838, US",DHL SmartMail Parcel Expedited,4.000,Zone 08,3.49,3.40,0.00,0.09,3.40
2021-04-07,,'192167060,'9374869903506593888835,", 1200 Yaupon Dr Apt 1, 2134421463ext06197, Myrtle Beach, SC, 29577, US",DHL SmartMail Parcel Expedited,10.000,Zone 04,4.12,3.85,0.00,0.27,3.85
2021-04-07,,'192200270,'9374869903506593889085,", 94 Daly Drive Ext, , Stoughton, MA, 02072, US",DHL SmartMail Parcel Expedited,4.000,Zone 03,3.03,2.96,0.00,0.07,2.96
2021-04-07,,'192167870,'9374869903506593889948,", 1013 Commodore Pl, , Mount Juliet, TN, 37122, US",DHL SmartMail Parcel Expedited,4.000,Zone 05,3.12,3.04,0.00,0.08,3.04
2021-04-07,'182-21 150th Ave,'192184551,'9374869903506593891538,", Amm 4922, 182-21 150th Ave, Springfield Gardens, NY, 11413, US",DHL SmartMail Parcel Expedited,13.000,Zone 01,5.19,4.56,0.00,0.63,4.56
2021-04-07,,'192185824,'9374869903506593891606,", 3808 Phillips St B, 7632259463ext99523, Tampa, FL, 33619, US",DHL SmartMail Parcel Expedited,13.000,Zone 05,5.42,4.76,0.00,0.66,4.76
2021-04-07,,'192160425,'9374869903506593891729,", 1033 Church Rd, , Fall Branch, TN, 37656, US",DHL SmartMail Parcel Expedited,14.000,Zone 05,5.42,4.78,0.00,0.64,4.78
2021-04-07,,'192121712,'9374869903506593892054,", 2546 Cypress Trace Cir, 2134421463ext21128, Orlando, FL, 32825, US",DHL SmartMail Parcel Expedited,10.000,Zone 05,4.20,3.92,0.00,0.28,3.92
2021-04-07,,'192184718,'9374869903506593893877,", 9005 Jacmar Ave, , Whittier, CA, 90605, US",DHL SmartMail Parcel Expedited,9.000,Zone 08,4.68,4.44,0.00,0.24,4.44
2021-04-07,,'192150288,'9374869903506593894331,", 47 Meyer Rd, 7632259463ext33265, Huffman, TX, 77336, US",DHL SmartMail Parcel Expedited,11.000,Zone 06,4.38,4.08,0.00,0.30,4.08
2021-04-07,,'192150437,'9374869903506593895000,", 3 A Peaceful Pines, 2107284548ext41219, Templeton, MA, 01468, US",DHL SmartMail Parcel Expedited,10.000,Zone 02,4.04,3.77,0.00,0.27,3.77
2021-04-07,,'192121871,'9374869903506593896496,", 1920 Gretchen Dr Sw, 3474483190ext00368, Cedar Rapids, IA, 52404, US",DHL SmartMail Parcel Expedited,9.000,Zone 05,4.20,3.90,0.00,0.30,3.90
2021-04-07,,'192144143,'9374869903506593909516,", 3222 Barbados Ln, , Naples, FL, 34119, US",DHL SmartMail Parcel Expedited,4.000,Zone 06,3.22,3.14,0.00,0.08,3.14
2021-04-08,,'192368467,'9361269903506603120546,", N1149 Joy Dr, , Genoa City, WI, 53128, US",DHL SmartMail Parcel Plus Expedited,48.000,Zone 05,9.64,8.22,0.00,1.42,8.22
2021-04-08,,'192377126,'9374869903506603120948,", 2008 Richglen Dr Apt Td, , Baltimore, MD, 21207, US",DHL SmartMail Parcel Expedited,4.000,Zone 02,3.01,2.94,0.00,0.07,2.94
2021-04-08,,'192381040,'9374869903506603123086,", 460 Johnsville Rd, 6026716610ext64815, Keymar, MD, 21757, US",DHL SmartMail Parcel Expedited,9.000,Zone 02,4.04,3.76,0.00,0.28,3.76
2021-04-08,,'192383087,'9374869903506603123994,", 6912 Las Animas Ave Ne, 4154198616ext13937, Albuquerque, NM, 87110, US",DHL SmartMail Parcel Expedited,9.000,Zone 07,4.53,4.20,0.00,0.33,4.20
2021-04-09,,'192387161,'9361269903506606878819,", 1604 Westchester Dr, 6026716610ext64346, Ennis, TX, 75119, US",DHL SmartMail Parcel Plus Expedited,32.000,Zone 06,10.44,8.32,0.00,2.12,8.32
2021-04-09,'133A,'192437059,'9361269903506606882946,", 8823 Valley Ranch Pkwy E Apt, 133a, Irving, TX, 75063, US",DHL SmartMail Parcel Plus Expedited,32.000,Zone 06,10.44,8.32,0.00,2.12,8.32
2021-04-09,,'192481067,'9361269903506606884070,", 1051 Site Dr Spc 69, , Brea, CA, 92821, US",DHL SmartMail Parcel Plus Expedited,32.000,Zone 08,11.69,10.04,0.00,1.65,10.04
2021-04-09,,'192411329,'9361269903506606884957,", 33 Le Conte, , Laguna Niguel, CA, 92677, US",DHL SmartMail Parcel Plus Expedited,32.000,Zone 08,11.69,10.04,0.00,1.65,10.04
2021-04-09,,'192403473,'9361269903506606885725,", 622 Catawba Dr, 4154198616ext90762, Salem, VA, 24153, US",DHL SmartMail Parcel Plus Expedited,32.000,Zone 04,8.24,6.91,0.00,1.33,6.91
2021-04-09,,'192482731,'9361269903506606886258,", 263 Rustic Ln W, 7632259463ext04984, Belleville, MI, 48111, US",DHL SmartMail Parcel Plus Expedited,32.000,Zone 04,8.24,6.91,0.00,1.33,6.91
2021-04-09,,'192407313,'9361269903506606887088,", 1001 N Dugas Rd, 7632259463ext17837, Lafayette, LA, 70507, US",DHL SmartMail Parcel Plus Expedited,32.000,Zone 06,10.44,8.32,0.00,2.12,8.32
2021-04-09,,'192435428,'9361269903506606887392,", 1723 Gwynns Falls Pkwy, 4154198616ext14572, Baltimore, MD, 21217, US",DHL SmartMail Parcel Plus Expedited,32.000,Zone 02,7.79,6.56,0.00,1.23,6.56
2021-04-09,,'192497243,'9361269903506606888207,", 5616 bobolink road, 7632259463ext40575, mcleansville, NC, 27301, US",DHL SmartMail Parcel Plus Expedited,32.000,Zone 04,8.24,6.91,0.00,1.33,6.91
2021-04-09,,'192436945,'9361269903506606888344,", 3606 Village Dr N, , Upper Marlboro, MD, 20772, US",DHL SmartMail Parcel Plus Expedited,32.000,Zone 03,7.96,6.71,0.00,1.25,6.71
2021-04-09,,'192406955,'9361269903506606893300,", 31 Valley Dr, 2134421463ext13112, Weaverville, NC, 28787, US",DHL SmartMail Parcel Plus Expedited,32.000,Zone 04,8.24,6.91,0.00,1.33,6.91
2021-04-09,,'192412954,'9361269903506606898718,", 2056 Upper Second Creek Rd, 2134421463ext10817, Hazard, KY, 41701, US",DHL SmartMail Parcel Plus Expedited,48.000,Zone 05,9.64,8.22,0.00,1.42,8.22
2021-04-09,,'192412465,'9374869903506606895874,", 800 E Grant St # 103 Vicpines, 2134421463ext03489, Iron Mountain, MI, 49801, US",DHL SmartMail Parcel Plus Expedited,64.000,Zone 05,10.43,9.02,0.00,1.41,9.02
2021-04-09,,'192435267,'9374869903506606895973,", 901 N Tabor Ave, 4154198616ext27659, Oklahoma City, OK, 73107, US",DHL SmartMail Parcel Plus Expedited,32.000,Zone 06,10.44,8.32,0.00,2.12,8.32
2021-04-09,,'192509468,'9374869903506606893184,", 4635 Border Village Rd F1-476, 4154198616ext13335, San Ysidro, CA, 92173, US",DHL SmartMail Parcel Plus Expedited,32.000,Zone 08,11.69,10.04,0.00,1.65,10.04
2021-04-09,,'192166936,'9374869903506607127318,", 3201 Earlham drive, , dayton, OH, 45406, US",DHL SmartMail Parcel Plus Expedited,32.000,Zone 04,8.24,6.91,0.00,1.33,6.91
2021-04-09,,'192437174,'9374869903506606893603,", 142 N Stallion Dr, , Cowpens, SC, 29330, US",DHL SmartMail Parcel Plus Expedited,32.000,Zone 04,8.24,6.91,0.00,1.33,6.91
2021-04-09,,'192475298,'9374869903506606886452,", 3339 Nw 204th Ter, 7632259463ext00321, Miami Gardens, FL, 33056, US",DHL SmartMail Parcel Plus Expedited,32.000,Zone 06,10.44,8.32,0.00,2.12,8.32
2021-04-09,,'192435388,'9374869903506606900653,", 79 Whisper Bnd, 4154198616ext97164, Johnson City, TN, 37604, US",DHL SmartMail Parcel Plus Expedited,32.000,Zone 05,8.85,7.35,0.00,1.50,7.35
2021-04-09,,'192439121,'9374869903506606904033,", 1945 Lowell Avenue, 2134421463ext61393, Anderson, IN, 46011, US",DHL SmartMail Parcel Plus Expedited,32.000,Zone 05,8.85,7.35,0.00,1.50,7.35
2021-04-09,,'192440571,'9374869903506606889576,", 1801 Marina Isle Way Apt 104, , Jupiter, FL, 33477, US",DHL SmartMail Parcel Expedited,4.000,Zone 06,3.22,3.14,0.00,0.08,3.14
2021-04-09,,'192440656,'9374869903506606889699,", 88 Security Blvd, , Colorado Springs, CO, 80911, US",DHL SmartMail Parcel Expedited,10.000,Zone 07,4.53,4.23,0.00,0.30,4.23
2021-04-09,,'192436647,'9374869903506606890381,", 124 N. 200 E., 4154198616ext36558, Meadow, UT, 84644, US",DHL SmartMail Parcel Expedited,8.000,Zone 08,3.85,3.76,0.00,0.09,3.76
2021-04-09,,'192463197,'9374869903506606890886,", 41 Reynolds St, , Huntington Station, NY, 11746, US",DHL SmartMail Parcel Expedited,4.000,Zone 01,3.01,2.94,0.00,0.07,2.94
2021-04-09,,'192464744,'9374869903506606891067,", 3140 Rolling Hills Ct, , Lexington, KY, 40516, US",DHL SmartMail Parcel Expedited,4.000,Zone 04,3.06,2.99,0.00,0.07,2.99
2021-04-09,,'192412386,'9374869903506606892507,", 918 Red Start Cir, 2134421463ext67790, Corpus Christi, TX, 78418, US",DHL SmartMail Parcel Expedited,6.000,Zone 07,3.69,3.54,0.00,0.15,3.54
2021-04-09,,'192464541,'9374869903506606892873,", 4337 Cordial Pl, , Batavia, OH, 45103, US",DHL SmartMail Parcel Expedited,9.000,Zone 04,4.12,3.83,0.00,0.29,3.83
2021-04-09,,'192482464,'9374869903506606893481,", 42 S. Cecil Street, , Philadelphia, PA, 19139, US",DHL SmartMail Parcel Expedited,9.000,Zone 02,4.04,3.76,0.00,0.28,3.76
2021-04-09,,'192464681,'9374869903506606893924,", 13525 Se 45th Ct, , Summerfield, FL, 34491, US",DHL SmartMail Parcel Expedited,4.000,Zone 05,3.12,3.04,0.00,0.08,3.04
2021-04-09,,'192442777,'9374869903506606894969,", 1642 Prospect St, 4154198616ext32485, Belmont, CA, 94002, US",DHL SmartMail Parcel Expedited,3.000,Zone 08,3.49,3.34,0.00,0.15,3.34
2021-04-09,,'192405481,'9374869903506606895591,", 4112 Thorney Dr, , Utica, MI, 48316, US",DHL SmartMail Parcel Expedited,7.000,Zone 04,3.51,3.37,0.00,0.14,3.37
2021-04-09,,'192498343,'9374869903506606895768,", 21149 Sunnydale St, 2134421463ext50060, Saint Clair Shores, MI, 48081, US",DHL SmartMail Parcel Expedited,7.000,Zone 04,3.51,3.37,0.00,0.14,3.37
2021-04-09,,'192482590,'9374869903506606896734,", 7680keister Rd, , Middletown, OH, 45042, US",DHL SmartMail Parcel Expedited,5.000,Zone 04,3.51,3.34,0.00,0.17,3.34
2021-04-09,,'192408169,'9374869903506606896963,", 42072 Basalt Dr, , Aldie, VA, 20105, US",DHL SmartMail Parcel Expedited,15.000,Zone 03,5.23,4.63,0.00,0.60,4.63
2021-04-09,,'192462217,'9374869903506606897793,", 615 Agate St Apt A, 4806185344ext91234, Redondo Beach, CA, 90277, US",DHL SmartMail Parcel Expedited,10.000,Zone 08,4.68,4.50,0.00,0.18,4.50
2021-04-09,,'192441369,'9374869903506606899681,", 10155 Highway 1, 4806185344ext90051, Olema, CA, 94950, US",DHL SmartMail Parcel Expedited,9.000,Zone 08,4.68,4.44,0.00,0.24,4.44
2021-04-09,,'192405674,'9374869903506606900028,", 6173 Granite Ln, 4158519136ext29524, North Ridgeville, OH, 44039, US",DHL SmartMail Parcel Expedited,10.000,Zone 04,4.12,3.85,0.00,0.27,3.85
2021-04-09,,'192406082,'9374869903506606901988,", 30 Stewart Ave Unit 2a, 4806185344ext69728, Huntington, NY, 11743, US",DHL SmartMail Parcel Expedited,10.000,Zone 01,4.04,3.77,0.00,0.27,3.77
2021-04-09,,'192456934,'9374869903506606902169,", 221 E Wells St, 6026716610ext34428, Tyler, TX, 75701, US",DHL SmartMail Parcel Expedited,10.000,Zone 06,4.38,4.06,0.00,0.32,4.06
2021-04-09,,'192399665,'9374869903506606903050,", 6B Suzanne Dr, , Duncannon, PA, 17020, US",DHL SmartMail Parcel Expedited,11.000,Zone 02,4.04,3.78,0.00,0.26,3.78
2021-04-09,,'192413098,'9374869903506606903203,", 916 Samthea Dr, 4154198616ext36955, Oronogo, MO, 64855, US",DHL SmartMail Parcel Expedited,10.000,Zone 06,4.38,4.06,0.00,0.32,4.06
2021-04-09,,'192409224,'9374869903506606903890,", 3804 N Brix Ave, 4806185344ext97662, Fresno, CA, 93722, US",DHL SmartMail Parcel Expedited,9.000,Zone 08,4.68,4.44,0.00,0.24,4.44
2021-04-09,,'192405320,'9374869903506607127035,", 131 Sycamore Ct., , Runaway Bay, TX, 76426, US",DHL SmartMail Parcel Expedited,15.999,Zone 06,5.66,5.01,0.00,0.65,5.01
2021-04-09,,'192167787,'9374869903506607128391,", 3450 Erva St Apt 102, , Las Vegas, NV, 89117, US",DHL SmartMail Parcel Expedited,11.000,Zone 08,4.68,4.55,0.00,0.13,4.55
2021-04-09,,'192512385,'9374869903506607128483,", 132 Burdick Ave, , Syracuse, NY, 13208, US",DHL SmartMail Parcel Expedited,7.000,Zone 03,3.49,3.36,0.00,0.13,3.36
2021-04-09,,'192411122,'9361269903506606897469,", 7342 W Heathrow Way, 7632259463ext54707, Sahuarita, AZ, 85629, US",DHL SmartMail Parcel Expedited,4.000,Zone 08,3.49,3.40,0.00,0.09,3.40
2021-04-09,,'192409375,'9361269903506606897315,", 8302 Salem Church Rd, 4154198616ext41296, Charlestown, IN, 47111, US",DHL SmartMail Parcel Expedited,4.000,Zone 05,3.12,3.04,0.00,0.08,3.04
