Ship Date,Customer Reference,Customer Confirmation,Delivery Confirmation,Recipient Address,Service,Weight (oz),Pricing Zone,USPS Comp. Rate,Charge,Surcharges,Total Savings,Total Charges
2021-03-25,,'3580575,'9374869903506525671771,", 18 GROVE ST APT 8A, , GLEN HEAD, NY, 11545, US",DHL SmartMail Parcel Ground,4.000,Zone 01,3.01,2.92,0.00,0.09,2.92
2021-03-25,,'317057,'9374869903506525677933,", 0033 SUMMIT COUNTY ROAD 911, BOX 7098, BRECKENRIDGE, CO, 80424, US",DHL SmartMail Parcel Ground,6.000,Zone 07,3.69,3.54,0.00,0.15,3.54
2021-03-25,,'4810850293643,'9374869903506525720998,", 1001 CONWELL ST, , STROUDSBURG, PA, 18360, US",DHL SmartMail Parcel Ground,3.000,Zone 01,3.01,2.90,0.00,0.11,2.90
2021-03-25,,'4810850346519,'9374869903506525904091,", 490 FAIR ST, , CARMEL, NY, 10512, US",DHL SmartMail Parcel Ground,3.000,Zone 01,3.01,2.90,0.00,0.11,2.90
2021-04-05,,'317289,'9300169903506577567349,", PO BOX 177, , HANA, HI, 96713, US",DHL SmartMail Parcel Ground,3.000,Zone 12,3.49,4.27,0.00,-0.78,4.27
2021-04-05,,'3600643,'9300169903506580559898,", 99 CALLE PIMENTEL STE 1, , RIO GRANDE, PR, 00745, US",DHL SmartMail Parcel Ground,3.000,Zone 11,3.49,4.27,0.00,-0.78,4.27
2021-04-05,,'3608158,'9300169903506580801454,", 22 CALLE BRAZIL, VISTA VERDE, VEGA BAJA, PR, 00693, US",DHL SmartMail Parcel Ground,3.000,Zone 11,3.49,4.27,0.00,-0.78,4.27
2021-04-05,,'3583030,'9300169903506581300819,", PO BOX 1044, , ADJUNTAS, PR, 00601, US",DHL SmartMail Parcel Ground,3.000,Zone 11,3.49,4.27,0.00,-0.78,4.27
2021-04-05,,'317340,'9361269903506577681623,", 4616 HAWKINS ST NE, , ALBUQUERQUE, NM, 87109, US",DHL SmartMail Parcel Plus Ground,48.000,Zone 07,14.10,11.93,0.00,2.17,11.93
2021-04-05,,'317164,'9374869903506577622523,", 199 VIRGINIA AVE # 715, , SAN YSIDRO, CA, 92173, US",DHL SmartMail Parcel Plus Ground,32.000,Zone 08,11.69,9.69,0.00,2.00,9.69
2021-04-05,,'317101,'9374869903506577552578,", 4240 CARLISLE RD, , GARDNERS, PA, 17324, US",DHL SmartMail Parcel Ground,1.000,Zone 02,3.01,2.90,0.00,0.11,2.90
2021-04-05,,'317337,'9374869903506577552783,", 20848 SPRING ST, , RIVERSIDE, CA, 92507, US",DHL SmartMail Parcel Ground,1.000,Zone 08,3.49,3.29,0.00,0.20,3.29
2021-04-05,,'6810925181175,'9374869903506577553254,", 830 MINNESOTA AVE, , BRENTWOOD, CA, 94513, US",DHL SmartMail Parcel Ground,1.000,Zone 08,3.49,3.29,0.00,0.20,3.29
2021-04-05,,'317296,'9374869903506577553278,", 13327 MILLWOOD DR, , WOODBRIDGE, VA, 22191, US",DHL SmartMail Parcel Ground,1.000,Zone 03,3.03,2.92,0.00,0.11,2.92
2021-04-05,,'317184,'9374869903506577553414,", 220 NW 26TH PL, , CAPE CORAL, FL, 33993, US",DHL SmartMail Parcel Ground,1.000,Zone 06,3.22,3.09,0.00,0.13,3.09
2021-04-05,,'317149,'9374869903506577553421,", 4 VALLEYVIEW CT, , GROVELAND, IL, 61535, US",DHL SmartMail Parcel Ground,1.000,Zone 05,3.12,3.01,0.00,0.11,3.01
2021-04-05,,'317313,'9374869903506577553582,", 3090 HEATHER RD, , BROOMALL, PA, 19008, US",DHL SmartMail Parcel Ground,1.000,Zone 02,3.01,2.90,0.00,0.11,2.90
2021-04-05,,'317315,'9374869903506577553599,", 76 COLBURN RD, , CANTERBURY, CT, 06331, US",DHL SmartMail Parcel Ground,1.000,Zone 02,3.01,2.90,0.00,0.11,2.90
2021-04-05,,'317317,'9374869903506577553681,", 38 COUNTY ROAD 2110, , STRINGER, MS, 39481, US",DHL SmartMail Parcel Ground,1.000,Zone 06,3.22,3.09,0.00,0.13,3.09
2021-04-05,,'6814572986660,'9374869903506577553933,", 15574 CEDARMILL DR, , CHESTERFIELD, MO, 63017, US",DHL SmartMail Parcel Ground,1.000,Zone 05,3.12,3.01,0.00,0.11,3.01
2021-04-05,,'4810861143917,'9374869903506577553940,", PO BOX 451, , MEDORA, ND, 58645, US",DHL SmartMail Parcel Ground,2.000,Zone 06,3.22,3.10,0.00,0.12,3.10
2021-04-05,,'317187,'9374869903506577553964,", 40540 WALTER DR, , STERLING HEIGHTS, MI, 48310, US",DHL SmartMail Parcel Ground,1.000,Zone 04,3.06,2.95,0.00,0.11,2.95
2021-04-05,,'317104,'9374869903506577554046,", 4336 WARDELL RD, , POUNDING MILL, VA, 24637, US",DHL SmartMail Parcel Ground,1.000,Zone 04,3.06,2.95,0.00,0.11,2.95
2021-04-05,,'317292,'9374869903506577554183,", 114 E RUTHERFORD ST, , LANDRUM, SC, 29356, US",DHL SmartMail Parcel Ground,1.000,Zone 04,3.06,2.95,0.00,0.11,2.95
2021-04-05,,'7810903619886,'9374869903506577554756,", 2975 SENDA DEL PUERTO, , SANTA FE, NM, 87505, US",DHL SmartMail Parcel Ground,1.000,Zone 07,3.35,3.20,0.00,0.15,3.20
2021-04-05,,'7810904163895,'9374869903506577554800,", #1 PINNACLE VIEW COVE, , LITTLE ROCK, AR, 72223, US",DHL SmartMail Parcel Ground,1.000,Zone 06,3.22,3.09,0.00,0.13,3.09
2021-04-05,,'3814551593538,'9374869903506577554909,", 870354 S 3310 RD, , WELLSTON, OK, 74881, US",DHL SmartMail Parcel Ground,1.000,Zone 06,3.22,3.09,0.00,0.13,3.09
2021-04-05,,'317191,'9374869903506577555241,", 1332 CHICKASAW RD, , DAVISBORO, GA, 31018, US",DHL SmartMail Parcel Ground,1.000,Zone 05,3.12,3.01,0.00,0.11,3.01
2021-04-05,,'317207,'9374869903506577555319,", 405 SUNSET SHRS, , KENDALLVILLE, IN, 46755, US",DHL SmartMail Parcel Ground,1.000,Zone 04,3.06,2.95,0.00,0.11,2.95
2021-04-05,,'317176,'9374869903506577555487,", 12 JOHN DR, , WEST SPRINGFIELD, MA, 01089, US",DHL SmartMail Parcel Ground,1.000,Zone 02,3.01,2.90,0.00,0.11,2.90
2021-04-05,,'317220,'9374869903506577555579,", 124 BROWNSDALE RD, , BUTLER, PA, 16002, US",DHL SmartMail Parcel Ground,1.000,Zone 04,3.06,2.95,0.00,0.11,2.95
2021-04-05,,'317288,'9374869903506577555616,", 54 HANOVER ST FL 3, , BRIDGEPORT, CT, 06604, US",DHL SmartMail Parcel Ground,1.000,Zone 01,3.01,2.90,0.00,0.11,2.90
2021-04-05,,'317138,'9374869903506577555722,", 1106 HILLCREST ST, , DENTON, TX, 76201, US",DHL SmartMail Parcel Ground,1.000,Zone 06,3.22,3.09,0.00,0.13,3.09
2021-04-05,,'317122,'9374869903506577555869,", 2822 WAIALAE AVE APT A, , HONOLULU, HI, 96826, US",DHL SmartMail Parcel Ground,2.000,Zone 12,3.49,4.27,0.00,-0.78,4.27
2021-04-05,,'317243,'9374869903506577556071,", 3881 AMBERTON WAY, , DOYLESTOWN, PA, 18902, US",DHL SmartMail Parcel Ground,1.000,Zone 02,3.01,2.90,0.00,0.11,2.90
2021-04-05,,'7814561998398,'9374869903506577556224,", 5771 SWEET BAY TRL, , THE VILLAGES, FL, 32163, US",DHL SmartMail Parcel Ground,1.000,Zone 05,3.12,3.01,0.00,0.11,3.01
2021-04-05,,'4810871866200,'9374869903506577556248,", 16771 23 MILE RD, , MARSHALL, MI, 49068, US",DHL SmartMail Parcel Ground,1.000,Zone 04,3.06,2.95,0.00,0.11,2.95
2021-04-05,,'6810936494422,'9374869903506577556507,", 13389 GLENBROOK DR, , STRONGSVILLE, OH, 44136, US",DHL SmartMail Parcel Ground,1.000,Zone 04,3.06,2.95,0.00,0.11,2.95
2021-04-05,,'4814637500943,'9374869903506577556521,", 1017 S HIDALGO AVE, , ALHAMBRA, CA, 91801, US",DHL SmartMail Parcel Ground,1.000,Zone 08,3.49,3.29,0.00,0.20,3.29
2021-04-05,,'317107,'9374869903506577556866,", 119 WASHINGTON DR, , BRIGANTINE, NJ, 08203, US",DHL SmartMail Parcel Ground,1.000,Zone 02,3.01,2.90,0.00,0.11,2.90
2021-04-05,,'317299,'9374869903506577557184,", 1512 SHADY LN, , MAGNOLIA, AR, 71753, US",DHL SmartMail Parcel Ground,1.000,Zone 06,3.22,3.09,0.00,0.13,3.09
2021-04-05,,'6810957767353,'9374869903506577557245,", 2705 SHERMAN AVE, MONTE VISTA  CO, MONTE VISTA, CO, 81144, US",DHL SmartMail Parcel Ground,1.000,Zone 07,3.35,3.20,0.00,0.15,3.20
2021-04-05,,'317322,'9374869903506577557375,", 5330 GERALDINE AVE, , SAINT LOUIS, MO, 63115, US",DHL SmartMail Parcel Ground,1.000,Zone 05,3.12,3.01,0.00,0.11,3.01
2021-04-05,,'317081,'9374869903506577557474,", 28 SPYGLASS DR, , JACKSON, NJ, 08527, US",DHL SmartMail Parcel Ground,1.000,Zone 01,3.01,2.90,0.00,0.11,2.90
2021-04-05,,'3814540741994,'9374869903506577557559,", 30 VALLEY FRONT, , PLYMOUTH, MA, 02360, US",DHL SmartMail Parcel Ground,1.000,Zone 03,3.03,2.92,0.00,0.11,2.92
2021-04-05,,'7814583321869,'9374869903506577557566,", 1367 CASON RD, , BLACKSHEAR, GA, 31516, US",DHL SmartMail Parcel Ground,1.000,Zone 05,3.12,3.01,0.00,0.11,3.01
2021-04-05,,'317287,'9374869903506577557702,", 5830 SW 64TH AVE, , DAVIE, FL, 33314, US",DHL SmartMail Parcel Ground,2.000,Zone 06,3.22,3.10,0.00,0.12,3.10
2021-04-05,,'6810871919138,'9374869903506577557894,", 321 LINCOLN ST, , SHARON, PA, 16146, US",DHL SmartMail Parcel Ground,1.000,Zone 04,3.06,2.95,0.00,0.11,2.95
2021-04-05,,'317342,'9374869903506577558310,", 13842 VIA VINCI, , DELRAY BEACH, FL, 33446, US",DHL SmartMail Parcel Ground,1.000,Zone 06,3.22,3.09,0.00,0.13,3.09
2021-04-05,,'317245,'9374869903506577558358,", 107 HIGH ST APT 5, , BOILING SPRINGS, PA, 17007, US",DHL SmartMail Parcel Ground,1.000,Zone 02,3.01,2.90,0.00,0.11,2.90
2021-04-05,,'317098,'9374869903506577558433,", 2320 SUMMIT DR, , ARNOLD, MO, 63010, US",DHL SmartMail Parcel Ground,1.000,Zone 05,3.12,3.01,0.00,0.11,3.01
2021-04-05,,'317067,'9374869903506577558570,", 1810 FERRY ST, , EASTON, PA, 18042, US",DHL SmartMail Parcel Ground,2.000,Zone 01,3.01,2.90,0.00,0.11,2.90
2021-04-05,,'317249,'9374869903506577558846,", 108 4TH AVE, , UNDERWOOD, IA, 51576, US",DHL SmartMail Parcel Ground,1.000,Zone 06,3.22,3.09,0.00,0.13,3.09
2021-04-05,,'4810914473228,'9374869903506577558860,", 293 MURRAY HILL TER APT 506, , BERGENFIELD, NJ, 07621, US",DHL SmartMail Parcel Ground,1.000,Zone 01,3.01,2.90,0.00,0.11,2.90
2021-04-05,,'317177,'9374869903506577559126,", 519 E 5TH ST, , MOUNTAIN VIEW, MO, 65548, US",DHL SmartMail Parcel Ground,1.000,Zone 06,3.22,3.09,0.00,0.13,3.09
2021-04-05,,'317198,'9374869903506577559164,", PO BOX 106, , READING, MI, 49274, US",DHL SmartMail Parcel Ground,1.000,Zone 04,3.06,2.95,0.00,0.11,2.95
2021-04-05,,'317262,'9374869903506577559263,", 2606 CHEYENNE DR, , BOWLING GREEN, KY, 42104, US",DHL SmartMail Parcel Ground,1.000,Zone 05,3.12,3.01,0.00,0.11,3.01
2021-04-05,,'317214,'9374869903506577559683,", 1418 RAINIER FALLS DR NE, , ATLANTA, GA, 30329, US",DHL SmartMail Parcel Ground,2.000,Zone 05,3.12,3.01,0.00,0.11,3.01
2021-04-05,,'317239,'9374869903506577559690,", 9 MAIN ST, , TITUSVILLE, FL, 32796, US",DHL SmartMail Parcel Ground,2.000,Zone 05,3.12,3.01,0.00,0.11,3.01
2021-04-05,,'317271,'9374869903506577559812,", 1056 LYONS RUN RD, , MURRYSVILLE, PA, 15668, US",DHL SmartMail Parcel Ground,2.000,Zone 04,3.06,2.95,0.00,0.11,2.95
2021-04-05,,'317300,'9374869903506577560016,", 313 E STATE ROAD 10, , WHEATFIELD, IN, 46392, US",DHL SmartMail Parcel Ground,1.000,Zone 05,3.12,3.01,0.00,0.11,3.01
2021-04-05,,'317124,'9374869903506577560351,", 113 CASCADE CT APT 4, , PRINCETON, NJ, 08540, US",DHL SmartMail Parcel Ground,2.000,Zone 01,3.01,2.90,0.00,0.11,2.90
2021-04-05,,'317335,'9374869903506577560504,", 4800 E 102ND AVE, , ANCHORAGE, AK, 99507, US",DHL SmartMail Parcel Ground,2.000,Zone 13,3.49,4.27,0.00,-0.78,4.27
2021-04-05,,'317281,'9374869903506577561075,", 60 NEWTOWN RD, , DANBURY, CT, 06810, US",DHL SmartMail Parcel Ground,1.000,Zone 01,3.01,2.90,0.00,0.11,2.90
2021-04-05,,'4810936166906,'9374869903506577561174,", 325 NEW GEORGIA DR, , DALLAS, GA, 30157, US",DHL SmartMail Parcel Ground,1.000,Zone 05,3.12,3.01,0.00,0.11,3.01
2021-04-05,,'317127,'9374869903506577561891,", 155 LANES MILL RD, , HOWELL, NJ, 07731, US",DHL SmartMail Parcel Ground,2.000,Zone 01,3.01,2.90,0.00,0.11,2.90
2021-04-05,,'6814615795898,'9374869903506577562133,", 1709 S MAIN ST, , BROKEN ARROW, OK, 74012, US",DHL SmartMail Parcel Ground,1.000,Zone 06,3.22,3.09,0.00,0.13,3.09
2021-04-05,,'7814637224805,'9374869903506577563819,", 13802 BRIDLINGTON CT, , CENTREVILLE, VA, 20120, US",DHL SmartMail Parcel Ground,2.000,Zone 03,3.03,2.92,0.00,0.11,2.92
2021-04-05,,'6814626664848,'9374869903506577565745,", 1395 XIMENO AVE, , LONG BEACH, CA, 90804, US",DHL SmartMail Parcel Ground,2.000,Zone 08,3.49,3.30,0.00,0.19,3.30
2021-04-05,,'4810882038075,'9374869903506577566414,", 4913 MAYMANOR CIR, , NASHVILLE, TN, 37205, US",DHL SmartMail Parcel Ground,2.000,Zone 05,3.12,3.01,0.00,0.11,3.01
2021-04-05,,'317236,'9374869903506577566513,", PO BOX 160, 2002 MAIN STREET, LOGANSPORT, LA, 71049, US",DHL SmartMail Parcel Ground,2.000,Zone 06,3.22,3.10,0.00,0.12,3.10
2021-04-05,,'317152,'9374869903506577566643,", 302 WINDSTONE BLVD, , POWELL, TN, 37849, US",DHL SmartMail Parcel Ground,2.000,Zone 05,3.12,3.01,0.00,0.11,3.01
2021-04-05,,'4810946699587,'9374869903506577567213,", 20054 MCCORMICK ST, , DETROIT, MI, 48224, US",DHL SmartMail Parcel Ground,2.000,Zone 04,3.06,2.95,0.00,0.11,2.95
2021-04-05,,'7814647509001,'9374869903506577567527,", 2122 E SAM HOUSTON PKWY S APT 5213, , PASADENA, TX, 77503, US",DHL SmartMail Parcel Ground,2.000,Zone 06,3.22,3.10,0.00,0.12,3.10
2021-04-05,,'317105,'9374869903506577567640,", 20 BRISTOL LN, , PHENIX CITY, AL, 36870, US",DHL SmartMail Parcel Ground,2.000,Zone 05,3.12,3.01,0.00,0.11,3.01
2021-04-05,,'317118,'9374869903506577567657,", 409 N 25TH ST, , READING, PA, 19606, US",DHL SmartMail Parcel Ground,2.000,Zone 02,3.01,2.90,0.00,0.11,2.90
2021-04-05,,'317324,'9374869903506577567787,", 165 FAIRFAX DR, , WARWICK, RI, 02888, US",DHL SmartMail Parcel Ground,2.000,Zone 03,3.03,2.92,0.00,0.11,2.92
2021-04-05,,'7810957759300,'9374869903506577567947,", 922 ROLLING GRV, , SAN ANTONIO, TX, 78253, US",DHL SmartMail Parcel Ground,2.000,Zone 07,3.35,3.22,0.00,0.13,3.22
2021-04-05,,'3814551447836,'9374869903506577568005,", 5108 MARBLE FALLS LN, , PLANO, TX, 75093, US",DHL SmartMail Parcel Ground,2.000,Zone 06,3.22,3.10,0.00,0.12,3.10
2021-04-05,,'317178,'9374869903506577577748,", 774 LITTLE PHOEBE CHURCH RD, , FOLKSTON, GA, 31537, US",DHL SmartMail Parcel Ground,3.000,Zone 05,3.12,3.01,0.00,0.11,3.01
2021-04-05,,'317162,'9374869903506577577762,", 6755 FULLER RD, , GREENVILLE, MI, 48838, US",DHL SmartMail Parcel Ground,3.000,Zone 04,3.06,2.95,0.00,0.11,2.95
2021-04-05,,'317208,'9374869903506577586948,", 810 HERON ST, , REIDSVILLE, NC, 27320, US",DHL SmartMail Parcel Ground,2.000,Zone 04,3.06,2.95,0.00,0.11,2.95
2021-04-05,,'7814562025429,'9374869903506577592499,", 8309 TAWA CREEK DR, , FINDLAY, OH, 45840, US",DHL SmartMail Parcel Ground,4.000,Zone 04,3.06,2.95,0.00,0.11,2.95
2021-04-05,,'4810882426097,'9374869903506577592550,", 775 CEMETARY RD, , HURT, VA, 24563, US",DHL SmartMail Parcel Ground,4.000,Zone 04,3.06,2.95,0.00,0.11,2.95
2021-04-05,,'4810936316514,'9374869903506577592789,", 955 ELMTREE PARK WAY, , INDIANAPOLIS, IN, 46229, US",DHL SmartMail Parcel Ground,4.000,Zone 05,3.12,3.01,0.00,0.11,3.01
2021-04-05,,'7814626796689,'9374869903506577592796,", 2705 CHARLES F COOPER MEMORIAL DR, , SULPHUR, OK, 73086, US",DHL SmartMail Parcel Ground,4.000,Zone 06,3.22,3.10,0.00,0.12,3.10
2021-04-05,,'4814637281962,'9374869903506577592833,", 124 COALPIT HILL RD UNIT 17, , DANBURY, CT, 06810, US",DHL SmartMail Parcel Ground,4.000,Zone 01,3.01,2.92,0.00,0.09,2.92
2021-04-05,,'3814551171114,'9374869903506577593328,", 411S S SAN MATEO AVE, , KUNA, ID, 83634, US",DHL SmartMail Parcel Ground,4.000,Zone 08,3.49,3.31,0.00,0.18,3.31
2021-04-05,,'4810882563473,'9374869903506577593397,", 1 CASTLE HARBOR DR, , TOMS RIVER, NJ, 08757, US",DHL SmartMail Parcel Ground,4.000,Zone 01,3.01,2.92,0.00,0.09,2.92
2021-04-05,,'7810893263899,'9374869903506577593410,", 1039 LAKE AVE NE, , MASSILLON, OH, 44646, US",DHL SmartMail Parcel Ground,4.000,Zone 04,3.06,2.95,0.00,0.11,2.95
2021-04-05,,'7810914385488,'9374869903506577593472,", 10850 JAMACHA BLVD APT C1, , SPRING VALLEY, CA, 91978, US",DHL SmartMail Parcel Ground,4.000,Zone 08,3.49,3.31,0.00,0.18,3.31
2021-04-05,,'6810925599429,'9374869903506577593557,", 8294 BADGER ST, , DETROIT, MI, 48213, US",DHL SmartMail Parcel Ground,4.000,Zone 04,3.06,2.95,0.00,0.11,2.95
2021-04-05,,'6810936487549,'9374869903506577593618,", 4409 ARTICLES LN, , VIRGINIA BEACH, VA, 23462, US",DHL SmartMail Parcel Ground,4.000,Zone 03,3.03,2.94,0.00,0.09,2.94
2021-04-05,,'6810946706148,'9374869903506577593632,", 630 BAY COVE DR UNIT 205, , BILOXI, MS, 39532, US",DHL SmartMail Parcel Ground,4.000,Zone 06,3.22,3.10,0.00,0.12,3.10
2021-04-05,,'6814562232030,'9374869903506577594004,", 10945 PRICE MANOR WAY APT 226, , LAUREL, MD, 20723, US",DHL SmartMail Parcel Ground,4.000,Zone 03,3.03,2.94,0.00,0.09,2.94
2021-04-05,,'6810893347291,'9374869903506577594127,", 31 REGER RD, , SUCCASUNNA, NJ, 07876, US",DHL SmartMail Parcel Ground,4.000,Zone 01,3.01,2.92,0.00,0.09,2.92
2021-04-05,,'7810914762630,'9374869903506577594196,", 1600 CANNON LN, , NORTHFIELD, MN, 55057, US",DHL SmartMail Parcel Ground,4.000,Zone 05,3.12,3.01,0.00,0.11,3.01
2021-04-05,,'6810936231870,'9374869903506577594226,", 19024 DOVE CREEK DR, , TAMPA, FL, 33647, US",DHL SmartMail Parcel Ground,4.000,Zone 05,3.12,3.01,0.00,0.11,3.01
2021-04-05,,'7810957211500,'9374869903506577594431,", 7070 CREST RD, , RANCHO PALOS VERDES, CA, 90275, US",DHL SmartMail Parcel Ground,4.000,Zone 08,3.49,3.31,0.00,0.18,3.31
2021-04-05,,'7814658288181,'9374869903506577594493,", 157 HICKORY TRL, , GUN BARREL CITY, TX, 75156, US",DHL SmartMail Parcel Ground,4.000,Zone 06,3.22,3.10,0.00,0.12,3.10
2021-04-05,,'317166,'9374869903506577606783,", 301 MAIN ST E, , FAIRFAX, SC, 29827, US",DHL SmartMail Parcel Ground,4.000,Zone 05,3.12,3.01,0.00,0.11,3.01
2021-04-05,,'317186,'9374869903506577606790,", 8064 FILLMORE DR APT 1, , STANTON, CA, 90680, US",DHL SmartMail Parcel Ground,4.000,Zone 08,3.49,3.31,0.00,0.18,3.31
2021-04-05,,'317256,'9374869903506577607797,", 2714 ERIE BLVD E, , SYRACUSE, NY, 13224, US",DHL SmartMail Parcel Ground,5.000,Zone 03,3.49,3.34,0.00,0.15,3.34
2021-04-05,,'317140,'9374869903506577609005,", 938 NE 73RD AVE, , HILLSBORO, OR, 97124, US",DHL SmartMail Parcel Ground,4.000,Zone 08,3.49,3.31,0.00,0.18,3.31
2021-04-05,,'317244,'9374869903506577609852,", 20 BANTON ST APT 1, , DORCHESTER, MA, 02124, US",DHL SmartMail Parcel Ground,4.000,Zone 03,3.03,2.94,0.00,0.09,2.94
2021-04-05,,'317231,'9374869903506577609869,", 162 COUNTY ROAD 2319, , DAYTON, TX, 77535, US",DHL SmartMail Parcel Ground,4.000,Zone 06,3.22,3.10,0.00,0.12,3.10
2021-04-05,,'317237,'9374869903506577620611,", 9625 MISSION GORGE RD # B2-376, , SANTEE, CA, 92071, US",DHL SmartMail Parcel Ground,7.000,Zone 08,3.85,3.61,0.00,0.24,3.61
2021-04-05,,'7814583225870,'9374869903506577632324,", 3801 SW 117TH AVE UNIT 651268, , MIAMI, FL, 33265, US",DHL SmartMail Parcel Ground,1.000,Zone 06,3.22,3.09,0.00,0.13,3.09
2021-04-05,,'4814604708990,'9374869903506577634700,", 1155 E MAPLE ST, , SALYERSVILLE, KY, 41465, US",DHL SmartMail Parcel Ground,14.000,Zone 04,5.27,4.82,0.00,0.45,4.82
2021-04-05,,'317280,'9374869903506577639569,", 4034 DAYTON AVE N, , SEATTLE, WA, 98103, US",DHL SmartMail Parcel Ground,5.000,Zone 08,3.85,3.61,0.00,0.24,3.61
2021-04-05,,'317294,'9374869903506577641388,", 964 TAYLOR RD, , MANSFIELD, OH, 44903, US",DHL SmartMail Parcel Ground,5.000,Zone 04,3.51,3.35,0.00,0.16,3.35
2021-04-05,,'317182,'9374869903506577645713,", 701 S MAIN ST, , SHERIDAN, IN, 46069, US",DHL SmartMail Parcel Ground,4.000,Zone 05,3.12,3.01,0.00,0.11,3.01
2021-04-05,,'317196,'9374869903506577651745,", 1010 MAGNOLIA CIR, , SYLACAUGA, AL, 35150, US",DHL SmartMail Parcel Ground,2.000,Zone 05,3.12,3.01,0.00,0.11,3.01
2021-04-05,,'317076,'9374869903506577652254,", 1000 SE DARLING ST, , STUART, FL, 34997, US",DHL SmartMail Parcel Ground,2.000,Zone 06,3.22,3.10,0.00,0.12,3.10
2021-04-05,,'317273,'9374869903506577652278,", 103 ENCHANTED WOODS TRL, , BUDA, TX, 78610, US",DHL SmartMail Parcel Ground,2.000,Zone 07,3.35,3.22,0.00,0.13,3.22
2021-04-05,,'317311,'9374869903506577652353,", 82 WATERMAN ST APT 3, , LOCKPORT, NY, 14094, US",DHL SmartMail Parcel Ground,2.000,Zone 03,3.03,2.92,0.00,0.11,2.92
2021-04-05,,'317083,'9374869903506577658065,", 4273 JUNIPER ST APT 4, , SAN DIEGO, CA, 92105, US",DHL SmartMail Parcel Ground,1.000,Zone 08,3.49,3.29,0.00,0.20,3.29
2021-04-05,,'317116,'9374869903506577658119,", 679 KAUMAKANI ST, , HONOLULU, HI, 96825, US",DHL SmartMail Parcel Ground,1.000,Zone 12,3.49,4.27,0.00,-0.78,4.27
2021-04-05,,'317255,'9374869903506577659727,", 8551 ATHENA CT, , LEHIGH ACRES, FL, 33971, US",DHL SmartMail Parcel Ground,1.000,Zone 06,3.22,3.09,0.00,0.13,3.09
2021-04-05,,'317328,'9374869903506577661928,", 1240 HOPPI RD, , ALAMO, TX, 78516, US",DHL SmartMail Parcel Ground,6.000,Zone 07,3.69,3.54,0.00,0.15,3.54
2021-04-05,,'317161,'9374869903506577666695,", 11086 HIAWATHA PATH, , LAKEVIEW, OH, 43331, US",DHL SmartMail Parcel Ground,2.000,Zone 04,3.06,2.95,0.00,0.11,2.95
2021-04-05,,'317103,'9374869903506577666718,", 3159 HOLLY BROOK CIR NE, , CLEVELAND, TN, 37323, US",DHL SmartMail Parcel Ground,2.000,Zone 05,3.12,3.01,0.00,0.11,3.01
2021-04-05,,'317248,'9374869903506577667456,", 2447 S MAPLE AVE, , FRESNO, CA, 93725, US",DHL SmartMail Parcel Ground,2.000,Zone 08,3.49,3.30,0.00,0.19,3.30
2021-04-05,,'317113,'9374869903506577670784,", 1170 N HICKS AVE, , LOS ANGELES, CA, 90063, US",DHL SmartMail Parcel Ground,1.000,Zone 08,3.49,3.29,0.00,0.20,3.29
2021-04-05,,'317216,'9374869903506577670791,", 316 JOHNSON RD, , TRAIL CREEK, IN, 46360, US",DHL SmartMail Parcel Ground,1.000,Zone 05,3.12,3.01,0.00,0.11,3.01
2021-04-05,,'317251,'9374869903506577670821,", 3175 CATAWBA CT, , PLEASANTON, CA, 94566, US",DHL SmartMail Parcel Ground,1.000,Zone 08,3.49,3.29,0.00,0.20,3.29
2021-04-05,,'317238,'9374869903506577672283,", 2020 BEECHWOOD BLVD, , PITTSBURGH, PA, 15217, US",DHL SmartMail Parcel Ground,1.000,Zone 04,3.06,2.95,0.00,0.11,2.95
2021-04-05,,'317218,'9374869903506577673785,", 134 E 1100 S, , KAYSVILLE, UT, 84037, US",DHL SmartMail Parcel Ground,4.000,Zone 08,3.49,3.31,0.00,0.18,3.31
2021-04-05,,'317096,'9374869903506577674782,", PO BOX 238, , MILFORD, NH, 03055, US",DHL SmartMail Parcel Ground,14.000,Zone 03,5.23,4.78,0.00,0.45,4.78
2021-04-05,,'317219,'9374869903506577676649,", 134 E 1100 S, , KAYSVILLE, UT, 84037, US",DHL SmartMail Parcel Ground,4.000,Zone 08,3.49,3.31,0.00,0.18,3.31
2021-04-05,,'317225,'9374869903506577679305,", 1051C NE 6TH ST # 205, , GRANTS PASS, OR, 97526, US",DHL SmartMail Parcel Ground,15.000,Zone 08,5.98,5.31,0.00,0.67,5.31
2021-04-05,,'317241,'9374869903506579938448,", 1026 THORNTON AVE, , PRINCETON, WV, 24740, US",DHL SmartMail Parcel Ground,5.000,Zone 04,3.51,3.35,0.00,0.16,3.35
2021-04-05,,'317234,'9374869903506579940069,", 830 WILLOW VIEW DR, , ORONO, MN, 55356, US",DHL SmartMail Parcel Ground,2.000,Zone 05,3.12,3.01,0.00,0.11,3.01
2021-04-05,,'317221,'9374869903506579940908,", 11528 MONTE VISTA AVE, , CHINO, CA, 91710, US",DHL SmartMail Parcel Ground,5.000,Zone 08,3.85,3.61,0.00,0.24,3.61
2021-04-05,,'317068,'9374869903506579943671,", 142 CENTENNIAL DR, , FRANKFORT, KY, 40601, US",DHL SmartMail Parcel Ground,2.000,Zone 04,3.06,2.95,0.00,0.11,2.95
2021-04-05,,'317151,'9374869903506579943749,", 2328 TERRY LN, , SARASOTA, FL, 34231, US",DHL SmartMail Parcel Ground,2.000,Zone 06,3.22,3.10,0.00,0.12,3.10
2021-04-05,,'317210,'9374869903506579945651,", 4065 HORTON ST, , EMERYVILLE, CA, 94608, US",DHL SmartMail Parcel Ground,2.000,Zone 08,3.49,3.30,0.00,0.19,3.30
2021-04-05,,'317134,'9374869903506579945668,", 7198 BOOKER T WASHINGTON HWY UNIT 510, , WIRTZ, VA, 24184, US",DHL SmartMail Parcel Ground,2.000,Zone 04,3.06,2.95,0.00,0.11,2.95
2021-04-05,,'317314,'9374869903506579946849,", 9 GRACE MOORE RD, , SANDY HOOK, CT, 06482, US",DHL SmartMail Parcel Ground,2.000,Zone 02,3.01,2.90,0.00,0.11,2.90
2021-04-05,,'317133,'9374869903506579949260,", N60W38589 BLACKHAWK DR, , OCONOMOWOC, WI, 53066, US",DHL SmartMail Parcel Ground,2.000,Zone 05,3.12,3.01,0.00,0.11,3.01
2021-04-05,,'317077,'9374869903506579951492,", 2785 10TH AVE N APT 205, , PALM SPRINGS, FL, 33461, US",DHL SmartMail Parcel Ground,3.000,Zone 06,3.22,3.10,0.00,0.12,3.10
2021-04-05,,'317224,'9374869903506579951508,", 975 SMYRNA ST, , THE VILLAGES, FL, 32162, US",DHL SmartMail Parcel Ground,3.000,Zone 05,3.12,3.01,0.00,0.11,3.01
2021-04-05,,'317097,'9374869903506579951515,", 17 JEWETT LN, , HOLLIS, NH, 03049, US",DHL SmartMail Parcel Ground,3.000,Zone 03,3.03,2.92,0.00,0.11,2.92
2021-04-05,,'3583580,'9374869903506579951584,", 11 WHITMAN CT, , SAN CARLOS, CA, 94070, US",DHL SmartMail Parcel Ground,3.000,Zone 08,3.49,3.31,0.00,0.18,3.31
2021-04-05,,'3584263,'9374869903506579951652,", 24901 PRINCETON ST, , SAINT CLAIR SHORES, MI, 48080, US",DHL SmartMail Parcel Ground,3.000,Zone 04,3.06,2.95,0.00,0.11,2.95
2021-04-05,,'3585678,'9374869903506579951768,", 1097 HUNTERSTON PL, , CUPERTINO, CA, 95014, US",DHL SmartMail Parcel Ground,3.000,Zone 08,3.49,3.31,0.00,0.18,3.31
2021-04-05,,'3585923,'9374869903506579951836,", 6160 WINDING CREEK BLVD, , LIBERTY TWP, OH, 45011, US",DHL SmartMail Parcel Ground,3.000,Zone 04,3.06,2.95,0.00,0.11,2.95
2021-04-05,,'3602455,'9374869903506579952550,", 120 ADDISON PL, , MEDFORD, NY, 11763, US",DHL SmartMail Parcel Ground,3.000,Zone 01,3.01,2.90,0.00,0.11,2.90
2021-04-05,,'3584400,'9374869903506579952574,", 19689 E IDAHO AVE, , AURORA, CO, 80017, US",DHL SmartMail Parcel Ground,3.000,Zone 07,3.35,3.22,0.00,0.13,3.22
2021-04-05,,'3589336,'9374869903506579952833,", 300 S BROADWAY ST, , WEST SALEM, IL, 62476, US",DHL SmartMail Parcel Ground,3.000,Zone 05,3.12,3.01,0.00,0.11,3.01
2021-04-05,,'3584796,'9374869903506579953052,", 1036 REYNOLDS RD, , LAKELAND, FL, 33801, US",DHL SmartMail Parcel Ground,3.000,Zone 06,3.22,3.10,0.00,0.12,3.10
2021-04-05,,'3589297,'9374869903506579953120,", 131 HARVEY ST, , PACOLET, SC, 29372, US",DHL SmartMail Parcel Ground,3.000,Zone 04,3.06,2.95,0.00,0.11,2.95
2021-04-05,,'3585693,'9374869903506579953953,", 4150 JOHNS CT, , ORLANDO, FL, 32822, US",DHL SmartMail Parcel Ground,3.000,Zone 05,3.12,3.01,0.00,0.11,3.01
2021-04-05,,'3589177,'9374869903506579954004,", 4315 DEWEY AVE, , BALTIMORE, MD, 21211, US",DHL SmartMail Parcel Ground,3.000,Zone 02,3.01,2.90,0.00,0.11,2.90
2021-04-05,,'3593001,'9374869903506579954141,", 4850 COUNTY ROAD 23, , CARDINGTON, OH, 43315, US",DHL SmartMail Parcel Ground,3.000,Zone 04,3.06,2.95,0.00,0.11,2.95
2021-04-05,,'3587481,'9374869903506579954851,", 1683 MARCO WAY, , SAN JOSE, CA, 95131, US",DHL SmartMail Parcel Ground,3.000,Zone 08,3.49,3.31,0.00,0.18,3.31
2021-04-05,,'3589306,'9374869903506579954936,", 557 DOVER CT, , READING, PA, 19606, US",DHL SmartMail Parcel Ground,3.000,Zone 02,3.01,2.90,0.00,0.11,2.90
2021-04-05,,'3592854,'9374869903506579955049,", 200 FORD RD SPC 201D, , SAN JOSE, CA, 95138, US",DHL SmartMail Parcel Ground,3.000,Zone 08,3.49,3.31,0.00,0.18,3.31
2021-04-05,,'3592908,'9374869903506579955087,", 68 BROAD ST, , NORWALK, CT, 06850, US",DHL SmartMail Parcel Ground,3.000,Zone 01,3.01,2.90,0.00,0.11,2.90
2021-04-05,,'3593040,'9374869903506579955100,", 1408 MOUNTAIN LAUREL LN, , MOODY, AL, 35004, US",DHL SmartMail Parcel Ground,3.000,Zone 05,3.12,3.01,0.00,0.11,3.01
2021-04-05,,'3593326,'9374869903506579955162,", 7314 MUMFORD VIEW DR, , HAYES, VA, 23072, US",DHL SmartMail Parcel Ground,3.000,Zone 03,3.03,2.92,0.00,0.11,2.92
2021-04-05,,'3608160,'9374869903506579955179,", 17760 HIGHWAY 22, , SHERIDAN, OR, 97378, US",DHL SmartMail Parcel Ground,3.000,Zone 08,3.49,3.31,0.00,0.18,3.31
2021-04-05,,'317143,'9374869903506579955919,", 42 STONEHEDGE DR, , STOCKHOLM, NJ, 07460, US",DHL SmartMail Parcel Ground,3.000,Zone 01,3.01,2.90,0.00,0.11,2.90
2021-04-05,,'3590907,'9374869903506579955926,", 5979 WALSH RD, , MILLINGTON, TN, 38053, US",DHL SmartMail Parcel Ground,3.000,Zone 05,3.12,3.01,0.00,0.11,3.01
2021-04-05,,'3814540819405,'9374869903506579974095,", 15835 ALICANTE RD APT 94, , LA MIRADA, CA, 90638, US",DHL SmartMail Parcel Ground,2.000,Zone 08,3.49,3.30,0.00,0.19,3.30
2021-04-05,,'3596281,'9374869903506579976594,", 32895 505 AVE, , GENOA, NE, 68640, US",DHL SmartMail Parcel Ground,5.000,Zone 06,3.58,3.44,0.00,0.14,3.44
2021-04-05,,'3599153,'9374869903506579976679,", 201 FALLON CT, , CIBOLO, TX, 78108, US",DHL SmartMail Parcel Ground,5.000,Zone 07,3.69,3.53,0.00,0.16,3.53
2021-04-05,,'3602449,'9374869903506579976846,", 5979 TROPHY DR UNIT 1604, , NAPLES, FL, 34110, US",DHL SmartMail Parcel Ground,5.000,Zone 06,3.58,3.44,0.00,0.14,3.44
2021-04-05,,'3592768,'9374869903506579977249,", 2617 CLIFF LODGE AVE, , N LAS VEGAS, NV, 89081, US",DHL SmartMail Parcel Ground,5.000,Zone 08,3.85,3.61,0.00,0.24,3.61
2021-04-05,,'3594808,'9374869903506579977331,", 385 WALNUT ST, , RIDGEFIELD, NJ, 07657, US",DHL SmartMail Parcel Ground,5.000,Zone 01,3.46,3.31,0.00,0.15,3.31
2021-04-05,,'3600275,'9374869903506579977409,", 14 CEDAR LN, , ROCHESTER, NY, 14622, US",DHL SmartMail Parcel Ground,5.000,Zone 03,3.49,3.34,0.00,0.15,3.34
2021-04-05,,'3606355,'9374869903506579977485,", 2820 FAIRMONT DR, , PANAMA CITY, FL, 32405, US",DHL SmartMail Parcel Ground,5.000,Zone 06,3.58,3.44,0.00,0.14,3.44
2021-04-05,,'3608387,'9374869903506579977577,", 6797 BRAMBLEWOOD LN, , MAYFIELD VILLAGE, OH, 44143, US",DHL SmartMail Parcel Ground,5.000,Zone 04,3.51,3.35,0.00,0.16,3.35
2021-04-05,,'3608136,'9374869903506579977591,", 6714 S SINOVA AVE, , GILBERT, AZ, 85298, US",DHL SmartMail Parcel Ground,5.000,Zone 08,3.85,3.61,0.00,0.24,3.61
2021-04-05,,'3583356,'9374869903506579977881,", 47 GRAND PL, , EAST NORTHPORT, NY, 11731, US",DHL SmartMail Parcel Ground,5.000,Zone 01,3.46,3.31,0.00,0.15,3.31
2021-04-05,,'3601295,'9374869903506579977980,", 370 MARBO RD, , CARTHAGE, MS, 39051, US",DHL SmartMail Parcel Ground,5.000,Zone 06,3.58,3.44,0.00,0.14,3.44
2021-04-05,,'3604244,'9374869903506579978031,", 4321 COUNTRY VILLAGE LN APT 205C, , ROSCOMMON, MI, 48653, US",DHL SmartMail Parcel Ground,5.000,Zone 04,3.51,3.35,0.00,0.16,3.35
2021-04-05,,'3581931,'9374869903506579978970,", 28 MAMMON CARTWAY, , BREWSTER, MA, 02631, US",DHL SmartMail Parcel Ground,5.000,Zone 03,3.49,3.34,0.00,0.15,3.34
2021-04-05,,'3597066,'9374869903506579979045,", 20938 BANDERA ST, , WOODLAND HILLS, CA, 91364, US",DHL SmartMail Parcel Ground,5.000,Zone 08,3.85,3.61,0.00,0.24,3.61
2021-04-05,,'3602440,'9374869903506579979229,", 41244 LENAH POINT DR, , ALDIE, VA, 20105, US",DHL SmartMail Parcel Ground,5.000,Zone 03,3.49,3.34,0.00,0.15,3.34
2021-04-05,,'3604985,'9374869903506579979328,", 1301 QUEENS RD APT 201, , CHARLOTTE, NC, 28207, US",DHL SmartMail Parcel Ground,5.000,Zone 04,3.51,3.35,0.00,0.16,3.35
2021-04-05,,'3605562,'9374869903506579979373,", 9859 WHITEWOOD CT, , FONTANA, CA, 92335, US",DHL SmartMail Parcel Ground,5.000,Zone 08,3.85,3.61,0.00,0.24,3.61
2021-04-05,,'3606750,'9374869903506579979397,", 102 EDDIE CT, , MANSFIELD, TX, 76063, US",DHL SmartMail Parcel Ground,5.000,Zone 06,3.58,3.44,0.00,0.14,3.44
2021-04-05,,'3607333,'9374869903506579979458,", 35434 MERCURY DR, , REHOBOTH BEACH, DE, 19971, US",DHL SmartMail Parcel Ground,5.000,Zone 02,3.46,3.31,0.00,0.15,3.31
2021-04-05,,'3608093,'9374869903506579979472,", 427 WILDER DR, , FAYETTEVILLE, NC, 28314, US",DHL SmartMail Parcel Ground,5.000,Zone 04,3.51,3.35,0.00,0.16,3.35
2021-04-05,,'3608130,'9374869903506579979564,", 206 OAK ST, , BREMEN, OH, 43107, US",DHL SmartMail Parcel Ground,5.000,Zone 04,3.51,3.35,0.00,0.16,3.35
2021-04-05,,'3605463,'9374869903506579979922,", 1304 EDGEHILL AVE, , ASHLAND, OH, 44805, US",DHL SmartMail Parcel Ground,5.000,Zone 04,3.51,3.35,0.00,0.16,3.35
2021-04-05,,'3608116,'9374869903506579980041,", 655 SUMMIT AVE, , SPRUCE PINE, NC, 28777, US",DHL SmartMail Parcel Ground,5.000,Zone 04,3.51,3.35,0.00,0.16,3.35
2021-04-05,,'3606760,'9374869903506580294427,", 1993 COLUSA WAY, , SAN JOSE, CA, 95130, US",DHL SmartMail Parcel Ground,5.000,Zone 08,3.85,3.61,0.00,0.24,3.61
2021-04-05,,'3589589,'9374869903506580294434,", 5932 OCEANVIEW RIDGE LN, , SAN DIEGO, CA, 92121, US",DHL SmartMail Parcel Ground,7.000,Zone 08,3.85,3.61,0.00,0.24,3.61
2021-04-05,,'3603094,'9374869903506580297077,", 22120 HIGHWAY 96, , LIBERTY, TN, 37095, US",DHL SmartMail Parcel Ground,4.000,Zone 05,3.12,3.01,0.00,0.11,3.01
2021-04-05,,'317202,'9374869903506580304201,", 26 FIRETOWER RD, , WETUMPKA, AL, 36093, US",DHL SmartMail Parcel Ground,6.000,Zone 05,3.57,3.42,0.00,0.15,3.42
2021-04-05,,'317063,'9374869903506580304607,", 4323 LAS CRUCES ST, , SAN ANTONIO, TX, 78233, US",DHL SmartMail Parcel Ground,8.000,Zone 07,3.69,3.55,0.00,0.14,3.55
2021-04-05,,'317069,'9374869903506580305581,", 10623 VILLAGE TRL, , JONESBORO, GA, 30238, US",DHL SmartMail Parcel Ground,8.000,Zone 05,3.57,3.44,0.00,0.13,3.44
2021-04-05,,'317190,'9374869903506580308520,", 2301 MOCTEZUMA ST, , LAREDO, TX, 78040, US",DHL SmartMail Parcel Ground,11.000,Zone 07,4.53,4.26,0.00,0.27,4.26
2021-04-05,,'317274,'9374869903506580311674,", 34 2ND ST, , NORWICH, CT, 06360, US",DHL SmartMail Parcel Ground,12.000,Zone 02,4.04,3.84,0.00,0.20,3.84
2021-04-05,,'317102,'9374869903506580312848,", 752 TUCKAHOE RD APT 2A, , YONKERS, NY, 10710, US",DHL SmartMail Parcel Ground,12.000,Zone 01,4.04,3.84,0.00,0.20,3.84
2021-04-05,,'317065,'9374869903506580313951,", 8022 GRAFTON AVE S, , COTTAGE GROVE, MN, 55016, US",DHL SmartMail Parcel Ground,12.000,Zone 05,4.20,3.99,0.00,0.21,3.99
2021-04-05,,'317145,'9374869903506580314903,", 9357 HOGBACK RD, , APPLE CREEK, OH, 44606, US",DHL SmartMail Parcel Ground,12.000,Zone 04,4.12,3.91,0.00,0.21,3.91
2021-04-05,,'317091,'9374869903506580314972,", 10234 HILDRETH AVE, , SOUTH GATE, CA, 90280, US",DHL SmartMail Parcel Ground,12.000,Zone 08,4.68,4.29,0.00,0.39,4.29
2021-04-05,,'317155,'9374869903506580317300,", 4806 MANILA AVE, , OAKLAND, CA, 94609, US",DHL SmartMail Parcel Ground,8.000,Zone 08,3.85,3.61,0.00,0.24,3.61
2021-04-05,,'317226,'9374869903506580317348,", 1794 COUNTY ROAD 22, , BEAVER DAMS, NY, 14812, US",DHL SmartMail Parcel Ground,14.000,Zone 03,5.23,4.78,0.00,0.45,4.78
2021-04-05,,'317334,'9374869903506580319236,", 3040 ALAN SHEPARD DR, , HUEYTOWN, AL, 35023, US",DHL SmartMail Parcel Ground,8.000,Zone 05,3.57,3.44,0.00,0.13,3.44
2021-04-05,,'317168,'9374869903506580323233,", 2214 SMITH DR, , LONGMONT, CO, 80501, US",DHL SmartMail Parcel Ground,15.000,Zone 07,5.81,5.29,0.00,0.52,5.29
2021-04-05,,'317258,'9374869903506580323240,", 16 ROBINSON LN, , NATCHEZ, MS, 39120, US",DHL SmartMail Parcel Ground,15.999,Zone 06,5.66,5.17,0.00,0.49,5.17
2021-04-05,,'3608359,'9374869903506580698782,", 9702, BANTA AVE, ANAHEIM, CA, 92804, US",DHL SmartMail Parcel Ground,2.000,Zone 08,3.49,3.30,0.00,0.19,3.30
2021-04-05,,'3581746,'9374869903506580699727,", 2146 PORTOFINO BLVD, , BROWNSVILLE, TX, 78526, US",DHL SmartMail Parcel Ground,3.000,Zone 07,3.35,3.22,0.00,0.13,3.22
2021-04-05,,'3585993,'9374869903506580701734,", 76 CHAMBERLAIN PL, , BRIDGEPORT, CT, 06606, US",DHL SmartMail Parcel Ground,3.000,Zone 01,3.01,2.90,0.00,0.11,2.90
2021-04-05,,'3586056,'9374869903506580702564,", 163 JAMIL CT, , RENO, NV, 89511, US",DHL SmartMail Parcel Ground,3.000,Zone 08,3.49,3.31,0.00,0.18,3.31
2021-04-05,,'3588799,'9374869903506580702694,", 1 AEROPOST WAY POS 9641, , MIAMI, FL, 33206, US",DHL SmartMail Parcel Ground,3.000,Zone 06,3.22,3.10,0.00,0.12,3.10
2021-04-05,,'3608088,'9374869903506580702700,", 7 CLOVER LN, , MONROE TOWNSHIP, NJ, 08831, US",DHL SmartMail Parcel Ground,3.000,Zone 01,3.01,2.90,0.00,0.11,2.90
2021-04-05,,'3594506,'9374869903506580702717,", HOUSE 3511 NW 16TH ST, , MIAMI, FL, 33125, US",DHL SmartMail Parcel Ground,5.000,Zone 06,3.58,3.44,0.00,0.14,3.44
2021-04-05,,'3608090,'9374869903506580702953,", 1137 SW 5TH PL, , FORT LAUDERDALE, FL, 33312, US",DHL SmartMail Parcel Ground,3.000,Zone 06,3.22,3.10,0.00,0.12,3.10
2021-04-05,,'3584522,'9374869903506580731403,", 520 RIVERSIDE AVE, , GLENVILLE, NY, 12302, US",DHL SmartMail Parcel Ground,3.000,Zone 02,3.01,2.90,0.00,0.11,2.90
2021-04-05,,'3584636,'9374869903506580731410,", 608A AVENUE OF OAKS ST # A, , HOUSTON, TX, 77009, US",DHL SmartMail Parcel Ground,3.000,Zone 06,3.22,3.10,0.00,0.12,3.10
2021-04-05,,'3604336,'9374869903506580731656,", 330 N JEFFERSON ST, , FLORISSANT, MO, 63031, US",DHL SmartMail Parcel Ground,3.000,Zone 05,3.12,3.01,0.00,0.11,3.01
2021-04-05,,'3595568,'9374869903506580732776,", 3002 ROCKING HILLS TRL, , FORNEY, TX, 75126, US",DHL SmartMail Parcel Ground,3.000,Zone 06,3.22,3.10,0.00,0.12,3.10
2021-04-05,,'3603109,'9374869903506580732813,", 4610 S GRAND BLVD, , SAINT LOUIS, MO, 63111, US",DHL SmartMail Parcel Ground,3.000,Zone 05,3.12,3.01,0.00,0.11,3.01
2021-04-05,,'3584330,'9374869903506580732998,", 1229 WOODBROOK CT, , RESTON, VA, 20194, US",DHL SmartMail Parcel Ground,3.000,Zone 03,3.03,2.92,0.00,0.11,2.92
2021-04-05,,'3595451,'9374869903506580733056,", 1251 N 56TH ST, , PHILADELPHIA, PA, 19131, US",DHL SmartMail Parcel Ground,3.000,Zone 02,3.01,2.90,0.00,0.11,2.90
2021-04-05,,'3606653,'9374869903506580733940,", 3623 ALEXANDRIA DR, , ARLINGTON, TX, 76015, US",DHL SmartMail Parcel Ground,3.000,Zone 06,3.22,3.10,0.00,0.12,3.10
2021-04-05,,'3595575,'9374869903506580801281,", 33650 COUNTY ROAD 38, P O BOX 774485, STEAMBOAT SPRINGS, CO, 80487, US",DHL SmartMail Parcel Ground,3.000,Zone 07,3.35,3.22,0.00,0.13,3.22
2021-04-05,,'3608365,'9374869903506580801342,", 2003 N VETERANS BLVD STE 8, , SAN JUAN, TX, 78589, US",DHL SmartMail Parcel Ground,2.000,Zone 07,3.35,3.22,0.00,0.13,3.22
2021-04-05,,'3589457,'9374869903506580801397,", 2518 AUDUBON ST, , NEW ORLEANS, LA, 70125, US",DHL SmartMail Parcel Ground,2.000,Zone 06,3.22,3.10,0.00,0.12,3.10
2021-04-05,,'3594133,'9374869903506580801434,", 4200 SEBRING PKWY # 125, , SEBRING, FL, 33870, US",DHL SmartMail Parcel Ground,3.000,Zone 06,3.22,3.10,0.00,0.12,3.10
2021-04-05,,'3604913,'9374869903506580801441,", 1251 CAILIN WAY, , FOUNTAIN, CO, 80817, US",DHL SmartMail Parcel Ground,3.000,Zone 07,3.35,3.22,0.00,0.13,3.22
2021-04-05,,'3593117,'9374869903506580802387,", 17865 S VIRGINIA ST, , RENO, NV, 89521, US",DHL SmartMail Parcel Ground,2.000,Zone 08,3.49,3.30,0.00,0.19,3.30
2021-04-05,,'3608328,'9374869903506580802479,", 512 CRADDOCK AVE APT 1541, , SAN MARCOS, TX, 78666, US",DHL SmartMail Parcel Ground,3.000,Zone 07,3.35,3.22,0.00,0.13,3.22
2021-04-05,,'3612604,'9374869903506580802585,", 7777 BLUE ASH RD, , CINCINNATI, OH, 45236, US",DHL SmartMail Parcel Ground,2.000,Zone 04,3.06,2.95,0.00,0.11,2.95
2021-04-05,,'3591386,'9374869903506580803131,", 15100 KEEL ST, , PLYMOUTH, MI, 48170, US",DHL SmartMail Parcel Ground,2.000,Zone 04,3.06,2.95,0.00,0.11,2.95
2021-04-05,,'3588232,'9374869903506580803230,", 19134 FOREST RD, , LYNCHBURG, VA, 24502, US",DHL SmartMail Parcel Ground,3.000,Zone 04,3.06,2.95,0.00,0.11,2.95
2021-04-05,,'3586826,'9374869903506580803285,", 674 JAY ST, , LOS ALTOS, CA, 94022, US",DHL SmartMail Parcel Ground,3.000,Zone 08,3.49,3.31,0.00,0.18,3.31
2021-04-05,,'3608210,'9374869903506580805302,", 7900 W STRONG ST, , NORRIDGE, IL, 60706, US",DHL SmartMail Parcel Ground,4.000,Zone 05,3.12,3.01,0.00,0.11,3.01
2021-04-05,,'3608411,'9374869903506580866716,", APRIL O QUINN 4001 ADELPHI LN, , AUSTIN, TX, 78727, US",DHL SmartMail Parcel Ground,10.000,Zone 07,4.53,4.25,0.00,0.28,4.25
2021-04-05,,'3612784,'9374869903506581195587,", 7400 POWERS AVE APT 569, , JACKSONVILLE, FL, 32217, US",DHL SmartMail Parcel Ground,5.000,Zone 05,3.57,3.41,0.00,0.16,3.41
2021-04-05,,'3612748,'9374869903506581195594,", 8305 AXSON ST, , JACKSONVILLE, FL, 32221, US",DHL SmartMail Parcel Ground,5.000,Zone 05,3.57,3.41,0.00,0.16,3.41
2021-04-05,,'3581831,'9374869903506581195662,", 2029 AUTUMN LN, , JEFFERSON CITY, MO, 65109, US",DHL SmartMail Parcel Ground,5.000,Zone 05,3.57,3.41,0.00,0.16,3.41
2021-04-05,,'3592469,'9374869903506581195679,", 5188 E COUNTY ROAD 36, , OZARK, AL, 36360, US",DHL SmartMail Parcel Ground,7.000,Zone 05,3.57,3.43,0.00,0.14,3.43
2021-04-05,,'3586711,'9374869903506581195693,", 3305 AMBRA CT, , ELLICOTT CITY, MD, 21042, US",DHL SmartMail Parcel Ground,5.000,Zone 02,3.46,3.31,0.00,0.15,3.31
2021-04-05,,'3602711,'9374869903506581196843,", 408 DARLA RD, , MECHANICSBURG, PA, 17055, US",DHL SmartMail Parcel Ground,5.000,Zone 02,3.46,3.31,0.00,0.15,3.31
2021-04-05,,'3612640,'9374869903506581197260,", 1030 E FAIRMOUNT AVE APT 3, , PHOENIX, AZ, 85014, US",DHL SmartMail Parcel Ground,5.000,Zone 08,3.85,3.61,0.00,0.24,3.61
2021-04-05,,'3608121,'9374869903506581198014,", 11980 WALNUT LN APT 7, , LOS ANGELES, CA, 90025, US",DHL SmartMail Parcel Ground,5.000,Zone 08,3.85,3.61,0.00,0.24,3.61
2021-04-05,,'3608174,'9374869903506581198038,", 1844 ARROWHEAD TRL, , ALLEGAN, MI, 49010, US",DHL SmartMail Parcel Ground,5.000,Zone 04,3.51,3.35,0.00,0.16,3.35
2021-04-05,,'3601815,'9374869903506581198861,", 1371 DICUS MILL RD, , SEVERN, MD, 21144, US",DHL SmartMail Parcel Ground,5.000,Zone 02,3.46,3.31,0.00,0.15,3.31
2021-04-05,,'3608258,'9374869903506581247330,", 393 EASTERN ST # R, , NEW HAVEN, CT, 06513, US",DHL SmartMail Parcel Ground,3.000,Zone 02,3.01,2.90,0.00,0.11,2.90
2021-04-05,,'3608265,'9374869903506581254338,", 5258 E AVENUE R11, , PALMDALE, CA, 93552, US",DHL SmartMail Parcel Ground,3.000,Zone 08,3.49,3.31,0.00,0.18,3.31
2021-04-05,,'3581983,'9374869903506581299216,", 165 E 200 S, , PROVIDENCE, UT, 84332, US",DHL SmartMail Parcel Ground,4.000,Zone 08,3.49,3.31,0.00,0.18,3.31
2021-04-05,,'3600367,'9374869903506581302091,", 1810 S BREIEL BLVD, , MIDDLETOWN, OH, 45044, US",DHL SmartMail Parcel Ground,4.000,Zone 04,3.06,2.95,0.00,0.11,2.95
2021-04-05,,'3586227,'9374869903506581304361,", 226 S PROSPECT AVE, , ITASCA, IL, 60143, US",DHL SmartMail Parcel Ground,2.000,Zone 05,3.12,3.01,0.00,0.11,3.01
2021-04-05,,'3595650,'9374869903506581305214,", 201 WOODRIDGE LN, , WINCHESTER, VA, 22603, US",DHL SmartMail Parcel Ground,2.000,Zone 03,3.03,2.92,0.00,0.11,2.92
2021-04-05,,'3582506,'9374869903506581305283,", 14575 W CAPRICORN DR, , ELOY, AZ, 85131, US",DHL SmartMail Parcel Ground,1.000,Zone 08,3.49,3.29,0.00,0.20,3.29
2021-04-05,,'3581672,'9374869903506581306266,", 4614 PLYMOUTH WAY, , MISSOURI CITY, TX, 77459, US",DHL SmartMail Parcel Ground,1.000,Zone 06,3.22,3.09,0.00,0.13,3.09
2021-04-05,,'3582193,'9374869903506581306303,", 901 LONE STAR DR, , CEDAR PARK, TX, 78613, US",DHL SmartMail Parcel Ground,2.000,Zone 07,3.35,3.22,0.00,0.13,3.22
2021-04-05,,'3596357,'9374869903506581306334,", 2140 SLABTOWN RD, , LIMA, OH, 45801, US",DHL SmartMail Parcel Ground,1.000,Zone 04,3.06,2.95,0.00,0.11,2.95
2021-04-05,,'3584014,'9374869903506581306358,", 317 MARI CT, , RIDGECREST, CA, 93555, US",DHL SmartMail Parcel Ground,1.000,Zone 08,3.49,3.29,0.00,0.20,3.29
2021-04-05,,'3584351,'9374869903506581307195,", 11879 OSCEOLA ST, , WESTMINSTER, CO, 80031, US",DHL SmartMail Parcel Ground,1.000,Zone 07,3.35,3.20,0.00,0.15,3.20
2021-04-05,,'3588553,'9374869903506581307218,", 3200 FRIENDSHIP DR, , TOANO, VA, 23168, US",DHL SmartMail Parcel Ground,1.000,Zone 03,3.03,2.92,0.00,0.11,2.92
2021-04-05,,'3591790,'9374869903506581311048,", 960 STARKEY RD UNIT 2403, , LARGO, FL, 33771, US",DHL SmartMail Parcel Ground,3.000,Zone 06,3.22,3.10,0.00,0.12,3.10
2021-04-05,,'3606632,'9374869903506581312649,", 11 CRUMITIE RD, , LOUDONVILLE, NY, 12211, US",DHL SmartMail Parcel Ground,3.000,Zone 02,3.01,2.90,0.00,0.11,2.90
2021-04-05,,'3612887,'9374869903506581313561,", 702 CATHEDRAL ST, , BALTIMORE, MD, 21201, US",DHL SmartMail Parcel Ground,3.000,Zone 02,3.01,2.90,0.00,0.11,2.90
2021-04-05,,'3612830,'9374869903506581316074,", 1015 CANAL BLVD, MICRO PRECISION AUTOMATION, RICHMOND, CA, 94804, US",DHL SmartMail Parcel Ground,3.000,Zone 08,3.49,3.31,0.00,0.18,3.31
2021-04-05,,'3585988,'9374869903506581326721,", 381 FRONT ST, , POTTSVILLE, PA, 17901, US",DHL SmartMail Parcel Ground,5.000,Zone 02,3.46,3.31,0.00,0.15,3.31
2021-04-05,,'3588051,'9374869903506581327964,", 55 JEFFERSON AVE, , BROOKLYN, NY, 11216, US",DHL SmartMail Parcel Ground,3.000,Zone 01,3.01,2.90,0.00,0.11,2.90
2021-04-05,,'3593082,'9374869903506581327971,", 55 JEFFERSON AVE, , BROOKLYN, NY, 11216, US",DHL SmartMail Parcel Ground,5.000,Zone 01,3.46,3.31,0.00,0.15,3.31
2021-04-05,,'3584021,'9374869903506581328800,", 1111 4TH ST APT 19, , SAN RAFAEL, CA, 94901, US",DHL SmartMail Parcel Ground,7.000,Zone 08,3.85,3.61,0.00,0.24,3.61
2021-04-05,,'3612772,'9374869903506581328862,", 1100 VALLEY VIEW DR, , WESLACO, TX, 78596, US",DHL SmartMail Parcel Ground,3.000,Zone 07,3.35,3.22,0.00,0.13,3.22
2021-04-05,,'3586575,'9374869903506581329876,", 400 S BEAR CREEK RD, , LIBERTY HILL, TX, 78642, US",DHL SmartMail Parcel Ground,7.000,Zone 07,3.69,3.55,0.00,0.14,3.55
2021-04-05,,'3599536,'9374869903506581336980,", 187 COUNTY ROAD 969, , WORTHAM, TX, 76693, US",DHL SmartMail Parcel Ground,7.000,Zone 06,3.58,3.45,0.00,0.13,3.45
2021-04-05,,'3605124,'9374869903506581350740,", 29 INVERNESS CT, , WHITE PLAINS, NY, 10605, US",DHL SmartMail Parcel Ground,6.000,Zone 01,3.46,3.32,0.00,0.14,3.32
2021-04-05,,'3608193,'9374869903506581356247,", 534 S BERLIN AVE, , MAYS LANDING, NJ, 08330, US",DHL SmartMail Parcel Ground,7.000,Zone 02,3.46,3.33,0.00,0.13,3.33
2021-04-05,,'3584102,'9374869903506581387364,", 1340 DANADA CT, , NAPERVILLE, IL, 60563, US",DHL SmartMail Parcel Ground,2.000,Zone 05,3.12,3.01,0.00,0.11,3.01
2021-04-05,,'3591929,'9374869903506581388477,", 18501 SE NEWPORT WAY UNIT F125, , ISSAQUAH, WA, 98027, US",DHL SmartMail Parcel Ground,2.000,Zone 08,3.49,3.30,0.00,0.19,3.30
2021-04-05,,'3600016,'9374869903506581389221,", 1411 VAN BUREN AVE, , SAINT PAUL, MN, 55104, US",DHL SmartMail Parcel Ground,2.000,Zone 05,3.12,3.01,0.00,0.11,3.01
2021-04-05,,'3592230,'9374869903506581390012,", PO BOX 739, #739, TANNERSVILLE, NY, 12485, US",DHL SmartMail Parcel Ground,2.000,Zone 02,3.01,2.90,0.00,0.11,2.90
2021-04-05,,'3608253,'9374869903506581409547,", 13606 RAILROAD ST, , GLEN ELLEN, CA, 95442, US",DHL SmartMail Parcel Ground,10.000,Zone 08,4.68,4.29,0.00,0.39,4.29
2021-04-05,,'3595359,'9374869903506581410512,", 250 HORTON ROAD  OFF 109 SOUTH, , WADESBORO, NC, 28170, US",DHL SmartMail Parcel Ground,10.000,Zone 04,4.12,3.89,0.00,0.23,3.89
2021-04-05,,'3604902,'9374869903506581410529,", 19841 JEFFREY CIR N, , FOREST LAKE, MN, 55025, US",DHL SmartMail Parcel Ground,10.000,Zone 05,4.20,3.97,0.00,0.23,3.97
2021-04-05,,'3603653,'9374869903506581411915,", 504 BRUIN CT, , STOCKBRIDGE, GA, 30281, US",DHL SmartMail Parcel Ground,10.000,Zone 05,4.20,3.97,0.00,0.23,3.97
2021-04-05,,'3608145,'9374869903506581411960,", 6929 CHINOOK DR, , AUSTIN, TX, 78736, US",DHL SmartMail Parcel Ground,10.000,Zone 07,4.53,4.25,0.00,0.28,4.25
2021-04-05,,'3607605,'9374869903506581480010,", PO BOX 4, 10908 RT 19, HUME, NY, 14745, US",DHL SmartMail Parcel Ground,4.000,Zone 03,3.03,2.94,0.00,0.09,2.94
2021-04-05,,'3607692,'9374869903506581502279,", 2634 NASSAU ST, , SARASOTA, FL, 34231, US",DHL SmartMail Parcel Ground,6.000,Zone 06,3.58,3.44,0.00,0.14,3.44
2021-04-05,,'3581252,'9374869903506581502941,", 197 DAVIS STATION RD, , CREAM RIDGE, NJ, 08514, US",DHL SmartMail Parcel Ground,5.000,Zone 01,3.46,3.31,0.00,0.15,3.31
2021-04-05,,'3594787,'9374869903506581516153,", 10204 GRAFTON RD, , RALEIGH, NC, 27615, US",DHL SmartMail Parcel Ground,8.000,Zone 04,3.51,3.39,0.00,0.12,3.39
2021-04-05,,'3608214,'9374869903506581520808,", 1225 VIRGINIA AVE, , LIBERTYVILLE, IL, 60048, US",DHL SmartMail Parcel Ground,4.000,Zone 05,3.12,3.01,0.00,0.11,3.01
2021-04-06,,'317358,'9300169903506585947171,", PO BOX 1675, , HONOKAA, HI, 96727, US",DHL SmartMail Parcel Ground,3.000,Zone 12,3.49,4.27,0.00,-0.78,4.27
2021-04-06,,'3608175,'9300169903506588716835,", PO BOX 701, , SAINT JUST, PR, 00978, US",DHL SmartMail Parcel Ground,4.000,Zone 11,3.49,4.28,0.00,-0.79,4.28
2021-04-06,,'3596235,'9300169903506589041462,", HC 2 BOX 7100, , BARRANQUITAS, PR, 00794, US",DHL SmartMail Parcel Ground,5.000,Zone 11,3.85,4.63,0.00,-0.78,4.63
2021-04-06,,'3607193,'9300169903506589273665,", 290168 POB, , YIGO, GU, 96929, US",DHL SmartMail Parcel Ground,4.000,Zone 12,3.49,4.28,0.00,-0.79,4.28
2021-04-06,,'3592258,'9374869903506585409291,", 1138 N BRAND BLVD STE A, , GLENDALE, CA, 91202, US",DHL SmartMail Parcel Ground,5.000,Zone 08,3.85,3.61,0.00,0.24,3.61
2021-04-06,,'3595525,'9374869903506585426243,", 901 W YAMATO RD STE 101, , BOCA RATON, FL, 33431, US",DHL SmartMail Parcel Ground,5.000,Zone 06,3.58,3.44,0.00,0.14,3.44
2021-04-06,,'3593164,'9374869903506585441840,", LE CAFE DE LA PLAGE- 29169 HEATHERCLIFF ROAD, #112, MALIBU, CA, 90265, US",DHL SmartMail Parcel Ground,4.000,Zone 08,3.49,3.31,0.00,0.18,3.31
2021-04-06,,'3608313,'9374869903506585465372,", 2415 E ROSE AVE, , DES MOINES, IA, 50320, US",DHL SmartMail Parcel Ground,2.000,Zone 05,3.12,3.01,0.00,0.11,3.01
2021-04-06,,'3602696,'9374869903506585491036,", 433 BALDWIN RD, , CARLISLE, MA, 01741, US",DHL SmartMail Parcel Ground,13.000,Zone 02,5.19,4.72,0.00,0.47,4.72
2021-04-06,,'3608405,'9374869903506585504668,", 5434 W 7530 S, , WEST JORDAN, UT, 84081, US",DHL SmartMail Parcel Ground,13.000,Zone 08,5.98,5.30,0.00,0.68,5.30
2021-04-06,,'3608212,'9374869903506585521887,", 888 TUREAUD LN, , CLOVIS, CA, 93619, US",DHL SmartMail Parcel Ground,2.000,Zone 08,3.49,3.30,0.00,0.19,3.30
2021-04-06,,'3608379,'9374869903506585531985,", 375 COLLEGE VIEW ST UNIT 203, , STARKVILLE, MS, 39759, US",DHL SmartMail Parcel Ground,2.000,Zone 06,3.22,3.10,0.00,0.12,3.10
2021-04-06,,'3612729,'9374869903506585543797,", 106 S HILLARY AVE, , LAFAYETTE, LA, 70506, US",DHL SmartMail Parcel Ground,13.000,Zone 06,5.66,5.13,0.00,0.53,5.13
2021-04-06,,'3589161,'9374869903506585565416,", 6165 W MERCER WAY, , MERCER ISLAND, WA, 98040, US",DHL SmartMail Parcel Ground,2.000,Zone 08,3.49,3.30,0.00,0.19,3.30
2021-04-06,,'3583428,'9374869903506585579949,", 620 N 9TH ST, , ALLENTOWN, PA, 18102, US",DHL SmartMail Parcel Ground,2.000,Zone 01,3.01,2.90,0.00,0.11,2.90
2021-04-06,,'3581318,'9374869903506585603064,", 18 W PARK PL, , NEW ORLEANS, LA, 70124, US",DHL SmartMail Parcel Ground,2.000,Zone 06,3.22,3.10,0.00,0.12,3.10
2021-04-06,,'3608276,'9374869903506585622461,", 4386 GEORGE FRYE CIR, , DALE CITY, VA, 22193, US",DHL SmartMail Parcel Ground,13.000,Zone 03,5.23,4.77,0.00,0.46,4.77
2021-04-06,,'3608363,'9374869903506585639568,", 101 POINTE VIEW DR, , MARS, PA, 16046, US",DHL SmartMail Parcel Ground,13.000,Zone 04,5.27,4.80,0.00,0.47,4.80
2021-04-06,,'3608420,'9374869903506585664799,", 8710 S EAGLE CT, , OAK CREEK, WI, 53154, US",DHL SmartMail Parcel Ground,13.000,Zone 05,5.42,4.93,0.00,0.49,4.93
2021-04-06,,'3612605,'9374869903506585684858,", 28 LINCOLN PARK RD, , PEQUANNOCK, NJ, 07440, US",DHL SmartMail Parcel Ground,13.000,Zone 01,5.19,4.72,0.00,0.47,4.72
2021-04-06,,'3608251,'9374869903506585707977,", 10316 DEMAREST RD, , WELSH, LA, 70591, US",DHL SmartMail Parcel Ground,13.000,Zone 06,5.66,5.13,0.00,0.53,5.13
2021-04-06,,'3608235,'9374869903506585735949,", 215 PINEWOOD DR, , SUMMERVILLE, SC, 29483, US",DHL SmartMail Parcel Ground,2.000,Zone 05,3.12,3.01,0.00,0.11,3.01
2021-04-06,,'3608305,'9374869903506585747195,", 4612 176TH ST SW APT B3, , LYNNWOOD, WA, 98037, US",DHL SmartMail Parcel Ground,2.000,Zone 08,3.49,3.30,0.00,0.19,3.30
2021-04-06,,'3613251,'9374869903506585951288,", 8038 IRIS AVE, , NORTH BRANCH, MN, 55056, US",DHL SmartMail Parcel Ground,5.000,Zone 05,3.57,3.41,0.00,0.16,3.41
2021-04-06,,'3613677,'9374869903506585951394,", 201 SUNSET DR, , BLACKSBURG, SC, 29702, US",DHL SmartMail Parcel Ground,5.000,Zone 04,3.51,3.35,0.00,0.16,3.35
2021-04-06,,'3613034,'9374869903506585952155,", 3072 SANDPIPER BAY CIR APT M201, , NAPLES, FL, 34112, US",DHL SmartMail Parcel Ground,5.000,Zone 06,3.58,3.44,0.00,0.14,3.44
2021-04-06,,'3613675,'9374869903506585952896,", 2633 VIA OLIVERA, , PALOS VERDES ESTATES, CA, 90274, US",DHL SmartMail Parcel Ground,5.000,Zone 08,3.85,3.61,0.00,0.24,3.61
2021-04-06,,'317079,'9374869903506586000411,", 140 BALLARD RD, , PELZER, SC, 29669, US",DHL SmartMail Parcel Ground,5.000,Zone 04,3.51,3.35,0.00,0.16,3.35
2021-04-06,,'3613408,'9374869903506586001036,", 3704 CLINTON AVE, , CLEVELAND, OH, 44113, US",DHL SmartMail Parcel Ground,6.000,Zone 04,3.51,3.37,0.00,0.14,3.37
2021-04-06,,'317117,'9374869903506586001043,", 2901 S OCEAN BLVD APT 401, , HIGHLAND BEACH, FL, 33487, US",DHL SmartMail Parcel Ground,5.000,Zone 06,3.58,3.44,0.00,0.14,3.44
2021-04-06,,'3613303,'9374869903506586131818,", 100 BUCK LN, , HAVERFORD, PA, 19041, US",DHL SmartMail Parcel Ground,13.000,Zone 02,5.19,4.72,0.00,0.47,4.72
2021-04-06,,'3613257,'9374869903506586132587,", 49 LOWER CROSS RD, , LEBANON, ME, 04027, US",DHL SmartMail Parcel Ground,13.000,Zone 03,5.23,4.77,0.00,0.46,4.77
2021-04-06,,'3613092,'9374869903506586132655,", 12 VERNON AVE, , STATEN ISLAND, NY, 10309, US",DHL SmartMail Parcel Ground,13.000,Zone 01,5.19,4.72,0.00,0.47,4.72
2021-04-06,,'3613626,'9374869903506586134864,", 15 PHILIP PL, , IRVINGTON, NJ, 07111, US",DHL SmartMail Parcel Ground,13.000,Zone 01,5.19,4.72,0.00,0.47,4.72
2021-04-06,,'3613718,'9374869903506586134895,", 5 FLORABUNDA LN, , CINNAMINSON, NJ, 08077, US",DHL SmartMail Parcel Ground,13.000,Zone 02,5.19,4.72,0.00,0.47,4.72
2021-04-06,,'3613788,'9374869903506586134901,", 400 OLD LA HONDA RD, , WOODSIDE, CA, 94062, US",DHL SmartMail Parcel Ground,13.000,Zone 08,5.98,5.30,0.00,0.68,5.30
2021-04-06,,'3584079,'9374869903506586137056,", 12510 136TH ST E, , PUYALLUP, WA, 98374, US",DHL SmartMail Parcel Ground,2.000,Zone 08,3.49,3.30,0.00,0.19,3.30
2021-04-06,,'3613070,'9374869903506586137087,", 65 E 99TH ST APT 6F, , NEW YORK, NY, 10029, US",DHL SmartMail Parcel Ground,2.000,Zone 01,3.01,2.90,0.00,0.11,2.90
2021-04-06,,'3606369,'9374869903506586137094,", 33347 PINEHURST LOOP # 43, , MAGNOLIA, TX, 77355, US",DHL SmartMail Parcel Ground,4.000,Zone 06,3.22,3.10,0.00,0.12,3.10
2021-04-06,,'3612637,'9374869903506586137100,", 6619 N OLIPHANT AVE, , CHICAGO, IL, 60631, US",DHL SmartMail Parcel Ground,2.000,Zone 05,3.12,3.01,0.00,0.11,3.01
2021-04-06,,'3608390,'9374869903506586138114,", 11145 N STARGAZER DR, , ORO VALLEY, AZ, 85737, US",DHL SmartMail Parcel Ground,2.000,Zone 08,3.49,3.30,0.00,0.19,3.30
2021-04-06,,'3583026,'9374869903506586138138,", 301 E VINE ST, , TOLEDO, IA, 52342, US",DHL SmartMail Parcel Ground,4.000,Zone 05,3.12,3.01,0.00,0.11,3.01
2021-04-06,,'3613116,'9374869903506586140001,", 2105 TOWN CENTRE DR UNIT 29, , ROUND ROCK, TX, 78664, US",DHL SmartMail Parcel Ground,5.000,Zone 07,3.69,3.53,0.00,0.16,3.53
2021-04-06,,'317355,'9374869903506586270609,", 5938 BRIARMIST PL, , SAINT LOUIS, MO, 63128, US",DHL SmartMail Parcel Ground,1.000,Zone 05,3.12,3.01,0.00,0.11,3.01
2021-04-06,,'7810968457877,'9374869903506586271217,", 8723 W AMELIA AVE, , PHOENIX, AZ, 85037, US",DHL SmartMail Parcel Ground,2.000,Zone 08,3.49,3.30,0.00,0.19,3.30
2021-04-06,,'317267,'9374869903506586271224,", 297 SW GULL DR, , LAKE CITY, FL, 32024, US",DHL SmartMail Parcel Ground,4.000,Zone 05,3.12,3.01,0.00,0.11,3.01
2021-04-06,,'317261,'9374869903506586272146,", 4179 W 24TH PL, , YUMA, AZ, 85364, US",DHL SmartMail Parcel Ground,4.000,Zone 08,3.49,3.31,0.00,0.18,3.31
2021-04-06,,'317346,'9374869903506586272191,", 418 S MAIN ST, , SALISBURY, NC, 28144, US",DHL SmartMail Parcel Ground,2.000,Zone 04,3.06,2.95,0.00,0.11,2.95
2021-04-06,,'317344,'9374869903506586272207,", 123 COURTHOUSE RD, , FRANKLIN SQUARE, NY, 11010, US",DHL SmartMail Parcel Ground,2.000,Zone 01,3.01,2.90,0.00,0.11,2.90
2021-04-06,,'317356,'9374869903506586272764,", 7948 DOUGLAS RD, , LAMBERTVILLE, MI, 48144, US",DHL SmartMail Parcel Ground,4.000,Zone 04,3.06,2.95,0.00,0.11,2.95
2021-04-06,,'317330,'9374869903506586273082,", 31 FOSTER ST, , BRIGHTON, MA, 02135, US",DHL SmartMail Parcel Ground,5.000,Zone 03,3.49,3.34,0.00,0.15,3.34
2021-04-06,,'4814658473602,'9374869903506586276434,", 1 WARWICK LN, , NASHVILLE, TN, 37205, US",DHL SmartMail Parcel Ground,4.000,Zone 05,3.12,3.01,0.00,0.11,3.01
2021-04-06,,'6814668857276,'9374869903506586283029,", 28674 127TH ST, , MOBRIDGE, SD, 57601, US",DHL SmartMail Parcel Ground,3.000,Zone 06,3.22,3.10,0.00,0.12,3.10
2021-04-06,,'3613196,'9374869903506586287348,", 11457 PALM ST NW, , COON RAPIDS, MN, 55448, US",DHL SmartMail Parcel Ground,2.000,Zone 05,3.12,3.01,0.00,0.11,3.01
2021-04-06,,'317110,'9374869903506586287485,", 1709 SONGBIRD CT, , LENOIR, NC, 28645, US",DHL SmartMail Parcel Ground,2.000,Zone 04,3.06,2.95,0.00,0.11,2.95
2021-04-06,,'317246,'9374869903506586287980,", 1701 STATE HILL RD APT P5, , WYOMISSING, PA, 19610, US",DHL SmartMail Parcel Ground,2.000,Zone 02,3.01,2.90,0.00,0.11,2.90
2021-04-06,,'3613630,'9374869903506586288253,", 3131 DEMOCRAT RD STE C-171, , MEMPHIS, TN, 38118, US",DHL SmartMail Parcel Ground,2.000,Zone 05,3.12,3.01,0.00,0.11,3.01
2021-04-06,,'3613137,'9374869903506586290126,", 3260 E ATSINA DR, , SIERRA VISTA, AZ, 85650, US",DHL SmartMail Parcel Ground,1.000,Zone 08,3.49,3.29,0.00,0.20,3.29
2021-04-06,,'3614426,'9374869903506586291437,", 1541 MCKAIG AVE APT 17, , TROY, OH, 45373, US",DHL SmartMail Parcel Ground,3.000,Zone 04,3.06,2.95,0.00,0.11,2.95
2021-04-06,,'3613779,'9374869903506586291871,", 205 S BANANA RIVER BLVD APT 103, , COCOA BEACH, FL, 32931, US",DHL SmartMail Parcel Ground,2.000,Zone 05,3.12,3.01,0.00,0.11,3.01
2021-04-06,,'317266,'9374869903506586292427,", 5108 QUEENSBURY CIR, , FREDERICKSBURG, VA, 22408, US",DHL SmartMail Parcel Ground,5.000,Zone 03,3.49,3.34,0.00,0.15,3.34
2021-04-06,,'317074,'9374869903506586292953,", 27 E COLUMBIA ST, , LOGANSPORT, IN, 46947, US",DHL SmartMail Parcel Ground,10.000,Zone 05,4.20,3.97,0.00,0.23,3.97
2021-04-06,,'3613304,'9374869903506586293905,", 1400 E KAY AVE LOT 142, , HAYSVILLE, KS, 67060, US",DHL SmartMail Parcel Ground,6.000,Zone 06,3.58,3.44,0.00,0.14,3.44
2021-04-06,,'3613609,'9374869903506586294728,", 97 GRAYTON RD, , TONAWANDA, NY, 14150, US",DHL SmartMail Parcel Ground,5.000,Zone 03,3.49,3.34,0.00,0.15,3.34
2021-04-06,,'3614352,'9374869903506586295626,", 3194 OXFORD AVE SE, , ALBANY, OR, 97322, US",DHL SmartMail Parcel Ground,8.000,Zone 08,3.85,3.61,0.00,0.24,3.61
2021-04-06,,'317240,'9374869903506586305578,", 287 N 17TH ST, , BLOOMFIELD, NJ, 07003, US",DHL SmartMail Parcel Ground,5.000,Zone 01,3.46,3.31,0.00,0.15,3.31
2021-04-06,,'317363,'9374869903506586305868,", 1935 FALSTONE AVE, , HACIENDA HEIGHTS, CA, 91745, US",DHL SmartMail Parcel Ground,3.000,Zone 08,3.49,3.31,0.00,0.18,3.31
2021-04-06,,'3614932,'9374869903506586314235,", 4430 DOW RIDGE RD, , ORCHARD LAKE, MI, 48324, US",DHL SmartMail Parcel Ground,12.000,Zone 04,4.12,3.91,0.00,0.21,3.91
2021-04-06,,'3614946,'9374869903506586328331,", 28 SUNRISE DR, , CHINA, ME, 04358, US",DHL SmartMail Parcel Ground,4.000,Zone 03,3.03,2.94,0.00,0.09,2.94
2021-04-06,,'6810914756996,'9374869903506586487687,", 2507 E HILLVIEW DR, , DALTON, GA, 30721, US",DHL SmartMail Parcel Ground,3.000,Zone 05,3.12,3.01,0.00,0.11,3.01
2021-04-06,,'6810882372952,'9374869903506586487717,", 44039 COLONY CT, , LANCASTER, CA, 93536, US",DHL SmartMail Parcel Ground,3.000,Zone 08,3.49,3.31,0.00,0.18,3.31
2021-04-06,,'7814583074664,'9374869903506586490212,", 842 STATE HIGHWAY 23, , PIPESTONE, MN, 56164, US",DHL SmartMail Parcel Ground,4.000,Zone 06,3.22,3.10,0.00,0.12,3.10
2021-04-06,,'7814561923557,'9374869903506586491240,", 175 W NEW HAMPSHIRE AVE, , SOUTHERN PINES, NC, 28387, US",DHL SmartMail Parcel Ground,2.000,Zone 04,3.06,2.95,0.00,0.11,2.95
2021-04-06,,'6810914693077,'9374869903506586492353,", 100 ALEX TRACE DR, , MERIDIANVILLE, AL, 35759, US",DHL SmartMail Parcel Ground,2.000,Zone 05,3.12,3.01,0.00,0.11,3.01
2021-04-06,,'7814626509435,'9374869903506586492377,", 2806 SHOREWOOD DR, , MCHENRY, IL, 60050, US",DHL SmartMail Parcel Ground,2.000,Zone 05,3.12,3.01,0.00,0.11,3.01
2021-04-06,,'4810850505427,'9374869903506586493008,", 1528 N JACKSON ST, , LITCHFIELD, IL, 62056, US",DHL SmartMail Parcel Ground,2.000,Zone 05,3.12,3.01,0.00,0.11,3.01
2021-04-06,,'4810850508770,'9374869903506586493015,", 12114 COUNTRY CLUB LN, , GRAND TERRACE, CA, 92313, US",DHL SmartMail Parcel Ground,2.000,Zone 08,3.49,3.30,0.00,0.19,3.30
2021-04-06,,'7814594332619,'9374869903506586493046,", 2200 W PEORIA AVE, , PHOENIX, AZ, 85029, US",DHL SmartMail Parcel Ground,2.000,Zone 08,3.49,3.30,0.00,0.19,3.30
2021-04-06,,'4810861031947,'9374869903506586494661,", 13003 CALLE DE SANDIAS NE, , ALBUQUERQUE, NM, 87111, US",DHL SmartMail Parcel Ground,3.000,Zone 07,3.35,3.22,0.00,0.13,3.22
2021-04-06,,'7814616074328,'9374869903506586494715,", 251 PANORAMIC CIR, , WARRIOR, AL, 35180, US",DHL SmartMail Parcel Ground,3.000,Zone 05,3.12,3.01,0.00,0.11,3.01
2021-04-06,,'3814551203894,'9374869903506586496375,", 5501 COGSWELL RD, , WAYNE, MI, 48184, US",DHL SmartMail Parcel Ground,3.000,Zone 04,3.06,2.95,0.00,0.11,2.95
2021-04-06,,'4810925636671,'9374869903506586497051,", 765 N LOG RD, , CALHAN, CO, 80808, US",DHL SmartMail Parcel Ground,2.000,Zone 07,3.35,3.22,0.00,0.13,3.22
2021-04-06,,'4814572900039,'9374869903506586505961,", 7411 OLD QUARRY LN, , BRECKSVILLE, OH, 44141, US",DHL SmartMail Parcel Ground,2.000,Zone 04,3.06,2.95,0.00,0.11,2.95
2021-04-06,,'7814615745164,'9374869903506586506852,", 9540 BRINK RD, , GAITHERSBURG, MD, 20882, US",DHL SmartMail Parcel Ground,2.000,Zone 03,3.03,2.92,0.00,0.11,2.92
2021-04-06,,'6814647555134,'9374869903506586506869,", 6338 JUNEAU LN N, , MAPLE GROVE, MN, 55311, US",DHL SmartMail Parcel Ground,2.000,Zone 05,3.12,3.01,0.00,0.11,3.01
2021-04-06,,'4814593992990,'9374869903506588433583,", 31 STONEY DR, , PARKESBURG, PA, 19365, US",DHL SmartMail Parcel Ground,2.000,Zone 02,3.01,2.90,0.00,0.11,2.90
2021-04-06,,'3581066,'9374869903506588721536,", 1917 GREEN WING DR, , GRANBURY, TX, 76049, US",DHL SmartMail Parcel Ground,14.000,Zone 06,5.66,5.16,0.00,0.50,5.16
2021-04-06,,'3608469,'9374869903506588740612,", 374 N MCLEAN BLVD, , ELGIN, IL, 60123, US",DHL SmartMail Parcel Ground,5.000,Zone 05,3.57,3.41,0.00,0.16,3.41
2021-04-06,,'3582918,'9374869903506588744573,", 25040 VAN BORN RD, , DEARBORN HEIGHTS, MI, 48125, US",DHL SmartMail Parcel Ground,7.000,Zone 04,3.51,3.38,0.00,0.13,3.38
2021-04-06,,'3602299,'9374869903506588980360,", 2402 LAKE VIEW CT, , PARK CITY, UT, 84060, US",DHL SmartMail Parcel Ground,4.000,Zone 08,3.49,3.31,0.00,0.18,3.31
2021-04-06,,'3583377,'9374869903506588984313,", 28 BEACH ST, , SWANSEA, MA, 02777, US",DHL SmartMail Parcel Ground,5.000,Zone 03,3.49,3.34,0.00,0.15,3.34
2021-04-06,,'3585432,'9374869903506588989332,", 36 CATHEDRAL ST, , ANNAPOLIS, MD, 21401, US",DHL SmartMail Parcel Ground,5.000,Zone 02,3.46,3.31,0.00,0.15,3.31
2021-04-06,,'7814647881391,'9374869903506589000838,", 517 WOOD ST, , PACIFIC GROVE, CA, 93950, US",DHL SmartMail Parcel Ground,4.000,Zone 08,3.49,3.31,0.00,0.18,3.31
2021-04-06,,'3600163,'9374869903506589023257,", 7046 WOODROW WILSON DR, , LOS ANGELES, CA, 90068, US",DHL SmartMail Parcel Ground,4.000,Zone 08,3.49,3.31,0.00,0.18,3.31
2021-04-06,,'3580961,'9374869903506589026180,", 201 MURPHY RD, , WILMINGTON, DE, 19803, US",DHL SmartMail Parcel Ground,4.000,Zone 02,3.01,2.92,0.00,0.09,2.92
2021-04-06,,'3606266,'9374869903506589027859,", 215 RANCHO BRAZIL LN, , WATSONVILLE, CA, 95076, US",DHL SmartMail Parcel Ground,7.000,Zone 08,3.85,3.61,0.00,0.24,3.61
2021-04-06,,'3592235,'9374869903506589045716,", 1840 RUE DE TRUST, , ERIE, CO, 80516, US",DHL SmartMail Parcel Ground,4.000,Zone 07,3.35,3.24,0.00,0.11,3.24
2021-04-06,,'317071,'9374869903506589059218,", 6733 WEILERSVILLE RD, , SMITHVILLE, OH, 44677, US",DHL SmartMail Parcel Ground,15.000,Zone 04,5.27,4.82,0.00,0.45,4.82
2021-04-06,,'3608119,'9374869903506589063390,", 4525 TWAIN AVE APT 36, , SAN DIEGO, CA, 92120, US",DHL SmartMail Parcel Ground,7.000,Zone 08,3.85,3.61,0.00,0.24,3.61
2021-04-06,,'6814637261820,'9374869903506589158119,", 1750 CHESTER RD, , BETHLEHEM, PA, 18017, US",DHL SmartMail Parcel Ground,4.000,Zone 01,3.01,2.92,0.00,0.09,2.92
2021-04-06,,'3613605,'9374869903506589158560,", 5779 FOWLER RD, , ENON, OH, 45323, US",DHL SmartMail Parcel Ground,11.000,Zone 04,4.12,3.90,0.00,0.22,3.90
2021-04-06,,'317209,'9374869903506589160495,", 12656 E JAMISON PL UNIT 4, , ENGLEWOOD, CO, 80112, US",DHL SmartMail Parcel Ground,6.000,Zone 07,3.69,3.54,0.00,0.15,3.54
2021-04-06,,'4810979137208,'9374869903506589558087,", 537 MONROE ST, , TRAVERSE CITY, MI, 49684, US",DHL SmartMail Parcel Ground,3.000,Zone 05,3.12,3.01,0.00,0.11,3.01
2021-04-06,,'3586062,'9374869903506589719143,", 4198 OLD CAHABA PKWY, , HELENA, AL, 35080, US",DHL SmartMail Parcel Ground,6.000,Zone 05,3.57,3.42,0.00,0.15,3.42
2021-04-06,,'317179,'9374869903506589734948,", 7675 LANGLY AVE S, , COTTAGE GROVE, MN, 55016, US",DHL SmartMail Parcel Ground,4.000,Zone 05,3.12,3.01,0.00,0.11,3.01
2021-04-07,,'3615448,'9361269903506594256378,", 150 GREENWICH ST, , SAN FRANCISCO, CA, 94111, US",DHL SmartMail Parcel Plus Ground,32.000,Zone 08,11.69,9.69,0.00,2.00,9.69
2021-04-07,,'317372,'9361269903506595001137,", 211 CLUB SQ, , WHITSETT, NC, 27377, US",DHL SmartMail Parcel Plus Ground,32.000,Zone 04,8.24,7.28,0.00,0.96,7.28
2021-04-07,,'3618132,'9361269903506595522700,", 796 LITTLE WOODY CREEK RD, PO BOX 670, WOODY CREEK, CO, 81656, US",DHL SmartMail Parcel Plus Ground,144.000,Zone 07,30.28,18.28,0.00,12.00,18.28
2021-04-07,,'3616977,'9374869903506593452968,", 32 CENTER ST LOT 3, , MOUNT HOLLY SPRINGS, PA, 17065, US",DHL SmartMail Parcel Ground,3.000,Zone 02,3.01,2.90,0.00,0.11,2.90
2021-04-07,,'317393,'9374869903506593452975,", 118 HORSESHOE BND, ALL PETS MOBILE VETERINARY SERVICE, BUMPASS, VA, 23024, US",DHL SmartMail Parcel Ground,3.000,Zone 03,3.03,2.92,0.00,0.11,2.92
2021-04-07,,'317384,'9374869903506593454863,", 159 FOREST ST, , WEYMOUTH, MA, 02190, US",DHL SmartMail Parcel Ground,3.000,Zone 03,3.03,2.92,0.00,0.11,2.92
2021-04-07,,'317394,'9374869903506593461564,", 118 HORSESHOE BND, ALL PETS MOBILE VETERINARY SERVICE, BUMPASS, VA, 23024, US",DHL SmartMail Parcel Ground,8.000,Zone 03,3.49,3.37,0.00,0.12,3.37
2021-04-07,,'3615613,'9374869903506594186428,", 33 REED RD, , LANCASTER, NH, 03584, US",DHL SmartMail Parcel Ground,3.000,Zone 03,3.03,2.92,0.00,0.11,2.92
2021-04-07,,'3615527,'9374869903506594188408,", 4811 WORTHINGTON WAY, , ELLICOTT CITY, MD, 21043, US",DHL SmartMail Parcel Ground,1.000,Zone 02,3.01,2.90,0.00,0.11,2.90
2021-04-07,,'3615289,'9374869903506594191279,", 3017 NE 56TH ST, , KANSAS CITY, MO, 64119, US",DHL SmartMail Parcel Ground,3.000,Zone 06,3.22,3.10,0.00,0.12,3.10
2021-04-07,,'3616122,'9374869903506594191996,", 6504 COCONUT DR MIRAMAR, , MIRAMAR, FL, 33023, US",DHL SmartMail Parcel Ground,3.000,Zone 06,3.22,3.10,0.00,0.12,3.10
2021-04-07,,'317378,'9374869903506594200568,", 18 W MEETINGHOUSE RD, , NEW MILFORD, CT, 06776, US",DHL SmartMail Parcel Ground,3.000,Zone 02,3.01,2.90,0.00,0.11,2.90
2021-04-07,,'317383,'9374869903506594201473,", 2438 N NEWCASTLE AVE, , CHICAGO, IL, 60707, US",DHL SmartMail Parcel Ground,1.000,Zone 05,3.12,3.01,0.00,0.11,3.01
2021-04-07,,'317368,'9374869903506594201480,", 225 CAMDEN COVE PKWY, , CALERA, AL, 35040, US",DHL SmartMail Parcel Ground,1.000,Zone 05,3.12,3.01,0.00,0.11,3.01
2021-04-07,,'317371,'9374869903506594201558,", 5668 N FARM ROAD 189, , SPRINGFIELD, MO, 65803, US",DHL SmartMail Parcel Ground,1.000,Zone 06,3.22,3.09,0.00,0.13,3.09
2021-04-07,,'317382,'9374869903506594202180,", 61050 E SPRINGMILL DR, , LACOMBE, LA, 70445, US",DHL SmartMail Parcel Ground,1.000,Zone 06,3.22,3.09,0.00,0.13,3.09
2021-04-07,,'317396,'9374869903506594203064,", 9A GOULD ST, , MILLBURY, MA, 01527, US",DHL SmartMail Parcel Ground,1.000,Zone 02,3.01,2.90,0.00,0.11,2.90
2021-04-07,,'317364,'9374869903506594203927,", 1304 TEAKWOOD DR, , PLANT CITY, FL, 33563, US",DHL SmartMail Parcel Ground,1.000,Zone 05,3.12,3.01,0.00,0.11,3.01
2021-04-07,,'317365,'9374869903506594206140,", 314 MILL ST, , WOODSFIELD, OH, 43793, US",DHL SmartMail Parcel Ground,1.000,Zone 04,3.06,2.95,0.00,0.11,2.95
2021-04-07,,'317392,'9374869903506594212493,", 28945 BARBER RD, , WEST HARRISON, IN, 47060, US",DHL SmartMail Parcel Ground,15.000,Zone 04,5.27,4.82,0.00,0.45,4.82
2021-04-07,,'317380,'9374869903506594218426,", 750 KAHEKA ST APT 504, , HONOLULU, HI, 96814, US",DHL SmartMail Parcel Ground,1.000,Zone 12,3.49,4.27,0.00,-0.78,4.27
2021-04-07,,'3615342,'9374869903506594221822,", 5304 GLENWOOD AVE, , BOARDMAN, OH, 44512, US",DHL SmartMail Parcel Ground,1.000,Zone 04,3.06,2.95,0.00,0.11,2.95
2021-04-07,,'3615410,'9374869903506594221839,", 3135 CARNES AVE, , MEMPHIS, TN, 38111, US",DHL SmartMail Parcel Ground,1.000,Zone 05,3.12,3.01,0.00,0.11,3.01
2021-04-07,,'3616586,'9374869903506594225950,", 2108 CATAMARAN COVE DR, , PEARLAND, TX, 77584, US",DHL SmartMail Parcel Ground,1.000,Zone 06,3.22,3.09,0.00,0.13,3.09
2021-04-07,,'3617072,'9374869903506594226902,", 6673 SAINT LOUIS RIVER RD, , ESKO, MN, 55733, US",DHL SmartMail Parcel Ground,1.000,Zone 05,3.12,3.01,0.00,0.11,3.01
2021-04-07,,'3617766,'9374869903506594231289,", 8664 FOXFIRE LAKE DR, , OTTAWA, OH, 45875, US",DHL SmartMail Parcel Ground,3.000,Zone 04,3.06,2.95,0.00,0.11,2.95
2021-04-07,,'3617424,'9374869903506594231357,", 16812 E 41ST ST S, , INDEPENDENCE, MO, 64055, US",DHL SmartMail Parcel Ground,1.000,Zone 06,3.22,3.09,0.00,0.13,3.09
2021-04-07,,'3615473,'9374869903506594233016,", 2809 E 12TH ST, , THE DALLES, OR, 97058, US",DHL SmartMail Parcel Ground,1.000,Zone 08,3.49,3.29,0.00,0.20,3.29
2021-04-07,,'3616465,'9374869903506594233061,", 6363 THISTLEBROOK DR, , MEMPHIS, TN, 38115, US",DHL SmartMail Parcel Ground,3.000,Zone 05,3.12,3.01,0.00,0.11,3.01
2021-04-07,,'3616910,'9374869903506594237465,", 13024 CHESTNUT ST, , WHITTIER, CA, 90602, US",DHL SmartMail Parcel Ground,1.000,Zone 08,3.49,3.29,0.00,0.20,3.29
2021-04-07,,'3615372,'9374869903506594238295,", 2726 LILLY CT, , WARSAW, IN, 46582, US",DHL SmartMail Parcel Ground,4.000,Zone 05,3.12,3.01,0.00,0.11,3.01
2021-04-07,,'3617417,'9374869903506594238318,", 13293 SW BEDFORD ST, , KING CITY, OR, 97224, US",DHL SmartMail Parcel Ground,4.000,Zone 08,3.49,3.31,0.00,0.18,3.31
2021-04-07,,'3615828,'9374869903506594239155,", 909 14TH ST, , PLANO, TX, 75074, US",DHL SmartMail Parcel Ground,4.000,Zone 06,3.22,3.10,0.00,0.12,3.10
2021-04-07,,'3617842,'9374869903506594239278,", 19 BRADYLL RD, , WESTON, MA, 02493, US",DHL SmartMail Parcel Ground,4.000,Zone 03,3.03,2.94,0.00,0.09,2.94
2021-04-07,,'3617626,'9374869903506594240113,", 150 SPEEDWAY RD, , ROSEBURG, OR, 97471, US",DHL SmartMail Parcel Ground,1.000,Zone 08,3.49,3.29,0.00,0.20,3.29
2021-04-07,,'3615418,'9374869903506594240175,", 1319 196TH PL SE, , BOTHELL, WA, 98012, US",DHL SmartMail Parcel Ground,4.000,Zone 08,3.49,3.31,0.00,0.18,3.31
2021-04-07,,'3615888,'9374869903506594240182,", 3555 78TH ST APT 51, , JACKSON HEIGHTS, NY, 11372, US",DHL SmartMail Parcel Ground,3.000,Zone 01,3.01,2.90,0.00,0.11,2.90
2021-04-07,,'3617744,'9374869903506594241042,", 68 PINEWOOD DR, , AUBURN, ME, 04210, US",DHL SmartMail Parcel Ground,15.000,Zone 03,5.23,4.78,0.00,0.45,4.78
2021-04-07,,'3615602,'9374869903506594245019,", 5252 AIRWAY BLVD, , MISSOULA, MT, 59808, US",DHL SmartMail Parcel Ground,8.000,Zone 08,3.85,3.61,0.00,0.24,3.61
2021-04-07,,'3617797,'9374869903506594248881,", 67 MICHIGAN SETTLEMENT RD, , FORT KENT, ME, 04743, US",DHL SmartMail Parcel Ground,3.000,Zone 04,3.06,2.95,0.00,0.11,2.95
2021-04-07,,'3616514,'9374869903506594249598,", 8911 MERRICK BLVD, QUEENS LIBRARY, JAMAICA, NY, 11432, US",DHL SmartMail Parcel Ground,7.000,Zone 01,3.46,3.33,0.00,0.13,3.33
2021-04-07,,'3615566,'9374869903506594250297,", 8110 ZIONSVILLE RD DOCK 22, , INDIANAPOLIS, IN, 46268, US",DHL SmartMail Parcel Ground,3.000,Zone 05,3.12,3.01,0.00,0.11,3.01
2021-04-07,,'3616701,'9374869903506594252352,", 416 STANLEY AVE # 428, , BROOKLYN, NY, 11207, US",DHL SmartMail Parcel Ground,15.999,Zone 01,5.19,4.75,0.00,0.44,4.75
2021-04-07,,'3615605,'9374869903506594254530,", 150 GREENWICH ST, , SAN FRANCISCO, CA, 94111, US",DHL SmartMail Parcel Ground,8.000,Zone 08,3.85,3.61,0.00,0.24,3.61
2021-04-07,,'3617885,'9374869903506594259078,", 1861 HARBOR DR, , CHESTER, MD, 21619, US",DHL SmartMail Parcel Ground,7.000,Zone 03,3.49,3.36,0.00,0.13,3.36
2021-04-07,,'3616656,'9374869903506594259245,", 108 SOUTHERN ACRES DR, , FUQUAY VARINA, NC, 27526, US",DHL SmartMail Parcel Ground,5.000,Zone 04,3.51,3.35,0.00,0.16,3.35
2021-04-07,,'4810989885644,'9374869903506594881637,", 17 MCCANN DR, , OTTSVILLE, PA, 18942, US",DHL SmartMail Parcel Ground,1.000,Zone 02,3.01,2.90,0.00,0.11,2.90
2021-04-07,,'6810989605574,'9374869903506595001683,", 9320 FONTAINEBLEAU BLVD APT 506, , MIAMI, FL, 33172, US",DHL SmartMail Parcel Ground,7.000,Zone 06,3.58,3.45,0.00,0.13,3.45
2021-04-07,,'3615185,'9374869903506595014362,", 840 WALLRIDGE DR, , WAKE FOREST, NC, 27587, US",DHL SmartMail Parcel Ground,5.000,Zone 04,3.51,3.35,0.00,0.16,3.35
2021-04-07,,'3617901,'9374869903506595166153,", 4497 S ALAMOS WAY, , GOLD CANYON, AZ, 85118, US",DHL SmartMail Parcel Ground,2.000,Zone 08,3.49,3.30,0.00,0.19,3.30
2021-04-07,,'3617917,'9374869903506595527862,", 1978 OLYMPIA AVE NE, , OLYMPIA, WA, 98506, US",DHL SmartMail Parcel Ground,15.000,Zone 08,5.98,5.31,0.00,0.67,5.31
2021-04-08,,'317407,'9374869903506600589830,", 4735 LATONA AVE NE, , SEATTLE, WA, 98105, US",DHL SmartMail Parcel Ground,3.000,Zone 08,3.49,3.31,0.00,0.18,3.31
2021-04-08,,'3619946,'9374869903506600591697,", 9913 E APACHE TRL LOT 121, , MESA, AZ, 85207, US",DHL SmartMail Parcel Ground,3.000,Zone 08,3.49,3.31,0.00,0.18,3.31
2021-04-08,,'317431,'9374869903506600591970,", 100 RAILROAD AVE, , RIDGEFIELD PK, NJ, 07660, US",DHL SmartMail Parcel Ground,2.000,Zone 01,3.01,2.90,0.00,0.11,2.90
2021-04-08,,'3618785,'9374869903506600592724,", 1233 RIVER REACH DR, , VERO BEACH, FL, 32967, US",DHL SmartMail Parcel Ground,3.000,Zone 05,3.12,3.01,0.00,0.11,3.01
2021-04-08,,'3620251,'9374869903506600596494,", 8257 CROSSOAK WAY, , ORANGEVALE, CA, 95662, US",DHL SmartMail Parcel Ground,5.000,Zone 08,3.85,3.61,0.00,0.24,3.61
2021-04-08,,'317413,'9374869903506600596906,", 5457 WHITE OAK LN, , SAN DIEGO, CA, 92130, US",DHL SmartMail Parcel Ground,4.000,Zone 08,3.49,3.31,0.00,0.18,3.31
2021-04-08,,'317425,'9374869903506600598795,", 894 WOOD SORREL LN, , VENICE, FL, 34293, US",DHL SmartMail Parcel Ground,8.000,Zone 06,3.58,3.45,0.00,0.13,3.45
2021-04-08,,'317399,'9374869903506600600993,", 5 TINKERS CT, , BARNEGAT, NJ, 08005, US",DHL SmartMail Parcel Ground,8.000,Zone 02,3.46,3.34,0.00,0.12,3.34
2021-04-08,,'3620624,'9374869903506600930533,", 7005 CREIGHTON LN, , AUSTIN, TX, 78723, US",DHL SmartMail Parcel Ground,10.000,Zone 07,4.53,4.25,0.00,0.28,4.25
2021-04-08,,'3619703,'9374869903506600963524,", 6800 NW 26TH AVE, , FORT LAUDERDALE, FL, 33309, US",DHL SmartMail Parcel Ground,2.000,Zone 06,3.22,3.10,0.00,0.12,3.10
2021-04-08,,'3620611,'9374869903506600964941,", 247 BARKER RD, , NASHVILLE, TN, 37214, US",DHL SmartMail Parcel Ground,2.000,Zone 05,3.12,3.01,0.00,0.11,3.01
2021-04-08,,'3618788,'9374869903506600970942,", 16 SWAN CIR, , SHAPLEIGH, ME, 04076, US",DHL SmartMail Parcel Ground,5.000,Zone 03,3.49,3.34,0.00,0.15,3.34
2021-04-08,,'3620679,'9374869903506600999325,", 4002 E CATALINA DR, , PHOENIX, AZ, 85018, US",DHL SmartMail Parcel Ground,5.000,Zone 08,3.85,3.61,0.00,0.24,3.61
2021-04-08,,'3620058,'9374869903506601040996,", 201 E BATTLES RD, , SANTA MARIA, CA, 93454, US",DHL SmartMail Parcel Ground,3.000,Zone 08,3.49,3.31,0.00,0.18,3.31
2021-04-08,,'3619912,'9374869903506601056416,", 7924 DANA MAPLE CT, , LAS VEGAS, NV, 89131, US",DHL SmartMail Parcel Ground,5.000,Zone 08,3.85,3.61,0.00,0.24,3.61
2021-04-08,,'3618183,'9374869903506601056423,", 1562 CAMINITO SICILIA, , CHULA VISTA, CA, 91915, US",DHL SmartMail Parcel Ground,5.000,Zone 08,3.85,3.61,0.00,0.24,3.61
2021-04-08,,'317410,'9374869903506601078647,", 7108 MAPLE ST, , CHINCOTEAGUE ISLAND, VA, 23336, US",DHL SmartMail Parcel Ground,4.000,Zone 03,3.03,2.94,0.00,0.09,2.94
2021-04-08,,'317427,'9374869903506601090458,", 3402 CREST ELM DR, , CORPUS CHRISTI, TX, 78415, US",DHL SmartMail Parcel Ground,8.000,Zone 07,3.69,3.55,0.00,0.14,3.55
2021-04-08,,'508103751,'9374869903506602260928,", 77 N ALMADEN AVE APT 1009, , SAN JOSE, CA, 95110, US",DHL SmartMail Parcel Ground,5.000,Zone 08,3.85,3.61,0.00,0.24,3.61
2021-04-08,,'3621167,'9374869903506604006739,", 20521 LOIS LN, , ARLINGTON, WA, 98223, US",DHL SmartMail Parcel Ground,3.000,Zone 08,3.49,3.31,0.00,0.18,3.31
2021-04-08,,'3621509,'9374869903506604041143,", 5703 SHADWELL CT UNIT 17, , ALEXANDRIA, VA, 22309, US",DHL SmartMail Parcel Ground,4.000,Zone 03,3.03,2.94,0.00,0.09,2.94
2021-04-09,,'3623366,'9300169903506606942062,", PO BOX 307, 19-4005 HAUNANI RD, VOLCANO, HI, 96785, US",DHL SmartMail Parcel Ground,1.000,Zone 12,3.49,4.27,0.00,-0.78,4.27
2021-04-09,,'3622171,'9361269903506607783990,", 10334 OSPREY TRCE, , WEST PALM BEACH, FL, 33412, US",DHL SmartMail Parcel Plus Ground,32.000,Zone 06,10.44,9.02,0.00,1.42,9.02
2021-04-09,,'3622844,'9374869903506606943544,", 1308 HART ST, , HONOLULU, HI, 96817, US",DHL SmartMail Parcel Ground,1.000,Zone 12,3.49,4.27,0.00,-0.78,4.27
2021-04-09,,'317450,'9374869903506606989757,", 1374 KAMINAKA DR, , HONOLULU, HI, 96816, US",DHL SmartMail Parcel Ground,6.000,Zone 12,3.85,4.63,0.00,-0.78,4.63
2021-04-09,,'317451,'9374869903506606990173,", 621 PLEASANT VIEW DR, , LANCASTER, NY, 14086, US",DHL SmartMail Parcel Ground,3.000,Zone 03,3.03,2.92,0.00,0.11,2.92
2021-04-09,,'3622894,'9374869903506606990753,", 1603 WINDY PARK DR, , ROUND ROCK, TX, 78664, US",DHL SmartMail Parcel Ground,5.000,Zone 07,3.69,3.53,0.00,0.16,3.53
2021-04-09,,'3623187,'9374869903506606990814,", 494 ALBEMARLE RD, , WILMINGTON, NC, 28405, US",DHL SmartMail Parcel Ground,5.000,Zone 04,3.51,3.35,0.00,0.16,3.35
2021-04-09,,'3621874,'9374869903506606990968,", 40056 16TH ST W, , PALMDALE, CA, 93551, US",DHL SmartMail Parcel Ground,5.000,Zone 08,3.85,3.61,0.00,0.24,3.61
2021-04-09,,'317454,'9374869903506606992047,", 6212 N 1000 W, , WAYNETOWN, IN, 47990, US",DHL SmartMail Parcel Ground,8.000,Zone 05,3.57,3.44,0.00,0.13,3.44
2021-04-09,,'3622558,'9374869903506607003292,", 128 FRIAR CT # 32958, , SEBASTIAN, FL, 32958, US",DHL SmartMail Parcel Ground,3.000,Zone 05,3.12,3.01,0.00,0.11,3.01
2021-04-09,,'3622420,'9374869903506607004336,", 2300 BEECH LN, , PAMPA, TX, 79065, US",DHL SmartMail Parcel Ground,3.000,Zone 07,3.35,3.22,0.00,0.13,3.22
2021-04-09,,'3622504,'9374869903506607004343,", 540 TRAILWOOD CIR, , CENTERTON, AR, 72719, US",DHL SmartMail Parcel Ground,3.000,Zone 06,3.22,3.10,0.00,0.12,3.10
2021-04-09,,'3622688,'9374869903506607004398,", 175 ALBERT ST, , ROCHESTER, NY, 14606, US",DHL SmartMail Parcel Ground,3.000,Zone 03,3.03,2.92,0.00,0.11,2.92
2021-04-09,,'3622715,'9374869903506607004411,", 830 RAYMOND AVE, , LONG BEACH, CA, 90804, US",DHL SmartMail Parcel Ground,3.000,Zone 08,3.49,3.31,0.00,0.18,3.31
2021-04-09,,'3623449,'9374869903506607041744,", 309 PARKE WIND WAY, , CEDAR PARK, TX, 78613, US",DHL SmartMail Parcel Ground,10.000,Zone 07,4.53,4.25,0.00,0.28,4.25
2021-04-09,,'317443,'9374869903506607042635,", 939 WOLF CREEK ST, , CLERMONT, FL, 34711, US",DHL SmartMail Parcel Ground,1.000,Zone 05,3.12,3.01,0.00,0.11,3.01
2021-04-09,,'317439,'9374869903506607042642,", 1067 N MAGNOLIA ST, , LOXLEY, AL, 36551, US",DHL SmartMail Parcel Ground,1.000,Zone 06,3.22,3.09,0.00,0.13,3.09
2021-04-09,,'4810990809724,'9374869903506607042659,", 215 W 91ST ST APT 74, , NEW YORK, NY, 10024, US",DHL SmartMail Parcel Ground,1.000,Zone 01,3.01,2.90,0.00,0.11,2.90
2021-04-09,,'7810991059994,'9374869903506607043670,", 9694 GOLDEN ASTER CT, , CLARENCE CENTER, NY, 14032, US",DHL SmartMail Parcel Ground,1.000,Zone 03,3.03,2.92,0.00,0.11,2.92
2021-04-09,,'6810991071335,'9374869903506607043731,", 9694 GOLDEN ASTER CT, , CLARENCE CENTER, NY, 14032, US",DHL SmartMail Parcel Ground,1.000,Zone 03,3.03,2.92,0.00,0.11,2.92
2021-04-09,,'317459,'9374869903506607044769,", 2733 EDGEWATER DR, , NICEVILLE, FL, 32578, US",DHL SmartMail Parcel Ground,2.000,Zone 06,3.22,3.10,0.00,0.12,3.10
2021-04-09,,'317437,'9374869903506607045384,", 1925 46TH AVE APT 11, , CAPITOLA, CA, 95010, US",DHL SmartMail Parcel Ground,2.000,Zone 08,3.49,3.30,0.00,0.19,3.30
2021-04-09,,'7814691520604,'9374869903506607045773,", 10204 HUNTER SCHOOL RD, , MARINE, IL, 62061, US",DHL SmartMail Parcel Ground,4.000,Zone 05,3.12,3.01,0.00,0.11,3.01
2021-04-09,,'317447,'9374869903506607046558,", 1626 E MAIN ST, , HUMBOLDT, TN, 38343, US",DHL SmartMail Parcel Ground,4.000,Zone 05,3.12,3.01,0.00,0.11,3.01
2021-04-09,,'317438,'9374869903506607051101,", 28128 LIVINGSTON AVE, , VALENCIA, CA, 91355, US",DHL SmartMail Parcel Ground,2.000,Zone 08,3.49,3.30,0.00,0.19,3.30
2021-04-09,,'317440,'9374869903506607052757,", 4481 LAKE WORTH RD, BODEGON LOCAL 10 RODRIGO S LOCKSMITH, LAKE WORTH, FL, 33461, US",DHL SmartMail Parcel Ground,15.000,Zone 06,5.66,5.16,0.00,0.50,5.16
2021-04-09,,'317458,'9374869903506607053532,", 3744 ANNEX AVE STE B5, , NASHVILLE, TN, 37209, US",DHL SmartMail Parcel Ground,14.000,Zone 05,5.42,4.95,0.00,0.47,4.95
2021-04-09,,'3622831,'9374869903506607060660,", 3105 N ASHLAND AVE FIREPLACE, , CHICAGO, IL, 60657, US",DHL SmartMail Parcel Ground,4.000,Zone 05,3.12,3.01,0.00,0.11,3.01
2021-04-09,,'3622052,'9374869903506607061490,", 1781 BRUCKNER BLVD APT 7B, , BRONX, NY, 10472, US",DHL SmartMail Parcel Ground,4.000,Zone 01,3.01,2.92,0.00,0.09,2.92
2021-04-09,,'3623360,'9374869903506607062220,", 38734 LAPHAM CT, , LIVONIA, MI, 48154, US",DHL SmartMail Parcel Ground,3.000,Zone 04,3.06,2.95,0.00,0.11,2.95
2021-04-09,,'3621921,'9374869903506607062947,", 2522 TENNIS LN, , TRACY, CA, 95377, US",DHL SmartMail Parcel Ground,4.000,Zone 08,3.49,3.31,0.00,0.18,3.31
2021-04-09,,'3622881,'9374869903506607063715,", 11515 62ND AVE E, , PUYALLUP, WA, 98373, US",DHL SmartMail Parcel Ground,13.000,Zone 08,5.98,5.30,0.00,0.68,5.30
2021-04-09,,'3622819,'9374869903506607063944,", 1460 GRANDVIEW RD, , ARNOLD, MD, 21012, US",DHL SmartMail Parcel Ground,5.000,Zone 02,3.46,3.31,0.00,0.15,3.31
2021-04-09,,'3622180,'9374869903506607065108,", 7385 W STATE ROAD 38, , NEW CASTLE, IN, 47362, US",DHL SmartMail Parcel Ground,13.000,Zone 04,5.27,4.80,0.00,0.47,4.80
2021-04-09,,'3622514,'9374869903506607068833,", 411 TENNESSEE ST NE, , ALBUQUERQUE, NM, 87108, US",DHL SmartMail Parcel Ground,2.000,Zone 07,3.35,3.22,0.00,0.13,3.22
2021-04-09,,'3621166,'9374869903506607069205,", 2509 N NAOMI ST, , BURBANK, CA, 91504, US",DHL SmartMail Parcel Ground,2.000,Zone 08,3.49,3.30,0.00,0.19,3.30
2021-04-09,,'3622838,'9374869903506607069229,", 8743 S CLYDE AVE, , CHICAGO, IL, 60617, US",DHL SmartMail Parcel Ground,2.000,Zone 05,3.12,3.01,0.00,0.11,3.01
2021-04-09,,'3621482,'9374869903506607070102,", 43 ARCH ST, , KEENE, NH, 03431, US",DHL SmartMail Parcel Ground,2.000,Zone 03,3.03,2.92,0.00,0.11,2.92
2021-04-09,,'3621799,'9374869903506607073264,", 36 AUBURN ST # 1, , CHARLESTOWN, MA, 02129, US",DHL SmartMail Parcel Ground,2.000,Zone 03,3.03,2.92,0.00,0.11,2.92
2021-04-09,,'3621555,'9374869903506607076012,", 10 PAINTBRUSH RD, BOX 855, PINE BLUFFS, WY, 82082, US",DHL SmartMail Parcel Ground,15.000,Zone 07,5.81,5.29,0.00,0.52,5.29
2021-04-09,,'3620994,'9374869903506607076791,", 2929 E OLYMPIC BLVD APT 120, , LOS ANGELES, CA, 90023, US",DHL SmartMail Parcel Ground,3.000,Zone 08,3.49,3.31,0.00,0.18,3.31
2021-04-09,,'3621862,'9374869903506607082211,", 1200 RUSSELL WAY, , HAYWARD, CA, 94541, US",DHL SmartMail Parcel Ground,3.000,Zone 08,3.49,3.31,0.00,0.18,3.31
2021-04-09,,'3622076,'9374869903506607088367,", 5221 VERNER AVE, , SACRAMENTO, CA, 95841, US",DHL SmartMail Parcel Ground,2.000,Zone 08,3.49,3.30,0.00,0.19,3.30
2021-04-09,,'3621700,'9374869903506607088374,", 2132 NW SETTLE AVE, , PORT SAINT LUCIE, FL, 34986, US",DHL SmartMail Parcel Ground,2.000,Zone 06,3.22,3.10,0.00,0.12,3.10
2021-04-09,,'3621347,'9374869903506607088527,", 14204 BENNS CHURCH BLVD, , SMITHFIELD, VA, 23430, US",DHL SmartMail Parcel Ground,2.000,Zone 03,3.03,2.92,0.00,0.11,2.92
2021-04-09,,'3622179,'9374869903506607089074,", 1522 E SAN ALANO AVE, , ORANGE, CA, 92865, US",DHL SmartMail Parcel Ground,2.000,Zone 08,3.49,3.30,0.00,0.19,3.30
2021-04-09,,'3622497,'9374869903506607092029,", 2360 CULVER RD APT 4, , ROCHESTER, NY, 14609, US",DHL SmartMail Parcel Ground,8.000,Zone 03,3.49,3.37,0.00,0.12,3.37
2021-04-09,,'3622299,'9374869903506607095792,", 1762 140TH ST, , HIAWATHA, KS, 66434, US",DHL SmartMail Parcel Ground,1.000,Zone 06,3.22,3.09,0.00,0.13,3.09
2021-04-09,,'3622196,'9374869903506607099431,", 2764 DORCHEAT RD, , MINDEN, LA, 71055, US",DHL SmartMail Parcel Ground,3.000,Zone 06,3.22,3.10,0.00,0.12,3.10
2021-04-09,,'3622350,'9374869903506607100168,", 6308 PEAR VALLEY LN, , LAS VEGAS, NV, 89118, US",DHL SmartMail Parcel Ground,3.000,Zone 08,3.49,3.31,0.00,0.18,3.31
2021-04-09,,'3620834,'9374869903506607101219,", 70 BROOKBEND DR, , STRATFORD, CT, 06614, US",DHL SmartMail Parcel Ground,4.000,Zone 01,3.01,2.92,0.00,0.09,2.92
2021-04-09,,'3623462,'9374869903506607105323,", 150 HUNT CLUB DR APT 2C, , COPLEY, OH, 44321, US",DHL SmartMail Parcel Ground,7.000,Zone 04,3.51,3.38,0.00,0.13,3.38
2021-04-09,,'3621634,'9374869903506607111102,", 301 OXFORD VALLEY RD STE 1101, , YARDLEY, PA, 19067, US",DHL SmartMail Parcel Ground,7.000,Zone 02,3.46,3.33,0.00,0.13,3.33
2021-04-09,,'3621044,'9374869903506607113090,", BRANDY L SYLVESTER 551 E GILL WAY, , SUPERIOR, CO, 80027, US",DHL SmartMail Parcel Ground,8.000,Zone 07,3.69,3.55,0.00,0.14,3.55
2021-04-09,,'3621228,'9374869903506607114516,", 115 OLIVE CT, , HERCULES, CA, 94547, US",DHL SmartMail Parcel Ground,4.000,Zone 08,3.49,3.31,0.00,0.18,3.31
2021-04-09,,'3621552,'9374869903506607117609,", 550 VILLAGE RD, DOUBLETREE LODGE FRONT DESK, BRECKENRIDGE, CO, 80424, US",DHL SmartMail Parcel Ground,6.000,Zone 07,3.69,3.54,0.00,0.15,3.54
2021-04-09,,'317452,'9374869903506607120852,", PO BOX 1106, , SALIDA, CO, 81201, US",DHL SmartMail Parcel Ground,10.000,Zone 07,4.53,4.25,0.00,0.28,4.25
2021-04-09,,'3620927,'9374869903506607124195,", 205 ROOSEVELT DR, , DOTHAN, AL, 36301, US",DHL SmartMail Parcel Ground,2.000,Zone 05,3.12,3.01,0.00,0.11,3.01
2021-04-09,,'3620924,'9374869903506607126519,", 2200 W JEFFERSON AVE, , FAIRFIELD, IA, 52556, US",DHL SmartMail Parcel Ground,3.000,Zone 05,3.12,3.01,0.00,0.11,3.01
2021-04-09,,'3621131,'9374869903506607167529,", 6516 9TH AVE NW, , SEATTLE, WA, 98117, US",DHL SmartMail Parcel Ground,12.000,Zone 08,4.68,4.29,0.00,0.39,4.29
