Ship Date,Customer Reference,Customer Confirmation,Delivery Confirmation,Recipient Address,Service,Weight (oz),Pricing Zone,USPS Comp. Rate,Charge,Surcharges,Total Savings,Total Charges
2021-03-26,,'20210326165528399MUXV0NR,'9361269903506530901607,", 7011 E SHORECREST DR, , ANAHEIM, CA, 92807-4506, US",DHL SmartMail Parcel Plus Expedited,32.000,Zone 08,11.69,10.59,0.00,1.10,10.59
2021-03-26,,'20210326165528380WXF3L5B,'9361269903506530904325,", 2736 ARBUTUS AVE, , HALETHORPE, MD, 21227-2111, US",DHL SmartMail Parcel Plus Expedited,32.000,Zone 02,7.79,6.97,0.00,0.82,6.97
2021-03-26,,'20210326165531364MTGMAXP,'9361269903506530905292,", 422 JENNINGS AVE, , SAN ANTONIO, TX, 78225-1628, US",DHL SmartMail Parcel Plus Expedited,32.000,Zone 07,11.01,9.69,0.00,1.32,9.69
2021-03-26,,'20210326165533207TT0ZX2B,'9361269903506530905384,", 1340 OXFORD RD, , MAITLAND, FL, 32751-3573, US",DHL SmartMail Parcel Plus Expedited,32.000,Zone 05,8.85,7.85,0.00,1.00,7.85
2021-03-26,,'20210326165530399VJQWORL,'9374869903506530901610,", 160 BANBURY CT, , BENICIA, CA, 94510-1601, US",DHL SmartMail Parcel Plus Expedited,32.000,Zone 08,11.69,10.59,0.00,1.10,10.59
2021-03-26,,'20210326165539106IGAB045,'9374869903506530904628,", 38825 FREMONT BLVD APT 25, , FREMONT, CA, 94536-6913, US",DHL SmartMail Parcel Plus Expedited,32.000,Zone 08,11.69,10.59,0.00,1.10,10.59
2021-03-26,,'20210326165532049LHOSS0V,'9374869903506530905267,", 407 W Rowena Street, #571, Rosebud, TX, 76570, US",DHL SmartMail Parcel Plus Expedited,32.000,Zone 07,11.01,9.69,0.00,1.32,9.69
2021-03-26,,'20210326165533093Q2CKVGZ,'9374869903506530905311,", 8988 SHADOW BLUFF AVE, , DENHAM SPGS, LA, 70726-6130, US",DHL SmartMail Parcel Plus Expedited,32.000,Zone 06,10.44,9.03,0.00,1.41,9.03
2021-03-26,,'202103261655255573DFSQQP,'9374869903506530901511,", 33 LONGFELLOW DR APT E, , HOMESTEAD, PA, 15120-2828, US",DHL SmartMail Parcel Expedited,12.000,Zone 04,4.12,3.96,0.00,0.16,3.96
2021-03-26,,'20210326165525571H1PSHXV,'9374869903506530901535,", 8855 N HOPE LN, , YUKON, OK, 73099-9174, US",DHL SmartMail Parcel Expedited,13.000,Zone 06,5.66,5.18,0.00,0.48,5.18
2021-03-26,,'20210326165525571KCYWRSW,'9374869903506530903478,", 5232 CURTIS ST, , DEARBORN, MI, 48126-2843, US",DHL SmartMail Parcel Expedited,13.000,Zone 04,5.27,4.85,0.00,0.42,4.85
2021-03-26,,'20210326165528888X10DG4M,'9374869903506530903522,", 3035 MORTON AVE, , MUSKEGON, MI, 49444-3024, US",DHL SmartMail Parcel Expedited,9.000,Zone 04,4.12,3.92,0.00,0.20,3.92
2021-03-26,,'20210326165528413CMD5UZK,'9374869903506530903621,", 1004 ELM AVE, , AVA, MO, 65608-5313, US",DHL SmartMail Parcel Expedited,12.000,Zone 06,4.38,4.18,0.00,0.20,4.18
2021-03-26,,'20210326165531231OZTW0CE,'9374869903506530903669,", 50 JARDIN CERCLE, , HIGHLAND, IL, 62249-2965, US",DHL SmartMail Parcel Expedited,13.000,Zone 05,5.42,4.98,0.00,0.44,4.98
2021-03-26,,'20210326165531801VZF4CGN,'9374869903506530903683,", 3793 WINSTON LN, , WEST ALEXANDRIA, OH, 45381-8371, US",DHL SmartMail Parcel Expedited,13.000,Zone 04,5.27,4.85,0.00,0.42,4.85
2021-03-26,,'20210326165533094RGU0ENM,'9374869903506530903751,", 1817 CONNECTICUT AVE, , ELKHART, IN, 46514-8368, US",DHL SmartMail Parcel Expedited,12.000,Zone 05,4.20,4.04,0.00,0.16,4.04
2021-03-26,,'20210326165525572ZEE310V,'9374869903506530904246,", 322 CARRIAGE TRAIL CT, , O FALLON, MO, 63368-8008, US",DHL SmartMail Parcel Expedited,14.000,Zone 05,5.42,4.99,0.00,0.43,4.99
2021-03-26,,'202103261655255733X0NJRA,'9374869903506530904253,", 429 S WALLACE RD, , FLORENCE, SC, 29506-4343, US",DHL SmartMail Parcel Expedited,7.000,Zone 04,3.51,3.42,0.00,0.09,3.42
2021-03-26,,'202103261655284204OEQMSC,'9374869903506530904277,", 5764 W 85TH PL, , WESTCHESTER, CA, 90045-4303, US",DHL SmartMail Parcel Expedited,15.000,Zone 08,5.98,5.72,0.00,0.26,5.72
2021-03-26,,'20210326165529251UPSFOJ1,'9374869903506530904338,", 2187 FOX RUN DR, , KINSTON, NC, 28504-1979, US",DHL SmartMail Parcel Expedited,7.000,Zone 04,3.51,3.42,0.00,0.09,3.42
2021-03-26,,'20210326165533918NQ50YEP,'9374869903506530904437,", 18 OLD PROVINCE RD, , CHARLESTOWN, NH, 03603-4867, US",DHL SmartMail Parcel Expedited,12.000,Zone 03,4.09,3.93,0.00,0.16,3.93
2021-03-26,,'202103261655344955VVSMEX,'9374869903506530904451,", 891 REESE ST, , LIBERTY, MO, 64068-3093, US",DHL SmartMail Parcel Expedited,12.000,Zone 06,4.38,4.18,0.00,0.20,4.18
2021-03-26,,'202103261655376220NLGWXN,'9374869903506530904543,", 501 STONY CREEK RD, , DAUPHIN, PA, 17018-9603, US",DHL SmartMail Parcel Expedited,13.000,Zone 02,5.19,4.77,0.00,0.42,4.77
2021-03-26,,'20210326165532621XF2KWVH,'9374869903506530905281,", 1009 MCDANIEL ST, , MONROE, GA, 30655-2087, US",DHL SmartMail Parcel Expedited,8.000,Zone 05,3.57,3.48,0.00,0.09,3.48
2021-03-26,,'20210326165534551QP0150V,'9374869903506530905366,", 3282 HEATHERSTONE DR, , TROY, OH, 45373-4486, US",DHL SmartMail Parcel Expedited,15.000,Zone 04,5.27,4.87,0.00,0.40,4.87
2021-03-26,,'20210326165535344OUNNK0Z,'9374869903506530905397,", 239 SEYMOUR ST, , AUBURN, NY, 13021-2422, US",DHL SmartMail Parcel Expedited,15.000,Zone 03,5.23,4.83,0.00,0.40,4.83
2021-03-26,,'20210326165525581TEDI4TX,'9361269903506530905117,", 23 COMMODORE AVE, , KEANSBURG, NJ, 07734-1405, US",DHL SmartMail Parcel Expedited,15.000,Zone 01,5.19,4.79,0.00,0.40,4.79
2021-04-05,,'20210405153222791E5YIZWB,'9361269903506578348334,", 435 E 105TH ST APT 12E, , NEW YORK, NY, 10029-5162, US",DHL SmartMail Parcel Plus Expedited,32.000,Zone 01,7.79,6.97,0.00,0.82,6.97
2021-04-05,,'202104051532177280YZEURP,'9361269903506578348976,", 147 S SUNSET DR, , COLDWATER, MI, 49036-7748, US",DHL SmartMail Parcel Plus Expedited,32.000,Zone 04,8.24,7.35,0.00,0.89,7.35
2021-04-05,,'20210405153621508JJD352S,'9361269903506578389818,", 1622 PLANTATION WOODS WAY, , CHESAPEAKE, VA, 23320-0634, US",DHL SmartMail Parcel Plus Expedited,32.000,Zone 03,7.96,7.13,0.00,0.83,7.13
2021-04-05,,'20210405153622984GAQNSAD,'9361269903506578391705,", 334 N 41ST ST, , OMAHA, NE, 68131-2315, US",DHL SmartMail Parcel Plus Expedited,48.000,Zone 06,12.70,10.96,0.00,1.74,10.96
2021-04-05,,'20210405153623087ATKAZSG,'9361269903506578391712,", 1508 GREENFIELD AVE APT 106, , LOS ANGELES, CA, 90025-8019, US",DHL SmartMail Parcel Plus Expedited,32.000,Zone 08,11.69,10.59,0.00,1.10,10.59
2021-04-05,,'20210405153624868SZBLJZT,'9361269903506578391804,", 218 W CESAR E CHAVEZ AVE, , LANSING, MI, 48906-4809, US",DHL SmartMail Parcel Plus Expedited,48.000,Zone 04,8.72,7.95,0.00,0.77,7.95
2021-04-05,,'202104051536229835BVBYT0,'9361269903506578392696,", 2415 LORING PL, , YORKTOWN HEIGHTS, NY, 10598-3720, US",DHL SmartMail Parcel Plus Expedited,48.000,Zone 01,8.00,7.34,0.00,0.66,7.34
2021-04-05,,'20210405153622987MIBRIQB,'9361269903506578392702,", 158 NORTH DR, , MARION, VA, 24354-6625, US",DHL SmartMail Parcel Plus Expedited,32.000,Zone 04,8.24,7.35,0.00,0.89,7.35
2021-04-05,,'202104051536230583M2UGML,'9361269903506578392719,", 103 DANIELS CT, , MAXTON, NC, 28364-2634, US",DHL SmartMail Parcel Plus Expedited,48.000,Zone 04,8.72,7.95,0.00,0.77,7.95
2021-04-05,,'20210405153624720XR32URY,'9361269903506578392818,", 9004 ROOSEVELT ST, , TAYLOR, MI, 48180-2751, US",DHL SmartMail Parcel Plus Expedited,32.000,Zone 04,8.24,7.35,0.00,0.89,7.35
2021-04-05,,'20210405153625050XIUM3Y0,'9361269903506578392849,", 1602 BONNIE BRAE ST APT 5, , HOUSTON, TX, 77006-5243, US",DHL SmartMail Parcel Plus Expedited,48.000,Zone 06,12.70,10.96,0.00,1.74,10.96
2021-04-05,,'20210405153624726S03QMCX,'9361269903506578392962,", 5054 EMERTON PL, , INDIANAPOLIS, IN, 46203-3648, US",DHL SmartMail Parcel Plus Expedited,32.000,Zone 05,8.85,7.85,0.00,1.00,7.85
2021-04-05,,'20210405153624788RADP33Q,'9361269903506578392979,", 229 CEDAR CREEK PARK RD, , WHITNEY, TX, 76692-4656, US",DHL SmartMail Parcel Plus Expedited,32.000,Zone 06,10.44,9.03,0.00,1.41,9.03
2021-04-05,,'20210405153626147PHVMDGP,'9361269903506578393051,", 315 HEWETT ST, , NEILLSVILLE, WI, 54456-1921, US",DHL SmartMail Parcel Plus Expedited,32.000,Zone 05,8.85,7.85,0.00,1.00,7.85
2021-04-05,,'20210405153626266IZ1NKI2,'9361269903506578393082,", 35065 AVENUE B APT D, , YUCAIPA, CA, 92399-4364, US",DHL SmartMail Parcel Plus Expedited,48.000,Zone 08,16.45,14.64,0.00,1.81,14.64
2021-04-05,,'20210405153626479FMI4HWF,'9361269903506578393105,", 3757 N 900 W LOT 210, , CROMWELL, IN, 46732-9523, US",DHL SmartMail Parcel Plus Expedited,32.000,Zone 04,8.24,7.35,0.00,0.89,7.35
2021-04-05,,'20210405153624725LV5ENN4,'9361269903506578393945,", 7205 104TH ST E, , PUYALLUP, WA, 98373-4059, US",DHL SmartMail Parcel Plus Expedited,48.000,Zone 08,16.45,14.64,0.00,1.81,14.64
2021-04-05,,'20210405153627960LGQHQXW,'9361269903506578394065,", 113 SHEPHERDS HILL RD, , WAXAHACHIE, TX, 75165-0016, US",DHL SmartMail Parcel Plus Expedited,48.000,Zone 06,12.70,10.96,0.00,1.74,10.96
2021-04-05,,'20210405153628494OR1MLUK,'9361269903506578394072,", 326 LINDLEY LN, , NEWPORT, AR, 72112-4948, US",DHL SmartMail Parcel Plus Expedited,32.000,Zone 06,10.44,9.03,0.00,1.41,9.03
2021-04-05,,'20210405153628494DI3D2PA,'9361269903506578394089,", 2093 EAST AVE APT B, , ROCHESTER, NY, 14610-2662, US",DHL SmartMail Parcel Plus Expedited,32.000,Zone 03,7.96,7.13,0.00,0.83,7.13
2021-04-05,,'20210405153626343V0NGIHS,'9361269903506578394928,", 1901 PTARMIGAN TRL UNIT 212, , ESTES PARK, CO, 80517-9770, US",DHL SmartMail Parcel Plus Expedited,48.000,Zone 07,14.10,12.34,0.00,1.76,12.34
2021-04-05,,'20210405153627680QYXFOV5,'9361269903506578395024,", 2705 MARTIN MANOR DR, , GOSHEN, IN, 46526-5426, US",DHL SmartMail Parcel Plus Expedited,32.000,Zone 05,8.85,7.85,0.00,1.00,7.85
2021-04-05,,'20210405153627668LWMC1LC,'9361269903506578395031,", 228 CANEBRAKE RD, , SAVANNAH, GA, 31419-9052, US",DHL SmartMail Parcel Plus Expedited,32.000,Zone 05,8.85,7.85,0.00,1.00,7.85
2021-04-05,,'20210405153626270CPHQX05,'9361269903506578395864,", 121 1ST AVE W, LICARI LARSEN, GRAND MARAIS, MN, 55604-3130, US",DHL SmartMail Parcel Plus Expedited,32.000,Zone 05,8.85,7.85,0.00,1.00,7.85
2021-04-05,,'20210405153626275SHY1RIM,'9361269903506578395871,", 1554 RAILVIEW RD, , GLADYS, VA, 24554-2183, US",DHL SmartMail Parcel Plus Expedited,32.000,Zone 04,8.24,7.35,0.00,0.89,7.35
2021-04-05,,'20210405154300296NQ3D0FU,'9361269903506578465802,", 13162 HIGHWAY 8 BUSINESS SPC 183, , EL CAJON, CA, 92021-1868, US",DHL SmartMail Parcel Plus Expedited,32.000,Zone 08,11.69,10.59,0.00,1.10,10.59
2021-04-05,,'202104051543002962OJEYPM,'9361269903506578465833,", 12598 TENNYSON LN APT 207, , CARMEL, IN, 46032-5452, US",DHL SmartMail Parcel Plus Expedited,48.000,Zone 05,9.64,8.69,0.00,0.95,8.69
2021-04-05,,'20210405154301779SQESLIN,'9361269903506578467592,", 4022 INGLEWOOD CT, , CENTRAL POINT, OR, 97502-1618, US",DHL SmartMail Parcel Plus Expedited,32.000,Zone 08,11.69,10.59,0.00,1.10,10.59
2021-04-05,,'20210405154303193WW1LOSG,'9361269903506578467684,", 2960 SILVER CREEK RD LOT 23, , BULLHEAD CITY, AZ, 86442-8315, US",DHL SmartMail Parcel Plus Expedited,32.000,Zone 08,11.69,10.59,0.00,1.10,10.59
2021-04-05,,'202104051543044913Q5FORS,'9361269903506578469909,", 4415 E 38TH ST, , KANSAS CITY, MO, 64128-2813, US",DHL SmartMail Parcel Plus Expedited,32.000,Zone 06,10.44,9.03,0.00,1.41,9.03
2021-04-05,,'20210405154743390E2UO4LJ,'9361269903506578517594,", 6 N MORNINGSIDE DR, , BINGHAMTON, NY, 13905-1213, US",DHL SmartMail Parcel Plus Expedited,32.000,Zone 03,7.96,7.13,0.00,0.83,7.13
2021-04-05,,'20210405154743386RCNUY0A,'9361269903506578517617,", 110 E CANDA ST APT 5, , ISHPEMING, MI, 49849-1906, US",DHL SmartMail Parcel Plus Expedited,32.000,Zone 05,8.85,7.85,0.00,1.00,7.85
2021-04-05,,'202104051547433894BTNYP4,'9361269903506578518386,", 42209 MARBELLA ST, , LANCASTER, CA, 93536-3441, US",DHL SmartMail Parcel Plus Expedited,32.000,Zone 08,11.69,10.59,0.00,1.10,10.59
2021-04-05,,'20210405154747668X4X2LRM,'9361269903506578518591,", 4520 PIPER GLEN DR, , PENSACOLA, FL, 32514-7859, US",DHL SmartMail Parcel Plus Expedited,32.000,Zone 06,10.44,9.03,0.00,1.41,9.03
2021-04-05,,'20210405154743389RL4AGQ4,'9361269903506578520129,", 3700 STURBRIDGE CT, , HILLIARD, OH, 43026-1334, US",DHL SmartMail Parcel Plus Expedited,32.000,Zone 04,8.24,7.35,0.00,0.89,7.35
2021-04-05,,'20210405154743390PEIFJZN,'9361269903506578520136,", 120 MASON ST APT C, , HOPKINSVILLE, KY, 42240-4453, US",DHL SmartMail Parcel Plus Expedited,48.000,Zone 05,9.64,8.69,0.00,0.95,8.69
2021-04-05,,'20210405154745322KCDITJQ,'9361269903506578520204,", 1630 S BARRANCA AVE SPC 57, , GLENDORA, CA, 91740-5455, US",DHL SmartMail Parcel Plus Expedited,32.000,Zone 08,11.69,10.59,0.00,1.10,10.59
2021-04-05,,'20210405154743367FWUPSFJ,'9361269903506578520907,", 3824 PRENTISS DR, , DECATUR, GA, 30034-6047, US",DHL SmartMail Parcel Plus Expedited,32.000,Zone 05,8.85,7.85,0.00,1.00,7.85
2021-04-05,,'20210405154744118ZMMZEJG,'9361269903506578520969,", 5941 COUNTY ROAD 352, , KEYSTONE HEIGHTS, FL, 32656-8193, US",DHL SmartMail Parcel Plus Expedited,32.000,Zone 05,8.85,7.85,0.00,1.00,7.85
2021-04-05,,'202104051547442082IBMMT5,'9361269903506578520976,", 351 20TH AVE S, , WISCONSIN RAPIDS, WI, 54495-2352, US",DHL SmartMail Parcel Plus Expedited,32.000,Zone 05,8.85,7.85,0.00,1.00,7.85
2021-04-05,,'2021040515474408903CETX2,'9361269903506578521133,", 4422 E ROWEL RD, , PHOENIX, AZ, 85050-8575, US",DHL SmartMail Parcel Plus Expedited,32.000,Zone 08,11.69,10.59,0.00,1.10,10.59
2021-04-05,,'20210405154748470PWHABUP,'9361269903506578521287,", 7 E DOGWOOD DR, , POUGHKEEPSIE, NY, 12601-5513, US",DHL SmartMail Parcel Plus Expedited,32.000,Zone 02,7.79,6.97,0.00,0.82,6.97
2021-04-05,,'20210405155212610K1OZP0D,'9361269903506578568541,", 677 COUNTY ROAD 785, , NATALIA, TX, 78059-2063, US",DHL SmartMail Parcel Plus Expedited,32.000,Zone 07,11.01,9.69,0.00,1.32,9.69
2021-04-05,,'20210405155212611KOCSU1M,'9361269903506578570407,", 3112 EASTLAND AVE, , ODESSA, TX, 79764-6625, US",DHL SmartMail Parcel Plus Expedited,32.000,Zone 07,11.01,9.69,0.00,1.32,9.69
2021-04-05,,'20210405155212620KF0VLPA,'9361269903506578570414,", 22 LYNN DR, , HIRAM, GA, 30141-4636, US",DHL SmartMail Parcel Plus Expedited,48.000,Zone 05,9.64,8.69,0.00,0.95,8.69
2021-04-05,,'20210405155214801C4B1KKA,'9361269903506578570551,", 8 BRONX AVE, , CENTRAL ISLIP, NY, 11722-2406, US",DHL SmartMail Parcel Plus Expedited,32.000,Zone 01,7.79,6.97,0.00,0.82,6.97
2021-04-05,,'20210405155214971AJUSFKW,'9361269903506578570568,", 24 WINNERS CIR, , WELLS, ME, 04090-5174, US",DHL SmartMail Parcel Plus Expedited,32.000,Zone 03,7.96,7.13,0.00,0.83,7.13
2021-04-05,,'20210405155638904U2WQUMQ,'9361269903506578638428,", 2133 LAKETON RD, , PITTSBURGH, PA, 15221-1256, US",DHL SmartMail Parcel Plus Expedited,32.000,Zone 04,8.24,7.35,0.00,0.89,7.35
2021-04-05,,'20210405155638898VELQD5N,'9361269903506578638473,", 7199 KNOLLWOOD RD, , MOBILE, AL, 36619-7223, US",DHL SmartMail Parcel Plus Expedited,32.000,Zone 06,10.44,9.03,0.00,1.41,9.03
2021-04-05,,'20210405155641273KJXXRDB,'9361269903506578638572,", 1309 ORRINGTON CT, , WHEELING, IL, 60090-6938, US",DHL SmartMail Parcel Plus Expedited,32.000,Zone 05,8.85,7.85,0.00,1.00,7.85
2021-04-05,,'20210405155642962K3OUJLN,'9361269903506578638664,", 212 E INDUSTRIAL DR # 18, , BEAVER DAM, WI, 53916-3100, US",DHL SmartMail Parcel Plus Expedited,32.000,Zone 05,8.85,7.85,0.00,1.00,7.85
2021-04-05,,'20210405155638865OMFQGPL,'9361269903506578639197,", 3159 COUNTY LINE RD, , CORFU, NY, 14036-9551, US",DHL SmartMail Parcel Plus Expedited,32.000,Zone 03,7.96,7.13,0.00,0.83,7.13
2021-04-05,,'20210405155638862XUQSQWR,'9361269903506578639968,", 452 TITONKA ST, , PARK FOREST, IL, 60466-2416, US",DHL SmartMail Parcel Plus Expedited,32.000,Zone 05,8.85,7.85,0.00,1.00,7.85
2021-04-05,,'20210405154101861FCBD0CT,'9374869903506578445381,", 3330 ALT 49, , ARCANUM, OH, 45304-9701, US",DHL SmartMail Parcel Plus Expedited,32.000,Zone 04,8.24,7.35,0.00,0.89,7.35
2021-04-05,,'20210405154544407BIVFN4J,'9374869903506578499209,", 10522 South Crocus St. 910 E, , Sandy, UT, 84094, US",DHL SmartMail Parcel Plus Expedited,32.000,Zone 08,11.69,10.59,0.00,1.10,10.59
2021-04-05,,'202104051545455180FEJROW,'9374869903506578496550,", 16 REVERE ST, , LAGUNA NIGUEL, CA, 92677-4710, US",DHL SmartMail Parcel Plus Expedited,32.000,Zone 08,11.69,10.59,0.00,1.10,10.59
2021-04-05,,'20210405154549186YM1NO4Q,'9374869903506578497816,", 1408 WHITSON ST APT 28A, , BAY CITY, TX, 77414-7163, US",DHL SmartMail Parcel Plus Expedited,32.000,Zone 06,10.44,9.03,0.00,1.41,9.03
2021-04-05,,'20210405154547601D0GTG5B,'9374869903506578499377,", 805 AVENUE C APT 3, , BILLINGS, MT, 59102-3469, US",DHL SmartMail Parcel Plus Expedited,32.000,Zone 07,11.01,9.69,0.00,1.32,9.69
2021-04-05,,'20210405154545908Y2SWNZF,'9374869903506578496567,", 138 LUCAS LN, 1983 MOBILE HOME (PEACH), GASTON, SC, 29053-9113, US",DHL SmartMail Parcel Plus Expedited,32.000,Zone 04,8.24,7.35,0.00,0.89,7.35
2021-04-05,,'20210405154547576VJOFJ13,'9374869903506578497724,", 189 TALL OAKS CIR, , HILLSBOROUGH, NC, 27278-6896, US",DHL SmartMail Parcel Plus Expedited,32.000,Zone 04,8.24,7.35,0.00,0.89,7.35
2021-04-05,,'202104051529571092BTVZN0,'9374869903506578320749,", 23943 PARK LN # 3941, , CRESTLINE, CA, 92325-9483, US",DHL SmartMail Parcel Plus Expedited,32.000,Zone 08,11.69,10.59,0.00,1.10,10.59
2021-04-05,,'20210405154108940MOBMEPS,'9374869903506578448870,", 19 KAYLA AVE, , SALEM, NH, 03079-3285, US",DHL SmartMail Parcel Plus Expedited,32.000,Zone 03,7.96,7.13,0.00,0.83,7.13
2021-04-05,,'202104051547445294JJCJCM,'9374869903506578517705,", 1203 MYSTIC WOODS DR, , NEW RICHMOND, OH, 45157-9197, US",DHL SmartMail Parcel Plus Expedited,32.000,Zone 04,8.24,7.35,0.00,0.89,7.35
2021-04-05,,'20210405151303308CZ1C2RG,'9374869903506578151800,", 125 S KENTUCKY AVE, , MADISONVILLE, KY, 42431-2539, US",DHL SmartMail Parcel Expedited,12.000,Zone 05,4.20,4.04,0.00,0.16,4.04
2021-04-05,,'20210405151303201GXM4XGB,'9374869903506578153538,", 507 S ILLINOIS ST, , CONRAD, MT, 59425-2211, US",DHL SmartMail Parcel Expedited,12.000,Zone 08,4.68,4.57,0.00,0.11,4.57
2021-04-05,,'20210405151303375NPK2W1G,'9374869903506578153545,", 103 SAINT CLAIR ST, , MARIETTA, OH, 45750-2139, US",DHL SmartMail Parcel Expedited,12.000,Zone 04,4.12,3.96,0.00,0.16,3.96
2021-04-05,,'202104051513033283M2RQLK,'9374869903506578154559,", 448 LAMOINE BEACH RD, , LAMOINE, ME, 04605-4644, US",DHL SmartMail Parcel Expedited,12.000,Zone 04,4.12,3.96,0.00,0.16,3.96
2021-04-05,,'20210405151303331OWEMF4R,'9374869903506578154870,", 201 ATHEY CT, , WEST MELBOURNE, FL, 32904-4960, US",DHL SmartMail Parcel Expedited,12.000,Zone 05,4.20,4.04,0.00,0.16,4.04
2021-04-05,,'20210405151303306OLDRMPN,'9374869903506578154887,", 105 YUCCA ST, , HENDERSON, NV, 89015-5415, US",DHL SmartMail Parcel Expedited,12.000,Zone 08,4.68,4.57,0.00,0.11,4.57
2021-04-05,,'202104051513184742MZN41V,'9374869903506578156614,", 28436 655TH AVE, , LITCHFIELD, MN, 55355-4721, US",DHL SmartMail Parcel Expedited,12.000,Zone 05,4.20,4.04,0.00,0.16,4.04
2021-04-05,,'20210405151318447MCO5TGU,'9374869903506578157260,", 3559 SALEM RD LOT C15, , COVINGTON, GA, 30016-7217, US",DHL SmartMail Parcel Expedited,13.000,Zone 05,5.42,4.98,0.00,0.44,4.98
2021-04-05,,'20210405151318403CDU2J1I,'9374869903506578157291,", 181 WASHINGTON ST APT 307, , SOMERVILLE, MA, 02143-3140, US",DHL SmartMail Parcel Expedited,12.000,Zone 03,4.09,3.93,0.00,0.16,3.93
2021-04-05,,'202104051513184041IHOUMQ,'9374869903506578157307,", 716 SAN JOAQUIN CT, , ATWATER, CA, 95301-9688, US",DHL SmartMail Parcel Expedited,13.000,Zone 08,5.98,5.65,0.00,0.33,5.65
2021-04-05,,'20210405151319875YHNNJPD,'9374869903506578157338,", 751 SOUTHCREST DR, , PITTSBURGH, PA, 15226-1238, US",DHL SmartMail Parcel Expedited,12.000,Zone 04,4.12,3.96,0.00,0.16,3.96
2021-04-05,,'202104051513241592B0GRUI,'9374869903506578157475,", 9544 RUBICON DR, , COLORADO SPRINGS, CO, 80925-8451, US",DHL SmartMail Parcel Expedited,12.000,Zone 07,4.53,4.37,0.00,0.16,4.37
2021-04-05,,'20210405151319875ONGHYKC,'9374869903506578158304,", 3705 N BRADFORD RD, , MARTINSVILLE, IN, 46151-8803, US",DHL SmartMail Parcel Expedited,12.000,Zone 05,4.20,4.04,0.00,0.16,4.04
2021-04-05,,'20210405151325118ZNBAHKP,'9374869903506578158656,", 8245 SE 177TH WINTERTHUR LOOP, , THE VILLAGES, FL, 32162-4882, US",DHL SmartMail Parcel Expedited,12.000,Zone 05,4.20,4.04,0.00,0.16,4.04
2021-04-05,,'20210405151324506FTUQ4GX,'9374869903506578158908,", 9105 LENOX POINTE DR APT 105, , CHARLOTTE, NC, 28273-4012, US",DHL SmartMail Parcel Expedited,12.000,Zone 04,4.12,3.96,0.00,0.16,3.96
2021-04-05,,'20210405151324695MK4JPAE,'9374869903506578158939,", 1006 PHILLIPS ST, , MARIETTA, OH, 45750-3443, US",DHL SmartMail Parcel Expedited,13.000,Zone 04,5.27,4.85,0.00,0.42,4.85
2021-04-05,,'2021040515132472850KX0DQ,'9374869903506578158946,", 656 E CENTRAL AVE, , PRINCETON, IL, 61356-1860, US",DHL SmartMail Parcel Expedited,12.000,Zone 05,4.20,4.04,0.00,0.16,4.04
2021-04-05,,'20210405151329905MILD23I,'9374869903506578159219,", 320 2ND AVE, , MOUNDVILLE, AL, 35474-3949, US",DHL SmartMail Parcel Expedited,12.000,Zone 05,4.20,4.04,0.00,0.16,4.04
2021-04-05,,'20210405151331319131TTDY,'9374869903506578159301,", 806 HIGHLAND AVE, , SALINA, KS, 67401-4943, US",DHL SmartMail Parcel Expedited,12.000,Zone 06,4.38,4.18,0.00,0.20,4.18
2021-04-05,,'20210405151325623SLJFHPI,'9374869903506578159899,", 15 BEECHWOOD DR, , COLCHESTER, CT, 06415-1007, US",DHL SmartMail Parcel Expedited,12.000,Zone 02,4.04,3.88,0.00,0.16,3.88
2021-04-05,,'2021040515132871725FSVZ5,'9374869903506578160901,", 35 ST ANDREWS ST, , STRATFORD, CT, 06614-5245, US",DHL SmartMail Parcel Expedited,12.000,Zone 01,4.04,3.88,0.00,0.16,3.88
2021-04-05,,'20210405151338973YCY2LRF,'9374869903506578161335,", 5123 KEYSTONE DR, , GULF BREEZE, FL, 32563-8861, US",DHL SmartMail Parcel Expedited,12.000,Zone 06,4.38,4.18,0.00,0.20,4.18
2021-04-05,,'202104051513375944T3C2FW,'9374869903506578161960,", 1237 RHODES RD, , JOHNSON CITY, NY, 13790-4826, US",DHL SmartMail Parcel Expedited,12.000,Zone 03,4.09,3.93,0.00,0.16,3.93
2021-04-05,,'20210405151449870UTMT5TA,'9374869903506578174519,", 1117 FROST RD, , ENDICOTT, NY, 13760-1430, US",DHL SmartMail Parcel Expedited,7.000,Zone 03,3.49,3.40,0.00,0.09,3.40
2021-04-05,,'20210405151449185XPAOCT4,'9374869903506578174618,", 1080 CLARKS STORE SNKNG FRK RD, , CERULEAN, KY, 42215-7410, US",DHL SmartMail Parcel Expedited,7.000,Zone 05,3.57,3.47,0.00,0.10,3.47
2021-04-05,,'202104051514517130YZLP1C,'9374869903506578174670,", 11 SAINT EUGENE WAY, , HUDSON, NH, 03051-6415, US",DHL SmartMail Parcel Expedited,7.000,Zone 03,3.49,3.40,0.00,0.09,3.40
2021-04-05,,'20210405151451694Z2315GB,'9374869903506578174687,", 1097 BERKSHIRE DR, , PEARL RIVER, LA, 70452-6308, US",DHL SmartMail Parcel Expedited,7.000,Zone 06,3.58,3.49,0.00,0.09,3.49
2021-04-05,,'202104051514491921PR1AS3,'9374869903506578175295,", 5490 CEDAR LN APT C2, , COLUMBIA, MD, 21044-1380, US",DHL SmartMail Parcel Expedited,7.000,Zone 02,3.46,3.37,0.00,0.09,3.37
2021-04-05,,'20210405151449190YFZV435,'9374869903506578175370,", 5224 STEINBRENNER LN, , LAS VEGAS, NV, 89118-1392, US",DHL SmartMail Parcel Expedited,7.000,Zone 08,3.85,3.76,0.00,0.09,3.76
2021-04-05,,'20210405151449191VXXWDY1,'9374869903506578175387,", 213 COOL SPRINGS BLVD, APT  238, FRANKLIN, TN, 37067-4696, US",DHL SmartMail Parcel Expedited,7.000,Zone 05,3.57,3.47,0.00,0.10,3.47
2021-04-05,,'20210405151450924PE0L0GU,'9374869903506578175394,", 1206 NEWBURY RD, , CHAMPAIGN, IL, 61821-6037, US",DHL SmartMail Parcel Expedited,7.000,Zone 05,3.57,3.47,0.00,0.10,3.47
2021-04-05,,'20210405151451745YRJYDMB,'9374869903506578175431,", PO BOX 2431, , PAWTUCKET, RI, 02861-0431, US",DHL SmartMail Parcel Expedited,7.000,Zone 03,3.49,3.40,0.00,0.09,3.40
2021-04-05,,'202104051514491893LOKQPU,'9374869903506578176186,", 1915 CRIMSON DR, , LOUISVILLE, KY, 40272-4446, US",DHL SmartMail Parcel Expedited,7.000,Zone 05,3.57,3.47,0.00,0.10,3.47
2021-04-05,,'20210405151449981ODXMPTC,'9374869903506578176285,", 300 YANT ST RM 107, , BOLIVAR, OH, 44612-9712, US",DHL SmartMail Parcel Expedited,7.000,Zone 04,3.51,3.42,0.00,0.09,3.42
2021-04-05,,'20210405151452464S3F2GVQ,'9374869903506578176438,", 262 SNOWBROOK LN, , WELLS, VT, 05774-9824, US",DHL SmartMail Parcel Expedited,7.000,Zone 03,3.49,3.40,0.00,0.09,3.40
2021-04-05,,'20210405151453182PUY2EAA,'9374869903506578176483,", 113 S 350 E, , NORTH SALT LAKE, UT, 84054-1714, US",DHL SmartMail Parcel Expedited,7.000,Zone 08,3.85,3.76,0.00,0.09,3.76
2021-04-05,,'20210405151449190BW2EZF2,'9374869903506578176971,", 141 KAELYN LN APT 203, , PORT SAINT JOE, FL, 32456-6181, US",DHL SmartMail Parcel Expedited,7.000,Zone 06,3.58,3.49,0.00,0.09,3.49
2021-04-05,,'20210405151450032INQLCP5,'9374869903506578177060,", 3417 SHEPARD LANE RD, , WESTOVER, PA, 16692-9010, US",DHL SmartMail Parcel Expedited,7.000,Zone 03,3.49,3.40,0.00,0.09,3.40
2021-04-05,,'20210405151451719ID1W04U,'9374869903506578177091,", 851 HERITAGE HLS, , SOMERS, NY, 10589-3104, US",DHL SmartMail Parcel Expedited,7.000,Zone 01,3.46,3.37,0.00,0.09,3.37
2021-04-05,,'20210405151626147YZ5GHQ5,'9374869903506578192544,", 851 KIMSEY LN, , HENDERSON, KY, 42420-2665, US",DHL SmartMail Parcel Expedited,9.000,Zone 05,4.20,4.00,0.00,0.20,4.00
2021-04-05,,'20210405151626281XK3K3GF,'9374869903506578192575,", 3624 9TH ST APT A, , CERES, CA, 95307-3712, US",DHL SmartMail Parcel Expedited,9.000,Zone 08,4.68,4.52,0.00,0.16,4.52
2021-04-05,,'20210405151627252W1B44GC,'9374869903506578192605,", 2070 1ST AVE APT 861, , NEW YORK, NY, 10029-4325, US",DHL SmartMail Parcel Expedited,9.000,Zone 01,4.04,3.85,0.00,0.19,3.85
2021-04-05,,'20210405151627314KI1YKAO,'9374869903506578192629,", 26925 tunnel drive, , Lake Arrowhead, CA, 92352, US",DHL SmartMail Parcel Expedited,9.000,Zone 08,4.68,4.52,0.00,0.16,4.52
2021-04-05,,'20210405151628179WQFUYL1,'9374869903506578194326,", 4121 28TH ST APT 11C, , LONG ISLAND CITY, NY, 11101-3763, US",DHL SmartMail Parcel Expedited,9.000,Zone 01,4.04,3.85,0.00,0.19,3.85
2021-04-05,,'20210405151629045HVUB2CP,'9374869903506578194371,", 1114 W SIERRA DR, , SANTA ANA, CA, 92707-3856, US",DHL SmartMail Parcel Expedited,9.000,Zone 08,4.68,4.52,0.00,0.16,4.52
2021-04-05,,'20210405151630844XCBRZQD,'9374869903506578194463,", 4976 ELK RIVER RD S, , ELKVIEW, WV, 25071-9644, US",DHL SmartMail Parcel Expedited,9.000,Zone 04,4.12,3.92,0.00,0.20,3.92
2021-04-05,,'20210405151626426M5IM1NX,'9374869903506578195224,", 3434 E YESTERNIGHT ST, , MERIDIAN, ID, 83642-7869, US",DHL SmartMail Parcel Expedited,9.000,Zone 08,4.68,4.52,0.00,0.16,4.52
2021-04-05,,'20210405151626424M02DEW2,'9374869903506578195231,", 534 SILVER LEAF DR, , FATE, TX, 75087-9320, US",DHL SmartMail Parcel Expedited,9.000,Zone 06,4.38,4.13,0.00,0.25,4.13
2021-04-05,,'20210405151626281OQ3TNC0,'9374869903506578196078,", 907 E.100th place, , chicago, IL, 60628, US",DHL SmartMail Parcel Expedited,9.000,Zone 05,4.20,4.00,0.00,0.20,4.00
2021-04-05,,'20210405151626425N1TUSTU,'9374869903506578196092,", 2912 PATTY LN APT 8, , MIDDLETON, WI, 53562-1678, US",DHL SmartMail Parcel Expedited,9.000,Zone 05,4.20,4.00,0.00,0.20,4.00
2021-04-05,,'202104051516272075DQMNW2,'9374869903506578196191,", 40 WATERSIDE PLZ APT 25L, , NEW YORK, NY, 10010-2795, US",DHL SmartMail Parcel Expedited,9.000,Zone 01,4.04,3.85,0.00,0.19,3.85
2021-04-05,,'20210405151627828YSHKS1A,'9374869903506578196221,", 21 ADAMS ST APT 1, , TAUNTON, MA, 02780-5345, US",DHL SmartMail Parcel Expedited,9.000,Zone 03,4.09,3.90,0.00,0.19,3.90
2021-04-05,,'20210405151628217UVQT4SV,'9374869903506578196245,", 4840 HANSON RD, , MADISONVILLE, KY, 42431-6186, US",DHL SmartMail Parcel Expedited,9.000,Zone 05,4.20,4.00,0.00,0.20,4.00
2021-04-05,,'20210405152817186EBE5XUW,'9374869903506578306712,", 849 WALNUT TRL # 1599, , FRAZIER PARK, CA, 93225-8148, US",DHL SmartMail Parcel Expedited,11.000,Zone 08,4.68,4.57,0.00,0.11,4.57
2021-04-05,,'20210405152820298XZOMLWJ,'9374869903506578306774,", 295 PISGAH CHURCH RD, , SOMERSET, KY, 42503-6129, US",DHL SmartMail Parcel Expedited,11.000,Zone 05,4.20,4.02,0.00,0.18,4.02
2021-04-05,,'20210405152821199XDXWU0R,'9374869903506578306798,", 402 VALLEY VIEW DR, , PIKETON, OH, 45661-8082, US",DHL SmartMail Parcel Expedited,11.000,Zone 04,4.12,3.95,0.00,0.17,3.95
2021-04-05,,'20210405152817200H0HVCCE,'9374869903506578307320,", 1325 GREENWAY DR, , MESQUITE, TX, 75149-6009, US",DHL SmartMail Parcel Expedited,12.000,Zone 06,4.38,4.18,0.00,0.20,4.18
2021-04-05,,'20210405152817224PETZ1WQ,'9374869903506578307337,", 3587 DAVID DR, , MACON, GA, 31216-7438, US",DHL SmartMail Parcel Expedited,12.000,Zone 05,4.20,4.04,0.00,0.16,4.04
2021-04-05,,'20210405152817228DYTIYOF,'9374869903506578307344,", 4606 DIANE AVE S, , LEHIGH ACRES, FL, 33976-4741, US",DHL SmartMail Parcel Expedited,11.000,Zone 06,4.38,4.18,0.00,0.20,4.18
2021-04-05,,'20210405152820304L3O04DY,'9374869903506578307450,", 1407 8TH ST, , GREAT BEND, KS, 67530-5104, US",DHL SmartMail Parcel Expedited,12.000,Zone 06,4.38,4.18,0.00,0.20,4.18
2021-04-05,,'20210405152817201RMLHGLE,'9374869903506578308624,", 13416 LILY RD, , ORE CITY, TX, 75683-4586, US",DHL SmartMail Parcel Expedited,11.000,Zone 06,4.38,4.18,0.00,0.20,4.18
2021-04-05,,'20210405152817234HS0EDLN,'9374869903506578308648,", 762 WHISPERING MEADOWS DR, , MANCHESTER, MO, 63021-7175, US",DHL SmartMail Parcel Expedited,11.000,Zone 05,4.20,4.02,0.00,0.18,4.02
2021-04-05,,'202104051528195770JI0UP5,'9374869903506578308693,", 930 Mill Terrace, Regalcare, Southport, CT, 06890, US",DHL SmartMail Parcel Expedited,11.000,Zone 01,4.04,3.87,0.00,0.17,3.87
2021-04-05,,'20210405152819680Z2MN4SN,'9374869903506578308983,", 6535 BAYFIELD AVE, , ARVERNE, NY, 11692-1304, US",DHL SmartMail Parcel Expedited,11.000,Zone 01,4.04,3.87,0.00,0.17,3.87
2021-04-05,,'2021040515281957651IAKAZ,'9374869903506578309041,", 6322 FM 311, , SPRING BRANCH, TX, 78070-7250, US",DHL SmartMail Parcel Expedited,11.000,Zone 07,4.53,4.35,0.00,0.18,4.35
2021-04-05,,'20210405152819648TCKCC2Q,'9374869903506578309058,", 1111 SWAN ST, , HUNTINGTON, IN, 46750-2448, US",DHL SmartMail Parcel Expedited,12.000,Zone 04,4.12,3.96,0.00,0.16,3.96
2021-04-05,,'20210405152956890PXSLGQ1,'9374869903506578320725,", 12609 DESSAU RD LOT 430, , AUSTIN, TX, 78754-1826, US",DHL SmartMail Parcel Expedited,12.000,Zone 07,4.53,4.37,0.00,0.16,4.37
2021-04-05,,'20210405152957340PMF00MT,'9374869903506578320756,", 9403 NOLINA DR, , HESPERIA, CA, 92344-0124, US",DHL SmartMail Parcel Expedited,12.000,Zone 08,4.68,4.57,0.00,0.11,4.57
2021-04-05,,'20210405152958192SAC5RSG,'9374869903506578320794,", 220 TOWER ST, , WATERVILLE, NY, 13480-1128, US",DHL SmartMail Parcel Expedited,8.000,Zone 03,3.49,3.41,0.00,0.08,3.41
2021-04-05,,'20210405152958309OEI5I0Q,'9374869903506578320817,", 605 PENNVIEW DR, , PENN HILLS, PA, 15235-4436, US",DHL SmartMail Parcel Expedited,8.000,Zone 04,3.51,3.43,0.00,0.08,3.43
2021-04-05,,'202104051529582890BYHKJF,'9374869903506578320824,", 301 SPRINGFIELD WAY, , EASTON, PA, 18045-3797, US",DHL SmartMail Parcel Expedited,12.000,Zone 01,4.04,3.88,0.00,0.16,3.88
2021-04-05,,'202104051529583252CEIROT,'9374869903506578320831,", 7309 BRADBURN BLVD APT B, , WESTMINSTER, CO, 80030-4870, US",DHL SmartMail Parcel Expedited,15.999,Zone 07,5.81,5.43,0.00,0.38,5.43
2021-04-05,,'202104051529576791IWFVMC,'9374869903506578321463,", PO BOX 427, 9 MATSON ST, PINEHURST, ID, 83850-0427, US",DHL SmartMail Parcel Expedited,12.000,Zone 08,4.68,4.57,0.00,0.11,4.57
2021-04-05,,'20210405152958624GOLM0DE,'9374869903506578321517,", 9713 LADUE RD, , NORTH CHESTERFIELD, VA, 23237-3840, US",DHL SmartMail Parcel Expedited,8.000,Zone 03,3.49,3.41,0.00,0.08,3.41
2021-04-05,,'20210405153005744KYV3YVE,'9374869903506578321746,", W129S9747 CHAMPIONS CT, , MUSKEGO, WI, 53150-5244, US",DHL SmartMail Parcel Expedited,15.999,Zone 05,5.42,5.02,0.00,0.40,5.02
2021-04-05,,'20210405152957114OBK4RPL,'9374869903506578322316,", 1451 FELTON ST, , DELTONA, FL, 32725-5936, US",DHL SmartMail Parcel Expedited,8.000,Zone 05,3.57,3.48,0.00,0.09,3.48
2021-04-05,,'20210405153000306RSY0SEH,'9374869903506578322347,", 9935 TINSMITH WAY, , KNOXVILLE, TN, 37931-4641, US",DHL SmartMail Parcel Expedited,8.000,Zone 05,3.57,3.48,0.00,0.09,3.48
2021-04-05,,'20210405152958582A1LCKGV,'9374869903506578322354,", 217 W 6TH ST, , BIRD CITY, KS, 67731-3238, US",DHL SmartMail Parcel Expedited,12.000,Zone 06,4.38,4.18,0.00,0.20,4.18
2021-04-05,,'20210405152956875JS2UQZI,'9374869903506578323221,", 8 EVERDALE RD, , RANDOLPH, NJ, 07869-2303, US",DHL SmartMail Parcel Expedited,15.999,Zone 01,5.19,4.79,0.00,0.40,4.79
2021-04-05,,'20210405153006637CCVMM1D,'9374869903506578324105,", 184 BETHLEHEM PIKE, , PHILADELPHIA, PA, 19118-2815, US",DHL SmartMail Parcel Expedited,9.000,Zone 02,4.04,3.85,0.00,0.19,3.85
2021-04-05,,'20210405153210694MRWFOLO,'9374869903506578345537,", 5265 TAFT CT, , ARVADA, CO, 80002-1425, US",DHL SmartMail Parcel Expedited,12.000,Zone 07,4.53,4.37,0.00,0.16,4.37
2021-04-05,,'20210405153210820EM4WLRH,'9374869903506578345544,", 5118 158TH ST, , OAK FOREST, IL, 60452-3416, US",DHL SmartMail Parcel Expedited,13.000,Zone 05,5.42,4.98,0.00,0.44,4.98
2021-04-05,,'20210405153212686TYF3FPB,'9374869903506578345650,", 3004 WEDGEDALE AVE, , DURHAM, NC, 27703-4642, US",DHL SmartMail Parcel Expedited,12.000,Zone 04,4.12,3.96,0.00,0.16,3.96
2021-04-05,,'20210405153214418L2A5KC1,'9374869903506578345735,", 8149 PLEASANT HILL RD, , LITHONIA, GA, 30058-5015, US",DHL SmartMail Parcel Expedited,12.000,Zone 05,4.20,4.04,0.00,0.16,4.04
2021-04-05,,'20210405153210029X30BEBO,'9374869903506578346435,", 3834 WOODCREST CIR NW, , CLEVELAND, TN, 37312-3813, US",DHL SmartMail Parcel Expedited,12.000,Zone 05,4.20,4.04,0.00,0.16,4.04
2021-04-05,,'202104051532119081GWWWTC,'9374869903506578346565,", 204 CHATAIGNIER ST, , EUNICE, LA, 70535-2513, US",DHL SmartMail Parcel Expedited,12.000,Zone 06,4.38,4.18,0.00,0.20,4.18
2021-04-05,,'20210405153212487WXJ11NQ,'9374869903506578346633,", 1126 NATIONAL RD, UPSTAIRS APARTMENT, WHEELING, WV, 26003-5704, US",DHL SmartMail Parcel Expedited,12.000,Zone 04,4.12,3.96,0.00,0.16,3.96
2021-04-05,,'20210405153210029YWZAB1U,'9374869903506578347852,", 1420 QUAIL CREEK RD, , LAREDO, TX, 78045-5118, US",DHL SmartMail Parcel Expedited,13.000,Zone 07,5.81,5.37,0.00,0.44,5.37
2021-04-05,,'202104051532129691VS4S0S,'9374869903506578347968,", 9600 MERCER CT APT 306, , FREDERICKSBURG, VA, 22407-2625, US",DHL SmartMail Parcel Expedited,13.000,Zone 03,5.23,4.81,0.00,0.42,4.81
2021-04-05,,'202104051532164941RSNGXF,'9374869903506578348101,", 4218 RICKENBACKER AVE APT 22, , WHITEHALL, OH, 43213-2884, US",DHL SmartMail Parcel Expedited,12.000,Zone 04,4.12,3.96,0.00,0.16,3.96
2021-04-05,,'20210405153218020IWTQHVX,'9374869903506578348163,", 903 MILKWOOD LN, , MONROE, NC, 28110-5618, US",DHL SmartMail Parcel Expedited,12.000,Zone 04,4.12,3.96,0.00,0.16,3.96
2021-04-05,,'20210405153220172UUJA31L,'9374869903506578349009,", 845 N CENTRAL AVE # 311, , ATLANTA, GA, 30354-1952, US",DHL SmartMail Parcel Expedited,13.000,Zone 05,5.42,4.98,0.00,0.44,4.98
2021-04-05,,'20210405153456430DT5W1DE,'9374869903506578371765,", 72361 19TH AVE, , DESERT HOT SPRINGS, CA, 92241-8542, US",DHL SmartMail Parcel Expedited,7.000,Zone 08,3.85,3.76,0.00,0.09,3.76
2021-04-05,,'20210405153457571SLDQYPW,'9374869903506578371833,", 1824 SWANWICK ST, , CHESTER, IL, 62233-1124, US",DHL SmartMail Parcel Expedited,12.000,Zone 05,4.20,4.04,0.00,0.16,4.04
2021-04-05,,'202104051534552305TM2DXC,'9374869903506578372519,", 3575 WESTGATE, , PENDLETON, OR, 97801-9651, US",DHL SmartMail Parcel Expedited,13.000,Zone 08,5.98,5.65,0.00,0.33,5.65
2021-04-05,,'20210405153456411H3BJVGM,'9374869903506578372588,", 4725 OLD BHAM HWY, , ANNISTON, AL, 36201-8812, US",DHL SmartMail Parcel Expedited,13.000,Zone 05,5.42,4.98,0.00,0.44,4.98
2021-04-05,,'202104051534564172NMMYC1,'9374869903506578372595,", 160 WASHINGTON ST UNIT 62, , PLAINVILLE, MA, 02762-1316, US",DHL SmartMail Parcel Expedited,9.000,Zone 03,4.09,3.90,0.00,0.19,3.90
2021-04-05,,'20210405153454103LR4E3UR,'9374869903506578373196,", 1702 W TUCKEY LN UNIT 214, , PHOENIX, AZ, 85015-1783, US",DHL SmartMail Parcel Expedited,12.000,Zone 08,4.68,4.57,0.00,0.11,4.57
2021-04-05,,'20210405153454122UVSCJ0C,'9374869903506578373202,", 14453 TAYLOR GRADE RD, , DUETTE, FL, 34219-6864, US",DHL SmartMail Parcel Expedited,7.000,Zone 06,3.58,3.49,0.00,0.09,3.49
2021-04-05,,'20210405153454445TD20EA5,'9374869903506578373257,", 800 MICRO CT APT 101, , ROSEVILLE, CA, 95678-5837, US",DHL SmartMail Parcel Expedited,12.000,Zone 08,4.68,4.57,0.00,0.11,4.57
2021-04-05,,'20210405153454771RRPIZXP,'9374869903506578373271,", 3204 HOLLAND AVE APT 3I, , BRONX, NY, 10467-6538, US",DHL SmartMail Parcel Expedited,12.000,Zone 01,4.04,3.88,0.00,0.16,3.88
2021-04-05,,'20210405153454883JLLS1VT,'9374869903506578373295,", 5108 CORAL CREEK DR, , HOUSTON, TX, 77017-5419, US",DHL SmartMail Parcel Expedited,7.000,Zone 06,3.58,3.49,0.00,0.09,3.49
2021-04-05,,'20210405153455401NME3XAJ,'9374869903506578373301,", 220 EMMY DR, , POWELLTON, WV, 25161-8556, US",DHL SmartMail Parcel Expedited,13.000,Zone 04,5.27,4.85,0.00,0.42,4.85
2021-04-05,,'202104051534563940A2MAIN,'9374869903506578373363,", 7141 HATTERAS LN APT 1C, , INDIANAPOLIS, IN, 46214-1263, US",DHL SmartMail Parcel Expedited,12.000,Zone 05,4.20,4.04,0.00,0.16,4.04
2021-04-05,,'2021040515345739902BGY50,'9374869903506578373400,", 590 WILLIAM ARNETT BR, , SALYERSVILLE, KY, 41465-8751, US",DHL SmartMail Parcel Expedited,13.000,Zone 04,5.27,4.85,0.00,0.42,4.85
2021-04-05,,'20210405153457582GCINUEC,'9374869903506578373424,", 5600 SIDNEY AVE, , LONG BEACH, CA, 90805-4020, US",DHL SmartMail Parcel Expedited,12.000,Zone 08,4.68,4.57,0.00,0.11,4.57
2021-04-05,,'202104051534581943U1PPTK,'9374869903506578373462,", 215 OLDE TOWNE RUN, , NEWPORT NEWS, VA, 23608-5018, US",DHL SmartMail Parcel Expedited,12.000,Zone 03,4.09,3.93,0.00,0.16,3.93
2021-04-05,,'20210405153458950LYSUD4Z,'9374869903506578373493,", 175 E BREWSTER RD, , BUTLER, PA, 16001-1101, US",DHL SmartMail Parcel Expedited,12.000,Zone 04,4.12,3.96,0.00,0.16,3.96
2021-04-05,,'20210405153459113JL0PTRS,'9374869903506578373516,", 9318 FRINGE TREE LN, , MANASSAS, VA, 20110-5975, US",DHL SmartMail Parcel Expedited,12.000,Zone 03,4.09,3.93,0.00,0.16,3.93
2021-04-05,,'20210405153454099WC00TYQ,'9374869903506578374384,", 7330 E COLLINS RD, , PORT ORCHARD, WA, 98366-8304, US",DHL SmartMail Parcel Expedited,15.000,Zone 08,5.98,5.72,0.00,0.26,5.72
2021-04-05,,'20210405153454103RKUOJGK,'9374869903506578374391,", 798 E COMMONWEALTH PL, , CHANDLER, AZ, 85225-5609, US",DHL SmartMail Parcel Expedited,9.000,Zone 08,4.68,4.52,0.00,0.16,4.52
2021-04-05,,'20210405153454445JC1LHCI,'9374869903506578374438,", 163 STARR ST APT 1L, RING TOP DOOR BELL, BROOKLYN, NY, 11237-2817, US",DHL SmartMail Parcel Expedited,12.000,Zone 01,4.04,3.88,0.00,0.16,3.88
2021-04-05,,'20210405153454815LMDI43N,'9374869903506578374469,", 253 KISWICK ST, , STATEN ISLAND, NY, 10306-5446, US",DHL SmartMail Parcel Expedited,12.000,Zone 01,4.04,3.88,0.00,0.16,3.88
2021-04-05,,'20210405153454842Q4ITYGD,'9374869903506578374476,", 5532 No. Co. Rd. 100e, , Osgood, IN, 47037, US",DHL SmartMail Parcel Expedited,7.000,Zone 04,3.51,3.42,0.00,0.09,3.42
2021-04-05,,'20210405153455227WO5TEB4,'9374869903506578374483,", 1500 E FAIRVIEW ST, , BLOSSOM, TX, 75416-2163, US",DHL SmartMail Parcel Expedited,7.000,Zone 06,3.58,3.49,0.00,0.09,3.49
2021-04-05,,'20210405153455491CMGHC2M,'9374869903506578374506,", 12351 SACRED WELL DR, , CLINT, TX, 79836-6608, US",DHL SmartMail Parcel Expedited,11.000,Zone 08,4.68,4.57,0.00,0.11,4.57
2021-04-05,,'20210405153456062OKKV54W,'9374869903506578374544,", 16318 FALCONERS TER, , MOSELEY, VA, 23120-1655, US",DHL SmartMail Parcel Expedited,12.000,Zone 03,4.09,3.93,0.00,0.16,3.93
2021-04-05,,'202104051534564111JICUA4,'9374869903506578374582,", 342 W LENOX CHURCH RD, , KINGSLEY, PA, 18826-6700, US",DHL SmartMail Parcel Expedited,14.000,Zone 01,5.19,4.78,0.00,0.41,4.78
2021-04-05,,'20210405153457540SO14HNC,'9374869903506578374629,", 1821 CUPSTID ST, DELIVER SIDE CARPORT DOOR/DON'T BLOCK DOOR, CAYCE, SC, 29033-1508, US",DHL SmartMail Parcel Expedited,13.000,Zone 04,5.27,4.85,0.00,0.42,4.85
2021-04-05,,'202104051534575795AIJOJQ,'9374869903506578374636,", 1612 DE PEYSTER AVE, , UTICA, NY, 13501-5210, US",DHL SmartMail Parcel Expedited,13.000,Zone 03,5.23,4.81,0.00,0.42,4.81
2021-04-05,,'202104051534575711MMKMBI,'9374869903506578374643,", 945 LEGACY LNDG APT 216, , VIRGINIA BEACH, VA, 23464-3659, US",DHL SmartMail Parcel Expedited,12.000,Zone 03,4.09,3.93,0.00,0.16,3.93
2021-04-05,,'202104051534591145PPI1ZK,'9374869903506578374919,", 29 COURTLAND ST, , WORCESTER, MA, 01602-4324, US",DHL SmartMail Parcel Expedited,7.000,Zone 02,3.46,3.37,0.00,0.09,3.37
2021-04-05,,'20210405153613823LULESPR,'9374869903506578390438,", 107 DEEPWOOD DR, , MANCHESTER, CT, 06040-3839, US",DHL SmartMail Parcel Expedited,13.000,Zone 02,5.19,4.77,0.00,0.42,4.77
2021-04-05,,'20210405153623065WZW3UQP,'9374869903506578391695,", 3 Jill Dr Muscatine Iowa, , Muscatine, IA, 52761, US",DHL SmartMail Parcel Expedited,13.000,Zone 05,5.42,4.98,0.00,0.44,4.98
2021-04-05,,'20210405154013568WXWR1XH,'9374869903506578434453,", 7885 WILDERNESS WAY, , MAINEVILLE, OH, 45039-7037, US",DHL SmartMail Parcel Expedited,8.000,Zone 04,3.51,3.43,0.00,0.08,3.43
2021-04-05,,'202104051541012971QZNZD5,'9374869903506578445329,", 533 57TH AVE, , MERIDIAN, MS, 39307-6244, US",DHL SmartMail Parcel Expedited,14.000,Zone 06,5.66,5.18,0.00,0.48,5.18
2021-04-05,,'20210405154104743JOGPZYB,'9374869903506578445541,", 292 MILDRED AVE, , PITTSBURG, CA, 94565-3733, US",DHL SmartMail Parcel Expedited,14.000,Zone 08,5.98,5.68,0.00,0.30,5.68
2021-04-05,,'20210405154105535YBA4TWX,'9374869903506578445558,", 72 SAXON AVE, , BAY SHORE, NY, 11706-7016, US",DHL SmartMail Parcel Expedited,13.000,Zone 01,5.19,4.77,0.00,0.42,4.77
2021-04-05,,'20210405154106260MM4DX3E,'9374869903506578445589,", 39509 CALLE EL POZO VERDE, , GREEN VALLEY, CA, 91390-1040, US",DHL SmartMail Parcel Expedited,14.000,Zone 08,5.98,5.68,0.00,0.30,5.68
2021-04-05,,'20210405154108707WIWJOKU,'9374869903506578445701,", 324 BRINSMADE AVE, , BRONX, NY, 10465-3002, US",DHL SmartMail Parcel Expedited,14.000,Zone 01,5.19,4.78,0.00,0.41,4.78
2021-04-05,,'20210405154109583LSMDHYL,'9374869903506578445763,", 1613 OAKWOOD ST, , BEDFORD, VA, 24523-1213, US",DHL SmartMail Parcel Expedited,14.000,Zone 04,5.27,4.86,0.00,0.41,4.86
2021-04-05,,'20210405154104733UZ1C2IR,'9374869903506578446128,", 1200 PARKSIDE GREEN DR APT D, , GREENACRES, FL, 33415-1511, US",DHL SmartMail Parcel Expedited,14.000,Zone 06,5.66,5.18,0.00,0.48,5.18
2021-04-05,,'20210405154104734VYPCF3V,'9374869903506578446135,", 738 RIVERVIEW LN, , WINDER, GA, 30680-3147, US",DHL SmartMail Parcel Expedited,13.000,Zone 05,5.42,4.98,0.00,0.44,4.98
2021-04-05,,'2021040515410558704SCBU0,'9374869903506578446203,", 1494 CORAL DR, , FARMINGTON, NY, 14425-9057, US",DHL SmartMail Parcel Expedited,14.000,Zone 03,5.23,4.82,0.00,0.41,4.82
2021-04-05,,'20210405154106250Q13IKSN,'9374869903506578446227,", 1 SILVERS RD, , MARLBORO, NJ, 07746-1800, US",DHL SmartMail Parcel Expedited,14.000,Zone 01,5.19,4.78,0.00,0.41,4.78
2021-04-05,,'202104051541066002J4LPAG,'9374869903506578446241,", 2001 VAN HAVEN DR, , STATESVILLE, NC, 28625-4342, US",DHL SmartMail Parcel Expedited,11.000,Zone 04,4.12,3.95,0.00,0.17,3.95
2021-04-05,,'202104051541069402SPGDZM,'9374869903506578446258,", 3528 WINE RD, , JOHNS ISLAND, SC, 29455-7515, US",DHL SmartMail Parcel Expedited,14.000,Zone 05,5.42,4.99,0.00,0.43,4.99
2021-04-05,,'20210405154108804BO2Z4BG,'9374869903506578446289,", 1780 BALBOA DR APT E, , IDAHO FALLS, ID, 83404-6432, US",DHL SmartMail Parcel Expedited,14.000,Zone 08,5.98,5.68,0.00,0.30,5.68
2021-04-05,,'20210405154110290UCVIWCZ,'9374869903506578446371,", 2709 MACBY AVE, , MARIETTA, GA, 30066-4323, US",DHL SmartMail Parcel Expedited,13.000,Zone 05,5.42,4.98,0.00,0.44,4.98
2021-04-05,,'20210405154101495GAWFTUT,'9374869903506578447330,", 13865 W LINFIELD DR, , NEW BERLIN, WI, 53151-6242, US",DHL SmartMail Parcel Expedited,13.000,Zone 05,5.42,4.98,0.00,0.44,4.98
2021-04-05,,'20210405154104915X0CGGYQ,'9374869903506578447514,", 539 SEDGWICK RIDGE RD, , SEDGWICK, ME, 04676-3249, US",DHL SmartMail Parcel Expedited,14.000,Zone 04,5.27,4.86,0.00,0.41,4.86
2021-04-05,,'202104051541047331S4JJ4R,'9374869903506578447576,", 927 WILDWOOD RD, , NORTH VERNON, IN, 47265-5900, US",DHL SmartMail Parcel Expedited,14.000,Zone 05,5.42,4.99,0.00,0.43,4.99
2021-04-05,,'20210405154105520SISL104,'9374869903506578447583,", 9999 E 121ST ST S # 313, , BIXBY, OK, 74008-2551, US",DHL SmartMail Parcel Expedited,13.000,Zone 06,5.66,5.18,0.00,0.48,5.18
2021-04-05,,'202104051541063064BB3AI3,'9374869903506578447651,", 2949 S 94TH EAST AVE, , TULSA, OK, 74129-6830, US",DHL SmartMail Parcel Expedited,14.000,Zone 06,5.66,5.18,0.00,0.48,5.18
2021-04-05,,'20210405154106297MLOJ4N4,'9374869903506578447668,", 3024 AMERICUS DR, , THOMPSONS STATION, TN, 37179-9609, US",DHL SmartMail Parcel Expedited,14.000,Zone 05,5.42,4.99,0.00,0.43,4.99
2021-04-05,,'20210405154107202FLSJL5Y,'9374869903506578447736,", 911 GARDEN DR APT 2A, , ESSEX, MD, 21221-5110, US",DHL SmartMail Parcel Expedited,13.000,Zone 02,5.19,4.77,0.00,0.42,4.77
2021-04-05,,'20210405154108716EW5GH2K,'9374869903506578447804,", 5527 W SUNSHADE CV, , WEST VALLEY CITY, UT, 84120-6718, US",DHL SmartMail Parcel Expedited,14.000,Zone 08,5.98,5.68,0.00,0.30,5.68
2021-04-05,,'20210405154108707N5KXCTH,'9374869903506578447811,", 55 S VAIL AVE APT 713, , ARLINGTON HTS, IL, 60005-1872, US",DHL SmartMail Parcel Expedited,14.000,Zone 05,5.42,4.99,0.00,0.43,4.99
2021-04-05,,'20210405154101495XK0H14U,'9374869903506578447859,", 1011 APLIN AVE, , PERRYVILLE, AR, 72126-8772, US",DHL SmartMail Parcel Expedited,14.000,Zone 06,5.66,5.18,0.00,0.48,5.18
2021-04-05,,'2021040515410186103LHZ1U,'9374869903506578447866,", 4102 TAYLOR AVE APT 316, , NOTTINGHAM, MD, 21236-4632, US",DHL SmartMail Parcel Expedited,13.000,Zone 02,5.19,4.77,0.00,0.42,4.77
2021-04-05,,'20210405154104734SEYE0TH,'9374869903506578448122,", 20043 HERITAGE POINT DR, , TAMPA, FL, 33647-3389, US",DHL SmartMail Parcel Expedited,14.000,Zone 05,5.42,4.99,0.00,0.43,4.99
2021-04-05,,'2021040515410618123MMWNN,'9374869903506578448191,", 520 N ORANGE GROVE BLVD, , PASADENA, CA, 91103-3549, US",DHL SmartMail Parcel Expedited,14.000,Zone 08,5.98,5.68,0.00,0.30,5.68
2021-04-05,,'20210405154107133JJ2QKVX,'9374869903506578448214,", 4466 BELLAMY RD, , KEYSTONE HEIGHTS, FL, 32656-7951, US",DHL SmartMail Parcel Expedited,14.000,Zone 05,5.42,4.99,0.00,0.43,4.99
2021-04-05,,'20210405154111595WIPE3CO,'9374869903506578448412,", 206 GOOD ST, , WAYNESBURG, PA, 15370-8314, US",DHL SmartMail Parcel Expedited,13.000,Zone 04,5.27,4.85,0.00,0.42,4.85
2021-04-05,,'20210405154109510F1CYR4F,'9374869903506578448894,", 6302 UNIVERSITY PL, , DETROIT, MI, 48224-1210, US",DHL SmartMail Parcel Expedited,14.000,Zone 04,5.27,4.86,0.00,0.41,4.86
2021-04-05,,'2021040515411100403YZ2KC,'9374869903506578448993,", 1376 LAUREL HILL DR, , CLERMONT, FL, 34711-1912, US",DHL SmartMail Parcel Expedited,14.000,Zone 05,5.42,4.99,0.00,0.43,4.99
2021-04-05,,'20210405154300307Q5MDR0W,'9374869903506578466522,", 5136 WILCOX RD, , WHITESBORO, NY, 13492-2540, US",DHL SmartMail Parcel Expedited,9.000,Zone 03,4.09,3.90,0.00,0.19,3.90
2021-04-05,,'202104051543002902GYTNU0,'9374869903506578466539,", 906 E 1ST ST, , SALEM, MO, 65560-2642, US",DHL SmartMail Parcel Expedited,8.000,Zone 06,3.58,3.49,0.00,0.09,3.49
2021-04-05,,'20210405154300296GK30LFE,'9374869903506578466546,", 65 JONES AVE, , JASPER, GA, 30143-2152, US",DHL SmartMail Parcel Expedited,10.000,Zone 05,4.20,4.01,0.00,0.19,4.01
2021-04-05,,'20210405154301605440W1JX,'9374869903506578466614,", 302 N QUINCY ST, , COMMERCE, OK, 74339-1320, US",DHL SmartMail Parcel Expedited,8.000,Zone 06,3.58,3.49,0.00,0.09,3.49
2021-04-05,,'202104051543017742MW3PCO,'9374869903506578466638,", 1308 MUIRWOOD BLVD, , MURFREESBORO, TN, 37128-5528, US",DHL SmartMail Parcel Expedited,7.000,Zone 05,3.57,3.47,0.00,0.10,3.47
2021-04-05,,'20210405154301835BEZKFOC,'9374869903506578466652,", 333 BROOK AVE APT 1B, , BAY SHORE, NY, 11706-5629, US",DHL SmartMail Parcel Expedited,10.000,Zone 01,4.04,3.86,0.00,0.18,3.86
2021-04-05,,'20210405154300977XIBG23B,'9374869903506578467499,", 1621 ROBERTS AVE, , WHITING, IN, 46394-1317, US",DHL SmartMail Parcel Expedited,7.000,Zone 05,3.57,3.47,0.00,0.10,3.47
2021-04-05,,'20210405154301663HCF42UZ,'9374869903506578467543,", 245 LEMLY AVE, , JACKSON, MS, 39209-5112, US",DHL SmartMail Parcel Expedited,10.000,Zone 06,4.38,4.16,0.00,0.22,4.16
2021-04-05,,'20210405154302441ETIQAC4,'9374869903506578467581,", 5032 BELLE TERRE RD, , MARRERO, LA, 70072-4208, US",DHL SmartMail Parcel Expedited,7.000,Zone 06,3.58,3.49,0.00,0.09,3.49
2021-04-05,,'20210405154300292ZJQ5AAJ,'9374869903506578468502,", 5100 W HALLANDALE BEACH BLVD RM 127C, , PEMBROKE PARK, FL, 33023-7005, US",DHL SmartMail Parcel Expedited,7.000,Zone 06,3.58,3.49,0.00,0.09,3.49
2021-04-05,,'20210405154300967N5VJBZ5,'9374869903506578468564,", 1797 CAMPSIDE MANOR LN, , HENDERSON, NV, 89012-3437, US",DHL SmartMail Parcel Expedited,8.000,Zone 08,3.85,3.76,0.00,0.09,3.76
2021-04-05,,'20210405154300967OBJYHER,'9374869903506578468571,", 272 OLD DIXIE HWY, , HORSE CAVE, KY, 42749-1084, US",DHL SmartMail Parcel Expedited,7.000,Zone 05,3.57,3.47,0.00,0.10,3.47
2021-04-05,,'20210405154301587BBTSMJS,'9374869903506578468625,", 402 N 14TH ST, , ATCHISON, KS, 66002-1519, US",DHL SmartMail Parcel Expedited,7.000,Zone 06,3.58,3.49,0.00,0.09,3.49
2021-04-05,,'20210405154302311QGBWNC3,'9374869903506578468700,", 18401 PEAVY LN, , LITTLE RIVER, AL, 36550-9660, US",DHL SmartMail Parcel Expedited,8.000,Zone 06,3.58,3.49,0.00,0.09,3.49
2021-04-05,,'20210405154302539F3EJHZ5,'9374869903506578468724,", 105 LUTZ CT, , GALION, OH, 44833-2924, US",DHL SmartMail Parcel Expedited,7.000,Zone 04,3.51,3.42,0.00,0.09,3.42
2021-04-05,,'20210405154302196ZPLHNVL,'9374869903506578468908,", 1706 E OLIVE RD, , PENSACOLA, FL, 32514-7553, US",DHL SmartMail Parcel Expedited,7.000,Zone 06,3.58,3.49,0.00,0.09,3.49
2021-04-05,,'20210405154309198RQ3QEM3,'9374869903506578470086,", 638 N JAMES DR, , HERSHEY, NE, 69143-4498, US",DHL SmartMail Parcel Expedited,7.000,Zone 06,3.58,3.49,0.00,0.09,3.49
2021-04-05,,'202104051543077833BDHUSZ,'9374869903506578471878,", 325 W 124TH ST, HOUSE, CHICAGO, IL, 60628-7214, US",DHL SmartMail Parcel Expedited,7.000,Zone 05,3.57,3.47,0.00,0.10,3.47
2021-04-05,,'20210405154308553DPMMW5T,'9374869903506578471892,", 504 RUSSELL ST, , PEMBROKE, NC, 28372-9646, US",DHL SmartMail Parcel Expedited,7.000,Zone 04,3.51,3.42,0.00,0.09,3.42
2021-04-05,,'202104051544162002F21YDI,'9374869903506578478747,", 2101 W COLTER ST UNIT 122, , PHOENIX, AZ, 85015-2833, US",DHL SmartMail Parcel Expedited,10.000,Zone 08,4.68,4.56,0.00,0.12,4.56
2021-04-05,,'20210405154416001XNNXMEC,'9374869903506578479256,", 1620 9TH ST APT 304, , WHITE BEAR LAKE, MN, 55110-6720, US",DHL SmartMail Parcel Expedited,10.000,Zone 05,4.20,4.01,0.00,0.19,4.01
2021-04-05,,'20210405154416101BJNAF33,'9374869903506578479263,", 429 COUNTY ROAD 529, , NEW BROCKTON, AL, 36351-6315, US",DHL SmartMail Parcel Expedited,10.000,Zone 05,4.20,4.01,0.00,0.19,4.01
2021-04-05,,'20210405154417432UAVEI35,'9374869903506578479294,", 1301 CENTRE PKWY APT 67, , LEXINGTON, KY, 40517-3604, US",DHL SmartMail Parcel Expedited,10.000,Zone 04,4.12,3.94,0.00,0.18,3.94
2021-04-05,,'20210405154418278FJ2HHMM,'9374869903506578479324,", 31 SUMMER HILL RD, , MEDWAY, MA, 02053-2145, US",DHL SmartMail Parcel Expedited,10.000,Zone 03,4.09,3.91,0.00,0.18,3.91
2021-04-05,,'20210405154415998YHB0IO5,'9374869903506578480160,", 819 E MORTON ST, , DENISON, TX, 75021-2778, US",DHL SmartMail Parcel Expedited,11.000,Zone 06,4.38,4.18,0.00,0.20,4.18
2021-04-05,,'20210405154416000KGZZIHT,'9374869903506578481198,", 11 QUINTESSA CIR, , LAS VEGAS, NV, 89141-6054, US",DHL SmartMail Parcel Expedited,10.000,Zone 08,4.68,4.56,0.00,0.12,4.56
2021-04-05,,'20210405154416025RWMBPG0,'9374869903506578481204,", 5722 COUNTY ROAD 38, , ALMA, NY, 14708-9711, US",DHL SmartMail Parcel Expedited,10.000,Zone 03,4.09,3.91,0.00,0.18,3.91
2021-04-05,,'20210405154543318BVJZU3V,'9374869903506578496413,", 7723 ROCKBRIDGE RUN PL, , NEW KENT, VA, 23124-2866, US",DHL SmartMail Parcel Expedited,15.000,Zone 03,5.23,4.83,0.00,0.40,4.83
2021-04-05,,'20210405154543324OH1FOAK,'9374869903506578496437,", 113 WINDSONG CIR, , BELDEN, MS, 38826-8861, US",DHL SmartMail Parcel Expedited,15.000,Zone 05,5.42,5.00,0.00,0.42,5.00
2021-04-05,,'20210405154544312DNOH1BT,'9374869903506578496475,", 2311 WILSON AVE NW, , GRAND RAPIDS, MI, 49534-1117, US",DHL SmartMail Parcel Expedited,4.000,Zone 04,3.06,2.99,0.00,0.07,2.99
2021-04-05,,'20210405154548203UUS415P,'9374869903506578496710,", 15149 W EUREKA TRL, , SURPRISE, AZ, 85374-4476, US",DHL SmartMail Parcel Expedited,6.000,Zone 08,3.85,3.76,0.00,0.09,3.76
2021-04-05,,'20210405154543325JELCQOQ,'9374869903506578497441,", 241 A B BAILEY RD, , DERIDDER, LA, 70634-8198, US",DHL SmartMail Parcel Expedited,15.000,Zone 06,5.66,5.21,0.00,0.45,5.21
2021-04-05,,'20210405154543325VURUHKT,'9374869903506578497472,", 31 WOODCOCK AVE APT 7, , HAVERHILL, MA, 01832-3877, US",DHL SmartMail Parcel Expedited,6.000,Zone 03,3.49,3.39,0.00,0.10,3.39
2021-04-05,,'20210405154545565ZEGIM1T,'9374869903506578497649,", 1700 FAIRGROUNDS RD, , CASPER, WY, 82604-2919, US",DHL SmartMail Parcel Expedited,12.000,Zone 07,4.53,4.37,0.00,0.16,4.37
2021-04-05,,'20210405154545350GPZXJ2O,'9374869903506578498264,", 9629 CHAMPIONS DR, , GRANBURY, TX, 76049-4480, US",DHL SmartMail Parcel Expedited,8.000,Zone 06,3.58,3.49,0.00,0.09,3.49
2021-04-05,,'20210405154545872FFSQGQZ,'9374869903506578499254,", N214 HANK DR, , APPLETON, WI, 54915-8127, US",DHL SmartMail Parcel Expedited,14.000,Zone 05,5.42,4.99,0.00,0.43,4.99
2021-04-05,,'20210405154548222FQPY4IW,'9374869903506578499391,", 3754 OLD WHIGHAM RD, , CLIMAX, GA, 39834-2609, US",DHL SmartMail Parcel Expedited,4.000,Zone 05,3.12,3.04,0.00,0.08,3.04
2021-04-05,,'20210405154744268KD4ULG2,'9374869903506578518436,", 338 AVONDALE RD, , ROCHESTER, NY, 14622-1920, US",DHL SmartMail Parcel Expedited,13.000,Zone 03,5.23,4.81,0.00,0.42,4.81
2021-04-05,,'20210405154746689GULEP4Z,'9374869903506578521177,", 604 STOKES ST E, , AHOSKIE, NC, 27910-4159, US",DHL SmartMail Parcel Expedited,14.000,Zone 04,5.27,4.86,0.00,0.41,4.86
2021-04-05,,'20210405155211609FW0TVUG,'9374869903506578568530,", 2939 PATRICIAN PL, , MOBILE, AL, 36695-4212, US",DHL SmartMail Parcel Expedited,15.999,Zone 06,5.66,5.22,0.00,0.44,5.22
2021-04-05,,'20210405155212616LCRZVSI,'9374869903506578571493,", 4914 ROCKY KNOLL DR, , FORT WAYNE, IN, 46809-9537, US",DHL SmartMail Parcel Expedited,14.000,Zone 04,5.27,4.86,0.00,0.41,4.86
2021-04-05,,'20210405155211367HUBEXOV,'9374869903506578571868,", 2280 WHITNEY RD, , DENISON, TX, 75021-4370, US",DHL SmartMail Parcel Expedited,11.000,Zone 06,4.38,4.18,0.00,0.20,4.18
2021-04-05,,'202104051552141270SX4Z0X,'9374869903506578572056,", 2207 DILLON RD, , HIGH RIDGE, MO, 63049-1756, US",DHL SmartMail Parcel Expedited,13.000,Zone 05,5.42,4.98,0.00,0.44,4.98
2021-04-05,,'20210405155215503WBN2XXP,'9374869903506578572124,", 3649 VALLEY CREEK DR, , FLOWERY BRANCH, GA, 30542-3094, US",DHL SmartMail Parcel Expedited,12.000,Zone 05,4.20,4.04,0.00,0.16,4.04
2021-04-05,,'20210405155638870RSJXFVT,'9374869903506578638394,", 10107 S VAN VLISSINGEN RD, , CHICAGO, IL, 60617-5638, US",DHL SmartMail Parcel Expedited,9.000,Zone 05,4.20,4.00,0.00,0.20,4.00
2021-04-05,,'20210405155638911VLLLDOB,'9374869903506578640908,", 5701 CENTRE AVE APT 1303, , PITTSBURGH, PA, 15206-3748, US",DHL SmartMail Parcel Expedited,9.000,Zone 04,4.12,3.92,0.00,0.20,3.92
2021-04-05,,'20210405161702832JZ3X50U,'9374869903506578876840,", 3749 82ND ST, , JACKSON HEIGHTS, NY, 11372-7031, US",DHL SmartMail Parcel Expedited,15.000,Zone 01,5.19,4.79,0.00,0.40,4.79
2021-04-05,,'20210405153212047V2MNVZY,'9361269903506578346682,", 2065 MENDON RD APT 212, , CUMBERLAND, RI, 02864-4342, US",DHL SmartMail Parcel Expedited,15.000,Zone 03,5.23,4.83,0.00,0.40,4.83
2021-04-05,,'20210405153210248UB5HP4O,'9361269903506578346606,", 25940 HIGHWAY 48, , WOODLAND, AL, 36280-5102, US",DHL SmartMail Parcel Expedited,14.000,Zone 05,5.42,4.99,0.00,0.43,4.99
2021-04-05,,'20210405153210723SVPZQGE,'9361269903506578346521,", 6790 SANDPEBBLE ST, , PAHRUMP, NV, 89061-7770, US",DHL SmartMail Parcel Expedited,14.000,Zone 08,5.98,5.68,0.00,0.30,5.68
2021-04-05,,'202104051532129681Z5PEIR,'9361269903506578345753,", 7401 WALDEN DR, , JOSHUA, TX, 76058-4509, US",DHL SmartMail Parcel Expedited,15.000,Zone 06,5.66,5.21,0.00,0.45,5.21
2021-04-05,,'20210405153211113BHFP0OQ,'9361269903506578345678,", 360 REDWOOD CT APT 360, , BENSALEM, PA, 19020-4305, US",DHL SmartMail Parcel Expedited,15.000,Zone 02,5.19,4.79,0.00,0.40,4.79
2021-04-05,,'2021040515321003032UW3NX,'9361269903506578347023,", 606 CLIFT ST, , MARTINSVILLE, VA, 24112-4923, US",DHL SmartMail Parcel Expedited,15.000,Zone 04,5.27,4.87,0.00,0.40,4.87
2021-04-05,,'20210405153212234BZWUS2K,'9361269903506578347931,", 709 W 15TH ST LOT 16, , MUNCIE, IN, 47302-3021, US",DHL SmartMail Parcel Expedited,15.000,Zone 04,5.27,4.87,0.00,0.40,4.87
2021-04-05,,'202104051532235452UFL3YK,'9361269903506578349201,", 260 VAN NOSTRAND AVE, , JERSEY CITY, NJ, 07305-2119, US",DHL SmartMail Parcel Expedited,14.000,Zone 01,5.19,4.78,0.00,0.41,4.78
2021-04-05,,'20210405153213787XXDC5LB,'9361269903506578346767,", 2960 PRINCETON CT, , MUSKEGON, MI, 49441-3765, US",DHL SmartMail Parcel Expedited,15.000,Zone 04,5.27,4.87,0.00,0.40,4.87
2021-04-06,,'20210406132923410TJTBGOA,'9361269903506585447655,", 20111 CUTLER CT, , CUTLER BAY, FL, 33189-2064, US",DHL SmartMail Parcel Plus Expedited,32.000,Zone 06,10.44,9.03,0.00,1.41,9.03
2021-04-06,,'20210406133304811KDSG3BJ,'9361269903506585498305,", 5772 GARDEN GROVE BLVD SPC 455, , WESTMINSTER, CA, 92683-1856, US",DHL SmartMail Parcel Plus Expedited,32.000,Zone 08,11.69,10.59,0.00,1.10,10.59
2021-04-06,,'202104061333048650VXG4VN,'9361269903506585498312,", 5740 EASTSIDE DR, , COLUMBUS, GA, 31909-4061, US",DHL SmartMail Parcel Plus Expedited,32.000,Zone 05,8.85,7.85,0.00,1.00,7.85
2021-04-06,,'20210406133114613WLVV3AA,'9374869903506585472530,", 7832 CATALPA AVE, , HAMMOND, IN, 46324-3222, US",DHL SmartMail Parcel Plus Expedited,32.000,Zone 05,8.85,7.85,0.00,1.00,7.85
2021-04-06,,'20210406132920625CEVVG34,'9374869903506585447538,", 125 W 31ST ST APT 17K, , NEW YORK, NY, 10001-0089, US",DHL SmartMail Parcel Expedited,12.000,Zone 01,4.04,3.88,0.00,0.16,3.88
2021-04-06,,'202104061329206244KBX3G5,'9374869903506585447552,", 1145 MISTY MORN DR APT 5, , LENOIR, NC, 28645-8425, US",DHL SmartMail Parcel Expedited,13.000,Zone 04,5.27,4.85,0.00,0.42,4.85
2021-04-06,,'202104061329206251KBU2FR,'9374869903506585447569,", E 208 Meadowmirror Way, , Deer Park, WA, 99006, US",DHL SmartMail Parcel Expedited,12.000,Zone 08,4.68,4.57,0.00,0.11,4.57
2021-04-06,,'20210406132926688APDCF52,'9374869903506585447712,", 87 TIMBER POINT RD, , FRIENDSHIP, ME, 04547-4214, US",DHL SmartMail Parcel Expedited,12.000,Zone 03,4.09,3.93,0.00,0.16,3.93
2021-04-06,,'20210406132920615GM13TNM,'9374869903506585448405,", 149 VASSAR LN, , SAN ANTONIO, TX, 78212-1937, US",DHL SmartMail Parcel Expedited,7.000,Zone 07,3.69,3.60,0.00,0.09,3.60
2021-04-06,,'20210406132920625UG1FJRM,'9374869903506585448429,", 211 GANT ST, , GREENSBORO, NC, 27401-3621, US",DHL SmartMail Parcel Expedited,12.000,Zone 04,4.12,3.96,0.00,0.16,3.96
2021-04-06,,'20210406132923353VBNZSWR,'9374869903506585448474,", 1111 HIGHWAY 73, , MOOSE LAKE, MN, 55767-9452, US",DHL SmartMail Parcel Expedited,7.000,Zone 05,3.57,3.47,0.00,0.10,3.47
2021-04-06,,'20210406132923354MBWL3QZ,'9374869903506585449440,", 131 Hyde, 145, Williamsburg, NM, 87942, US",DHL SmartMail Parcel Expedited,13.000,Zone 07,5.81,5.37,0.00,0.44,5.37
2021-04-06,,'20210406132923631CQ0ZJVU,'9374869903506585449532,", 1515 W CHRISTI DR, , SPOKANE, WA, 99208-8862, US",DHL SmartMail Parcel Expedited,12.000,Zone 08,4.68,4.57,0.00,0.11,4.57
2021-04-06,,'202104061329206293PZDKKH,'9374869903506585450491,", 561 GLEN WAY, , MIAMI SPRINGS, FL, 33166-5230, US",DHL SmartMail Parcel Expedited,7.000,Zone 06,3.58,3.49,0.00,0.09,3.49
2021-04-06,,'20210406132923546PURBEAS,'9374869903506585450699,", 8144 KITAMAT WAY, , BLAINE, WA, 98230-9555, US",DHL SmartMail Parcel Expedited,12.000,Zone 08,4.68,4.57,0.00,0.11,4.57
2021-04-06,,'20210406132923575AI3UMYJ,'9374869903506585450705,", 967 HAMILTON DAIRY RD, , HOT SPRINGS VILLAGE, AR, 71909-9661, US",DHL SmartMail Parcel Expedited,12.000,Zone 06,4.38,4.18,0.00,0.20,4.18
2021-04-06,,'20210406133114625OPCX3UL,'9374869903506585471458,", 1085 COUNTY ROAD 71, , HEMINGFORD, NE, 69348-2029, US",DHL SmartMail Parcel Expedited,8.000,Zone 06,3.58,3.49,0.00,0.09,3.49
2021-04-06,,'20210406133114619V3TRG2G,'9374869903506585472547,", 24 TROY DR, , LITITZ, PA, 17543-9419, US",DHL SmartMail Parcel Expedited,12.000,Zone 02,4.04,3.88,0.00,0.16,3.88
2021-04-06,,'202104061331146304AQEZYC,'9374869903506585472998,", 1400 SILVERWOOD CT, , WINDSOR, CO, 80550-5936, US",DHL SmartMail Parcel Expedited,8.000,Zone 07,3.69,3.60,0.00,0.09,3.60
2021-04-06,,'202104061331146142WT5HLB,'9374869903506585473001,", 7600 BLANCO RD APT 5001, , SAN ANTONIO, TX, 78216-4388, US",DHL SmartMail Parcel Expedited,12.000,Zone 07,4.53,4.37,0.00,0.16,4.37
2021-04-06,,'202104061332142004IYQ0HR,'9374869903506585484816,", 631 8TH ST UNIT 210, , STOUGHTON, WI, 53589-2678, US",DHL SmartMail Parcel Expedited,14.000,Zone 05,5.42,4.99,0.00,0.43,4.99
2021-04-06,,'20210406133213738ZGS50SS,'9374869903506585485578,", 225 SUNNYSIDE DR, , LEESBURG, FL, 34748-6171, US",DHL SmartMail Parcel Expedited,13.000,Zone 05,5.42,4.98,0.00,0.44,4.98
2021-04-06,,'202104061332137361M5FOCT,'9374869903506585486711,", 708 N HILEAH CT, , LITHONIA, GA, 30058-5812, US",DHL SmartMail Parcel Expedited,7.000,Zone 05,3.57,3.47,0.00,0.10,3.47
2021-04-06,,'202104061332137493URZLQ5,'9374869903506585486728,", 1200 WINDING BROOK WAY, , WHITING, NJ, 08759-3518, US",DHL SmartMail Parcel Expedited,13.000,Zone 01,5.19,4.77,0.00,0.42,4.77
2021-04-06,,'20210406133214201LY223OO,'9374869903506585486742,", 1241 FERGUSON AVE, , FORT WAYNE, IN, 46805-2107, US",DHL SmartMail Parcel Expedited,13.000,Zone 04,5.27,4.85,0.00,0.42,4.85
2021-04-06,,'202104061333048090RQAGB1,'9374869903506585496451,", 7 SUGAR MAPLE RD, , LEVITTOWN, NY, 11756-1919, US",DHL SmartMail Parcel Expedited,12.000,Zone 01,4.04,3.88,0.00,0.16,3.88
2021-04-06,,'20210406133305795AIWF43F,'9374869903506585496482,", 209 DUBROVICH ST, , BELLE VERNON, PA, 15012-2642, US",DHL SmartMail Parcel Expedited,10.000,Zone 04,4.12,3.94,0.00,0.18,3.94
2021-04-06,,'20210406133307715TYBBR4V,'9374869903506585496628,", 988 S CARLY CIR, , YORKVILLE, IL, 60560-8304, US",DHL SmartMail Parcel Expedited,13.000,Zone 05,5.42,4.98,0.00,0.44,4.98
2021-04-06,,'20210406133308662A3ZKZIZ,'9374869903506585496680,", 13026 E PONCE ST, , DEWEY, AZ, 86327-7162, US",DHL SmartMail Parcel Expedited,6.000,Zone 08,3.85,3.76,0.00,0.09,3.76
2021-04-06,,'20210406133304813RP3SWIA,'9374869903506585497472,", 2015 32ND ST, C/O MARTINVIEW ASSISTED LIVING, NORTHPORT, AL, 35476-5232, US",DHL SmartMail Parcel Expedited,14.000,Zone 05,5.42,4.99,0.00,0.43,4.99
2021-04-06,,'202104061333048133RJWUJ2,'9374869903506585499063,", 272 WARD AVE APT 12I, , BORDENTOWN, NJ, 08505-2316, US",DHL SmartMail Parcel Expedited,4.000,Zone 01,3.01,2.94,0.00,0.07,2.94
2021-04-06,,'20210406133309999PNKD0FF,'9374869903506585499957,", 12 NARBERTH PL, , SOUTHAMPTON, NJ, 08088-1305, US",DHL SmartMail Parcel Expedited,13.000,Zone 02,5.19,4.77,0.00,0.42,4.77
2021-04-06,,'20210406133311355KXDYCRW,'9374869903506585501858,", 9780 KIDDER RD, , CRANESVILLE, PA, 16410-9622, US",DHL SmartMail Parcel Expedited,14.000,Zone 04,5.27,4.86,0.00,0.41,4.86
2021-04-09,,'20210409134128225QSU05SX,'9361269903506606820276,", 128 ALMOND RD, , BENTLEYVILLE, PA, 15314-1979, US",DHL SmartMail Parcel Plus Expedited,32.000,Zone 04,8.24,7.35,0.00,0.89,7.35
2021-04-09,,'20210409134122784FSYJRGY,'9361269903506606823062,", 1125 W BLOOM RD, , FREMONT, OH, 43420-3952, US",DHL SmartMail Parcel Plus Expedited,32.000,Zone 04,8.24,7.35,0.00,0.89,7.35
2021-04-09,,'202104091341323371KYFHDX,'9361269903506606823369,", 15 RED HAVEN DR, , SELINSGROVE, PA, 17870-7556, US",DHL SmartMail Parcel Plus Expedited,32.000,Zone 02,7.79,6.97,0.00,0.82,6.97
2021-04-09,,'20210409134434684FCB4XDD,'9361269903506606843657,", 4951northeast 37th street, , Kansas City, MO, 64117, US",DHL SmartMail Parcel Plus Expedited,32.000,Zone 06,10.44,9.03,0.00,1.41,9.03
2021-04-09,,'20210409134432440ELTPIIU,'9361269903506606844210,", 61 TOWNSEND AVE, , STATEN ISLAND, NY, 10304-3713, US",DHL SmartMail Parcel Plus Expedited,32.000,Zone 01,7.79,6.97,0.00,0.82,6.97
2021-04-09,,'202104091344324394VTJBDN,'9361269903506606845248,", 414 S LEXINGTON AVE, , HASTINGS, NE, 68901-5921, US",DHL SmartMail Parcel Plus Expedited,32.000,Zone 06,10.44,9.03,0.00,1.41,9.03
2021-04-09,,'202104091344331890UVB1G4,'9361269903506606845293,", 700 8TH AVE APT 317, , MONROE, WI, 53566-4013, US",DHL SmartMail Parcel Plus Expedited,32.000,Zone 05,8.85,7.85,0.00,1.00,7.85
2021-04-09,,'20210409134433141EON0AQT,'9361269903506606845330,", 41 LIBERTY LN UNIT 109, , SOUTH PORTLAND, ME, 04106-2090, US",DHL SmartMail Parcel Plus Expedited,48.000,Zone 03,8.35,7.65,0.00,0.70,7.65
2021-04-09,,'202104091344324390MK3EE3,'9361269903506606846160,", 2592 COUGAR ST NE, , CANTON, OH, 44721-2120, US",DHL SmartMail Parcel Plus Expedited,32.000,Zone 04,8.24,7.35,0.00,0.89,7.35
2021-04-09,,'20210409134436893AMLB2G3,'9374869903506606843691,", 6975 COUNTY ROAD 2660, , MOUNTAIN VIEW, MO, 65548-8108, US",DHL SmartMail Parcel Plus Expedited,32.000,Zone 06,10.44,9.03,0.00,1.41,9.03
2021-04-09,,'20210409134125730TWJ2SR4,'9374869903506606822610,", 5161 WHIPPLE LAKE RD, , CLARKSTON, MI, 48348-3159, US",DHL SmartMail Parcel Expedited,14.000,Zone 04,5.27,4.86,0.00,0.41,4.86
2021-04-09,,'20210409134125391IVBOQMI,'9374869903506606823150,", 4108 ASHLAND AVE, , SAINT LOUIS, MO, 63115-3314, US",DHL SmartMail Parcel Expedited,13.000,Zone 05,5.42,4.98,0.00,0.44,4.98
2021-04-09,,'202104091342470893Z0TXGA,'9374869903506606829626,", 407 MAPLE ST, , WRIGHTSVILLE, PA, 17368-1639, US",DHL SmartMail Parcel Expedited,15.000,Zone 02,5.19,4.79,0.00,0.40,4.79
2021-04-09,,'20210409134247070R3EGSB1,'9374869903506606830363,", 210 E WATER ST, , TUCSON, AZ, 85705-4537, US",DHL SmartMail Parcel Expedited,15.000,Zone 08,5.98,5.72,0.00,0.26,5.72
2021-04-09,,'20210409134247069EE1ZRWJ,'9374869903506606830370,", 6150 SUDBURY LN APT 101, , MEMPHIS, TN, 38115-3339, US",DHL SmartMail Parcel Expedited,8.000,Zone 05,3.57,3.48,0.00,0.09,3.48
2021-04-09,,'20210409134247066TSNSWAF,'9374869903506606831018,", 1944 VICTORIA AVE, , DAYTON, OH, 45406-2740, US",DHL SmartMail Parcel Expedited,15.000,Zone 04,5.27,4.87,0.00,0.40,4.87
2021-04-09,,'20210409134247070RT1RQ4Y,'9374869903506606831025,", 1306 JESSICA ST, , ELIZABETH CITY, NC, 27909-7756, US",DHL SmartMail Parcel Expedited,15.000,Zone 04,5.27,4.87,0.00,0.40,4.87
2021-04-09,,'20210409134248243GO1PL5S,'9374869903506606831087,", 1446 ATTERBURY DR, , WALNUT, CA, 91789-1302, US",DHL SmartMail Parcel Expedited,15.000,Zone 08,5.98,5.72,0.00,0.26,5.72
2021-04-09,,'20210409134247065QPLT0IJ,'9374869903506606831889,", 30 JAMES ST APT 1, , HARTFORD, CT, 06106-1034, US",DHL SmartMail Parcel Expedited,12.000,Zone 02,4.04,3.88,0.00,0.16,3.88
2021-04-09,,'20210409134433829YGCID3V,'9374869903506606843554,", 23496 HIGHWAY 20, , HIGGINSVILLE, MO, 64037-8260, US",DHL SmartMail Parcel Expedited,14.000,Zone 06,5.66,5.18,0.00,0.48,5.18
2021-04-09,,'20210409134433102FUKHO53,'9374869903506606845282,", 4802 FIR TREE LN, , BLAINE, WA, 98230-9654, US",DHL SmartMail Parcel Expedited,14.000,Zone 08,5.98,5.68,0.00,0.30,5.68
2021-04-09,,'20210409134436054NGIJFGE,'9374869903506606845381,", 21 ANNESE RD, , CHELSEA, MA, 02150-1101, US",DHL SmartMail Parcel Expedited,7.000,Zone 03,3.49,3.40,0.00,0.09,3.40
2021-04-09,,'20210409134432438XSULLJT,'9374869903506606846111,", 2790 W 5TH ST APT 8E, , BROOKLYN, NY, 11224-4124, US",DHL SmartMail Parcel Expedited,14.000,Zone 01,5.19,4.78,0.00,0.41,4.78
2021-04-09,,'202104091344345393WIVXWH,'9374869903506606846227,", 1213 SUNNYSIDE CT, , ROUND LAKE BEACH, IL, 60073-1830, US",DHL SmartMail Parcel Expedited,8.000,Zone 05,3.57,3.48,0.00,0.09,3.48
2021-04-09,,'20210409134433053UKJFEYR,'9361269903506606843527,", 2712 GROVELAND ST, , MIDDLETOWN, OH, 45042-1812, US",DHL SmartMail Parcel Expedited,14.000,Zone 04,5.27,4.86,0.00,0.41,4.86
