Ship Date,Customer Reference,Customer Confirmation,Delivery Confirmation,Recipient Address,Service,Weight (oz),Pricing Zone,USPS Comp. Rate,Charge,Surcharges,Total Savings,Total Charges
2021-04-05,,'4810849272487,'9261290249307242425009,", 701 Jay St # A, , ELMIRA, NY, 14901, US",DHL SmartMail Parcel Plus Expedited,32.000,Zone 03,7.96,7.22,0.00,0.74,7.22
2021-04-05,,'4810849287871,'9261290249307242425306,", 489 La Luz Blvd APT A317, , LEBANON, OH, 45036, US",DHL SmartMail Parcel Plus Expedited,32.000,Zone 04,8.24,7.22,0.00,1.02,7.22
2021-04-05,,'3814540106509,'9261290249307242434209,", 865 fairwood ave, , MARION, OH, 43302, US",DHL SmartMail Parcel Plus Expedited,32.000,Zone 04,8.24,7.22,0.00,1.02,7.22
2021-04-05,,'3814540202644,'9261290249307242435404,", 4707 Honeycrest Rd, , CATAWISSA, MO, 63015, US",DHL SmartMail Parcel Plus Expedited,32.000,Zone 05,8.85,7.22,0.00,1.63,7.22
2021-04-05,,'3814540235111,'9261290249307242436005,", 58 Larry Thrasher Rd, , ALBANY, KY, 42602, US",DHL SmartMail Parcel Plus Expedited,32.000,Zone 05,8.85,7.22,0.00,1.63,7.22
2021-04-05,,'3814540274154,'9261290249307242437705,", 200 West walnut st., , CROTHERSVILLE, IN, 47229, US",DHL SmartMail Parcel Plus Expedited,48.000,Zone 05,9.64,7.22,0.00,2.42,7.22
2021-04-05,,'3814551193321,'9261290249307242458502,", 40 Lockspring, , SAN ANTONIO, TX, 78254, US",DHL SmartMail Parcel Plus Expedited,32.000,Zone 07,11.01,7.22,0.00,3.79,7.22
2021-04-05,,'4810861069173,'9261290249307242461106,", 144 Umbrella Place, , JUPITER, FL, 33458, US",DHL SmartMail Parcel Plus Expedited,32.000,Zone 06,10.44,7.22,0.00,3.22,7.22
2021-04-05,,'6810871629324,'9261290249307242476100,", 1022 Backus, , PADUCAH, TX, 79248, US",DHL SmartMail Parcel Plus Expedited,32.000,Zone 07,11.01,7.22,0.00,3.79,7.22
2021-04-05,,'7814562145649,'9261290249307242481401,", 204 E Main St, , NORWALK, OH, 44857, US",DHL SmartMail Parcel Plus Expedited,48.000,Zone 04,8.72,7.22,0.00,1.50,7.22
2021-04-05,,'4810871903781,'9261290249307242482408,", 290 needmore rd Apt 417, , CLARKSVILLE, TN, 37040, US",DHL SmartMail Parcel Plus Expedited,32.000,Zone 05,8.85,7.22,0.00,1.63,7.22
2021-04-05,,'6810871935952,'9261290249307242484105,", 208 South Mulberry Street, , CORNERSVILLE, TN, 37047, US",DHL SmartMail Parcel Plus Expedited,48.000,Zone 05,9.64,7.22,0.00,2.42,7.22
2021-04-05,,'7814562287284,'9261290249307242484907,", 6193 Viewsite Drive, , FREDERICK, MD, 21701, US",DHL SmartMail Parcel Plus Expedited,48.000,Zone 02,8.00,7.22,0.00,0.78,7.22
2021-04-05,,'6814572572727,'9261290249307242495507,", 7487 Hidden Valley Ct S, , COTTAGE GROVE, MN, 55016, US",DHL SmartMail Parcel Plus Expedited,32.000,Zone 05,8.85,7.22,0.00,1.63,7.22
2021-04-05,,'7814572718585,'9261290249307242498508,", 207 Pecan St, , ATLANTA, TX, 75551, US",DHL SmartMail Parcel Plus Expedited,48.000,Zone 06,12.70,7.22,0.00,5.48,7.22
2021-04-05,,'7810882457833,'9261290249307242499406,", 233 W Chestnut St, , BURLINGTON, WI, 53105, US",DHL SmartMail Parcel Plus Expedited,48.000,Zone 05,9.64,7.22,0.00,2.42,7.22
2021-04-05,,'7814572996919,'9261290249307242504704,", 420 bent rd, , WICHITA FALLS, TX, 76305, US",DHL SmartMail Parcel Plus Expedited,32.000,Zone 06,10.44,7.22,0.00,3.22,7.22
2021-04-05,,'6814583143585,'9261290249307242508306,", 8651 Hwy 433 S, , BENTON, MS, 39039, US",DHL SmartMail Parcel Plus Expedited,32.000,Zone 06,10.44,7.22,0.00,3.22,7.22
2021-04-05,,'6810892931936,'9261290249307242509501,", 329 Joyce Ln, , JASPER, TN, 37347, US",DHL SmartMail Parcel Plus Expedited,32.000,Zone 05,8.85,7.22,0.00,1.63,7.22
2021-04-05,,'6810892950701,'9261290249307242510507,", 417 Oak Street, , HOUMA, LA, 70363, US",DHL SmartMail Parcel Plus Expedited,32.000,Zone 06,10.44,7.22,0.00,3.22,7.22
2021-04-05,,'7814583381631,'9261290249307242517803,", 310 Crockett Loop, , GEORGETOWN, TX, 78633, US",DHL SmartMail Parcel Plus Expedited,32.000,Zone 07,11.01,7.22,0.00,3.79,7.22
2021-04-05,,'6814583405055,'9261290249307242518305,", 17 Ironstone Dr, , ELIZABETHTOWN, PA, 17022, US",DHL SmartMail Parcel Plus Expedited,32.000,Zone 02,7.79,7.22,0.00,0.57,7.22
2021-04-05,,'6814583505389,'9261290249307242522807,", 416533 E 1960 Rd, , ANTLERS, OK, 74523, US",DHL SmartMail Parcel Plus Expedited,32.000,Zone 06,10.44,7.22,0.00,3.22,7.22
2021-04-05,,'6814583676489,'9261290249307242528601,", 2188 Dudding Ln, , CULLODEN, WV, 25510, US",DHL SmartMail Parcel Plus Expedited,32.000,Zone 04,8.24,7.22,0.00,1.02,7.22
2021-04-05,,'6814583765030,'9261290249307242530208,", 6720 SE 5th St Apt 11, , DES MOINES, IA, 50315, US",DHL SmartMail Parcel Plus Expedited,32.000,Zone 05,8.85,7.22,0.00,1.63,7.22
2021-04-05,,'6814583789921,'9261290249307242531601,", 849 Bear Tree Crk, , CHAPEL HILL, NC, 27517, US",DHL SmartMail Parcel Plus Expedited,32.000,Zone 04,8.24,7.22,0.00,1.02,7.22
2021-04-05,,'7810903630130,'9261290249307242536002,", Bourbon St Mini Storage 3 Bourbon St  Un, , PEABODY, MA, 01960, US",DHL SmartMail Parcel Plus Expedited,48.000,Zone 03,8.35,7.22,0.00,1.13,7.22
2021-04-05,,'4810903862640,'9261290249307242547305,", 1453 3rd st s, , CARRINGTON, ND, 58421, US",DHL SmartMail Parcel Plus Expedited,32.000,Zone 06,10.44,7.22,0.00,3.22,7.22
2021-04-05,,'4810903914101,'9261290249307242549606,", 9138 Oak Grove Rd, , HOWELL, MI, 48855, US",DHL SmartMail Parcel Plus Expedited,32.000,Zone 04,8.24,7.22,0.00,1.02,7.22
2021-04-05,,'4814594273533,'9261290249307242552309,", 301 18th St, , HONESDALE, PA, 18431, US",DHL SmartMail Parcel Plus Expedited,32.000,Zone 01,7.79,7.22,0.00,0.57,7.22
2021-04-05,,'7810904009839,'9261290249307242554501,", 1932 sea isle rd, , MEMPHIS, TN, 38117, US",DHL SmartMail Parcel Plus Expedited,32.000,Zone 05,8.85,7.22,0.00,1.63,7.22
2021-04-05,,'6814594348873,'9261290249307242556109,", 2630 N 41st Street, , ORANGE, TX, 77630, US",DHL SmartMail Parcel Plus Expedited,32.000,Zone 06,10.44,7.22,0.00,3.22,7.22
2021-04-05,,'6814594414626,'9261290249307242558103,", 408 Longwood Dr, , DESTREHAN, LA, 70047, US",DHL SmartMail Parcel Plus Expedited,32.000,Zone 06,10.44,7.22,0.00,3.22,7.22
2021-04-05,,'4810904212010,'9261290249307242562605,", 9039 Springridge Dr, , DENHAM SPRINGS, LA, 70726, US",DHL SmartMail Parcel Plus Expedited,32.000,Zone 06,10.44,7.22,0.00,3.22,7.22
2021-04-05,,'6814604611001,'9261290249307242566306,", 906 Cherry Hill Court, , MELBOURNE, FL, 32940, US",DHL SmartMail Parcel Plus Expedited,32.000,Zone 05,8.85,7.22,0.00,1.63,7.22
2021-04-05,,'4810914557481,'9261290249307242577609,", 306 Nansemond St SE, , LEESBURG, VA, 20175, US",DHL SmartMail Parcel Plus Expedited,32.000,Zone 03,7.96,7.22,0.00,0.74,7.22
2021-04-05,,'7814605042534,'9261290249307242584102,", 2225 Oakcliff Dr, , BATON ROUGE, LA, 70810, US",DHL SmartMail Parcel Plus Expedited,48.000,Zone 06,12.70,7.22,0.00,5.48,7.22
2021-04-05,,'4814605051087,'9261290249307242585109,", 106 Meadowlawn Avenue, , MILFORD, IL, 60953, US",DHL SmartMail Parcel Plus Expedited,32.000,Zone 05,8.85,7.22,0.00,1.63,7.22
2021-04-05,,'4810925132069,'9261290249307242595207,", 3455 County Road 327, , MOULTON, AL, 35650, US",DHL SmartMail Parcel Plus Expedited,32.000,Zone 05,8.85,7.22,0.00,1.63,7.22
2021-04-05,,'6814615558603,'9261290249307242601502,", 1444 Adams St, , WABASH, IN, 46992, US",DHL SmartMail Parcel Plus Expedited,32.000,Zone 05,8.85,7.22,0.00,1.63,7.22
2021-04-05,,'7814615822496,'9261290249307242610306,", 314 E Kickapoo St, , READSTOWN, WI, 54652, US",DHL SmartMail Parcel Plus Expedited,32.000,Zone 05,8.85,7.22,0.00,1.63,7.22
2021-04-05,,'4810935822538,'9261290249307242619705,", 14623 U.S Hwy 50, , ROCKY FORD, CO, 81067, US",DHL SmartMail Parcel Plus Expedited,32.000,Zone 07,11.01,7.22,0.00,3.79,7.22
2021-04-05,,'7814626164777,'9261290249307242620909,", 9274 Mountain Cove RD Box 1257, , POUND, VA, 24279, US",DHL SmartMail Parcel Plus Expedited,32.000,Zone 05,8.85,7.22,0.00,1.63,7.22
2021-04-05,,'7814626557484,'9261290249307242634104,", 804 E 4th St, , CENTRALIA, IL, 62801, US",DHL SmartMail Parcel Plus Expedited,32.000,Zone 05,8.85,7.22,0.00,1.63,7.22
2021-04-05,,'6810936250841,'9261290249307242634203,", 17 N canal Street, , LYONS, NY, 14489, US",DHL SmartMail Parcel Plus Expedited,32.000,Zone 03,7.96,7.22,0.00,0.74,7.22
2021-04-05,,'6814626625507,'9261290249307242636603,", 110 Driftwood Drive, , LONG BEACH, MS, 39560, US",DHL SmartMail Parcel Plus Expedited,32.000,Zone 06,10.44,7.22,0.00,3.22,7.22
2021-04-05,,'6814626820088,'9261290249307242641409,", 23 S Queen St Apt 1, , LITTLESTOWN, PA, 17340, US",DHL SmartMail Parcel Plus Expedited,48.000,Zone 02,8.00,7.22,0.00,0.78,7.22
2021-04-05,,'6810946629642,'9261290249307242644509,", 1126 Agate Ave, , SPRING HILL, FL, 34609, US",DHL SmartMail Parcel Plus Expedited,32.000,Zone 05,8.85,7.22,0.00,1.63,7.22
2021-04-05,,'6810946775111,'9261290249307242650609,", 730 N Florida Ave, , TARPON SPRINGS, FL, 34689, US",DHL SmartMail Parcel Plus Expedited,32.000,Zone 05,8.85,7.22,0.00,1.63,7.22
2021-04-05,,'7814637491634,'9261290249307242662404,", 341 S Center St, , FORDLAND, MO, 65652, US",DHL SmartMail Parcel Plus Expedited,32.000,Zone 06,10.44,7.22,0.00,3.22,7.22
2021-04-05,,'6810957268350,'9261290249307242664903,", 2803 S 162nd Plz, , OMAHA, NE, 68130, US",DHL SmartMail Parcel Plus Expedited,32.000,Zone 06,10.44,7.22,0.00,3.22,7.22
2021-04-05,,'4810957325513,'9261290249307242667003,", 4701 Williamsburg Ct, , SOUTH BEND, IN, 46619, US",DHL SmartMail Parcel Plus Expedited,32.000,Zone 05,8.85,7.22,0.00,1.63,7.22
2021-04-05,,'7814647756586,'9261290249307242675206,", 1107 Bryant ave 2L, , BRONX, NY, 10459, US",DHL SmartMail Parcel Plus Expedited,32.000,Zone 01,7.79,7.22,0.00,0.57,7.22
2021-04-05,,'7814647755775,'9261290249307242675305,", 107 James rd, , BALD KNOB, AR, 72010, US",DHL SmartMail Parcel Plus Expedited,32.000,Zone 06,10.44,7.22,0.00,3.22,7.22
2021-04-05,,'6814647835792,'9261290249307242677408,", 4928 Prairie Branch Rd, , MANSFIELD, MO, 65704, US",DHL SmartMail Parcel Plus Expedited,32.000,Zone 06,10.44,7.22,0.00,3.22,7.22
2021-04-05,,'4810968134782,'9261290249307242693200,", 56 Ivy Lane, , FAIRMONT, WV, 26554, US",DHL SmartMail Parcel Plus Expedited,32.000,Zone 04,8.24,7.22,0.00,1.02,7.22
2021-04-05,,'3814540120524,'9274890249307242434502,", 441 Gants Rd, , MONCKS CORNER, SC, 29461, US",DHL SmartMail Parcel Expedited,14.000,Zone 05,5.42,5.20,0.00,0.22,5.20
2021-04-05,,'4810859928780,'9274890249307242436100,", 353 Pinto Drive North, , HEMPHILL, TX, 75948, US",DHL SmartMail Parcel Expedited,14.000,Zone 06,5.66,5.42,0.00,0.24,5.42
2021-04-05,,'4810859956935,'9274890249307242437404,", 518 Fairbrook Street, , FRANKLIN, KY, 42134, US",DHL SmartMail Parcel Expedited,14.000,Zone 05,5.42,5.20,0.00,0.22,5.20
2021-04-05,,'3814540278408,'9274890249307242438401,", 5612 Rock Island Rd 167, , FORT LAUDERDALE, FL, 33319, US",DHL SmartMail Parcel Expedited,14.000,Zone 06,5.66,5.42,0.00,0.24,5.42
2021-04-05,,'4810850036348,'9274890249307242440503,", 5101 SW 60th Street Road 905, , OCALA, FL, 34474, US",DHL SmartMail Parcel Expedited,14.000,Zone 05,5.42,5.20,0.00,0.22,5.20
2021-04-05,,'3814540338631,'9274890249307242440602,", 625 Burton St, , OPELOUSAS, LA, 70570, US",DHL SmartMail Parcel Expedited,14.000,Zone 06,5.66,5.42,0.00,0.24,5.42
2021-04-05,,'3814540425523,'9274890249307242441609,", 380 Cedar Creek Rd, , PIKEVILLE, KY, 41501, US",DHL SmartMail Parcel Expedited,14.000,Zone 04,5.27,5.06,0.00,0.21,5.06
2021-04-05,,'3814540506049,'9274890249307242442705,", 41179 Starboard Dr, , AVON, NC, 27915, US",DHL SmartMail Parcel Expedited,14.000,Zone 04,5.27,5.06,0.00,0.21,5.06
2021-04-05,,'4810850310080,'9274890249307242444501,", 5255 S 179th St West, , GODDARD, KS, 67052, US",DHL SmartMail Parcel Expedited,14.000,Zone 06,5.66,5.42,0.00,0.24,5.42
2021-04-05,,'4810850351693,'9274890249307242444907,", 1120 Green St, , MARCUS HOOK, PA, 19061, US",DHL SmartMail Parcel Expedited,14.000,Zone 02,5.19,4.98,0.00,0.21,4.98
2021-04-05,,'3814540788578,'9274890249307242448400,", 76 Mulberry St Lot 25, , MAXWELL, TX, 78656, US",DHL SmartMail Parcel Expedited,14.000,Zone 07,5.81,5.60,0.00,0.21,5.60
2021-04-05,,'4810850497436,'9274890249307242448509,", 397 Montreal Ln, , SHIPMAN, VA, 22971, US",DHL SmartMail Parcel Expedited,14.000,Zone 03,5.23,5.02,0.00,0.21,5.02
2021-04-05,,'4810850536937,'9274890249307242449001,", 5737 Kendrick Lane, , CUMMING, GA, 30041, US",DHL SmartMail Parcel Expedited,14.000,Zone 05,5.42,5.20,0.00,0.22,5.20
2021-04-05,,'4810850535818,'9274890249307242449100,", 1318 Parktown Drive, , OCEAN SPRINGS, MS, 39564, US",DHL SmartMail Parcel Expedited,14.000,Zone 06,5.66,5.42,0.00,0.24,5.42
2021-04-05,,'3814550879952,'9274890249307242449407,", 4048 Elyt Dr, , BROWNSVILLE, TX, 78521, US",DHL SmartMail Parcel Expedited,14.000,Zone 07,5.81,5.60,0.00,0.21,5.60
2021-04-05,,'4810860696751,'9274890249307242452407,", 3841 Belleau Wood Dr #9, , LEXINGTON, KY, 40517, US",DHL SmartMail Parcel Expedited,14.000,Zone 04,5.27,5.06,0.00,0.21,5.06
2021-04-05,,'4810860706766,'9274890249307242452902,", 531 Agave Flats Dr, , NEW BRAUNFELS, TX, 78130, US",DHL SmartMail Parcel Expedited,14.000,Zone 07,5.81,5.60,0.00,0.21,5.60
2021-04-05,,'4810860712985,'9274890249307242453008,", 608 Glenwood dr, , ELIZABETHTOWN, NC, 28337, US",DHL SmartMail Parcel Expedited,14.000,Zone 04,5.27,5.06,0.00,0.21,5.06
2021-04-05,,'4810860726812,'9274890249307242453305,", 9840 Pendleton-Troy rd, , TROY, TX, 76579, US",DHL SmartMail Parcel Expedited,14.000,Zone 07,5.81,5.60,0.00,0.21,5.60
2021-04-05,,'3814551046061,'9274890249307242454203,", 108 Jasmine AV, , HUDSON, WI, 54016, US",DHL SmartMail Parcel Expedited,14.000,Zone 05,5.42,5.20,0.00,0.22,5.20
2021-04-05,,'3814551041043,'9274890249307242454302,", 16977 B St Apt C, , VICTORVILLE, CA, 92395, US",DHL SmartMail Parcel Expedited,14.000,Zone 08,5.98,5.83,0.00,0.15,5.83
2021-04-05,,'3814551159085,'9274890249307242457501,", 11235 west biscayne canal road, , MIAMI, FL, 33161, US",DHL SmartMail Parcel Expedited,14.000,Zone 06,5.66,5.42,0.00,0.24,5.42
2021-04-05,,'4810860887615,'9274890249307242458102,", 510 Roseberry Rd., , COVINGTON, GA, 30016, US",DHL SmartMail Parcel Expedited,14.000,Zone 05,5.42,5.20,0.00,0.22,5.20
2021-04-05,,'3814551206547,'9274890249307242458607,", 7038 ashdown ln se, , OLYMPIA, WA, 98513, US",DHL SmartMail Parcel Expedited,14.000,Zone 08,5.98,5.83,0.00,0.15,5.83
2021-04-05,,'4810861008073,'9274890249307242459901,", 3713 Farmers Road, , GRETNA, VA, 24557, US",DHL SmartMail Parcel Expedited,14.000,Zone 04,5.27,5.06,0.00,0.21,5.06
2021-04-05,,'3814551429238,'9274890249307242462703,", 862 E Lancaster Ave, , VILLANOVA, PA, 19085, US",DHL SmartMail Parcel Expedited,14.000,Zone 02,5.19,4.98,0.00,0.21,4.98
2021-04-05,,'3814551500828,'9274890249307242464103,", 8728 ORCHARD AVE, , LOS ANGELES, CA, 90044, US",DHL SmartMail Parcel Expedited,14.000,Zone 08,5.98,5.83,0.00,0.15,5.83
2021-04-05,,'4810861241781,'9274890249307242465100,", 2228 S Burnside Ave Trlr 186, , GONZALES, LA, 70737, US",DHL SmartMail Parcel Expedited,14.000,Zone 06,5.66,5.42,0.00,0.24,5.42
2021-04-05,,'4810861277164,'9274890249307242466404,", 12007 DePaul Hills Drive, , BRIDGETON, MO, 63044, US",DHL SmartMail Parcel Expedited,14.000,Zone 05,5.42,5.20,0.00,0.22,5.20
2021-04-05,,'4810871342461,'9274890249307242467807,", 22376 SW Dewey Dr, , SHERWOOD, OR, 97140, US",DHL SmartMail Parcel Expedited,14.000,Zone 08,5.98,5.83,0.00,0.15,5.83
2021-04-05,,'3814561679174,'9274890249307242469108,", 241 S. Hazelwood Rd., , BEVERLY, WV, 26253, US",DHL SmartMail Parcel Expedited,14.000,Zone 04,5.27,5.06,0.00,0.21,5.06
2021-04-05,,'4810871398609,'9274890249307242469504,", 10428 johnny davis trl, , LITHIA, FL, 33547, US",DHL SmartMail Parcel Expedited,14.000,Zone 05,5.42,5.20,0.00,0.22,5.20
2021-04-05,,'7814561893211,'9274890249307242475208,", 118 E Shore Cir, , ITHACA, NY, 14850, US",DHL SmartMail Parcel Expedited,14.000,Zone 03,5.23,5.02,0.00,0.21,5.02
2021-04-05,,'4810871709471,'9274890249307242478605,", 6790 Highway 100 Apt 7-105, , WASHINGTON, MO, 63090, US",DHL SmartMail Parcel Expedited,14.000,Zone 05,5.42,5.20,0.00,0.22,5.20
2021-04-05,,'6814562023460,'9274890249307242478902,", 157 Quarter Horse St, , PORT SAINT JOE, FL, 32456, US",DHL SmartMail Parcel Expedited,14.000,Zone 06,5.66,5.42,0.00,0.24,5.42
2021-04-05,,'4810871924331,'9274890249307242483005,", 301 N G St 16, , WESTMORLAND, CA, 92281, US",DHL SmartMail Parcel Expedited,14.000,Zone 08,5.98,5.83,0.00,0.15,5.83
2021-04-05,,'6814572307256,'9274890249307242485603,", 5636 Baronese Street, , NORTH LAS VEGAS, NV, 89031, US",DHL SmartMail Parcel Expedited,14.000,Zone 08,5.98,5.83,0.00,0.15,5.83
2021-04-05,,'6814572418937,'9274890249307242488208,", 411 Clinton Ave Fl 1, , ALBANY, NY, 12206, US",DHL SmartMail Parcel Expedited,14.000,Zone 02,5.19,4.98,0.00,0.21,4.98
2021-04-05,,'4814572418281,'9274890249307242488307,", 1786 Grey Fox Dr, , LAKELAND, FL, 33810, US",DHL SmartMail Parcel Expedited,14.000,Zone 06,5.66,5.42,0.00,0.24,5.42
2021-04-05,,'7810882147284,'9274890249307242488604,", 8401 Spain Rd NE Apt 46C, , ALBUQUERQUE, NM, 87111, US",DHL SmartMail Parcel Expedited,14.000,Zone 07,5.81,5.60,0.00,0.21,5.60
2021-04-05,,'4810882210413,'9274890249307242491505,", 4830 University Blvd E Apt D6, , TUSCALOOSA, AL, 35404, US",DHL SmartMail Parcel Expedited,14.000,Zone 05,5.42,5.20,0.00,0.22,5.20
2021-04-05,,'7814572615863,'9274890249307242496302,", 319 Cresthaven Court, , SPRING HILL, FL, 34608, US",DHL SmartMail Parcel Expedited,14.000,Zone 05,5.42,5.20,0.00,0.22,5.20
2021-04-05,,'7814572629679,'9274890249307242496906,", 119 Bonne Vie Drive, , BRANDON, MS, 39047, US",DHL SmartMail Parcel Expedited,14.000,Zone 06,5.66,5.42,0.00,0.24,5.42
2021-04-05,,'7810882439329,'9274890249307242498603,", 2916 Violet ave, , MCALLEN, TX, 78504, US",DHL SmartMail Parcel Expedited,14.000,Zone 07,5.81,5.60,0.00,0.21,5.60
2021-04-05,,'7814572739376,'9274890249307242499006,", 233 Swanson St, , CLARENDON, TX, 79226, US",DHL SmartMail Parcel Expedited,14.000,Zone 07,5.81,5.60,0.00,0.21,5.60
2021-04-05,,'6810882462004,'9274890249307242499303,", 302 E. Park Lane, , BROWNFIELD, TX, 79316, US",DHL SmartMail Parcel Expedited,14.000,Zone 07,5.81,5.60,0.00,0.21,5.60
2021-04-05,,'7810882530982,'9274890249307242501600,", 26540 Reeck Rd Apt 161, , TRENTON, MI, 48183, US",DHL SmartMail Parcel Expedited,14.000,Zone 04,5.27,5.06,0.00,0.21,5.06
2021-04-05,,'6814573022141,'9274890249307242505400,", 5517 Portugal, , LAREDO, TX, 78046, US",DHL SmartMail Parcel Expedited,14.000,Zone 07,5.81,5.60,0.00,0.21,5.60
2021-04-05,,'7810892803012,'9274890249307242506803,", 11088 Sandy Lane, , BEAUMONT, TX, 77705, US",DHL SmartMail Parcel Expedited,14.000,Zone 06,5.66,5.42,0.00,0.24,5.42
2021-04-05,,'6810892817492,'9274890249307242506902,", 211 nixon street, , PALESTINE, TX, 75803, US",DHL SmartMail Parcel Expedited,14.000,Zone 06,5.66,5.42,0.00,0.24,5.42
2021-04-05,,'6810892815200,'9274890249307242507008,", 4381 procious maysel rd, , MAYSEL, WV, 25133, US",DHL SmartMail Parcel Expedited,14.000,Zone 04,5.27,5.06,0.00,0.21,5.06
2021-04-05,,'6810892837852,'9274890249307242507800,", 6864 SW Cinnamon Ct, , STUART, FL, 34997, US",DHL SmartMail Parcel Expedited,14.000,Zone 06,5.66,5.42,0.00,0.24,5.42
2021-04-05,,'7814583171285,'9274890249307242508609,", 8713 Autumn Valley Ave, , LAS VEGAS, NV, 89129, US",DHL SmartMail Parcel Expedited,14.000,Zone 08,5.98,5.83,0.00,0.15,5.83
2021-04-05,,'6810892927289,'9274890249307242508906,", 417 Orchard Ave Apt 2, , PITTSBURGH, PA, 15202, US",DHL SmartMail Parcel Expedited,14.000,Zone 04,5.27,5.06,0.00,0.21,5.06
2021-04-05,,'7810892941253,'9274890249307242509606,", 6311 Quinn Ave, , MAYS LANDING, NJ, 08330, US",DHL SmartMail Parcel Expedited,14.000,Zone 02,5.19,4.98,0.00,0.21,4.98
2021-04-05,,'6814583307452,'9274890249307242513306,", 505 Farm To Market Rd, , LIBBY, MT, 59923, US",DHL SmartMail Parcel Expedited,14.000,Zone 08,5.98,5.83,0.00,0.15,5.83
2021-04-05,,'6814583314827,'9274890249307242513405,", 11277 Inwood Dr, , PLANTERSVILLE, TX, 77363, US",DHL SmartMail Parcel Expedited,14.000,Zone 06,5.66,5.42,0.00,0.24,5.42
2021-04-05,,'4814583354082,'9274890249307242517205,", 6056 Jenness Rd, , PEARLINGTON, MS, 39572, US",DHL SmartMail Parcel Expedited,14.000,Zone 06,5.66,5.42,0.00,0.24,5.42
2021-04-05,,'6810893096907,'9274890249307242518202,", 311 S J St, , MADERA, CA, 93637, US",DHL SmartMail Parcel Expedited,14.000,Zone 08,5.98,5.83,0.00,0.15,5.83
2021-04-05,,'6810893135297,'9274890249307242519001,", 105 Meadowdale Ct, , SAINT CHARLES, MO, 63304, US",DHL SmartMail Parcel Expedited,14.000,Zone 05,5.42,5.20,0.00,0.22,5.20
2021-04-05,,'7814583480199,'9274890249307242521806,", 127-02 Sutter Ave, , SOUTH OZONE PARK, NY, 11420, US",DHL SmartMail Parcel Expedited,14.000,Zone 01,5.19,4.98,0.00,0.21,4.98
2021-04-05,,'7814583480156,'9274890249307242521905,", 3 Old Mamaroneck Rd Apt. 1F, , WHITE PLAINS, NY, 10605, US",DHL SmartMail Parcel Expedited,14.000,Zone 01,5.19,4.98,0.00,0.21,4.98
2021-04-05,,'4810893215136,'9274890249307242523008,", 123 Dalkeith Plantation Rd, , TALLULAH, LA, 71282, US",DHL SmartMail Parcel Expedited,14.000,Zone 06,5.66,5.42,0.00,0.24,5.42
2021-04-05,,'4814583545959,'9274890249307242524005,", 1001 Whinery St, , INDIANOLA, MS, 38751, US",DHL SmartMail Parcel Expedited,14.000,Zone 06,5.66,5.42,0.00,0.24,5.42
2021-04-05,,'6810893242193,'9274890249307242524104,", 4132 NW Liberty St, , OKLAHOMA CITY, OK, 73107, US",DHL SmartMail Parcel Expedited,14.000,Zone 06,5.66,5.42,0.00,0.24,5.42
2021-04-05,,'7814583554423,'9274890249307242524609,", 7327 Brittany St. 208, , SHAWNEE, KS, 66203, US",DHL SmartMail Parcel Expedited,14.000,Zone 06,5.66,5.42,0.00,0.24,5.42
2021-04-05,,'6810893324528,'9274890249307242525903,", 2013 Lacombe Avenue, , BRONX, NY, 10473, US",DHL SmartMail Parcel Expedited,14.000,Zone 01,5.19,4.98,0.00,0.21,4.98
2021-04-05,,'6814583616604,'9274890249307242526108,", 140 Maynard Rd Apt 202A, , FRAMINGHAM, MA, 01701, US",DHL SmartMail Parcel Expedited,14.000,Zone 02,5.19,4.98,0.00,0.21,4.98
2021-04-05,,'7810893409116,'9274890249307242529406,", 20331 Jayhawk Pl, , ATLANTA, MO, 63530, US",DHL SmartMail Parcel Expedited,14.000,Zone 05,5.42,5.20,0.00,0.22,5.20
2021-04-05,,'7810893480881,'9274890249307242531508,", 222 E. Foothill blvd #6, , POMONA, CA, 91767, US",DHL SmartMail Parcel Expedited,14.000,Zone 08,5.98,5.83,0.00,0.15,5.83
2021-04-05,,'6810903601977,'9274890249307242534509,", 2021 Conowingo Road, , BEL AIR, MD, 21014, US",DHL SmartMail Parcel Expedited,14.000,Zone 02,5.19,4.98,0.00,0.21,4.98
2021-04-05,,'7810903623298,'9274890249307242535704,", 10627 Talisman Drive, , NOBLESVILLE, IN, 46060, US",DHL SmartMail Parcel Expedited,14.000,Zone 05,5.42,5.20,0.00,0.22,5.20
2021-04-05,,'4814593927398,'9274890249307242535902,", 11435 brown rd, , DENHAM SPRINGS, LA, 70726, US",DHL SmartMail Parcel Expedited,14.000,Zone 06,5.66,5.42,0.00,0.24,5.42
2021-04-05,,'4810903665389,'9274890249307242536701,", 29782 State Highway 16, , JERSEYVILLE, IL, 62052, US",DHL SmartMail Parcel Expedited,14.000,Zone 05,5.42,5.20,0.00,0.22,5.20
2021-04-05,,'4814593958441,'9274890249307242536800,", 3129 Highway 308, , LABADIEVILLE, LA, 70372, US",DHL SmartMail Parcel Expedited,14.000,Zone 06,5.66,5.42,0.00,0.24,5.42
2021-04-05,,'6814593967951,'9274890249307242537609,", 2385 Cedar Park Dr Apt 323, , HOLT, MI, 48842, US",DHL SmartMail Parcel Expedited,14.000,Zone 04,5.27,5.06,0.00,0.21,5.06
2021-04-05,,'7810903689243,'9274890249307242538002,", 1325 Whispering Woods Dr 1325, , WATERFORD, MI, 48327, US",DHL SmartMail Parcel Expedited,14.000,Zone 04,5.27,5.06,0.00,0.21,5.06
2021-04-05,,'6810903832145,'9274890249307242547202,", 1555 Harbor Dr, , MARATHON, FL, 33050, US",DHL SmartMail Parcel Expedited,14.000,Zone 06,5.66,5.42,0.00,0.24,5.42
2021-04-05,,'7810903855541,'9274890249307242547400,", 8101 Baringer Rd, , BATON ROUGE, LA, 70817, US",DHL SmartMail Parcel Expedited,14.000,Zone 06,5.66,5.42,0.00,0.24,5.42
2021-04-05,,'7814594223175,'9274890249307242550202,", 1611 2nd Ave.  East, , INTERNATIONAL FALLS, MN, 56649, US",DHL SmartMail Parcel Expedited,14.000,Zone 06,5.66,5.42,0.00,0.24,5.42
2021-04-05,,'6810903931256,'9274890249307242550301,", 332 Kenyon St, , FALL RIVER, MA, 02720, US",DHL SmartMail Parcel Expedited,14.000,Zone 03,5.23,5.02,0.00,0.21,5.02
2021-04-05,,'6814594277328,'9274890249307242553609,", 124 W. La Joya Ave., , TUCUMCARI, NM, 88401, US",DHL SmartMail Parcel Expedited,14.000,Zone 07,5.81,5.60,0.00,0.21,5.60
2021-04-05,,'4810904030435,'9274890249307242555306,", 4073 Eagle River Rd. Shadow Brooks, , MEMPHIS, TN, 38118, US",DHL SmartMail Parcel Expedited,14.000,Zone 05,5.42,5.20,0.00,0.22,5.20
2021-04-05,,'6810904051410,'9274890249307242556204,", 5800 W State Rd 80 Lot 149 3094 Belle of, , LABELLE, FL, 33935, US",DHL SmartMail Parcel Expedited,14.000,Zone 06,5.66,5.42,0.00,0.24,5.42
2021-04-05,,'7810904095462,'9274890249307242557706,", 235 Poplar Street, , SACRAMENTO, KY, 42372, US",DHL SmartMail Parcel Expedited,14.000,Zone 05,5.42,5.20,0.00,0.22,5.20
2021-04-05,,'6814594389686,'9274890249307242557805,", 12420 Kirkham Court, , POWAY, CA, 92064, US",DHL SmartMail Parcel Expedited,14.000,Zone 08,5.98,5.83,0.00,0.15,5.83
2021-04-05,,'7810904086421,'9274890249307242557904,", 73340 Flushing North East Rd, , FLUSHING, OH, 43977, US",DHL SmartMail Parcel Expedited,14.000,Zone 04,5.27,5.06,0.00,0.21,5.06
2021-04-05,,'6810904142444,'9274890249307242559908,", 204 E Main St, , NORWALK, OH, 44857, US",DHL SmartMail Parcel Expedited,14.000,Zone 04,5.27,5.06,0.00,0.21,5.06
2021-04-05,,'7814594458255,'9274890249307242560805,", 24491 W Pueblo Ave, , BUCKEYE, AZ, 85326, US",DHL SmartMail Parcel Expedited,14.000,Zone 08,5.98,5.83,0.00,0.15,5.83
2021-04-05,,'7810904227783,'9274890249307242563202,", 147 Dallas 140, , SPARKMAN, AR, 71763, US",DHL SmartMail Parcel Expedited,14.000,Zone 06,5.66,5.42,0.00,0.24,5.42
2021-04-05,,'6814594534776,'9274890249307242563301,", 2331 Somerset Blvd, , TROY, MI, 48084, US",DHL SmartMail Parcel Expedited,14.000,Zone 04,5.27,5.06,0.00,0.21,5.06
2021-04-05,,'7810904272877,'9274890249307242565503,", 166 Lake Ridge Dr, , LANCASTER, KY, 40444, US",DHL SmartMail Parcel Expedited,14.000,Zone 04,5.27,5.06,0.00,0.21,5.06
2021-04-05,,'7810904290351,'9274890249307242565909,", 45 1/2 Milton ave apt 2, , AMSTERDAM, NY, 12010, US",DHL SmartMail Parcel Expedited,14.000,Zone 02,5.19,4.98,0.00,0.21,4.98
2021-04-05,,'4814604610298,'9274890249307242566401,", 3142 Case St, , MIDDLEBURY, VT, 05753, US",DHL SmartMail Parcel Expedited,14.000,Zone 03,5.23,5.02,0.00,0.21,5.02
2021-04-05,,'4810914369660,'9274890249307242568603,", 8712 Timberland Drive, , WAKE FOREST, NC, 27587, US",DHL SmartMail Parcel Expedited,14.000,Zone 04,5.27,5.06,0.00,0.21,5.06
2021-04-05,,'6810914534391,'9274890249307242577100,", 3017 N Blackstock Road, , SPARTANBURG, SC, 29301, US",DHL SmartMail Parcel Expedited,14.000,Zone 04,5.27,5.06,0.00,0.21,5.06
2021-04-05,,'6810914700103,'9274890249307242582609,", 840 Columbus Ave Apt 1C, , NEW YORK, NY, 10025, US",DHL SmartMail Parcel Expedited,14.000,Zone 01,5.19,4.98,0.00,0.21,4.98
2021-04-05,,'4814605036852,'9274890249307242583705,", 902 south street, , PARK RAPIDS, MN, 56470, US",DHL SmartMail Parcel Expedited,14.000,Zone 06,5.66,5.42,0.00,0.24,5.42
2021-04-05,,'6810914733547,'9274890249307242583804,", 204 College St W, , WELLINGTON, MO, 64097, US",DHL SmartMail Parcel Expedited,14.000,Zone 06,5.66,5.42,0.00,0.24,5.42
2021-04-05,,'4814605124547,'9274890249307242587307,", 2911 N Sky Post Rd, , TUCSON, AZ, 85749, US",DHL SmartMail Parcel Expedited,14.000,Zone 08,5.98,5.83,0.00,0.15,5.83
2021-04-05,,'6810925089853,'9274890249307242594404,", 713 Skyline Dr, , CLINTON, TN, 37716, US",DHL SmartMail Parcel Expedited,14.000,Zone 05,5.42,5.20,0.00,0.22,5.20
2021-04-05,,'7810925163980,'9274890249307242597306,", 590 Yale Ct. 206, , DES PLAINES, IL, 60016, US",DHL SmartMail Parcel Expedited,14.000,Zone 05,5.42,5.20,0.00,0.22,5.20
2021-04-05,,'6814615485936,'9274890249307242598402,", 3201 Grand Ave, , SAN MARCOS, CA, 92078, US",DHL SmartMail Parcel Expedited,14.000,Zone 08,5.98,5.83,0.00,0.15,5.83
2021-04-05,,'7814615506969,'9274890249307242598709,", 8310 186th Street East, , PUYALLUP, WA, 98375, US",DHL SmartMail Parcel Expedited,14.000,Zone 08,5.98,5.83,0.00,0.15,5.83
2021-04-05,,'7810925256142,'9274890249307242601201,", 28 prairie ave House, , BUFFALO, NY, 14207, US",DHL SmartMail Parcel Expedited,14.000,Zone 03,5.23,5.02,0.00,0.21,5.02
2021-04-05,,'7810925336943,'9274890249307242605100,", 85 W. Vine St., , CANTON, IL, 61520, US",DHL SmartMail Parcel Expedited,14.000,Zone 05,5.42,5.20,0.00,0.22,5.20
2021-04-05,,'6810925444263,'9274890249307242607500,", 1530 NW Crossroads Apt 312, , SAN ANTONIO, TX, 78251, US",DHL SmartMail Parcel Expedited,14.000,Zone 07,5.81,5.60,0.00,0.21,5.60
2021-04-05,,'4814615777619,'9274890249307242609108,", 130 Mitchell Dr, , WILDER, ID, 83676, US",DHL SmartMail Parcel Expedited,14.000,Zone 08,5.98,5.83,0.00,0.15,5.83
2021-04-05,,'4810925475934,'9274890249307242609207,", 2776 Monroe road, , MOSELLE, MS, 39459, US",DHL SmartMail Parcel Expedited,14.000,Zone 06,5.66,5.42,0.00,0.24,5.42
2021-04-05,,'7810925655571,'9274890249307242614607,", 14151 Chisholm ln, , ODESSA, FL, 33556, US",DHL SmartMail Parcel Expedited,14.000,Zone 05,5.42,5.20,0.00,0.22,5.20
2021-04-05,,'6814615946183,'9274890249307242614706,", 460 Cedarhill Lane, , COALVILLE, UT, 84017, US",DHL SmartMail Parcel Expedited,14.000,Zone 08,5.98,5.83,0.00,0.15,5.83
2021-04-05,,'4810925725822,'9274890249307242617400,", 162 Crash Rd, , JAY, ME, 04239, US",DHL SmartMail Parcel Expedited,14.000,Zone 03,5.23,5.02,0.00,0.21,5.02
2021-04-05,,'7810925731255,'9274890249307242617509,", 354 roesch ave., , BUFFALO, NY, 14207, US",DHL SmartMail Parcel Expedited,14.000,Zone 03,5.23,5.02,0.00,0.21,5.02
2021-04-05,,'6814616066231,'9274890249307242618803,", 27962 Via Chocano, , MISSION VIEJO, CA, 92692, US",DHL SmartMail Parcel Expedited,14.000,Zone 08,5.98,5.83,0.00,0.15,5.83
2021-04-05,,'6810935840770,'9274890249307242620202,", 2110 Pendleton Place, , SUWANEE, GA, 30024, US",DHL SmartMail Parcel Expedited,14.000,Zone 05,5.42,5.20,0.00,0.22,5.20
2021-04-05,,'4810935882015,'9274890249307242621308,", 2113 E. Buder ave., , BURTON, MI, 48529, US",DHL SmartMail Parcel Expedited,14.000,Zone 04,5.27,5.06,0.00,0.21,5.06
2021-04-05,,'4814626259409,'9274890249307242623906,", 4 Foster Ridge Dr Side Door, , HAMBURG, NY, 14075, US",DHL SmartMail Parcel Expedited,14.000,Zone 03,5.23,5.02,0.00,0.21,5.02
2021-04-05,,'6814626354577,'9274890249307242628802,", 4415 Kenya Manor Dr., , HUMBLE, TX, 77396, US",DHL SmartMail Parcel Expedited,14.000,Zone 06,5.66,5.42,0.00,0.24,5.42
2021-04-05,,'4810936073697,'9274890249307242629601,", 313 Junction rd, , MERCER, PA, 16137, US",DHL SmartMail Parcel Expedited,14.000,Zone 04,5.27,5.06,0.00,0.21,5.06
2021-04-05,,'7814626505229,'9274890249307242632403,", 958 Ruby Drive, , WESTMINSTER, MD, 21158, US",DHL SmartMail Parcel Expedited,14.000,Zone 02,5.19,4.98,0.00,0.21,4.98
2021-04-05,,'7810936200931,'9274890249307242632502,", 760 Sidney Marcus Blvd NE Apt 712, , ATLANTA, GA, 30324, US",DHL SmartMail Parcel Expedited,14.000,Zone 05,5.42,5.20,0.00,0.22,5.20
2021-04-05,,'7810936244505,'9274890249307242634001,", 110 Pear Blossom Road, , STAFFORD, VA, 22554, US",DHL SmartMail Parcel Expedited,14.000,Zone 03,5.23,5.02,0.00,0.21,5.02
2021-04-05,,'6814626669508,'9274890249307242637606,", 843 SW Pebble Ln, , PALM CITY, FL, 34990, US",DHL SmartMail Parcel Expedited,14.000,Zone 06,5.66,5.42,0.00,0.24,5.42
2021-04-05,,'6810936366780,'9274890249307242637705,", 261 Brodhead Ave, , EAST STROUDSBURG, PA, 18301, US",DHL SmartMail Parcel Expedited,14.000,Zone 01,5.19,4.98,0.00,0.21,4.98
2021-04-05,,'4810936407221,'9274890249307242639006,", 8229 Laramie Ave., , BURBANK, IL, 60459, US",DHL SmartMail Parcel Expedited,14.000,Zone 05,5.42,5.20,0.00,0.22,5.20
2021-04-05,,'6810936480524,'9274890249307242640804,", 5255 S 179th St West, , GODDARD, KS, 67052, US",DHL SmartMail Parcel Expedited,14.000,Zone 06,5.66,5.42,0.00,0.24,5.42
2021-04-05,,'4810946588390,'9274890249307242643003,", 22709 Bayside Way, , CALIFORNIA, MD, 20619, US",DHL SmartMail Parcel Expedited,14.000,Zone 03,5.23,5.02,0.00,0.21,5.02
2021-04-05,,'6810946628572,'9274890249307242644604,", 2553 S 8th St Apt J6, , CAMDEN, NJ, 08104, US",DHL SmartMail Parcel Expedited,14.000,Zone 02,5.19,4.98,0.00,0.21,4.98
2021-04-05,,'6814636993324,'9274890249307242646608,", 111 W. Margaret Ave., , NILES, OH, 44446, US",DHL SmartMail Parcel Expedited,14.000,Zone 04,5.27,5.06,0.00,0.21,5.06
2021-04-05,,'7814636998498,'9274890249307242646905,", 106 E Elm, , TUPELO, OK, 74572, US",DHL SmartMail Parcel Expedited,14.000,Zone 06,5.66,5.42,0.00,0.24,5.42
2021-04-05,,'7810946706598,'9274890249307242647308,", 1899 Mistwood Dr NE, , SALEM, OR, 97303, US",DHL SmartMail Parcel Expedited,14.000,Zone 08,5.98,5.83,0.00,0.15,5.83
2021-04-05,,'6814637004364,'9274890249307242647407,", 2702 Olivia Cove, , SOUTHAVEN, MS, 38672, US",DHL SmartMail Parcel Expedited,14.000,Zone 05,5.42,5.20,0.00,0.22,5.20
2021-04-05,,'6814637050608,'9274890249307242649500,", 112 Hernandez Rd Rear, , RIO GRANDE CITY, TX, 78582, US",DHL SmartMail Parcel Expedited,14.000,Zone 07,5.81,5.60,0.00,0.21,5.60
2021-04-05,,'4810946752441,'9274890249307242649609,", 825 w calle milu, , TUCSON, AZ, 85706, US",DHL SmartMail Parcel Expedited,14.000,Zone 08,5.98,5.83,0.00,0.15,5.83
2021-04-05,,'4814637181486,'9274890249307242654306,", 45 A mola blvd A, , ELMWOOD PARK, NJ, 07407, US",DHL SmartMail Parcel Expedited,14.000,Zone 01,5.19,4.98,0.00,0.21,4.98
2021-04-05,,'4810947097317,'9274890249307242659004,", 106 Blodget street #1 1, , MANCHESTER, NH, 03104, US",DHL SmartMail Parcel Expedited,14.000,Zone 03,5.23,5.02,0.00,0.21,5.02
2021-04-05,,'7814637470439,'9274890249307242661601,", 752 N. 400 W. #D106, , PAYSON, UT, 84651, US",DHL SmartMail Parcel Expedited,14.000,Zone 08,5.98,5.83,0.00,0.15,5.83
2021-04-05,,'6810957216544,'9274890249307242663407,", 5950 Baranowski Rd, , BRENHAM, TX, 77833, US",DHL SmartMail Parcel Expedited,14.000,Zone 06,5.66,5.42,0.00,0.24,5.42
2021-04-05,,'6814647512719,'9274890249307242663506,", 4380 Worsham Rd, , POWHATAN, VA, 23139, US",DHL SmartMail Parcel Expedited,14.000,Zone 03,5.23,5.02,0.00,0.21,5.02
2021-04-05,,'7810957238517,'9274890249307242663803,", 3914 Shefield Ave, , MUSKOGEE, OK, 74403, US",DHL SmartMail Parcel Expedited,14.000,Zone 06,5.66,5.42,0.00,0.24,5.42
2021-04-05,,'4810957231752,'9274890249307242663902,", 113 Scenic Dr, , TRENTON, NJ, 08628, US",DHL SmartMail Parcel Expedited,14.000,Zone 01,5.19,4.98,0.00,0.21,4.98
2021-04-05,,'4814647613883,'9274890249307242666200,", 1802 North 29th Street, , PARAGOULD, AR, 72450, US",DHL SmartMail Parcel Expedited,14.000,Zone 05,5.42,5.20,0.00,0.22,5.20
2021-04-05,,'4810957320599,'9274890249307242666309,", 708 Beaver Park, , VERSAILLES, KY, 40383, US",DHL SmartMail Parcel Expedited,14.000,Zone 04,5.27,5.06,0.00,0.21,5.06
2021-04-05,,'7814647758695,'9274890249307242675103,", 27224 lucerne dr, , INKSTER, MI, 48141, US",DHL SmartMail Parcel Expedited,14.000,Zone 04,5.27,5.06,0.00,0.21,5.06
2021-04-05,,'6810957500218,'9274890249307242676506,", 7534 Bristol Cir, , NAPLES, FL, 34120, US",DHL SmartMail Parcel Expedited,14.000,Zone 06,5.66,5.42,0.00,0.24,5.42
2021-04-05,,'6814647910156,'9274890249307242678708,", 2902 Truffle Oak Pl, , WOODBRIDGE, VA, 22191, US",DHL SmartMail Parcel Expedited,14.000,Zone 03,5.23,5.02,0.00,0.21,5.02
2021-04-05,,'6810957615049,'9274890249307242678906,", 601 Magnolia St, , GENTRY, AR, 72734, US",DHL SmartMail Parcel Expedited,14.000,Zone 06,5.66,5.42,0.00,0.24,5.42
2021-04-05,,'7814658111798,'9274890249307242683603,", 3440C Tynecastle Hwy, , BANNER ELK, NC, 28604, US",DHL SmartMail Parcel Expedited,14.000,Zone 04,5.27,5.06,0.00,0.21,5.06
2021-04-05,,'7810967827209,'9274890249307242683702,", 10405 Harvest Hills Rd, , OKLAHOMA CITY, OK, 73162, US",DHL SmartMail Parcel Expedited,14.000,Zone 06,5.66,5.42,0.00,0.24,5.42
2021-04-05,,'6810967842508,'9274890249307242684105,", 1525 Villa Grande Dr, , PAINESVILLE, OH, 44077, US",DHL SmartMail Parcel Expedited,14.000,Zone 04,5.27,5.06,0.00,0.21,5.06
2021-04-05,,'6810967839049,'9274890249307242684204,", 2759 Waltham Cross, , BELMONT, CA, 94002, US",DHL SmartMail Parcel Expedited,14.000,Zone 08,5.98,5.83,0.00,0.15,5.83
2021-04-05,,'7814658159634,'9274890249307242684501,", 4099 Jesse Run Rd, , JANE LEW, WV, 26378, US",DHL SmartMail Parcel Expedited,14.000,Zone 04,5.27,5.06,0.00,0.21,5.06
2021-04-05,,'6810967899741,'9274890249307242685102,", 86536 Arrington Road, , LANCASTER, SC, 29720, US",DHL SmartMail Parcel Expedited,14.000,Zone 04,5.27,5.06,0.00,0.21,5.06
2021-04-05,,'7814658279842,'9274890249307242688004,", 408 Glendell Ln, , WATERLOO, IL, 62298, US",DHL SmartMail Parcel Expedited,14.000,Zone 05,5.42,5.20,0.00,0.22,5.20
2021-04-05,,'6814658347806,'9274890249307242690502,", 49 Till St, , ENFIELD, CT, 06082, US",DHL SmartMail Parcel Expedited,14.000,Zone 02,5.19,4.98,0.00,0.21,4.98
2021-04-05,,'6814658466845,'9274890249307242693404,", 823 Priddy Rd, , LAGRANGE, GA, 30241, US",DHL SmartMail Parcel Expedited,14.000,Zone 05,5.42,5.20,0.00,0.22,5.20
2021-04-05,,'4810968197545,'9274890249307242694401,", 448 Marlington St, , BLACKSBURG, VA, 24060, US",DHL SmartMail Parcel Expedited,14.000,Zone 04,5.27,5.06,0.00,0.21,5.06
2021-04-05,,'7810968210079,'9274890249307242694500,", 436 W 1280 N, , AMERICAN FORK, UT, 84003, US",DHL SmartMail Parcel Expedited,14.000,Zone 08,5.98,5.83,0.00,0.15,5.83
2021-04-05,,'7810968256785,'9274890249307242696207,", 4205 O St, , PHILADELPHIA, PA, 19124, US",DHL SmartMail Parcel Expedited,14.000,Zone 02,5.19,4.98,0.00,0.21,4.98
2021-04-05,,'3814561658964,'9261290249307242468006,", 113 Summer Breeze Rd, , PANAMA CITY BEACH, FL, 32413, US",DHL SmartMail Parcel Expedited,14.000,Zone 06,5.66,5.42,0.00,0.24,5.42
2021-04-05,,'3814540681605,'9261290249307242445908,", 5270 Melody Ln, , OSAGE BEACH, MO, 65065, US",DHL SmartMail Parcel Expedited,14.000,Zone 05,5.42,5.20,0.00,0.22,5.20
2021-04-05,,'3814550942049,'9261290249307242451305,", 1430 s.11th ave, , STERLING, CO, 80751, US",DHL SmartMail Parcel Expedited,14.000,Zone 07,5.81,5.60,0.00,0.21,5.60
2021-04-05,,'3814551046834,'9261290249307242454108,", 5521 US Hwy 21 N, , SPARTA, NC, 28675, US",DHL SmartMail Parcel Expedited,14.000,Zone 04,5.27,5.06,0.00,0.21,5.06
2021-04-05,,'4810871474786,'9261290249307242472201,", 217 S Franklin St., , EATON, OH, 45320, US",DHL SmartMail Parcel Expedited,14.000,Zone 04,5.27,5.06,0.00,0.21,5.06
2021-04-05,,'6810882047965,'9261290249307242486604,", 1104 W Locust Ln, , ROBINSON, IL, 62454, US",DHL SmartMail Parcel Expedited,14.000,Zone 05,5.42,5.20,0.00,0.22,5.20
2021-04-05,,'7810871929779,'9261290249307242484006,", 215 S Bell Ave 416, , LYONS, KS, 67554, US",DHL SmartMail Parcel Expedited,14.000,Zone 06,5.66,5.42,0.00,0.24,5.42
2021-04-05,,'7810882677232,'9261290249307242503905,", 1603 Meadowbrook Lane, , DU QUOIN, IL, 62832, US",DHL SmartMail Parcel Expedited,14.000,Zone 05,5.42,5.20,0.00,0.22,5.20
2021-04-05,,'7814561966424,'9261290249307242477404,", 161 Boerum Street Apt 2B, , BROOKLYN, NY, 11206, US",DHL SmartMail Parcel Expedited,14.000,Zone 01,5.19,4.98,0.00,0.21,4.98
2021-04-06,,'4814572643756,'9261290249307242497303,", 2201 Davis Rd, , WAYNESBORO, VA, 22980, US",DHL SmartMail Parcel Plus Expedited,64.000,Zone 03,8.58,7.22,0.00,1.36,7.22
2021-04-06,,'6810892809435,'9261290249307242507101,", 380 Cedar Creek Rd, , PIKEVILLE, KY, 41501, US",DHL SmartMail Parcel Plus Expedited,64.000,Zone 04,9.21,7.22,0.00,1.99,7.22
2021-04-06,,'7810892853935,'9261290249307242508207,", 3231 Lapp Lane, , NAPERVILLE, IL, 60564, US",DHL SmartMail Parcel Plus Expedited,80.000,Zone 05,11.70,11.16,0.00,0.54,11.16
2021-04-06,,'4814593944269,'9261290249307242536606,", 168 Ginger Hill Rd, , FINLEYVILLE, PA, 15332, US",DHL SmartMail Parcel Plus Expedited,80.000,Zone 04,9.53,9.23,0.00,0.30,9.23
2021-04-06,,'6814594185382,'9261290249307242548708,", 90 Hubbard Ln, , BRIDGEWATER, MA, 02324, US",DHL SmartMail Parcel Plus Expedited,80.000,Zone 03,8.63,7.40,0.00,1.23,7.40
2021-04-06,,'6810904292427,'9261290249307242565804,", 90 Ellery St Apt 32, , CAMBRIDGE, MA, 02138, US",DHL SmartMail Parcel Plus Expedited,80.000,Zone 03,8.63,7.40,0.00,1.23,7.40
2021-04-06,,'4810925292231,'9261290249307242604404,", 656 Cedar Creek Rd, , GLENVILLE, WV, 26351, US",DHL SmartMail Parcel Plus Expedited,80.000,Zone 04,9.53,9.23,0.00,0.30,9.23
2021-04-06,,'6810946716658,'9261290249307242647906,", 1320 State Route 13 SE, , CROOKSVILLE, OH, 43731, US",DHL SmartMail Parcel Plus Expedited,64.000,Zone 04,9.21,7.22,0.00,1.99,7.22
2021-04-06,,'4814637387824,'9261290249307242658902,", 445 E 65th St Apt 5A, , NEW YORK, NY, 10065, US",DHL SmartMail Parcel Plus Expedited,80.000,Zone 01,8.20,7.22,0.00,0.98,7.22
2021-04-06,,'4814647527904,'9261290249307242663609,", 230 Massachusetts street, , WESTFIELD, NJ, 07090, US",DHL SmartMail Parcel Plus Expedited,96.000,Zone 01,8.31,8.19,0.00,0.12,8.19
2021-04-06,,'7810978996263,'9261290249307242714707,", 675 Pinewoods Ave, , TROY, NY, 12180, US",DHL SmartMail Parcel Plus Expedited,80.000,Zone 02,8.20,7.22,0.00,0.98,7.22
2021-04-06,,'6810968346200,'9274890249307242698805,", 160 S 6th Ave, , BURWELL, NE, 68823, US",DHL SmartMail Parcel Expedited,14.000,Zone 06,5.66,5.42,0.00,0.24,5.42
2021-04-06,,'4810968438790,'9274890249307242701703,", 115 Monterey St, , NEEDLES, CA, 92363, US",DHL SmartMail Parcel Expedited,14.000,Zone 08,5.98,5.83,0.00,0.15,5.83
2021-04-06,,'7810968464496,'9274890249307242702403,", 657 NW 1251rd, , HOLDEN, MO, 64040, US",DHL SmartMail Parcel Expedited,14.000,Zone 06,5.66,5.42,0.00,0.24,5.42
2021-04-06,,'4810978543020,'9274890249307242703905,", 5100 Saint George Ln, , HOLLYWOOD, SC, 29449, US",DHL SmartMail Parcel Expedited,14.000,Zone 05,5.42,5.20,0.00,0.22,5.20
2021-04-06,,'6814668871401,'9274890249307242704209,", 169 S.E. 33rd Place, , HOMESTEAD, FL, 33033, US",DHL SmartMail Parcel Expedited,14.000,Zone 06,5.66,5.42,0.00,0.24,5.42
2021-04-06,,'4810978563575,'9274890249307242704308,", 84 Belden St Apt 2, , NEW BRITAIN, CT, 06051, US",DHL SmartMail Parcel Expedited,14.000,Zone 02,5.19,4.98,0.00,0.21,4.98
2021-04-06,,'7814668878481,'9274890249307242704407,", 1680 County Route 21, , HERMON, NY, 13652, US",DHL SmartMail Parcel Expedited,14.000,Zone 03,5.23,5.02,0.00,0.21,5.02
2021-04-06,,'6814668908373,'9274890249307242705107,", 1407 Whipporwill St, , CLINTON, MO, 64735, US",DHL SmartMail Parcel Expedited,14.000,Zone 06,5.66,5.42,0.00,0.24,5.42
2021-04-06,,'4814668948721,'9274890249307242706500,", 4305 Woodburn road, , ALTON, IL, 62002, US",DHL SmartMail Parcel Expedited,14.000,Zone 05,5.42,5.20,0.00,0.22,5.20
2021-04-06,,'7810978658449,'9274890249307242707200,", 4836 s laflin st 2nd floor, , CHICAGO, IL, 60609, US",DHL SmartMail Parcel Expedited,14.000,Zone 05,5.42,5.20,0.00,0.22,5.20
2021-04-06,,'7814668901135,'9274890249307242707408,", 333 Cardington Lane, , BURBANK, OH, 44214, US",DHL SmartMail Parcel Expedited,14.000,Zone 04,5.27,5.06,0.00,0.21,5.06
2021-04-06,,'1626625-1,'9274890249307242708504,", 4909 Helmuth Ave, , EVANSVILLE, IN, 47715, US",DHL SmartMail Parcel Expedited,7.000,Zone 05,3.57,3.48,0.00,0.09,3.48
2021-04-06,,'4814669186535,'9274890249307242710309,", 1401 East 3rd ave. Apt. 307, , DURANGO, CO, 81301, US",DHL SmartMail Parcel Expedited,14.000,Zone 07,5.81,5.60,0.00,0.21,5.60
2021-04-06,,'6814669334156,'9274890249307242715502,", 16730 Pinewood Trl, , NEWARK, OH, 43055, US",DHL SmartMail Parcel Expedited,14.000,Zone 04,5.27,5.06,0.00,0.21,5.06
2021-04-06,,'6810978605690,'9261290249307242705200,", 1905 College St., , SULPHUR SPRINGS, TX, 75482, US",DHL SmartMail Parcel Expedited,14.000,Zone 06,5.66,5.42,0.00,0.24,5.42
2021-04-06,,'4814658741536,'9261290249307242701608,", 10808 Cherry Hill Dr, , GLEN ALLEN, VA, 23059, US",DHL SmartMail Parcel Expedited,14.000,Zone 03,5.23,5.02,0.00,0.21,5.02
