Ship Date,Customer Reference,Customer Confirmation,Delivery Confirmation,Recipient Address,Service,Weight (oz),Pricing Zone,USPS Comp. Rate,Charge,Surcharges,Total Savings,Total Charges
2021-04-02,,'20210323164730076TGYD04D,'LX002836140US,", 5310 AV DUROCHER, , OUTREMONT, QC, H2V 3Y1, CA",DHL Packet Plus International,15.000,Canada,20.19,13.93,0.00,6.26,13.93
2021-04-05,,'20210405154905066Z5BM10Q,'9374869903506578534214,", 4520 SUNSET DR, , CORAL GABLES, FL, 33143-6239, US",DHL SmartMail Parcel Ground,6.000,Zone 06,3.58,3.48,0.00,0.10,3.48
2021-04-05,,'202104051603107371STMEKV,'9374869903506578724912,", 420 E 55TH ST APT LN, , NEW YORK, NY, 10022-5149, US",DHL SmartMail Parcel Ground,5.000,Zone 01,3.46,3.34,0.00,0.12,3.34
2021-04-05,,'20210405164007584V30VP25,'9374869903506579129068,", 8 GRASSY POND DR, , SMITHTOWN, NY, 11787-4028, US",DHL SmartMail Parcel Ground,5.000,Zone 01,3.46,3.34,0.00,0.12,3.34
2021-04-05,,'20210405184706873SKJEC4Z,'9374869903506580227777,", 8238 DELLWOOD CT, , GLENARDEN, MD, 20706-1779, US",DHL SmartMail Parcel Ground,7.000,Zone 03,3.49,3.37,0.00,0.12,3.37
2021-04-05,,'20210405184854825MDRJWEV,'9374869903506580248994,", 41 DIAMOND DR, , DANVILLE, CA, 94526-2446, US",DHL SmartMail Parcel Ground,7.000,Zone 08,3.85,3.63,0.00,0.22,3.63
2021-04-06,,'20210405161644475GQ1G2VE,'LX002895182US,", LACHINE, 725 38E AV, LACHINE, QC, H8T 2C2, CA",DHL Packet Plus International,10.000,Canada,20.19,13.42,0.00,6.77,13.42
2021-04-07,,'202104071457131911DMXYNQ,'9361269903506594044081,", 724 BACON TRL APT 46, , EAST RIDGE, TN, 37412-2152, US",DHL SmartMail Parcel Plus Ground,16.000,Zone 05,7.88,7.34,0.00,0.54,7.34
2021-04-07,,'20210407151416976HNU32IR,'9361269903506594161986,", 5701 15TH AVE APT 4J, , BROOKLYN, NY, 11219-4757, US",DHL SmartMail Parcel Plus Ground,80.000,Zone 01,8.20,7.92,0.00,0.28,7.92
2021-04-07,,'20210407150931442DCQPU4Q,'9374869903506594123034,", 14763 71ST AVE, , FLUSHING, NY, 11367-2008, US",DHL SmartMail Parcel Ground,10.000,Zone 01,4.04,3.90,0.00,0.14,3.90
2021-04-07,,'202104071510289995JQ0MD5,'9374869903506594129937,", 7202 CARI CT, , EASTVALE, CA, 92880-3464, US",DHL SmartMail Parcel Ground,7.000,Zone 08,3.85,3.63,0.00,0.22,3.63
2021-04-07,,'20210407151517557KQPN1HG,'9374869903506594166833,", 680 N PALM ST, , WOODLAKE, CA, 93286-1116, US",DHL SmartMail Parcel Ground,9.000,Zone 08,4.68,4.34,0.00,0.34,4.34
2021-04-07,,'20210407151620623S1DE2CN,'9374869903506594178416,", 46 MAIN ST S, , SEARSMONT, ME, 04973-3110, US",DHL SmartMail Parcel Ground,9.000,Zone 04,4.12,3.99,0.00,0.13,3.99
2021-04-07,,'20210407152041317QCI0OAX,'9374869903506594219683,", 36897 NORTH FORK RD, , PURCELLVILLE, VA, 20132-4321, US",DHL SmartMail Parcel Ground,6.000,Zone 03,3.49,3.37,0.00,0.12,3.37
2021-04-07,,'20210407152129680IXOQZLZ,'9374869903506594226544,", 2063 ATKINS RD, , GENEVA, OH, 44041-9339, US",DHL SmartMail Parcel Ground,9.000,Zone 04,4.12,3.99,0.00,0.13,3.99
2021-04-07,,'20210407180607130OIQAHOB,'9374869903506595504771,", 4520 SUNSET DR, , CORAL GABLES, FL, 33143-6239, US",DHL SmartMail Parcel Ground,4.000,Zone 06,3.22,3.11,0.00,0.11,3.11
2021-04-07,,'20210407201608402H1CR55A,'9374869903506596339532,", PO BOX 214, , SNOQUALMIE PASS, WA, 98068-0214, US",DHL SmartMail Parcel Ground,7.000,Zone 08,3.85,3.63,0.00,0.22,3.63
2021-04-08,,'2021040816061721823JHKPV,'9374869903506601822332,", PO BOX 1570, , ROCKWALL, TX, 75087-1570, US",DHL SmartMail Parcel Ground,7.000,Zone 06,3.58,3.48,0.00,0.10,3.48
2021-04-08,,'202104081643520843UOD24H,'9374869903506602201426,", 3362 NAVAJO ST, , NORTH CHARLESTON, SC, 29405-7728, US",DHL SmartMail Parcel Ground,5.000,Zone 05,3.57,3.44,0.00,0.13,3.44
2021-04-08,,'2021040817295512012CVMBM,'9374869903506602484676,", 652 IVY LN, , SOLVANG, CA, 93463-2153, US",DHL SmartMail Parcel Ground,7.000,Zone 08,3.85,3.63,0.00,0.22,3.63
2021-04-08,,'20210408182358252VXUA4ER,'9374869903506602844203,", 2336 OLD HARRIMAN HWY, , HARRIMAN, TN, 37748-8902, US",DHL SmartMail Parcel Ground,4.000,Zone 05,3.12,3.01,0.00,0.11,3.01
