Ship Date,Customer Reference,Customer Confirmation,Delivery Confirmation,Recipient Address,Service,Weight (oz),Pricing Zone,USPS Comp. Rate,Charge,Surcharges,Total Savings,Total Charges
2021-03-23,,'#15120,'9361269903506512395158,", 6501 Red Hook Plz Ste 201, , St Thomas, VI, 00802-1373, US",DHL SmartMail Parcel Plus Expedited,64.000,Zone 11,35.63,34.01,0.00,1.62,34.01
2021-04-07,,'B2B78D59234544588B7EC627A,'LX002929615US,", 2 THE BRIDLE PATH, , TORONTO, ON, M2L 1C8, CA",DHL Parcel International Standard,47.000,Canada,31.35,24.13,0.00,7.22,24.13
2021-04-07,,'78DFA84476BA4004A03F8B76E,'LX002930940US,", 299 MULLEN DRIVE UNIT 134, , THORNHILL, ON, L4J 3W3, CA",DHL Parcel International Standard,16.000,Canada,20.19,14.03,0.00,6.16,14.03
2021-04-07,,'91C4DFCEDE9D4CA789A4DD619,'LX002955632US,", 158 RODEO DRIVE, , VAUGHAN, ON, L4J 4Y5, CA",DHL Parcel International Standard,49.000,Canada,42.51,29.75,0.00,12.76,29.75
