Customer Confirmation Number,Delivery Confirmation Number,Receive Date,Recipient Name,Address Line 1,Address Line 2,City,State,Zip or Postal Code,Country,Weight (LBs),Mail Product Name,Customer Reference,BOL Number,Last Event Description,Last Event Time,Pickup Account Number,DHL Tracking Number,Pickup Address
'GM555348587000081632,',"03/23/2021 03:51:59 AM",RAQUEL GRIFFITHS,"127 BELMONT RD","","GLENFIELD","NSW",'2167,AU,.19,"DHL Parcel Intl Standard","",',"EN ROUTE TO DHL ECOMMERCE",03:54:40 AM,5345286,'33882103239249375,"1584 CARROLL ST."
','9374869903506511316709,"03/23/2021 11:08:37 AM",,"21 Camp Rd","","Gill","MA",'01354-9604,US,.0622,"DHL SM Parcel Expedited","",'535816410323154023551,"EN ROUTE TO DHL ECOMMERCE",11:43:33 AM,5358164,'33872103230110490,"50 Lawrence ave"
','9374869903506511247133,"03/23/2021 10:58:52 AM",,"121 Wentworth Ave","","Berlin","NH",'03570-1011,US,.0666,"DHL SM Parcel Expedited","",'535816410323154023551,"EN ROUTE TO DHL ECOMMERCE",11:43:33 AM,5358164,'33872103230110486,"50 Lawrence ave"
','9374869903506511282202,"03/23/2021 11:03:11 AM",,"2 Curtis Ave","","New Fairfield","CT",'06812-4506,US,.0666,"DHL SM Parcel Expedited","",'535816410323154023551,"EN ROUTE TO DHL ECOMMERCE",11:43:33 AM,5358164,'33872103230110503,"50 Lawrence ave"
','9374869903506511439897,"03/23/2021 11:24:03 AM",,"930 Pierce Ave","","Bronx","NY",'10462-4048,US,.0622,"DHL SM Parcel Expedited","",'535816410323154023551,"EN ROUTE TO DHL ECOMMERCE",11:43:33 AM,5358164,'33872103230110500,"50 Lawrence ave"
','9374869903506511519490,"03/23/2021 11:34:19 AM",,"208 Main St Apt 5","","Binghamton","NY",'13905-3086,US,.0622,"DHL SM Parcel Expedited","",'535816410323154023551,"EN ROUTE TO DHL ECOMMERCE",11:43:33 AM,5358164,'33872103230110479,"50 Lawrence ave"
','9374869903506511238537,"03/23/2021 10:58:15 AM",,"172 Cherriwood Rd","","Pulaski","PA",'16143-2502,US,.0666,"DHL SM Parcel Expedited","",'535816410323154023551,"EN ROUTE TO DHL ECOMMERCE",11:43:33 AM,5358164,'33872103230110487,"50 Lawrence ave"
','9374869903506511267506,"03/23/2021 11:01:19 AM",,"4941 Pebble Beach Dr","Apt B","Raleigh","NC",'27616-7041,US,.0666,"DHL SM Parcel Expedited","",'535816410323154023551,"EN ROUTE TO DHL ECOMMERCE",11:43:33 AM,5358164,'33872103230110484,"50 Lawrence ave"
','9374869903506511306113,"03/23/2021 11:06:38 AM",,"189 Woodward Dr","","Macon","GA",'31211-6741,US,.1332,"DHL SM Parcel Expedited","",'535816410323154023551,"EN ROUTE TO DHL ECOMMERCE",11:43:33 AM,5358164,'33872103230110485,"50 Lawrence ave"
','9374869903506511298630,"03/23/2021 11:05:38 AM",,"4460 Hodges Blvd Apt 2014","","Jacksonville","FL",'32224-0213,US,.0666,"DHL SM Parcel Expedited","",'535816410323154023551,"EN ROUTE TO DHL ECOMMERCE",11:43:33 AM,5358164,'33872103230110483,"50 Lawrence ave"
','9374869903506511300333,"03/23/2021 11:05:50 AM",,"5060 SW 154th Pl","","Miami","FL",'33185-4445,US,.0666,"DHL SM Parcel Expedited","",'535816410323154023551,"EN ROUTE TO DHL ECOMMERCE",11:43:33 AM,5358164,'33872103230110501,"50 Lawrence ave"
','9374869903506511297725,"03/23/2021 11:05:26 AM",,"3346 SE 18th Pl","","Cape Coral","FL",'33904-4409,US,.0666,"DHL SM Parcel Expedited","",'535816410323154023551,"EN ROUTE TO DHL ECOMMERCE",11:43:33 AM,5358164,'33872103230110502,"50 Lawrence ave"
','9374869903506511307547,"03/23/2021 11:06:57 AM",,"518 Rankin Rd","","Canton","MS",'39046-4872,US,.1332,"DHL SM Parcel Expedited","",'535816410323154023551,"EN ROUTE TO DHL ECOMMERCE",11:43:33 AM,5358164,'33872103230110496,"50 Lawrence ave"
','9374869903506511254698,"03/23/2021 10:59:46 AM",,"4150 Beauregard Rd","","Wesson","MS",'39191-9212,US,.0666,"DHL SM Parcel Expedited","",'535816410323154023551,"EN ROUTE TO DHL ECOMMERCE",11:43:33 AM,5358164,'33872103230110488,"50 Lawrence ave"
','9374869903506511291136,"03/23/2021 11:04:11 AM",,"190 W. COLUMBUS ST","","LITHOPOLIS","OH",'43136-0090,US,.0666,"DHL SM Parcel Expedited","",'535816410323154023551,"EN ROUTE TO DHL ECOMMERCE",11:43:33 AM,5358164,'33872103230110499,"50 Lawrence ave"
','9374869903506511293130,"03/23/2021 11:04:35 AM",,"1247 Saint Anthony Ave","Apt 915","saint paul","MN",'55104-4136,US,.0666,"DHL SM Parcel Expedited","",'535816410323154023551,"EN ROUTE TO DHL ECOMMERCE",11:43:33 AM,5358164,'33872103230110495,"50 Lawrence ave"
','9374869903506511489533,"03/23/2021 11:30:04 AM",,"422 Andrew Ln","","Schaumburg","IL",'60193-1461,US,.0622,"DHL SM Parcel Expedited","",'535816410323154023551,"EN ROUTE TO DHL ECOMMERCE",11:43:33 AM,5358164,'33872103230110498,"50 Lawrence ave"
','9374869903506511554927,"03/23/2021 11:38:27 AM",,"600 Wooddale Blvd Apt 183","","Baton Rouge","LA",'70806-2909,US,.0622,"DHL SM Parcel Expedited","",'535816410323154023551,"EN ROUTE TO DHL ECOMMERCE",11:43:33 AM,5358164,'33872103230110482,"50 Lawrence ave"
','9374869903506511546076,"03/23/2021 11:37:28 AM",,"1604 Anacua Ln","","Wylie","TX",'75098-1697,US,.0622,"DHL SM Parcel Expedited","",'535816410323154023551,"EN ROUTE TO DHL ECOMMERCE",11:43:33 AM,5358164,'33872103230110481,"50 Lawrence ave"
','9374869903506511510718,"03/23/2021 11:32:46 AM",,"1604 Anacua Ln","","Wylie","TX",'75098-1697,US,.0622,"DHL SM Parcel Expedited","",'535816410323154023551,"EN ROUTE TO DHL ECOMMERCE",11:43:33 AM,5358164,'33872103230110492,"50 Lawrence ave"
','9374869903506511324025,"03/23/2021 11:09:16 AM",,"PO Box 689","507 S Cedardale","Mountainair","NM",'87036-0689,US,.0666,"DHL SM Parcel Expedited","",'535816410323154023551,"EN ROUTE TO DHL ECOMMERCE",11:43:33 AM,5358164,'33872103230110497,"50 Lawrence ave"
','9374869903506511533236,"03/23/2021 11:36:02 AM",,"143 River Village Cir","","Dayton","NV",'89403-9019,US,.0622,"DHL SM Parcel Expedited","",'535816410323154023551,"EN ROUTE TO DHL ECOMMERCE",11:43:33 AM,5358164,'33872103230110493,"50 Lawrence ave"
','9374869903506511250355,"03/23/2021 10:59:05 AM",,"11135 Dalerose Ave","","Inglewood","CA",'90304-2625,US,.0666,"DHL SM Parcel Expedited","",'535816410323154023551,"EN ROUTE TO DHL ECOMMERCE",11:43:33 AM,5358164,'33872103230110489,"50 Lawrence ave"
','9374869903506511569723,"03/23/2021 11:40:00 AM",,"16068 Blue Mountain Ct","","Riverside","CA",'92503-5580,US,.0622,"DHL SM Parcel Expedited","",'535816410323154023551,"EN ROUTE TO DHL ECOMMERCE",11:43:33 AM,5358164,'33872103230110480,"50 Lawrence ave"
','9374869903506511289867,"03/23/2021 11:03:54 AM",,"230 E Williams St","","Santa Maria","CA",'93454-1959,US,.0666,"DHL SM Parcel Expedited","",'535816410323154023551,"EN ROUTE TO DHL ECOMMERCE",11:43:33 AM,5358164,'33872103230110491,"50 Lawrence ave"
','9374869903506511290610,"03/23/2021 11:04:22 AM",,"824 Dion Ave","","Hoquiam","WA",'98550-1084,US,.0666,"DHL SM Parcel Expedited","",'535816410323154023551,"EN ROUTE TO DHL ECOMMERCE",11:43:33 AM,5358164,'33872103230110494,"50 Lawrence ave"
'5DB416295C0B49D5802DB9E8B,',"03/23/2021 11:10:16 AM",,"266,rue giguere","","vallée-jonction","QC",'G0S 3J0,CA,.1325,"DHL Parcel Intl Standard","",'41701916,"EN ROUTE TO DHL ECOMMERCE",11:43:33 AM,5358164,'33872103230110922,"50 Lawrence ave"
'DEDBF64E971B42599A5C519F2,',"03/23/2021 11:07:44 AM",,"44 Thorncliffe park Dr","apt.415","Toronto","ON",'M4H 1K2,CA,.0662,"DHL Parcel Intl Standard","",'41701916,"EN ROUTE TO DHL ECOMMERCE",11:43:33 AM,5358164,'33872103230110921,"50 Lawrence ave"
'20210323143056373LUQ44CQ,'9374869903506511018955,"03/23/2021 10:30:58 AM",,"2075 BAY RIDGE PKWY APT C1","","BROOKLYN","NY",'112045936,US,.5,"DHL SM Parcel Ground","",'536725110323143523551,"EN ROUTE TO DHL ECOMMERCE",10:38:19 AM,5367251,'33872103239969497,"5818 13TH AVE"
'20210323142942649GMDLPXV,'9374869903506511009731,"03/23/2021 10:29:44 AM",,"1469 40TH ST BSMT","","BROOKLYN","NY",'112183589,US,.625,"DHL SM Parcel Ground","",'536725110323143523551,"EN ROUTE TO DHL ECOMMERCE",10:38:19 AM,5367251,'33872103239969496,"5818 13TH AVE"
'20210323142725183U43X1LK,'9374869903506510995073,"03/23/2021 10:27:25 AM",,"7919 HAPPY HOLLOW RD","","STANWOOD","WA",'982928147,US,.375,"DHL SM Parcel Ground","",'536725110323143523551,"EN ROUTE TO DHL ECOMMERCE",10:38:19 AM,5367251,'33872103239969495,"5818 13TH AVE"
'20210323142631722QBHTID5,'9374869903506510988075,"03/23/2021 10:26:34 AM",,"2936 CASSIUS ST NE","","LACEY","WA",'985164105,US,.375,"DHL SM Parcel Ground","",'536725110323143523551,"EN ROUTE TO DHL ECOMMERCE",10:38:19 AM,5367251,'33872103239969498,"5818 13TH AVE"