Customer Confirmation Number,Delivery Confirmation Number,Receive Date,Recipient Name,Address Line 1,Address Line 2,City,State,Zip or Postal Code,Country,Weight (LBs),Mail Product Name,Customer Reference,BOL Number,Last Event Description,Last Event Time,Pickup Account Number,DHL Tracking Number,Pickup Address
'GM555348587000081342,',"02/11/2021 03:23:07 AM",LU BOUTOT,"7224 107A ST","","GRANDE PRAIRIE","AB",'T8W 2T5,CA,.19,"DHL Parcel Intl Standard","",',"EN ROUTE TO DHL ECOMMERCE",03:25:34 AM,5345286,'33882102111224997,"1584 CARROLL ST."
','9361269903506305269901,"02/11/2021 10:01:04 AM",,"42 DOW RD","PO BOX 548","MONT VERNON","NH",'03057,US,2.1875,"DHL SM Parcel Plus Expedited","1352533",'535103010211165523451,"EN ROUTE TO DHL ECOMMERCE",11:56:34 AM,5351030,'33872102111759225,"660 LEFFERTS AVE"
','9361269903506305021738,"02/11/2021 09:28:25 AM",,"6 WELLINGTON CIR","","ATKINSON","NH",'03811,US,2.3125,"DHL SM Parcel Plus Expedited","1352533",'535103010211165523451,"EN ROUTE TO DHL ECOMMERCE",11:56:34 AM,5351030,'33872102111759243,"660 LEFFERTS AVE"
','9361269903506305224375,"02/11/2021 09:55:09 AM",,"181 DUBLIN HILL RD","","HIGGANUM","CT",'06441,US,2.1875,"DHL SM Parcel Plus Expedited","1352533",'535103010211165523451,"EN ROUTE TO DHL ECOMMERCE",11:56:34 AM,5351030,'33872102111759226,"660 LEFFERTS AVE"
','9361269903506305022834,"02/11/2021 09:28:28 AM",,"160 UPPER WHITTEMORE RD","","MIDDLEBURY","CT",'06762,US,2.3125,"DHL SM Parcel Plus Expedited","1352533",'535103010211165523451,"EN ROUTE TO DHL ECOMMERCE",11:56:34 AM,5351030,'33872102111759252,"660 LEFFERTS AVE"
','9374869903506305062829,"02/11/2021 09:32:40 AM",,"3743 E STATE STREET EXT","","HAMILTON","NJ",'08619,US,.5625,"DHL SM Parcel Expedited","1352533",'535103010211165523451,"EN ROUTE TO DHL ECOMMERCE",11:56:34 AM,5351030,'33872102111759258,"660 LEFFERTS AVE"
','9361269903506305078534,"02/11/2021 09:35:38 AM",,"572 COUNTY ROUTE 17A","","WILLIAMSTOWN","NY",'13493,US,1.1875,"DHL SM Parcel Plus Expedited","1352533",'535103010211165523451,"EN ROUTE TO DHL ECOMMERCE",11:56:34 AM,5351030,'33872102111759242,"660 LEFFERTS AVE"
','9361269903506305007848,"02/11/2021 09:25:06 AM",,"9 PARK SQUARE DR","NONE","INDIAN HEAD","MD",'20640,US,3,"DHL SM Parcel Plus Expedited","1352533",'535103010211165523451,"EN ROUTE TO DHL ECOMMERCE",11:56:34 AM,5351030,'33872102111759257,"660 LEFFERTS AVE"
','9361269903506305223798,"02/11/2021 09:55:10 AM",,"10408 MAYNARD CT","","DAMASCUS","MD",'20872,US,2.1875,"DHL SM Parcel Plus Expedited","1352533",'535103010211165523451,"EN ROUTE TO DHL ECOMMERCE",11:56:34 AM,5351030,'33872102111759228,"660 LEFFERTS AVE"
','9361269903506305022650,"02/11/2021 09:28:27 AM",,"1950 MOUNT HOREB RD","","STREET","MD",'21154,US,2.3125,"DHL SM Parcel Plus Expedited","1352533",'535103010211165523451,"EN ROUTE TO DHL ECOMMERCE",11:56:34 AM,5351030,'33872102111759251,"660 LEFFERTS AVE"
','9361269903506305317442,"02/11/2021 10:08:04 AM",,"9504 HARBOR LIGHTS DR","","BERLIN","MD",'21811,US,2,"DHL SM Parcel Plus Expedited","1352533",'535103010211165523451,"EN ROUTE TO DHL ECOMMERCE",11:56:34 AM,5351030,'33872102111759217,"660 LEFFERTS AVE"
','9361269903506305020793,"02/11/2021 09:28:26 AM",,"1198 JOHNNYCAKE LN","","HARPERS FERRY","WV",'25425,US,2.3125,"DHL SM Parcel Plus Expedited","1352533",'535103010211165523451,"EN ROUTE TO DHL ECOMMERCE",11:56:34 AM,5351030,'33872102111759240,"660 LEFFERTS AVE"
','9361269903506305222463,"02/11/2021 09:55:11 AM",,"4565 CARRIAGE RUN CIR","","MURRELLS INLET","SC",'29576,US,2.1875,"DHL SM Parcel Plus Expedited","1352533",'535103010211165523451,"EN ROUTE TO DHL ECOMMERCE",11:56:34 AM,5351030,'33872102111759239,"660 LEFFERTS AVE"
','9374869903506305062850,"02/11/2021 09:32:41 AM",,"4560 N WOODLAKE LN SE","","CONYERS","GA",'30013,US,.5625,"DHL SM Parcel Expedited","1352533",'535103010211165523451,"EN ROUTE TO DHL ECOMMERCE",11:56:34 AM,5351030,'33872102111759235,"660 LEFFERTS AVE"
','9361269903506305023824,"02/11/2021 09:28:27 AM",,"189 N EDENFIELD RIDGE DR SE","","ROME","GA",'30161,US,2.3125,"DHL SM Parcel Plus Expedited","1352533",'535103010211165523451,"EN ROUTE TO DHL ECOMMERCE",11:56:34 AM,5351030,'33872102111759254,"660 LEFFERTS AVE"
','9361269903506305007855,"02/11/2021 09:25:06 AM",,"104 WESTWIND CT # 104","","GRIFFIN","GA",'30224,US,3,"DHL SM Parcel Plus Expedited","1352533",'535103010211165523451,"EN ROUTE TO DHL ECOMMERCE",11:56:34 AM,5351030,'33872102111759222,"660 LEFFERTS AVE"
','9361269903506305023855,"02/11/2021 09:28:28 AM",,"10225 COLLINS AVE APT 1503","","BAL HARBOUR","FL",'33154,US,2.3125,"DHL SM Parcel Plus Expedited","1352533",'535103010211165523451,"EN ROUTE TO DHL ECOMMERCE",11:56:34 AM,5351030,'33872102111759224,"660 LEFFERTS AVE"
','9374869903506305062836,"02/11/2021 09:32:40 AM",,"11988 PASCO TRAILS BLVD","","SPRING HILL","FL",'34610,US,.5625,"DHL SM Parcel Expedited","1352533",'535103010211165523451,"EN ROUTE TO DHL ECOMMERCE",11:56:34 AM,5351030,'33872102111759233,"660 LEFFERTS AVE"
','9361269903506305224399,"02/11/2021 09:55:09 AM",,"119 WOODRIDGE DR","","FLORA","MS",'39071,US,2.1875,"DHL SM Parcel Plus Expedited","1352533",'535103010211165523451,"EN ROUTE TO DHL ECOMMERCE",11:56:34 AM,5351030,'33872102111759246,"660 LEFFERTS AVE"
','9361269903506305021714,"02/11/2021 09:28:25 AM",,"115 SILVER DR","","REEDSBURG","WI",'53959,US,2.3125,"DHL SM Parcel Plus Expedited","1352533",'535103010211165523451,"EN ROUTE TO DHL ECOMMERCE",11:56:34 AM,5351030,'33872102111759218,"660 LEFFERTS AVE"
','9374869903506305062843,"02/11/2021 09:32:40 AM",,"7221 GLOUCHESTER DR","","EDINA","MN",'55435,US,.5625,"DHL SM Parcel Expedited","1352533",'535103010211165523451,"EN ROUTE TO DHL ECOMMERCE",11:56:34 AM,5351030,'33872102111759237,"660 LEFFERTS AVE"
','9374869903506305062010,"02/11/2021 09:32:40 AM",,"2960 W GLENLAKE AVE","","CHICAGO","IL",'60659,US,.5625,"DHL SM Parcel Expedited","1352533",'535103010211165523451,"EN ROUTE TO DHL ECOMMERCE",11:56:34 AM,5351030,'33872102111759247,"660 LEFFERTS AVE"
','9361269903506305021790,"02/11/2021 09:28:26 AM",,"16270 W 171ST ST","","OLATHE","KS",'66062,US,2.3125,"DHL SM Parcel Plus Expedited","1352533",'535103010211165523451,"EN ROUTE TO DHL ECOMMERCE",11:56:34 AM,5351030,'33872102111759250,"660 LEFFERTS AVE"
','9361269903506305079623,"02/11/2021 09:35:38 AM",,"150 PIZARRO DR","","HOT SPRINGS VILLAGE","AR",'71909,US,1.1875,"DHL SM Parcel Plus Expedited","1352533",'535103010211165523451,"EN ROUTE TO DHL ECOMMERCE",11:56:34 AM,5351030,'33872102111759248,"660 LEFFERTS AVE"
','9361269903506305223590,"02/11/2021 09:55:08 AM",,"8904 E 156TH ST N","","COLLINSVILLE","OK",'74021,US,2.1875,"DHL SM Parcel Plus Expedited","1352533",'535103010211165523451,"EN ROUTE TO DHL ECOMMERCE",11:56:34 AM,5351030,'33872102111759244,"660 LEFFERTS AVE"
','9361269903506305223675,"02/11/2021 09:55:09 AM",,"130 1ST ST NE","","DETROIT","TX",'75436,US,2.1875,"DHL SM Parcel Plus Expedited","1352533",'535103010211165523451,"EN ROUTE TO DHL ECOMMERCE",11:56:34 AM,5351030,'33872102111759234,"660 LEFFERTS AVE"
','9374869903506305061549,"02/11/2021 09:32:42 AM",,"2803 LAUREL RIDGE DR","","KINGWOOD","TX",'77345,US,.5625,"DHL SM Parcel Expedited","1352533",'535103010211165523451,"EN ROUTE TO DHL ECOMMERCE",11:56:34 AM,5351030,'33872102111759238,"660 LEFFERTS AVE"
','9361269903506305223606,"02/11/2021 09:55:08 AM",,"13410 DEMETER","","UNIVERSAL CITY","TX",'78148,US,2.1875,"DHL SM Parcel Plus Expedited","1352533",'535103010211165523451,"EN ROUTE TO DHL ECOMMERCE",11:56:34 AM,5351030,'33872102111759219,"660 LEFFERTS AVE"
','9361269903506305022605,"02/11/2021 09:28:25 AM",,"18527 FOURMILE CRK","","SAN ANTONIO","TX",'78259,US,2.3125,"DHL SM Parcel Plus Expedited","1352533",'535103010211165523451,"EN ROUTE TO DHL ECOMMERCE",11:56:34 AM,5351030,'33872102111759223,"660 LEFFERTS AVE"
','9361269903506305022827,"02/11/2021 09:28:27 AM",,"430 EASTVIEW LN","","ALPINE","UT",'84004,US,2.3125,"DHL SM Parcel Plus Expedited","1352533",'535103010211165523451,"EN ROUTE TO DHL ECOMMERCE",11:56:34 AM,5351030,'33872102111759253,"660 LEFFERTS AVE"
','9361269903506305224481,"02/11/2021 09:55:12 AM",,"3959 N 141ST DR","","GOODYEAR","AZ",'85395,US,2.1875,"DHL SM Parcel Plus Expedited","1352533",'535103010211165523451,"EN ROUTE TO DHL ECOMMERCE",11:56:34 AM,5351030,'33872102111759255,"660 LEFFERTS AVE"
','9361269903506305223774,"02/11/2021 09:55:10 AM",,"5709 MADEIRA PL NE","","ALBUQUERQUE","NM",'87110,US,2.1875,"DHL SM Parcel Plus Expedited","1352533",'535103010211165523451,"EN ROUTE TO DHL ECOMMERCE",11:56:34 AM,5351030,'33872102111759227,"660 LEFFERTS AVE"
','9361269903506305079593,"02/11/2021 09:35:38 AM",,"848 N RAINBOW BLVD # 2885","","LAS VEGAS","NV",'89107,US,3,"DHL SM Parcel Plus Expedited","1352533",'535103010211165523451,"EN ROUTE TO DHL ECOMMERCE",11:56:34 AM,5351030,'33872102111759232,"660 LEFFERTS AVE"
','9361269903506305268430,"02/11/2021 10:01:05 AM",,"8540 GASPARILLA WAY","","VERDI","NV",'89439,US,2.1875,"DHL SM Parcel Plus Expedited","1352533",'535103010211165523451,"EN ROUTE TO DHL ECOMMERCE",11:56:34 AM,5351030,'33872102111759241,"660 LEFFERTS AVE"
','9361269903506305225952,"02/11/2021 09:55:13 AM",,"805 PROSPECT AVE","","SOUTH PASADENA","CA",'91030,US,2.1875,"DHL SM Parcel Plus Expedited","1352533",'535103010211165523451,"EN ROUTE TO DHL ECOMMERCE",11:56:34 AM,5351030,'33872102111759215,"660 LEFFERTS AVE"
','9361269903506305222494,"02/11/2021 09:55:12 AM",,"12589 KEWANNA RD","","APPLE VALLEY","CA",'92308,US,2.1875,"DHL SM Parcel Plus Expedited","1352533",'535103010211165523451,"EN ROUTE TO DHL ECOMMERCE",11:56:34 AM,5351030,'33872102111759221,"660 LEFFERTS AVE"
','9361269903506305222364,"02/11/2021 09:55:09 AM",,"2941 CORTE PORTOFINO","","NEWPORT BEACH","CA",'92660,US,2.1875,"DHL SM Parcel Plus Expedited","1352533",'535103010211165523451,"EN ROUTE TO DHL ECOMMERCE",11:56:34 AM,5351030,'33872102111759245,"660 LEFFERTS AVE"
','9361269903506305223767,"02/11/2021 09:55:10 AM",,"11522 BAY MEADOWS LN","","BAKERSFIELD","CA",'93312,US,2.1875,"DHL SM Parcel Plus Expedited","1352533",'535103010211165523451,"EN ROUTE TO DHL ECOMMERCE",11:56:34 AM,5351030,'33872102111759216,"660 LEFFERTS AVE"
','9361269903506305224504,"02/11/2021 09:55:13 AM",,"7583 DUKE WAY","","SAN RAMON","CA",'94583,US,2.1875,"DHL SM Parcel Plus Expedited","1352533",'535103010211165523451,"EN ROUTE TO DHL ECOMMERCE",11:56:34 AM,5351030,'33872102111759256,"660 LEFFERTS AVE"
','9361269903506305224443,"02/11/2021 09:55:11 AM",,"2144 4TH ST STE C","","SAN RAFAEL","CA",'94901,US,2.1875,"DHL SM Parcel Plus Expedited","1352533",'535103010211165523451,"EN ROUTE TO DHL ECOMMERCE",11:56:34 AM,5351030,'33872102111759249,"660 LEFFERTS AVE"
','9374869903506305061570,"02/11/2021 09:32:42 AM",,"712 CARPENTER WAY","","WHEATLAND","CA",'95692,US,.5625,"DHL SM Parcel Expedited","1352533",'535103010211165523451,"EN ROUTE TO DHL ECOMMERCE",11:56:34 AM,5351030,'33872102111759230,"660 LEFFERTS AVE"
','9361269903506305021813,"02/11/2021 09:28:28 AM",,"13080 SW 17TH ST","","BEAVERTON","OR",'97008,US,2.3125,"DHL SM Parcel Plus Expedited","1352533",'535103010211165523451,"EN ROUTE TO DHL ECOMMERCE",11:56:34 AM,5351030,'33872102111759236,"660 LEFFERTS AVE"
','9361269903506305021721,"02/11/2021 09:28:25 AM",,"5716 WOODLAWN AVE N","","SEATTLE","WA",'98103,US,2.3125,"DHL SM Parcel Plus Expedited","1352533",'535103010211165523451,"EN ROUTE TO DHL ECOMMERCE",11:56:34 AM,5351030,'33872102111759229,"660 LEFFERTS AVE"
','9361269903506305222418,"02/11/2021 09:55:11 AM",,"2480 W BADGER RD","","CUSTER","WA",'98240,US,2.1875,"DHL SM Parcel Plus Expedited","1352533",'535103010211165523451,"EN ROUTE TO DHL ECOMMERCE",11:56:34 AM,5351030,'33872102111759220,"660 LEFFERTS AVE"
','9361269903506305019780,"02/11/2021 09:28:26 AM",,"19002 NW 19TH AVE","","RIDGEFIELD","WA",'98642,US,2.3125,"DHL SM Parcel Plus Expedited","1352533",'535103010211165523451,"EN ROUTE TO DHL ECOMMERCE",11:56:34 AM,5351030,'33872102111759231,"660 LEFFERTS AVE"
','9374869903506305357741,"02/11/2021 10:13:35 AM",,"100 Boutelle St","","Fitchburg","MA",'01420-4537,US,.0666,"DHL SM Parcel Expedited","",'535816410211152123451,"EN ROUTE TO DHL ECOMMERCE",10:24:22 AM,5358164,'33872102111595986,"50 Lawrence ave"
','9374869903506305367962,"02/11/2021 10:14:36 AM",,"321 Boulevard","","New Milford","NJ",'07646-1843,US,.0666,"DHL SM Parcel Expedited","",'535816410211152123451,"EN ROUTE TO DHL ECOMMERCE",10:24:22 AM,5358164,'33872102111595973,"50 Lawrence ave"
','9374869903506305406180,"02/11/2021 10:17:52 AM",,"7 Kings Ct Apt 3","","Camillus","NY",'13031-1747,US,.0666,"DHL SM Parcel Expedited","",'535816410211152123451,"EN ROUTE TO DHL ECOMMERCE",10:24:22 AM,5358164,'33872102111595983,"50 Lawrence ave"
','9374869903506305061525,"02/11/2021 09:32:40 AM",,"11050 Greiner Pl","","Philadelphia","PA",'19116-2610,US,.0622,"DHL SM Parcel Expedited","",'535816410211152123451,"EN ROUTE TO DHL ECOMMERCE",10:24:22 AM,5358164,'33872102111595979,"50 Lawrence ave"
','9374869903506305194070,"02/11/2021 09:50:33 AM",,"2120 N Anvil Ln","","Temple Hills","MD",'20748-4274,US,.0622,"DHL SM Parcel Expedited","",'535816410211152123451,"EN ROUTE TO DHL ECOMMERCE",10:24:22 AM,5358164,'33872102111595981,"50 Lawrence ave"
','9374869903506305371891,"02/11/2021 10:15:07 AM",,"1 Partridgeberry Way","","Taylors","SC",'29687-5856,US,.0666,"DHL SM Parcel Expedited","",'535816410211152123451,"EN ROUTE TO DHL ECOMMERCE",10:24:22 AM,5358164,'33872102111595971,"50 Lawrence ave"
','9374869903506305382040,"02/11/2021 10:15:53 AM",,"9953 Hawks Hollow Rd","","Jacksonville","FL",'32257-8626,US,.1332,"DHL SM Parcel Expedited","",'535816410211152123451,"EN ROUTE TO DHL ECOMMERCE",10:24:22 AM,5358164,'33872102111595974,"50 Lawrence ave"
','9374869903506305167876,"02/11/2021 09:47:46 AM",,"3600 Gatlin Place Cir","","Orlando","FL",'32812-7757,US,.0622,"DHL SM Parcel Expedited","",'535816410211152123451,"EN ROUTE TO DHL ECOMMERCE",10:24:22 AM,5358164,'33872102111595976,"50 Lawrence ave"
','9374869903506305386444,"02/11/2021 10:16:27 AM",,"3201 Tindall Acres Rd","","Kissimmee","FL",'34744-9227,US,.1332,"DHL SM Parcel Expedited","",'535816410211152123451,"EN ROUTE TO DHL ECOMMERCE",10:24:22 AM,5358164,'33872102111595972,"50 Lawrence ave"
'828170E9044441EEBDCF61987,',"02/11/2021 10:17:03 AM",,"HIKE GROSMAN 7/15","15","RAANANA","State",'4373314,IL,.1325,"DHL Parcel Intl Standard","",'45541919,"EN ROUTE TO DHL ECOMMERCE",10:24:22 AM,5358164,'33872102111598049,"50 Lawrence ave"
','9374869903506305050321,"02/11/2021 09:31:21 AM",,"6327 Hazelhatch Dr","","Indianapolis","IN",'46268-5035,US,.0622,"DHL SM Parcel Expedited","",'535816410211152123451,"EN ROUTE TO DHL ECOMMERCE",10:24:22 AM,5358164,'33872102111595982,"50 Lawrence ave"
','9374869903506305181889,"02/11/2021 09:48:49 AM",,"3496 Bent Trail Dr","","Ann Arbor","MI",'48108-9302,US,.0622,"DHL SM Parcel Expedited","",'535816410211152123451,"EN ROUTE TO DHL ECOMMERCE",10:24:22 AM,5358164,'33872102111595977,"50 Lawrence ave"
','9374869903506305079780,"02/11/2021 09:35:42 AM",,"216 Oak St","","Corunna","MI",'48817-1027,US,.0622,"DHL SM Parcel Expedited","",'535816410211152123451,"EN ROUTE TO DHL ECOMMERCE",10:24:22 AM,5358164,'33872102111595978,"50 Lawrence ave"
','9374869903506305118670,"02/11/2021 09:40:57 AM",,"44 Canyon Dr","","Gering","NE",'69341-1510,US,.0622,"DHL SM Parcel Expedited","",'535816410211152123451,"EN ROUTE TO DHL ECOMMERCE",10:24:22 AM,5358164,'33872102111595988,"50 Lawrence ave"
','9374869903506305202799,"02/11/2021 09:52:30 AM",,"30 Hms Dr","","Houma","LA",'70364-1935,US,.0622,"DHL SM Parcel Expedited","",'535816410211152123451,"EN ROUTE TO DHL ECOMMERCE",10:24:22 AM,5358164,'33872102111595987,"50 Lawrence ave"
','9374869903506305361373,"02/11/2021 10:13:58 AM",,"10358 Cedarbend Dr","","San Antonio","TX",'78245-1078,US,.0666,"DHL SM Parcel Expedited","",'535816410211152123451,"EN ROUTE TO DHL ECOMMERCE",10:24:22 AM,5358164,'33872102111595970,"50 Lawrence ave"
','9374869903506305365050,"02/11/2021 10:14:19 AM",,"14822 E 5th Cir Apt B","","Aurora","CO",'80011-3434,US,.0666,"DHL SM Parcel Expedited","",'535816410211152123451,"EN ROUTE TO DHL ECOMMERCE",10:24:22 AM,5358164,'33872102111595980,"50 Lawrence ave"
','9374869903506305036240,"02/11/2021 09:30:22 AM",,"951 Las Palmas Entrada Ave Apt 1422","","Henderson","NV",'89012-5620,US,.0622,"DHL SM Parcel Expedited","",'535816410211152123451,"EN ROUTE TO DHL ECOMMERCE",10:24:22 AM,5358164,'33872102111595984,"50 Lawrence ave"
','9374869903506305106004,"02/11/2021 09:38:33 AM",,"9927 Ridgemill St","","Las Vegas","NV",'89178-7537,US,.0622,"DHL SM Parcel Expedited","",'535816410211152123451,"EN ROUTE TO DHL ECOMMERCE",10:24:22 AM,5358164,'33872102111595985,"50 Lawrence ave"
','9374869903506305187690,"02/11/2021 09:49:43 AM",,"6207 W Albany Ct Apt 1","","Kennewick","WA",'99336-1746,US,.0622,"DHL SM Parcel Expedited","",'535816410211152123451,"EN ROUTE TO DHL ECOMMERCE",10:24:22 AM,5358164,'33872102111595975,"50 Lawrence ave"
'021F88CFF6854941A16CF10C5,',"02/11/2021 10:19:24 AM",,"8872 Hwy 221","Sheffield Mills","Canning Nova Scotia","NS",'B0P 1H0,CA,.0662,"DHL Parcel Intl Standard","",'45541919,"EN ROUTE TO DHL ECOMMERCE",10:24:22 AM,5358164,'33872102111598048,"50 Lawrence ave"
'B97CFD1DF865476897F0D2D13,',"02/11/2021 10:18:44 AM",,"30 Grand Circuit Court","","Brampton","ON",'L6Y 1A4,CA,.0662,"DHL Parcel Intl Standard","",'45541919,"EN ROUTE TO DHL ECOMMERCE",10:24:22 AM,5358164,'33872102111598050,"50 Lawrence ave"