Customer Confirmation Number,Delivery Confirmation Number,Receive Date,Recipient Name,Address Line 1,Address Line 2,City,State,Zip or Postal Code,Country,Weight (LBs),Mail Product Name,Customer Reference,BOL Number,Last Event Description,Last Event Time,Pickup Account Number,DHL Tracking Number,Pickup Address
'GFDHL1121007,'9361269903506220954548,"01/26/2021 04:07:42 pm",," 772 120th Ave.","","Knoxville","IA",'50138,US,1.5,"DHL SM Parcel Plus Expedited","",'535032110126220023451,"EN ROUTE TO DHL ECOMMERCE",05:08:13 PM,5350321,'33872101261265165,"519 FLUSHING AVE"
'GFDHL1119469,'9374869903506213092178,"01/25/2021 02:09:23 pm",,"703 west roscoe st.  Unit 2 ","","Chicago","IL",'60657,US,.0313,"DHL SM Parcel Expedited","",'535032110126220023451,"EN ROUTE TO DHL ECOMMERCE",05:08:13 PM,5350321,'33872101261265117,"519 FLUSHING AVE"
'GFDHL1126592,'9374869903506257477856,"02/02/2021 03:37:18 pm",,"1905 8th St Apt 1","","Redding","CA",'96001,US,.25,"DHL SM Parcel Expedited","",'535032110203215923651,"EN ROUTE TO DHL ECOMMERCE",05:01:22 PM,5350321,'33872102032006567,"519 FLUSHING AVE"
'GFDHL1129312,',"02/05/2021 11:51:11 am",,"318 4th St, New Westminster,","","NEW WESTMINSTER","BC",'V3L 2V2,CA,.81,"DHL Parcel Intl Direct","",'41579899,"EN ROUTE TO DHL ECOMMERCE",04:58:48 PM,5350321,'33872102083825537,"519 FLUSHING AVE"
'GFDHL1135388,'9374869903506312036202,"02/12/2021 12:57:12 pm",,"202 Minor Cir","","Blacksburg","VA",'24060,US,.125,"DHL SM Parcel Expedited","",'535032110212175723451,"EN ROUTE TO DHL ECOMMERCE",01:01:22 PM,5350321,'33872102124167287,"519 FLUSHING AVE"
'GFDHL1132908,'9361269903506296862433,"02/09/2021 04:52:29 pm",,"1072 Seaboard Ave NW","","Atlanta","GA",'30318,US,2.375,"DHL SM Parcel Plus Expedited","",'535032110209220023751,"EN ROUTE TO DHL ECOMMERCE",05:03:56 PM,5350321,'33872102097183355,"519 FLUSHING AVE"
'1x Lascoota Scooters for K,'9361269903506302664174,"02/10/2021 05:14:48 pm",,"625 S STATE ST UNIT D","","SALT LAKE CITY","UT",'84111,US,10,"DHL SM Parcel Plus Expedited","1341317",'535032110212174823851,"EN ROUTE TO DHL ECOMMERCE",12:48:50 PM,5350321,'33872102124146359,"519 FLUSHING AVE"
','9361269903506302245847,"02/10/2021 03:44:50 pm",,"625 S STATE ST UNIT D","","SALT LAKE CITY","UT",'84111,US,4,"DHL SM Parcel Plus Expedited","1341317",'535032110212174823851,"EN ROUTE TO DHL ECOMMERCE",12:48:50 PM,5350321,'33872102124146360,"519 FLUSHING AVE"
','9361269903506302291400,"02/10/2021 03:54:14 pm",,"625 S STATE ST UNIT D","","SALT LAKE CITY","UT",'84111,US,4,"DHL SM Parcel Plus Expedited","1341317",'535032110212174823851,"EN ROUTE TO DHL ECOMMERCE",12:48:50 PM,5350321,'33872102124146361,"519 FLUSHING AVE"
'GFDHL1132909,'9361269903506296862495,"02/09/2021 04:52:31 pm",,"1737 Arbutus Ave","","Chico","CA",'95927,US,2.375,"DHL SM Parcel Plus Expedited","",'535032110209220023751,"EN ROUTE TO DHL ECOMMERCE",05:03:56 PM,5350321,'33872102097183342,"519 FLUSHING AVE"
','9361269903506323279104,"02/15/2021 04:41:42 pm",,"1969 RUTGERS UNIV BLVD UNIT C","","LAKEWOOD","NJ",'08701,US,4,"DHL SM Parcel Plus Expedited","1341317",'535032110216214123851,"EN ROUTE TO DHL ECOMMERCE",04:51:37 PM,5350321,'33872102160804277,"519 FLUSHING AVE"
','9361269903506323283200,"02/15/2021 04:42:48 pm",,"1969 RUTGERS UNIV BLVD UNIT C","","LAKEWOOD","NJ",'08701,US,5,"DHL SM Parcel Plus Expedited","1341317",'535032110216214123851,"EN ROUTE TO DHL ECOMMERCE",04:51:37 PM,5350321,'33872102160804278,"519 FLUSHING AVE"
','9361269903506323237449,"02/15/2021 04:31:39 pm",,"1969 RUTGERS UNIV BLVD UNIT C","","LAKEWOOD","NJ",'08701,US,5,"DHL SM Parcel Plus Expedited","1341317",'535032110216214123851,"EN ROUTE TO DHL ECOMMERCE",04:51:37 PM,5350321,'33872102160804279,"519 FLUSHING AVE"
'GFDHL1138667,'9361269903506328282659,"02/16/2021 03:49:07 pm",,"2629 Fortrose Ln","","Fuquay Varina","NC",'27526,US,2.375,"DHL SM Parcel Plus Expedited","",'535032110216215623751,"EN ROUTE TO DHL ECOMMERCE",05:00:52 PM,5350321,'33872102160820686,"519 FLUSHING AVE"
'GFDHL1140495,'9361269903506342685467,"02/19/2021 10:56:57 am",,"5609 Kenwood Ave.","","Columbus","GA",'31909,US,2.375,"DHL SM Parcel Plus Expedited","",'535032110219165223451,"EN ROUTE TO DHL ECOMMERCE",12:01:28 PM,5350321,'33872102196922169,"519 FLUSHING AVE"
'GFDHL1137732,',"02/15/2021 04:45:17 pm",,"10Th floor, JINZHOU building","Business Center","YongKang city","Zhejiang province",'321300,CN,4,"DHL Packet Plus International","",'43669455,"EN ROUTE TO DHL ECOMMERCE",05:10:50 PM,5350321,'33872102158573335,"519 FLUSHING AVE"
'GFDHL1137732,',"02/15/2021 05:07:18 pm",CATHERINE SAMPLE,"10TH FLOOR, JINZHOU BUILDING","BUSINESS CENTER","YONGKANG CITY","ZHEJIANG PROVINCE",'321300,CN,4.0001,"DHL Packet Plus International","",'43669455,"EN ROUTE TO DHL ECOMMERCE",05:09:36 PM,5350321,'33882102158569788,"519 FLUSHING AVE"
'GFDHL1136933,'9361269903506321944998,"02/15/2021 01:00:33 pm",,"6210 Iroquois Ct","","Odessa","FL",'33556,US,2.375,"DHL SM Parcel Plus Expedited","",'535032110215220023951,"EN ROUTE TO DHL ECOMMERCE",05:10:50 PM,5350321,'33872102158573321,"519 FLUSHING AVE"
'GFDHL1140526,',"02/19/2021 11:03:51 am",,"Tampines St 33 Blk 346 #10-374 520346","","33","",'520346,SG,.81,"DHL Parcel Intl Direct","",'46199556,"EN ROUTE TO DHL ECOMMERCE",12:01:28 PM,5350321,'33872102196922181,"519 FLUSHING AVE"
'GFDHL1140526,',"02/19/2021 11:53:29 am",SAIFUDDIN RAMLAN,"TAMPINES ST 33 BLK 346 #10-374 520346","","33","",'520346,SG,.81,"DHL Parcel Intl Direct","",'46199556,"EN ROUTE TO DHL ECOMMERCE",11:54:18 AM,5350321,'33882102196899859,"519 FLUSHING AVE"
'GFDHL1140502,'9361269903506342684422,"02/19/2021 10:56:58 am",,"809 Adam St ","","Schuyler","NE",'68661,US,2.375,"DHL SM Parcel Plus Expedited","",'535032110219165223451,"EN ROUTE TO DHL ECOMMERCE",12:01:28 PM,5350321,'33872102196922170,"519 FLUSHING AVE"
'GFDHL1137006,',"02/15/2021 01:59:05 pm",,"6482 ave Lebreton","","MONTREAL","QC",'H1M 1L5,CA,.81,"DHL Parcel Intl Direct","",'43669455,"EN ROUTE TO DHL ECOMMERCE",05:10:50 PM,5350321,'33872102158573336,"519 FLUSHING AVE"
'GFDHL1137006,',"02/15/2021 05:07:18 pm",WILLIAM LORANGER,"6482 AVE LEBRETON","","MONTREAL","QC",'H1M 1L5,CA,.81,"DHL Parcel Intl Direct","",'43669455,"EN ROUTE TO DHL ECOMMERCE",05:09:36 PM,5350321,'33882102158569787,"519 FLUSHING AVE"
'GFDHL1142359,'9374869903506355905770,"02/22/2021 01:29:17 pm",,"7 Greene St","","Somerville","MA",'02143,US,.8125,"DHL SM Parcel Expedited","",'535032110222212523151,"EN ROUTE TO DHL ECOMMERCE",04:26:52 PM,5350321,'33872102222424574,"519 FLUSHING AVE"
'GFDHL1142284,'9374869903506355682282,"02/22/2021 12:58:59 pm",,"2339 35th St #1","","ASTORIA","NY",'11105,US,.125,"DHL SM Parcel Expedited","",'535032110222180723151,"EN ROUTE TO DHL ECOMMERCE",01:10:16 PM,5350321,'33872102221638579,"519 FLUSHING AVE"
'GFDHL1142290,'9374869903506355681278,"02/22/2021 12:59:01 pm",,"3305 92nd St","Unit 6F","JACKSON HEIGHTS","NY",'11372,US,.35,"DHL SM Parcel Expedited","",'535032110222180723151,"EN ROUTE TO DHL ECOMMERCE",01:10:16 PM,5350321,'33872102221638577,"519 FLUSHING AVE"
'GFDHL1142366,'9374869903506355909945,"02/22/2021 01:29:21 pm",,"856 Sunrise Dr, ","","Kennett Square","PA",'19348,US,.8125,"DHL SM Parcel Expedited","",'535032110222212523151,"EN ROUTE TO DHL ECOMMERCE",04:26:52 PM,5350321,'33872102222424573,"519 FLUSHING AVE"
'GFDHL1142363,'9374869903506355907538,"02/22/2021 01:29:17 pm",,"25290 Killeen way","","Aldie","VA",'20105,US,.8125,"DHL SM Parcel Expedited","",'535032110222212523151,"EN ROUTE TO DHL ECOMMERCE",04:26:52 PM,5350321,'33872102222424575,"519 FLUSHING AVE"
'GFDHL1142289,'9374869903506355682336,"02/22/2021 12:59:01 pm",,"53505 Bickett Drive","","Chapel Hill","NC",'27517,US,.175,"DHL SM Parcel Expedited","",'535032110222180723151,"EN ROUTE TO DHL ECOMMERCE",01:10:16 PM,5350321,'33872102221638591,"519 FLUSHING AVE"
'GFDHL1142286,'9374869903506355680608,"02/22/2021 12:58:59 pm",,"221 CRESCENT OAK","","Peachtree City","GA",'30269,US,.75,"DHL SM Parcel Expedited","",'535032110222180723151,"EN ROUTE TO DHL ECOMMERCE",01:10:16 PM,5350321,'33872102221638576,"519 FLUSHING AVE"
'GFDHL1142287,'9374869903506355681247,"02/22/2021 12:58:59 pm",,"2 Seafarers Circle","","Savannah","GA",'31411,US,.75,"DHL SM Parcel Expedited","",'535032110222180723151,"EN ROUTE TO DHL ECOMMERCE",01:10:16 PM,5350321,'33872102221638590,"519 FLUSHING AVE"
'GFDHL1142360,'9374869903506355907965,"02/22/2021 01:29:17 pm",,"13967 SW 44TH LANE CIRCLE, APT D	","","Miami","FL",'33175,US,.8125,"DHL SM Parcel Expedited","",'535032110222212523151,"EN ROUTE TO DHL ECOMMERCE",04:26:52 PM,5350321,'33872102222424576,"519 FLUSHING AVE"
'GFDHL1142280,'9374869903506355682831,"02/22/2021 12:58:58 pm",,"409 w Floriland drive","","Tampa","FL",'33612,US,.8125,"DHL SM Parcel Expedited","",'535032110222180723151,"EN ROUTE TO DHL ECOMMERCE",01:10:16 PM,5350321,'33872102221638594,"519 FLUSHING AVE"
'GFDHL1142361,'9374869903506355907972,"02/22/2021 01:29:17 pm",,"203 Turtle Lane","","Brandon","MS",'39047,US,.8125,"DHL SM Parcel Expedited","",'535032110222212523151,"EN ROUTE TO DHL ECOMMERCE",04:26:52 PM,5350321,'33872102222424581,"519 FLUSHING AVE"
'GFDHL1142282,'9361269903506355682842,"02/22/2021 12:58:58 pm",,"713 Stone Creek Ranch Road","","McGregor","TX",'76657,US,5.3125,"DHL SM Parcel Plus Expedited","",'535032110222180723151,"EN ROUTE TO DHL ECOMMERCE",01:10:16 PM,5350321,'33872102221638595,"519 FLUSHING AVE"
'GFDHL1142365,'9374869903506355908924,"02/22/2021 01:29:19 pm",,"2526 Splintwood Court","","Kingwood","TX",'77345,US,.8125,"DHL SM Parcel Expedited","",'535032110222212523151,"EN ROUTE TO DHL ECOMMERCE",04:26:52 PM,5350321,'33872102222424579,"519 FLUSHING AVE"
'GFDHL1142283,'9361269903506355682231,"02/22/2021 12:58:58 pm",,"1169 Winslow Cir","","Longmont","CO",'80504,US,5.3125,"DHL SM Parcel Plus Expedited","",'535032110222180723151,"EN ROUTE TO DHL ECOMMERCE",01:10:16 PM,5350321,'33872102221638575,"519 FLUSHING AVE"
'GFDHL1142292,'9361269903506355682354,"02/22/2021 12:59:01 pm",,"175 North 750 West","","Hyrum","UT",'84319,US,3.125,"DHL SM Parcel Plus Expedited","",'535032110222180723151,"EN ROUTE TO DHL ECOMMERCE",01:10:16 PM,5350321,'33872102221638600,"519 FLUSHING AVE"
'GFDHL1142279,'9374869903506355682268,"02/22/2021 12:58:59 pm",,"403 E. Sagebrush St.","","Litchfield Park","AZ",'85340,US,.25,"DHL SM Parcel Expedited","",'535032110222180723151,"EN ROUTE TO DHL ECOMMERCE",01:10:16 PM,5350321,'33872102221638601,"519 FLUSHING AVE"
'GFDHL1142364,'9374869903506355909860,"02/22/2021 01:29:19 pm",,"1667 golf club drive","","Glendale","CA",'91206,US,.8125,"DHL SM Parcel Expedited","",'535032110222212523151,"EN ROUTE TO DHL ECOMMERCE",04:26:52 PM,5350321,'33872102222424577,"519 FLUSHING AVE"
'GFDHL1142288,'9361269903506355682958,"02/22/2021 12:59:01 pm",,"13131 Moorpark St. #204","","Sherman Oaks","CA",'91423,US,5.3125,"DHL SM Parcel Plus Expedited","",'535032110222180723151,"EN ROUTE TO DHL ECOMMERCE",01:10:16 PM,5350321,'33872102221638582,"519 FLUSHING AVE"
'GFDHL1142291,'9374869903506355681285,"02/22/2021 12:59:01 pm",,"28476 Wisteria Ln","","Highland","CA",'92346,US,.25,"DHL SM Parcel Expedited","",'535032110222180723151,"EN ROUTE TO DHL ECOMMERCE",01:10:16 PM,5350321,'33872102221638603,"519 FLUSHING AVE"
'GFDHL1142285,'9374869903506355682879,"02/22/2021 12:58:59 pm",,"11790 Peach Tree Circle","","Yucaipa","CA",'92399,US,.125,"DHL SM Parcel Expedited","",'535032110222180723151,"EN ROUTE TO DHL ECOMMERCE",01:10:16 PM,5350321,'33872102221638589,"519 FLUSHING AVE"
'GFDHL1142281,'9374869903506355682220,"02/22/2021 12:58:58 pm",,"28151 Alazan, ","","Mission Viejo","CA",'92692,US,.25,"DHL SM Parcel Expedited","",'535032110222180723151,"EN ROUTE TO DHL ECOMMERCE",01:10:16 PM,5350321,'33872102221638578,"519 FLUSHING AVE"
'GFDHL1142301,'9361269903506355742416,"02/22/2021 01:08:50 pm",,"301 Lowell Avenue","","San Bruno","CA",'94066,US,2.5,"DHL SM Parcel Plus Expedited","",'535032110222212523151,"EN ROUTE TO DHL ECOMMERCE",04:26:52 PM,5350321,'33872102222424580,"519 FLUSHING AVE"
'GFDHL1142300,'9361269903506355731397,"02/22/2021 01:07:03 pm",,"301 Lowell Avenue","","San Bruno","CA",'94066,US,2.5,"DHL SM Parcel Plus Expedited","",'535032110222180723151,"EN ROUTE TO DHL ECOMMERCE",01:10:16 PM,5350321,'33872102221638598,"519 FLUSHING AVE"
'GFDHL1142293,'9374869903506355680769,"02/22/2021 12:59:02 pm",,"2744 Merlone Ct","","Campbell","CA",'95008,US,.2375,"DHL SM Parcel Expedited","",'535032110222180723151,"EN ROUTE TO DHL ECOMMERCE",01:10:16 PM,5350321,'33872102221638597,"519 FLUSHING AVE"
'GFDHL1142362,'9374869903506355905787,"02/22/2021 01:29:17 pm",,"2221 Benton st","","Santa Clara","CA",'95050,US,.8125,"DHL SM Parcel Expedited","",'535032110222212523151,"EN ROUTE TO DHL ECOMMERCE",04:26:52 PM,5350321,'33872102222424578,"519 FLUSHING AVE"