Customer Confirmation Number,Delivery Confirmation Number,Receive Date,Recipient Name,Address Line 1,Address Line 2,City,State,Zip or Postal Code,Country,Weight (LBs),Mail Product Name,Customer Reference,BOL Number,Last Event Description,Last Event Time,Pickup Account Number,DHL Tracking Number,Pickup Address
','9374869903506586485713,"04/06/2021 11:08:12 AM",,"464 Turnpike St","","Stoughton","MA",'02072-3739,US,.0622,"DHL SM Parcel Expedited","",'535816410406154423951,"EN ROUTE TO DHL ECOMMERCE",11:51:55 AM,5358164,'33872104068747529,"50 Lawrence ave"
','9374869903506586767178,"04/06/2021 11:41:39 AM",,"40 Bow St","","Hyde Park","MA",'02136-3304,US,.0622,"DHL SM Parcel Expedited","",'535816410406154423951,"EN ROUTE TO DHL ECOMMERCE",11:51:55 AM,5358164,'33872104068747511,"50 Lawrence ave"
','9374869903506586634487,"04/06/2021 11:25:08 AM",,"6 Lawrence Dr Apt B","","Browns Mills","NJ",'08015-1754,US,.0622,"DHL SM Parcel Expedited","",'535816410406154423951,"EN ROUTE TO DHL ECOMMERCE",11:51:55 AM,5358164,'33872104068747537,"50 Lawrence ave"
','9374869903506586743332,"04/06/2021 11:39:33 AM",,"3438 Wilson Ave Apt 1B","","Bronx","NY",'10469-2364,US,.0622,"DHL SM Parcel Expedited","",'535816410406154423951,"EN ROUTE TO DHL ECOMMERCE",11:51:55 AM,5358164,'33872104068747513,"50 Lawrence ave"
','9374869903506586451664,"04/06/2021 11:04:43 AM",,"3131 55th St","","Woodside","NY",'11377-1517,US,.0666,"DHL SM Parcel Expedited","",'535816410406154423951,"EN ROUTE TO DHL ECOMMERCE",11:51:55 AM,5358164,'33872104068747534,"50 Lawrence ave"
','9374869903506586709024,"04/06/2021 11:35:10 AM",,"11513 124th St","","Jamaica","NY",'11420-2503,US,.0622,"DHL SM Parcel Expedited","",'535816410406154423951,"EN ROUTE TO DHL ECOMMERCE",11:51:55 AM,5358164,'33872104068747514,"50 Lawrence ave"
','9374869903506586441641,"04/06/2021 11:03:54 AM",,"203 Church St","","Amsterdam","NY",'12010-3949,US,.0666,"DHL SM Parcel Expedited","",'535816410406154423951,"EN ROUTE TO DHL ECOMMERCE",11:51:55 AM,5358164,'33872104068747540,"50 Lawrence ave"
','9374869903506586486765,"04/06/2021 11:08:22 AM",,"362 Antietam Dr","","Hagerstown","MD",'21742-4238,US,.0622,"DHL SM Parcel Expedited","",'535816410406154423951,"EN ROUTE TO DHL ECOMMERCE",11:51:55 AM,5358164,'33872104068747530,"50 Lawrence ave"
','9374869903506586475011,"04/06/2021 11:06:38 AM",,"30517 Danwood Dr","","Delmar","MD",'21875-2253,US,.1332,"DHL SM Parcel Expedited","",'535816410406154423951,"EN ROUTE TO DHL ECOMMERCE",11:51:55 AM,5358164,'33872104068747541,"50 Lawrence ave"
','9374869903506586440866,"04/06/2021 11:03:27 AM",,"3337 Ashaway Rd","","Virginia Bch","VA",'23452-5256,US,.0666,"DHL SM Parcel Expedited","",'535816410406154423951,"EN ROUTE TO DHL ECOMMERCE",11:51:55 AM,5358164,'33872104068747535,"50 Lawrence ave"
','9374869903506586698113,"04/06/2021 11:33:32 AM",,"2423 Hampton Hall Ln","","Winston Salem","NC",'27127-9444,US,.0622,"DHL SM Parcel Expedited","",'535816410406154423951,"EN ROUTE TO DHL ECOMMERCE",11:51:55 AM,5358164,'33872104068747522,"50 Lawrence ave"
','9374869903506586639383,"04/06/2021 11:25:49 AM",,"31 Hibernia St","","Asheville","NC",'28801-4730,US,.0622,"DHL SM Parcel Expedited","",'535816410406154423951,"EN ROUTE TO DHL ECOMMERCE",11:51:55 AM,5358164,'33872104068747520,"50 Lawrence ave"
','9374869903506586654744,"04/06/2021 11:27:37 AM",,"5858 Rue Chase Way","","Tucker","GA",'30084-1967,US,.0622,"DHL SM Parcel Expedited","",'535816410406154423951,"EN ROUTE TO DHL ECOMMERCE",11:51:55 AM,5358164,'33872104068747516,"50 Lawrence ave"
','9374869903506586437811,"04/06/2021 11:03:17 AM",,"6149 Leontyne Price Ct","","Jacksonville","FL",'32209-1824,US,.0666,"DHL SM Parcel Expedited","",'535816410406154423951,"EN ROUTE TO DHL ECOMMERCE",11:51:55 AM,5358164,'33872104068747524,"50 Lawrence ave"
','9374869903506586469393,"04/06/2021 11:05:55 AM",,"119 Pinedale Dr","","Davenport","FL",'33897-4672,US,.0666,"DHL SM Parcel Expedited","",'535816410406154423951,"EN ROUTE TO DHL ECOMMERCE",11:51:55 AM,5358164,'33872104068747527,"50 Lawrence ave"
','9374869903506586716985,"04/06/2021 11:36:12 AM",,"5803 Seagrape Dr","","Fort Pierce","FL",'34982-3248,US,.0622,"DHL SM Parcel Expedited","",'535816410406154423951,"EN ROUTE TO DHL ECOMMERCE",11:51:55 AM,5358164,'33872104068747517,"50 Lawrence ave"
','9374869903506586599878,"04/06/2021 11:22:01 AM",,"5647 Dumfries Ct W","","Dublin","OH",'43017-9429,US,.0622,"DHL SM Parcel Expedited","",'535816410406154423951,"EN ROUTE TO DHL ECOMMERCE",11:51:55 AM,5358164,'33872104068747523,"50 Lawrence ave"
','9374869903506586541402,"04/06/2021 11:15:13 AM",,"30 Spellman Ln","","Frazeysburg","OH",'43822-9901,US,.0622,"DHL SM Parcel Expedited","",'535816410406154423951,"EN ROUTE TO DHL ECOMMERCE",11:51:55 AM,5358164,'33872104068747525,"50 Lawrence ave"
','9374869903506586442297,"04/06/2021 11:03:41 AM",,"949 N Traub Ave","","Indianapolis","IN",'46222-3835,US,.0666,"DHL SM Parcel Expedited","",'535816410406154423951,"EN ROUTE TO DHL ECOMMERCE",11:51:55 AM,5358164,'33872104068747526,"50 Lawrence ave"
','9374869903506586456829,"04/06/2021 11:05:09 AM",,"69218 County Road 384","","South Haven","MI",'49090-7768,US,.0666,"DHL SM Parcel Expedited","",'535816410406154423951,"EN ROUTE TO DHL ECOMMERCE",11:51:55 AM,5358164,'33872104068747538,"50 Lawrence ave"
','9374869903506586793771,"04/06/2021 11:43:46 AM",,"9430 Riggs St","","Overland Park","KS",'66212-1443,US,.0622,"DHL SM Parcel Expedited","",'535816410406154423951,"EN ROUTE TO DHL ECOMMERCE",11:51:55 AM,5358164,'33872104068747519,"50 Lawrence ave"
','9374869903506586482842,"04/06/2021 11:08:02 AM",,"71180 Bay Dr","","Covington","LA",'70433-6930,US,.0622,"DHL SM Parcel Expedited","",'535816410406154423951,"EN ROUTE TO DHL ECOMMERCE",11:51:55 AM,5358164,'33872104068747528,"50 Lawrence ave"
','9374869903506586624853,"04/06/2021 11:24:02 AM",,"3005 nw 27th","","Oklahoma City","OK",'73107-6911,US,.0622,"DHL SM Parcel Expedited","",'535816410406154423951,"EN ROUTE TO DHL ECOMMERCE",11:51:55 AM,5358164,'33872104068747521,"50 Lawrence ave"
','9374869903506586473147,"04/06/2021 11:06:13 AM",,"511CARIBOU BOX244","","SIMLA","CO",'80835-5014,US,.0666,"DHL SM Parcel Expedited","",'535816410406154423951,"EN ROUTE TO DHL ECOMMERCE",11:51:55 AM,5358164,'33872104068747539,"50 Lawrence ave"
','9374869903506586437033,"04/06/2021 11:03:03 AM",,"2050A 2nd St SE # 252","","Kirtland AFB","NM",'87117-5522,US,.0666,"DHL SM Parcel Expedited","",'535816410406154423951,"EN ROUTE TO DHL ECOMMERCE",11:51:55 AM,5358164,'33872104068747532,"50 Lawrence ave"
','9374869903506586649573,"04/06/2021 11:27:00 AM",,"6324 Fairwood Ave","","Las Vegas","NV",'89107-2568,US,.0622,"DHL SM Parcel Expedited","",'535816410406154423951,"EN ROUTE TO DHL ECOMMERCE",11:51:55 AM,5358164,'33872104068747515,"50 Lawrence ave"
','9374869903506586465548,"04/06/2021 11:05:38 AM",,"1828 Hubbell St","","Las Vegas","NV",'89156-7124,US,.0666,"DHL SM Parcel Expedited","",'535816410406154423951,"EN ROUTE TO DHL ECOMMERCE",11:51:55 AM,5358164,'33872104068747536,"50 Lawrence ave"
','9374869903506586586441,"04/06/2021 11:20:53 AM",,"11722 216th St Apt A","","Lakewood","CA",'90715-2605,US,.0622,"DHL SM Parcel Expedited","",'535816410406154423951,"EN ROUTE TO DHL ECOMMERCE",11:51:55 AM,5358164,'33872104068747531,"50 Lawrence ave"
','9374869903506586451367,"04/06/2021 11:04:34 AM",,"19850 EAST ARROW HWY F11","","COVINA","CA",'91724,US,.0666,"DHL SM Parcel Expedited","",'535816410406154423951,"EN ROUTE TO DHL ECOMMERCE",11:51:55 AM,5358164,'33872104068747533,"50 Lawrence ave"
','9374869903506586737386,"04/06/2021 11:38:46 AM",,"1540 Larchwood Ave","","Hacienda Heights","CA",'91745-2745,US,.0622,"DHL SM Parcel Expedited","",'535816410406154423951,"EN ROUTE TO DHL ECOMMERCE",11:51:55 AM,5358164,'33872104068747510,"50 Lawrence ave"
','9374869903506586680361,"04/06/2021 11:31:18 AM",,"67600 Peineta Rd","","Cathedral City","CA",'92234-5538,US,.0622,"DHL SM Parcel Expedited","",'535816410406154423951,"EN ROUTE TO DHL ECOMMERCE",11:51:55 AM,5358164,'33872104068747512,"50 Lawrence ave"
','9374869903506586453736,"04/06/2021 11:04:52 AM",,"17745 Peak Ave","","Morgan Hill","CA",'95037-4127,US,.0666,"DHL SM Parcel Expedited","",'535816410406154423951,"EN ROUTE TO DHL ECOMMERCE",11:51:55 AM,5358164,'33872104068747542,"50 Lawrence ave"
','9374869903506586714646,"04/06/2021 11:36:08 AM",,"1810 Cheney Dr","","San Jose","CA",'95128-3608,US,.0622,"DHL SM Parcel Expedited","",'535816410406154423951,"EN ROUTE TO DHL ECOMMERCE",11:51:55 AM,5358164,'33872104068747518,"50 Lawrence ave"
'501649F6DAFB4D6288153E0CB,',"04/06/2021 11:18:22 AM",,"1510 River Road South","","Walpole Island","ON",'N8A 4K9,CA,.0625,"DHL Parcel Intl Standard","",'49217644,"EN ROUTE TO DHL ECOMMERCE",11:51:55 AM,5358164,'33872104068747196,"50 Lawrence ave"
'191997258,'9361269903506586069283,"04/06/2021 10:18:12 AM",,"10 Charles Hill Rd","6026716610ext20796","Holyoke","MA",'01040,US,1.4375,"DHL SM Parcel Plus Expedited","10 CHARLES HILL RD",'535991610406152223451,"EN ROUTE TO DHL ECOMMERCE",11:31:01 AM,5359916,'33872104068697092,"326 STATE ROUTE 208"
'191994623,'9374869903506586061221,"04/06/2021 10:17:09 AM",,"9 Myrtle St","2134421463ext25722","Northampton","MA",'01060,US,.5,"DHL SM Parcel Expedited","9 MYRTLE ST",'535991610406152223451,"EN ROUTE TO DHL ECOMMERCE",11:31:01 AM,5359916,'33872104068697094,"326 STATE ROUTE 208"
'191999681,'9374869903506586067056,"04/06/2021 10:17:40 AM",,"44 Stillman Rd","4158519136ext23592","Melrose","MA",'02176,US,.9375,"DHL SM Parcel Expedited","44 Stillman Rd",'535991610406152223451,"EN ROUTE TO DHL ECOMMERCE",11:31:01 AM,5359916,'33872104068697081,"326 STATE ROUTE 208"
'192018638,'9374869903506586038940,"04/06/2021 10:14:11 AM",,"4 Hillside Ave","","Exeter","NH",'03833,US,.1875,"DHL SM Parcel Expedited","4 HILLSIDE AVE",'535991610406152223451,"EN ROUTE TO DHL ECOMMERCE",11:31:01 AM,5359916,'33872104068697078,"326 STATE ROUTE 208"
'192018418,'9374869903506586034669,"04/06/2021 10:14:01 AM",,"114 Caprice Dr","","S Cheek","NY",'14227,US,.1875,"DHL SM Parcel Expedited","114 CAPRICE DR",'535991610406152223451,"EN ROUTE TO DHL ECOMMERCE",11:31:01 AM,5359916,'33872104068697077,"326 STATE ROUTE 208"
'191995256,'9374869903506586057125,"04/06/2021 10:16:32 AM",,"8552 Sandstone Way","4158519136ext15032","Manassas Park","VA",'20111,US,.375,"DHL SM Parcel Expedited","8552 SANDSTONE WAY",'535991610406152223451,"EN ROUTE TO DHL ECOMMERCE",11:31:01 AM,5359916,'33872104068697074,"326 STATE ROUTE 208"
'191973034,'9361269903506586062758,"04/06/2021 10:17:32 AM",,"2409 N Sycamore St","2134421463ext44584","Arlington","VA",'22207,US,1.25,"DHL SM Parcel Plus Expedited","2409 N SYCAMORE ST",'535991610406152223451,"EN ROUTE TO DHL ECOMMERCE",11:31:01 AM,5359916,'33872104068697085,"326 STATE ROUTE 208"
'191997844,'9374869903506586061900,"04/06/2021 10:17:01 AM",,"100 Karley Pl","2134421463ext36665","Yorktown","VA",'23692,US,.5,"DHL SM Parcel Expedited","100 KARLEY PL",'535991610406152223451,"EN ROUTE TO DHL ECOMMERCE",11:31:01 AM,5359916,'33872104068697072,"326 STATE ROUTE 208"
'192016261,'9374869903506586032634,"04/06/2021 10:13:38 AM",,"129 Sunny Acres Dr","","Elizabeth City","NC",'27909,US,.1875,"DHL SM Parcel Expedited","129 SUNNY ACRES DR",'535991610406152223451,"EN ROUTE TO DHL ECOMMERCE",11:31:01 AM,5359916,'33872104068697088,"326 STATE ROUTE 208"
'191998596,'9374869903506586069401,"04/06/2021 10:18:15 AM",,"211 Oakmont Dr.","2107284548ext62807","Boiling Springs","SC",'29316,US,.9375,"DHL SM Parcel Expedited","211 Oakmont Dr.",'535991610406152223451,"EN ROUTE TO DHL ECOMMERCE",11:31:01 AM,5359916,'33872104068697093,"326 STATE ROUTE 208"
'191996820,'9361269903506586069863,"04/06/2021 10:18:01 AM",,"565 Duchess Dr","4158519136ext74598","Marietta","GA",'30066,US,1.25,"DHL SM Parcel Plus Expedited","565 DUCHESS DR",'535991610406152223451,"EN ROUTE TO DHL ECOMMERCE",11:31:01 AM,5359916,'33872104068697079,"326 STATE ROUTE 208"
'192017733,'9374869903506586035765,"04/06/2021 10:13:49 AM",,"185 Timber Ridge Dr","","Brunswick","GA",'31525,US,.1875,"DHL SM Parcel Expedited","185 TIMBER RIDGE DR",'535991610406152223451,"EN ROUTE TO DHL ECOMMERCE",11:31:01 AM,5359916,'33872104068697060,"326 STATE ROUTE 208"
'192000618,'9374869903506586058863,"04/06/2021 10:16:42 AM",,"781 S Garfield Ave","2107284548ext05931","Deland","FL",'32724,US,.375,"DHL SM Parcel Expedited","781 S GARFIELD AVE",'535991610406152223451,"EN ROUTE TO DHL ECOMMERCE",11:31:01 AM,5359916,'33872104068697062,"326 STATE ROUTE 208"
'192032542,'9374869903506586039381,"04/06/2021 10:14:22 AM",,"419 Sw Walking Path","","Stuart","CT",'34997,US,.375,"DHL SM Parcel Expedited","419 SW WALKING PATH",'535991610406152223451,"EN ROUTE TO DHL ECOMMERCE",11:31:01 AM,5359916,'33872104068697099,"326 STATE ROUTE 208"
'191998631,'9374869903506586058320,"04/06/2021 10:16:38 AM",,"1412 Cobblestone Ln 1412","6198542705ext16188","Montevallo","AL",'35115,US,.375,"DHL SM Parcel Expedited","1412 COBBLESTONE LN 1412",'535991610406152223451,"EN ROUTE TO DHL ECOMMERCE",11:31:01 AM,5359916,'33872104068697091,"326 STATE ROUTE 208"
'192031884,'9374869903506586057507,"04/06/2021 10:16:45 AM",,"300 Wallace Ave","2107284548ext41500","Frankfort","KY",'40601,US,.375,"DHL SM Parcel Expedited","300 WALLACE AVE",'535991610406152223451,"EN ROUTE TO DHL ECOMMERCE",11:31:01 AM,5359916,'33872104068697090,"326 STATE ROUTE 208"
'192043795,'9374869903506586039800,"04/06/2021 10:14:30 AM",,"416 N Hoosier Street","","Brazil","IN",'47834,US,.75,"DHL SM Parcel Expedited","416 N Hoosier Street",'535991610406152223451,"EN ROUTE TO DHL ECOMMERCE",11:31:01 AM,5359916,'33872104068697084,"326 STATE ROUTE 208"
'191985630,'9374869903506586066189,"04/06/2021 10:17:46 AM",,"35734 Clarkston Ln","7632259463ext73762","Richmond","MI",'48062,US,.375,"DHL SM Parcel Expedited","35734 CLARKSTON LN",'535991610406152223451,"EN ROUTE TO DHL ECOMMERCE",11:31:01 AM,5359916,'33872104068697080,"326 STATE ROUTE 208"
'192032740,'9374869903506586062471,"04/06/2021 10:17:21 AM",,"1449 Lakeview Dr Apt 4","7632259463ext78114","Fort Atkinson","WI",'53538,US,.9375,"DHL SM Parcel Expedited","1449 LAKEVIEW DR APT 4",'535991610406152223451,"EN ROUTE TO DHL ECOMMERCE",11:31:01 AM,5359916,'33872104068697089,"326 STATE ROUTE 208"
'191972617,'9361269903506586057662,"04/06/2021 10:16:53 AM",,"402 Schachtner St","4154198616ext58496","Somerset","WI",'54025,US,1.25,"DHL SM Parcel Plus Expedited","402 SCHACHTNER ST",'535991610406152223451,"EN ROUTE TO DHL ECOMMERCE",11:31:01 AM,5359916,'33872104068697097,"326 STATE ROUTE 208"
'191977937,'9374869903506586065304,"04/06/2021 10:17:43 AM",,"201 S University Dr","7632259463ext60932","Fargo","ND",'58103,US,.5,"DHL SM Parcel Expedited","201 S UNIVERSITY DR",'535991610406152223451,"EN ROUTE TO DHL ECOMMERCE",11:31:01 AM,5359916,'33872104068697096,"326 STATE ROUTE 208"
'192044625,'9374869903506586067858,"04/06/2021 10:17:56 AM",,"4431 S Broadway","Apt 108","Saint Louis","MO",'63111,US,.375,"DHL SM Parcel Expedited","4431 S Broadway",'535991610406152223451,"EN ROUTE TO DHL ECOMMERCE",11:31:01 AM,5359916,'33872104068697073,"326 STATE ROUTE 208"
'191977811,'9374869903506586071305,"04/06/2021 10:18:07 AM",,"1901 Summerwood Ct","7632259463ext23590","Goddard","KS",'67052,US,.5,"DHL SM Parcel Expedited","1901 SUMMERWOOD CT",'535991610406152223451,"EN ROUTE TO DHL ECOMMERCE",11:31:01 AM,5359916,'33872104068697066,"326 STATE ROUTE 208"
'191997188,'9361269903506586059628,"04/06/2021 10:17:06 AM",,"5357 S 194th Ave","3463079643ext77632","Omaha","NE",'68135,US,1.25,"DHL SM Parcel Plus Expedited","5357 S 194TH AVE",'535991610406152223451,"EN ROUTE TO DHL ECOMMERCE",11:31:01 AM,5359916,'33872104068697076,"326 STATE ROUTE 208"
'192045239,'9374869903506586062570,"04/06/2021 10:17:24 AM",,"844 Carmadelle St","4158519136ext24670","Marrero","LA",'70072,US,.9375,"DHL SM Parcel Expedited","844 CARMADELLE ST",'535991610406152223451,"EN ROUTE TO DHL ECOMMERCE",11:31:01 AM,5359916,'33872104068697065,"326 STATE ROUTE 208"
'192016683,'9374869903506586060408,"04/06/2021 10:17:17 AM",,"1203 E Liberty","3463079643ext43584","Siloam Springs","AR",'72761,US,.9375,"DHL SM Parcel Expedited","1203 E LIBERTY",'535991610406152223451,"EN ROUTE TO DHL ECOMMERCE",11:31:01 AM,5359916,'33872104068697095,"326 STATE ROUTE 208"
'192002556,'9374869903506586032337,"04/06/2021 10:13:29 AM",,"205 Burk Way","","Del City","OK",'73115,US,.1875,"DHL SM Parcel Expedited","205 BURK WAY",'535991610406152223451,"EN ROUTE TO DHL ECOMMERCE",11:31:01 AM,5359916,'33872104068697087,"326 STATE ROUTE 208"
'191976372,'9374869903506586057972,"04/06/2021 10:16:26 AM",,"2608 Fairway","4158519136ext24789","The Colony","TX",'75056,US,.375,"DHL SM Parcel Expedited","2608 FAIRWAY",'535991610406152223451,"EN ROUTE TO DHL ECOMMERCE",11:31:01 AM,5359916,'33872104068697071,"326 STATE ROUTE 208"
'192034850,'9374869903506586042138,"04/06/2021 10:14:26 AM",,"9702 Terra Lago Ct Apt 226","","Rowlett","TX",'75089,US,.1875,"DHL SM Parcel Expedited","9702 TERRA LAGO CT APT 226",'535991610406152223451,"EN ROUTE TO DHL ECOMMERCE",11:31:01 AM,5359916,'33872104068697102,"326 STATE ROUTE 208"
'192002211,'9374869903506586062921,"04/06/2021 10:17:13 AM",,"1301 Harvey Rd Apt 272","4154198616ext45760","College Station","TX",'77840,US,.9375,"DHL SM Parcel Expedited","1301 HARVEY RD APT 272",'535991610406152223451,"EN ROUTE TO DHL ECOMMERCE",11:31:01 AM,5359916,'33872104068697067,"326 STATE ROUTE 208"
'191974472,'9374869903506586055442,"04/06/2021 10:16:23 AM",,"404 W Gruy St","7632259463ext42921","Hebbronville","TX",'78361,US,.375,"DHL SM Parcel Expedited","404 W GRUY ST",'535991610406152223451,"EN ROUTE TO DHL ECOMMERCE",11:31:01 AM,5359916,'33872104068697069,"326 STATE ROUTE 208"
'192017885,'9374869903506586037059,"04/06/2021 10:13:54 AM",,"4020 W Saint Andrews Dr","","Boise","ID",'83705,US,.1875,"DHL SM Parcel Expedited","4020 W SAINT ANDREWS DR",'535991610406152223451,"EN ROUTE TO DHL ECOMMERCE",11:31:01 AM,5359916,'33872104068697061,"326 STATE ROUTE 208"
'192031619,'9374869903506586040103,"04/06/2021 10:14:18 AM",,"3120 West Carefree Hwy, Ste.","1-700","Phoenix","AZ",'85086,US,.1875,"DHL SM Parcel Expedited","3120 WEST CAREFREE HWY, STE.",'535991610406152223451,"EN ROUTE TO DHL ECOMMERCE",11:31:01 AM,5359916,'33872104068697070,"326 STATE ROUTE 208"
'192031529,'9374869903506586037622,"04/06/2021 10:14:14 AM",,"3105 W Oso Rd","","Prescott","AZ",'86305,US,.1875,"DHL SM Parcel Expedited","3105 W Oso Rd",'535991610406152223451,"EN ROUTE TO DHL ECOMMERCE",11:31:01 AM,5359916,'33872104068697082,"326 STATE ROUTE 208"
'191999261,'9374869903506586029672,"04/06/2021 10:13:20 AM",,"1454 Glenwood Dr","","Gardnerville","NV",'89460,US,.1875,"DHL SM Parcel Expedited","1454 GLENWOOD DR",'535991610406152223451,"EN ROUTE TO DHL ECOMMERCE",11:31:01 AM,5359916,'33872104068697075,"326 STATE ROUTE 208"
'191994592,'9374869903506586063768,"04/06/2021 10:17:28 AM",,"17680 Mockingbird Ct","4154198616ext51603","Reno","NV",'89508,US,.9375,"DHL SM Parcel Expedited","17680 MOCKINGBIRD CT",'535991610406152223451,"EN ROUTE TO DHL ECOMMERCE",11:31:01 AM,5359916,'33872104068697103,"326 STATE ROUTE 208"
'191999554,'9374869903506586066325,"04/06/2021 10:17:49 AM",,"5642 LA JOLla Hermosa Ave","6198542705ext44917","La Jolla","CA",'92037,US,.5,"DHL SM Parcel Expedited","5642 LA JOLla Hermosa Ave",'535991610406152223451,"EN ROUTE TO DHL ECOMMERCE",11:31:01 AM,5359916,'33872104068697101,"326 STATE ROUTE 208"
'192018516,'9374869903506586038681,"04/06/2021 10:14:07 AM",,"73711 Oak Flats Dr","","Palm Desert","CA",'92260,US,.1875,"DHL SM Parcel Expedited","73711 OAK FLATS DR",'535991610406152223451,"EN ROUTE TO DHL ECOMMERCE",11:31:01 AM,5359916,'33872104068697083,"326 STATE ROUTE 208"
'191977744,'9374869903506586056234,"04/06/2021 10:16:29 AM",,"101 Heatherwood Ct","4154198616ext65603","Porterville","CA",'93257,US,.375,"DHL SM Parcel Expedited","101 HEATHERWOOD CT",'535991610406152223451,"EN ROUTE TO DHL ECOMMERCE",11:31:01 AM,5359916,'33872104068697100,"326 STATE ROUTE 208"
'192050928,'9374869903506586058559,"04/06/2021 10:16:48 AM",,"38210 5th St E Apt 16","4158519136ext02066","Palmdale","CA",'93550,US,.25,"DHL SM Parcel Expedited","38210 5TH ST E APT 16",'535991610406152223451,"EN ROUTE TO DHL ECOMMERCE",11:31:01 AM,5359916,'33872104068697063,"326 STATE ROUTE 208"
'192001430,'9361269903506586057839,"04/06/2021 10:16:58 AM",,"1232 86th Ave","7632259463ext96569","Oakland","CA",'94621,US,1.25,"DHL SM Parcel Plus Expedited","1232 86TH AVE",'535991610406152223451,"EN ROUTE TO DHL ECOMMERCE",11:31:01 AM,5359916,'33872104068697064,"326 STATE ROUTE 208"
'191972776,'9374869903506586066493,"04/06/2021 10:17:52 AM",,"1169 lombardi ave","6026716610ext96837","petaluma","CA",'94954,US,.875,"DHL SM Parcel Expedited","1169 lombardi ave",'535991610406152223451,"EN ROUTE TO DHL ECOMMERCE",11:31:01 AM,5359916,'33872104068697068,"326 STATE ROUTE 208"
'191995128,'9374869903506586065083,"04/06/2021 10:17:36 AM",,"424 The Alameda","2134421463ext97368","San Anselmo","CA",'94960,US,.5,"DHL SM Parcel Expedited","424 The Alameda",'535991610406152223451,"EN ROUTE TO DHL ECOMMERCE",11:31:01 AM,5359916,'33872104068697086,"326 STATE ROUTE 208"
'191975193,'9374869903506586068329,"04/06/2021 10:18:04 AM",,"18815 Sw Longacre St","7632259463ext92693","Beaverton","OR",'97003,US,.5,"DHL SM Parcel Expedited","18815 SW LONGACRE ST",'535991610406152223451,"EN ROUTE TO DHL ECOMMERCE",11:31:01 AM,5359916,'33872104068697098,"326 STATE ROUTE 208"