Customer Confirmation Number,Delivery Confirmation Number,Receive Date,Recipient Name,Address Line 1,Address Line 2,City,State,Zip or Postal Code,Country,Weight (LBs),Mail Product Name,Customer Reference,BOL Number,Last Event Description,Last Event Time,Pickup Account Number,DHL Tracking Number,Pickup Address
'113-8373996-6505856,'9374869903506566442231,"04/02/2021 10:00:39 AM",,"336 SOUTH ST","","HYANNIS","MA",'02601,US,.8125,"DHL SM Parcel Expedited","1346976",'535027310402170923251,"EN ROUTE TO DHL ECOMMERCE",01:22:13 PM,5350273,'33872104027930515,"813 BERGEN ST"
'3622116186731,'9374869903506567058066,"04/02/2021 11:23:48 AM",,"2207 HILLSIDE AVE","","BELLMORE","NY",'11710,US,.75,"DHL SM Parcel Expedited","1346976",'535027310402170923251,"EN ROUTE TO DHL ECOMMERCE",01:22:13 PM,5350273,'33872104027930511,"813 BERGEN ST"
'114-2555734-2323432,'9374869903506566473624,"04/02/2021 10:04:15 AM",,"136 SHINGISS ST APT 212","","MC KEES ROCKS","PA",'15136,US,.75,"DHL SM Parcel Expedited","1346976",'535027310402170923251,"EN ROUTE TO DHL ECOMMERCE",01:22:13 PM,5350273,'33872104027930518,"813 BERGEN ST"
'3622116897811,'9374869903506567166860,"04/02/2021 11:40:29 AM",,"2945 SNYDERTOWN RD","","SUNBURY","PA",'17801,US,.1875,"DHL SM Parcel Expedited","1346976",'535027310402170923251,"EN ROUTE TO DHL ECOMMERCE",01:22:13 PM,5350273,'33872104027930513,"813 BERGEN ST"
'14690,'9374869903506567185663,"04/02/2021 11:43:29 AM",,"3850 SPRINGTOWN RD","","FURLONG","PA",'18925,US,.6875,"DHL SM Parcel Expedited","1346976",'535027310402170923251,"EN ROUTE TO DHL ECOMMERCE",01:22:13 PM,5350273,'33872104027930512,"813 BERGEN ST"
'111-3698303-7614667,'9374869903506566454883,"04/02/2021 10:01:53 AM",,"13452 NW 38TH CT","","OPA LOCKA","FL",'33054,US,.8125,"DHL SM Parcel Expedited","1346976",'535027310402170923251,"EN ROUTE TO DHL ECOMMERCE",01:22:13 PM,5350273,'33872104027930517,"813 BERGEN ST"
'14689,'9374869903506567026157,"04/02/2021 11:19:34 AM",,"322 MURRAY ST","","OXFORD","MS",'38655,US,.75,"DHL SM Parcel Expedited","1346976",'535027310402170923251,"EN ROUTE TO DHL ECOMMERCE",01:22:13 PM,5350273,'33872104027930510,"813 BERGEN ST"
'112-9802935-5021061,'9374869903506566462451,"04/02/2021 10:02:55 AM",,"7277 MCKINLEY","","CENTER LINE","MI",'48015,US,.6875,"DHL SM Parcel Expedited","1346976",'535027310402170923251,"EN ROUTE TO DHL ECOMMERCE",01:22:13 PM,5350273,'33872104027930516,"813 BERGEN ST"
'114-4608579-2306607,'9374869903506566481889,"04/02/2021 10:05:44 AM",,"80283 WOODRIDGE LN","","ROMEO","MI",'48065,US,.5,"DHL SM Parcel Expedited","1346976",'535027310402170923251,"EN ROUTE TO DHL ECOMMERCE",01:22:13 PM,5350273,'33872104027930514,"813 BERGEN ST"
'3632117942626,'9374869903506567137297,"04/02/2021 11:36:45 AM",,"368 BURKE ST APT 1","","RIVER ROUGE","MI",'48218,US,.6875,"DHL SM Parcel Expedited","1346976",'535027310402170923251,"EN ROUTE TO DHL ECOMMERCE",01:22:13 PM,5350273,'33872104027930509,"813 BERGEN ST"
'GM545354354000024080,',"04/02/2021 01:22:29 PM",KRISTIN SCHOOL,"360 ALBANY HIGHWAY","ALBANY","AUCKLAND","AUK",'0632,NZ,.38,"DHL Parcel Intl Standard","",',"EN ROUTE TO DHL ECOMMERCE",01:24:30 PM,5354354,'33882104027938414,"140 58TH ST"
'GM545354354000024073,',"04/02/2021 01:22:29 PM",CARADVICE PTY LTD,"52 VICTORIA STREET","","MCMAHONS POINT","NSW",'2060,AU,.38,"DHL Parcel Intl Standard","",',"EN ROUTE TO DHL ECOMMERCE",01:24:30 PM,5354354,'33882104027938404,"140 58TH ST"
'GM545354354000024028,',"04/02/2021 01:22:29 PM",GREG PAPADOPOULOS,"8 BRAMBLE CRESCENT","","BUNDOORA","VIC",'3083,AU,.75,"DHL Parcel Intl Standard","",',"EN ROUTE TO DHL ECOMMERCE",01:24:30 PM,5354354,'33882104027938405,"140 58TH ST"
'GM545354354000023991,',"04/02/2021 01:22:29 PM",EZRA COOMBES,"200 NIXON STREET","","HAMILTON EAST","WKO",'3216,NZ,.5,"DHL Parcel Intl Standard","",',"EN ROUTE TO DHL ECOMMERCE",01:24:30 PM,5354354,'33882104027938410,"140 58TH ST"
'GM545354354000024097,',"04/02/2021 01:22:29 PM",TIONG LEE,"39 JALAN KASAH","MEDAN DAMANSARA","KUALA LUMPUR","KUL",'50490,MY,.5,"DHL Parcel Intl Standard","",',"EN ROUTE TO DHL ECOMMERCE",01:24:30 PM,5354354,'33882104027938406,"140 58TH ST"
'GM545354354000024059,',"04/02/2021 01:22:29 PM",DENTPOINT,"SILVOLDSEWEG 29A","","TERBORG","",'7061DL,NL,.38,"DHL Parcel Intl Standard","",',"EN ROUTE TO DHL ECOMMERCE",01:24:30 PM,5354354,'33882104027938412,"140 58TH ST"
'GM545354354000024035,',"04/02/2021 01:22:29 PM",HUANG DAVE,"780C WOODLANDS CRESCENT #16-45","","SINGAPORE","-",'733780,SG,.5,"DHL Parcel Intl Standard","",',"EN ROUTE TO DHL ECOMMERCE",01:24:30 PM,5354354,'33882104027938409,"140 58TH ST"
'GM545354354000024042,',"04/02/2021 01:22:29 PM",KENZ MEDJANI,"28 RUE GRANDE","","VIEUX CHAMPAGNE","-",'77370,FR,.5,"DHL Parcel Intl Standard","",',"EN ROUTE TO DHL ECOMMERCE",01:24:30 PM,5354354,'33882104027938411,"140 58TH ST"
'GM545354354000024011,',"04/02/2021 01:22:29 PM",WAYNE MANUEL,"110 FARRER CRESCENT","","MIRAMICHI NEW BRUNSWICK","-",'E1V1E8,CA,.5,"DHL Parcel Intl Standard","",',"EN ROUTE TO DHL ECOMMERCE",01:24:30 PM,5354354,'33882104027938408,"140 58TH ST"
'GM545354354000024066,',"04/02/2021 01:22:29 PM",STEPHANIE BAGNELL,"17 BOW RIVER CRESCENT","","MISSISSAUGA","ON",'L5N1J1,CA,.5,"DHL Parcel Intl Standard","",',"EN ROUTE TO DHL ECOMMERCE",01:24:30 PM,5354354,'33882104027938407,"140 58TH ST"
'GM545354354000024004,',"04/02/2021 01:22:29 PM",SBC INC.,"10-5 SCURFIELD BLVD","","WINNIPEG","MB",'R3Y1G3,CA,1,"DHL Parcel Intl Standard","",',"EN ROUTE TO DHL ECOMMERCE",01:24:30 PM,5354354,'33882104027938413,"140 58TH ST"