Customer Confirmation Number,Delivery Confirmation Number,Receive Date,Recipient Name,Address Line 1,Address Line 2,City,State,Zip or Postal Code,Country,Weight (LBs),Mail Product Name,Customer Reference,BOL Number,Last Event Description,Last Event Time,Pickup Account Number,DHL Tracking Number,Pickup Address
'4814194018134,'9261290249307241801903,"02/22/2021 12:31:38 PM",Sarah Chamberlain,"33 Clinton St","","Portland","ME",'04103,US,4,"DHL SM Parcel Plus Expedited","",'53452861022217221900,"EN ROUTE TO DHL ECOMMERCE",12:35:24 PM,5345286,'33812102221553238,"1584 CARROLL ST."
'111-3062178-4031454,'9261290249307241864205,"02/22/2021 12:31:38 PM",Erik Edlund,"2550 17TH ST NW UNIT 610","","WASHINGTON","DC",'20009,US,4,"DHL SM Parcel Plus Expedited","",'53452861022217221900,"EN ROUTE TO DHL ECOMMERCE",12:35:24 PM,5345286,'33812102221553246,"1584 CARROLL ST."
'113-5949664-6478638,'9261290249307241819502,"02/22/2021 12:31:38 PM",gayle coleman,"1750 OLD HIGHWAY 27 RD","","MOUNT HOLLY","NC",'28120,US,3.68,"DHL SM Parcel Plus Expedited","",'53452861022217221900,"EN ROUTE TO DHL ECOMMERCE",12:35:24 PM,5345286,'33812102221553241,"1584 CARROLL ST."
'113-4350161-3703435,'9261290249307241812503,"02/22/2021 12:31:38 PM",danny smith,"10221 STRICKER RD","","MEMPHIS","IN",'47143,US,8,"DHL SM Parcel Plus Expedited","",'53452861022217221900,"EN ROUTE TO DHL ECOMMERCE",12:35:24 PM,5345286,'33812102221553240,"1584 CARROLL ST."
'7814194315661,'9261290249307241810103,"02/22/2021 12:31:38 PM",Antonio Aliaj,"3611 Merrimac Dr","","Sterling Heights","MI",'48310,US,4,"DHL SM Parcel Plus Expedited","",'53452861022217221900,"EN ROUTE TO DHL ECOMMERCE",12:35:24 PM,5345286,'33812102221553239,"1584 CARROLL ST."
'114-9891227-0591421,'9261290249307241831306,"02/22/2021 12:31:38 PM",Judith Dancing,"25812 93rd street","","Salem","WI",'53168,US,11.04,"DHL SM Parcel Plus Expedited","",'53452861022217221900,"EN ROUTE TO DHL ECOMMERCE",12:35:24 PM,5345286,'33812102221553243,"1584 CARROLL ST."
'114-0929779-2591410,'9261290249307241849301,"02/22/2021 12:31:38 PM",Ryan Richardson,"13140 11th avenue n.e.","","Rochester","MN",'55906,US,5.52,"DHL SM Parcel Plus Expedited","",'53452861022217221900,"EN ROUTE TO DHL ECOMMERCE",12:35:24 PM,5345286,'33812102221553244,"1584 CARROLL ST."
'114-9711100-9898615,'9261290249307241860207,"02/22/2021 12:31:38 PM",Chassidy Rogers,"4102 SKYLINE DR","","ROWLETT","TX",'75088,US,5.52,"DHL SM Parcel Plus Expedited","",'53452861022217221900,"EN ROUTE TO DHL ECOMMERCE",12:35:24 PM,5345286,'33812102221553245,"1584 CARROLL ST."
'13-06608-13628,'9261290249307241826302,"02/22/2021 12:31:38 PM",Richard Biddle,"4940 Sudbury Way","# 5515","Carmichael","CA",'95608,US,8,"DHL SM Parcel Plus Expedited","",'53452861022217221900,"EN ROUTE TO DHL ECOMMERCE",12:35:24 PM,5345286,'33812102221553242,"1584 CARROLL ST."
','9374869903506353148223,"02/22/2021 08:46:25 AM",,"90 Holly St","","Carteret","NJ",'07008-2452,US,.0622,"DHL SM Parcel Expedited","",'535816410222142823551,"EN ROUTE TO DHL ECOMMERCE",09:30:09 AM,5358164,'33872102221179667,"50 Lawrence ave"
','9374869903506353105875,"02/22/2021 08:41:51 AM",,"158 Delaware Ave","","Jersey City","NJ",'07306-6627,US,.0622,"DHL SM Parcel Expedited","",'535816410222142823551,"EN ROUTE TO DHL ECOMMERCE",09:30:09 AM,5358164,'33872102221179676,"50 Lawrence ave"
','9374869903506353378590,"02/22/2021 09:10:09 AM",,"21601 County Route 60 Lot 4C","","Watertown","NY",'13601-5627,US,.0622,"DHL SM Parcel Expedited","",'535816410222142823551,"EN ROUTE TO DHL ECOMMERCE",09:30:09 AM,5358164,'33872102221179654,"50 Lawrence ave"
'46ACE2408D944D0F8616ED240,',"02/22/2021 09:26:18 AM",,"P O Box 141","Urambo","Tabora","",'141,TZ,.0662,"DHL Parcel Intl Standard","",'45162079,"EN ROUTE TO DHL ECOMMERCE",09:30:09 AM,5358164,'33872102221179461,"50 Lawrence ave"
','9374869903506353079831,"02/22/2021 08:40:01 AM",,"180 Marsh Creek Heights Rd","","Gettysburg","PA",'17325-7139,US,.0622,"DHL SM Parcel Expedited","",'535816410222142823551,"EN ROUTE TO DHL ECOMMERCE",09:30:09 AM,5358164,'33872102221179675,"50 Lawrence ave"
','9374869903506353125637,"02/22/2021 08:44:03 AM",,"12 Drexelbrook Dr","","Drexel Hill","PA",'19026-5303,US,.0622,"DHL SM Parcel Expedited","",'535816410222142823551,"EN ROUTE TO DHL ECOMMERCE",09:30:09 AM,5358164,'33872102221179659,"50 Lawrence ave"
','9374869903506353239587,"02/22/2021 08:57:42 AM",,"1413 W James St","","Norristown","PA",'19403-2928,US,.0622,"DHL SM Parcel Expedited","",'535816410222142823551,"EN ROUTE TO DHL ECOMMERCE",09:30:09 AM,5358164,'33872102221179655,"50 Lawrence ave"
','9374869903506353464729,"02/22/2021 09:18:37 AM",,"11018 Bragg Ct","","Williamsport","MD",'21795-1445,US,.0666,"DHL SM Parcel Expedited","",'535816410222142823551,"EN ROUTE TO DHL ECOMMERCE",09:30:09 AM,5358164,'33872102221179643,"50 Lawrence ave"
','9374869903506353092106,"02/22/2021 08:40:50 AM",,"23209 Walkers Mill Rd","","Stony Creek","VA",'23882-2401,US,.0622,"DHL SM Parcel Expedited","",'535816410222142823551,"EN ROUTE TO DHL ECOMMERCE",09:30:09 AM,5358164,'33872102221179677,"50 Lawrence ave"
','9374869903506353532053,"02/22/2021 09:24:54 AM",,"5903 Sylvan Dr","","Columbia","SC",'29206-1549,US,.1332,"DHL SM Parcel Expedited","",'535816410222142823551,"EN ROUTE TO DHL ECOMMERCE",09:30:09 AM,5358164,'33872102221179636,"50 Lawrence ave"
','9374869903506353473158,"02/22/2021 09:19:33 AM",,"5260 N Highway 14","","Landrum","SC",'29356-8701,US,.0666,"DHL SM Parcel Expedited","",'535816410222142823551,"EN ROUTE TO DHL ECOMMERCE",09:30:09 AM,5358164,'33872102221179669,"50 Lawrence ave"
','9374869903506353483171,"02/22/2021 09:20:31 AM",,"539 Brenston Ct","","Ellenwood","GA",'30294-4903,US,.0666,"DHL SM Parcel Expedited","",'535816410222142823551,"EN ROUTE TO DHL ECOMMERCE",09:30:09 AM,5358164,'33872102221179640,"50 Lawrence ave"
','9374869903506353436009,"02/22/2021 09:15:28 AM",,"1715 Brook View Ave","","Atlanta","GA",'30340-3869,US,.0666,"DHL SM Parcel Expedited","",'535816410222142823551,"EN ROUTE TO DHL ECOMMERCE",09:30:09 AM,5358164,'33872102221179664,"50 Lawrence ave"
','9374869903506353517807,"02/22/2021 09:23:59 AM",,"209 EAST MULBERRY ST.","","FUNSTON","GA",'31753,US,.1332,"DHL SM Parcel Expedited","",'535816410222142823551,"EN ROUTE TO DHL ECOMMERCE",09:30:09 AM,5358164,'33872102221179647,"50 Lawrence ave"
','9374869903506353226044,"02/22/2021 08:55:54 AM",,"281 Jenkins Ln","","Defuniak Springs","FL",'32433-8114,US,.0622,"DHL SM Parcel Expedited","",'535816410222142823551,"EN ROUTE TO DHL ECOMMERCE",09:30:09 AM,5358164,'33872102221179668,"50 Lawrence ave"
','9374869903506353535375,"02/22/2021 09:25:16 AM",,"5151 NW 159th St Ste B","","Miami Lakes","FL",'33014-6349,US,.2443,"DHL SM Parcel Expedited","",'535816410222142823551,"EN ROUTE TO DHL ECOMMERCE",09:30:09 AM,5358164,'33872102221179649,"50 Lawrence ave"
','9374869903506353452320,"02/22/2021 09:17:07 AM",,"772 15th Ave NW","","Birmingham","AL",'35215-5974,US,.0666,"DHL SM Parcel Expedited","",'535816410222142823551,"EN ROUTE TO DHL ECOMMERCE",09:30:09 AM,5358164,'33872102221179673,"50 Lawrence ave"
','9374869903506353502650,"02/22/2021 09:22:35 AM",,"PO Box 570","","Albany","KY",'42602-0570,US,.0666,"DHL SM Parcel Expedited","",'535816410222142823551,"EN ROUTE TO DHL ECOMMERCE",09:30:09 AM,5358164,'33872102221179641,"50 Lawrence ave"
','9374869903506353487636,"02/22/2021 09:21:00 AM",,"240 Steeple Chase Run # 7","","Northfield","OH",'44067-1158,US,.0666,"DHL SM Parcel Expedited","",'535816410222142823551,"EN ROUTE TO DHL ECOMMERCE",09:30:09 AM,5358164,'33872102221179634,"50 Lawrence ave"
','9374869903506353479907,"02/22/2021 09:20:06 AM",,"1144 Concord Ave SW","","Canton","OH",'44710-2000,US,.0666,"DHL SM Parcel Expedited","",'535816410222142823551,"EN ROUTE TO DHL ECOMMERCE",09:30:09 AM,5358164,'33872102221179638,"50 Lawrence ave"
','9374869903506353261366,"02/22/2021 09:00:03 AM",,"274 W Wiley St","","Greenwood","IN",'46142-3554,US,.0622,"DHL SM Parcel Expedited","",'535816410222142823551,"EN ROUTE TO DHL ECOMMERCE",09:30:09 AM,5358164,'33872102221179661,"50 Lawrence ave"
','9374869903506353447364,"02/22/2021 09:16:49 AM",,"221 Kingsbury Ave","","Dearborn","MI",'48128-1552,US,.0666,"DHL SM Parcel Expedited","",'535816410222142823551,"EN ROUTE TO DHL ECOMMERCE",09:30:09 AM,5358164,'33872102221179644,"50 Lawrence ave"
','9374869903506353219398,"02/22/2021 08:55:11 AM",,"1399 Cedar Dr S","","Cambridge","MN",'55008-3764,US,.0622,"DHL SM Parcel Expedited","",'535816410222142823551,"EN ROUTE TO DHL ECOMMERCE",09:30:09 AM,5358164,'33872102221179662,"50 Lawrence ave"
','9374869903506353470096,"02/22/2021 09:19:03 AM",,"2779 Midvale Dr","","Maryland Hts","MO",'63043-1758,US,.0666,"DHL SM Parcel Expedited","",'535816410222142823551,"EN ROUTE TO DHL ECOMMERCE",09:30:09 AM,5358164,'33872102221179670,"50 Lawrence ave"
','9374869903506353514219,"02/22/2021 09:23:33 AM",,"4866 Dana Dr","","House Springs","MO",'63051-2584,US,.1332,"DHL SM Parcel Expedited","",'535816410222142823551,"EN ROUTE TO DHL ECOMMERCE",09:30:09 AM,5358164,'33872102221179646,"50 Lawrence ave"
','9374869903506353293220,"02/22/2021 09:03:02 AM",,"514 Vine St","","Wamego","KS",'66547-1434,US,.0622,"DHL SM Parcel Expedited","",'535816410222142823551,"EN ROUTE TO DHL ECOMMERCE",09:30:09 AM,5358164,'33872102221179663,"50 Lawrence ave"
','9374869903506353489517,"02/22/2021 09:21:23 AM",,"10709 Cliffe Hollow Dr","","Oklahoma City","OK",'73162-1229,US,.0666,"DHL SM Parcel Expedited","",'535816410222142823551,"EN ROUTE TO DHL ECOMMERCE",09:30:09 AM,5358164,'33872102221179645,"50 Lawrence ave"
','9374869903506353159779,"02/22/2021 08:47:56 AM",,"13568 Brookgreen Dr","","Dallas","TX",'75240-5730,US,.0622,"DHL SM Parcel Expedited","",'535816410222142823551,"EN ROUTE TO DHL ECOMMERCE",09:30:09 AM,5358164,'33872102221179671,"50 Lawrence ave"
','9374869903506353178947,"02/22/2021 08:50:06 AM",,"942 Andover Glen Dr","","Fresno","TX",'77545-7970,US,.0622,"DHL SM Parcel Expedited","",'535816410222142823551,"EN ROUTE TO DHL ECOMMERCE",09:30:09 AM,5358164,'33872102221179656,"50 Lawrence ave"
','9374869903506353438324,"02/22/2021 09:15:57 AM",,"5108 E Crestone Ave","","Castle Rock","CO",'80104-8776,US,.0666,"DHL SM Parcel Expedited","",'535816410222142823551,"EN ROUTE TO DHL ECOMMERCE",09:30:09 AM,5358164,'33872102221179651,"50 Lawrence ave"
','9374869903506353394057,"02/22/2021 09:11:05 AM",,"7580 S Kendall Blvd","","Littleton","CO",'80128-7061,US,.0622,"DHL SM Parcel Expedited","",'535816410222142823551,"EN ROUTE TO DHL ECOMMERCE",09:30:09 AM,5358164,'33872102221179648,"50 Lawrence ave"
','9374869903506353315229,"02/22/2021 09:04:22 AM",,"920 E 9TH ST","","DELTA","CO",'81416-2623,US,.0622,"DHL SM Parcel Expedited","",'535816410222142823551,"EN ROUTE TO DHL ECOMMERCE",09:30:09 AM,5358164,'33872102221179660,"50 Lawrence ave"
','9374869903506353139320,"02/22/2021 08:45:35 AM",,"156 E Cool Pond Dr","","Meridian","ID",'83646-6948,US,.0622,"DHL SM Parcel Expedited","",'535816410222142823551,"EN ROUTE TO DHL ECOMMERCE",09:30:09 AM,5358164,'33872102221179652,"50 Lawrence ave"
','9374869903506353208033,"02/22/2021 08:53:25 AM",,"907 White Thunder St","","Henderson","NV",'89002-0405,US,.0622,"DHL SM Parcel Expedited","",'535816410222142823551,"EN ROUTE TO DHL ECOMMERCE",09:30:09 AM,5358164,'33872102221179658,"50 Lawrence ave"
','9374869903506353402547,"02/22/2021 09:11:52 AM",,"3816 Northern Light Dr","","Las Vegas","NV",'89115-0172,US,.0622,"DHL SM Parcel Expedited","",'535816410222142823551,"EN ROUTE TO DHL ECOMMERCE",09:30:09 AM,5358164,'33872102221179665,"50 Lawrence ave"
','9374869903506353170347,"02/22/2021 08:49:03 AM",,"9435 Flower St Apt 108","","Bellflower","CA",'90706-7534,US,.0622,"DHL SM Parcel Expedited","",'535816410222142823551,"EN ROUTE TO DHL ECOMMERCE",09:30:09 AM,5358164,'33872102221179657,"50 Lawrence ave"
','9374869903506353460691,"02/22/2021 09:18:07 AM",,"761 Calla Ave Apt C","","Imperial Beach","CA",'91932-1345,US,.0666,"DHL SM Parcel Expedited","",'535816410222142823551,"EN ROUTE TO DHL ECOMMERCE",09:30:09 AM,5358164,'33872102221179635,"50 Lawrence ave"
','9374869903506353058300,"02/22/2021 08:37:24 AM",,"1005 Saturn Blvd Apt C","","San Diego","CA",'92154-2003,US,.0622,"DHL SM Parcel Expedited","",'535816410222142823551,"EN ROUTE TO DHL ECOMMERCE",09:30:09 AM,5358164,'33872102221179672,"50 Lawrence ave"
','9374869903506353434128,"02/22/2021 09:15:11 AM",,"4752 Minstrel Dr","","Palmdale","CA",'93552-4424,US,.0666,"DHL SM Parcel Expedited","",'535816410222142823551,"EN ROUTE TO DHL ECOMMERCE",09:30:09 AM,5358164,'33872102221179650,"50 Lawrence ave"
','9374869903506353507600,"02/22/2021 09:23:04 AM",,"716 Coppervale Cir","","Rocklin","CA",'95765-4260,US,.0666,"DHL SM Parcel Expedited","",'535816410222142823551,"EN ROUTE TO DHL ECOMMERCE",09:30:09 AM,5358164,'33872102221179642,"50 Lawrence ave"
','9374869903506353441294,"02/22/2021 09:16:11 AM",,"625 Country Club Dr","","Hilo","HI",'96720-1305,US,.0666,"DHL SM Parcel Expedited","",'535816410222142823551,"EN ROUTE TO DHL ECOMMERCE",09:30:09 AM,5358164,'33872102221179666,"50 Lawrence ave"
','9374869903506353454775,"02/22/2021 09:17:21 AM",,"7719 N Fiske Ave","","Portland","OR",'97203-4626,US,.0666,"DHL SM Parcel Expedited","",'535816410222142823551,"EN ROUTE TO DHL ECOMMERCE",09:30:09 AM,5358164,'33872102221179674,"50 Lawrence ave"
','9374869903506353526830,"02/22/2021 09:24:27 AM",,"5325 NW Deerfield Way","","Portland","OR",'97229-1755,US,.1332,"DHL SM Parcel Expedited","",'535816410222142823551,"EN ROUTE TO DHL ECOMMERCE",09:30:09 AM,5358164,'33872102221179637,"50 Lawrence ave"
','9374869903506353438065,"02/22/2021 09:15:45 AM",,"17400 156th Pl SE","","Renton","WA",'98058-9164,US,.0666,"DHL SM Parcel Expedited","",'535816410222142823551,"EN ROUTE TO DHL ECOMMERCE",09:30:09 AM,5358164,'33872102221179653,"50 Lawrence ave"
','9374869903506353495815,"02/22/2021 09:21:54 AM",,"16711 Wales St SE","","Monroe","WA",'98272-2647,US,.0666,"DHL SM Parcel Expedited","",'535816410222142823551,"EN ROUTE TO DHL ECOMMERCE",09:30:09 AM,5358164,'33872102221179639,"50 Lawrence ave"