Customer Confirmation Number,Delivery Confirmation Number,Receive Date,Recipient Name,Address Line 1,Address Line 2,City,State,Zip or Postal Code,Country,Weight (LBs),Mail Product Name,Customer Reference,BOL Number,Last Event Description,Last Event Time,Pickup Account Number,DHL Tracking Number,Pickup Address
'GM555348799000001217,',"03/04/2021 03:40:54 AM",PABALLO MATJILA,"57 NORTH ROAD LINDEN EXT RANDBURG","","RANDBURG","GAUTENG",'2194,ZA,1,"DHL Parcel Intl Standard","",',"EN ROUTE TO DHL ECOMMERCE",03:44:33 AM,5345286,'33882103045494999,"1584 CARROLL ST."
'GM555348799000001224,',"03/04/2021 03:40:54 AM",DR W S DAVIS,"45 CAVENDISH ROAD","","SALFORD","LANCASHIRE",'M7 4WP,GB,.5,"DHL Parcel Intl Standard","",',"EN ROUTE TO DHL ECOMMERCE",03:44:33 AM,5345286,'33882103045496000,"1584 CARROLL ST."
','9374869903506410079095,"03/04/2021 10:27:31 AM",,"17 Messinia Dr","","Andover","MA",'01810-6028,US,.0622,"DHL SM Parcel Expedited","",'535816410304154523251,"EN ROUTE TO DHL ECOMMERCE",10:53:45 AM,5358164,'33872103046156143,"50 Lawrence ave"
','9374869903506410207924,"03/04/2021 10:44:32 AM",,"52 Old Rochester Rd Apt A","","Dover","NH",'03820-2021,US,.2443,"DHL SM Parcel Expedited","",'535816410304154523251,"EN ROUTE TO DHL ECOMMERCE",10:53:45 AM,5358164,'33872103046156123,"50 Lawrence ave"
','9374869903506409580205,"03/04/2021 09:16:21 AM",,"103 Belmont Ave Fl 1","","Garfield","NJ",'07026-2838,US,.0622,"DHL SM Parcel Expedited","",'535816410304154523251,"EN ROUTE TO DHL ECOMMERCE",10:53:45 AM,5358164,'33872103046156144,"50 Lawrence ave"
','9374869903506410188094,"03/04/2021 10:41:32 AM",,"24 Cornell Rd","","Toms River","NJ",'08757-5505,US,.0666,"DHL SM Parcel Expedited","",'535816410304154523251,"EN ROUTE TO DHL ECOMMERCE",10:53:45 AM,5358164,'33872103046156145,"50 Lawrence ave"
','9374869903506410198635,"03/04/2021 10:43:24 AM",,"700 Lakeside Dr","","Lake City","PA",'16423-1862,US,.0666,"DHL SM Parcel Expedited","",'535816410304154523251,"EN ROUTE TO DHL ECOMMERCE",10:53:45 AM,5358164,'33872103046156132,"50 Lawrence ave"
','9374869903506409572187,"03/04/2021 09:14:53 AM",,"214 Noxen Rd","","Harveys Lake","PA",'18618-3194,US,.0622,"DHL SM Parcel Expedited","",'535816410304154523251,"EN ROUTE TO DHL ECOMMERCE",10:53:45 AM,5358164,'33872103046156126,"50 Lawrence ave"
','9374869903506410196464,"03/04/2021 10:43:01 AM",,"158 Lowrys Ln","","Bryn Mawr","PA",'19010-1026,US,.0666,"DHL SM Parcel Expedited","",'535816410304154523251,"EN ROUTE TO DHL ECOMMERCE",10:53:45 AM,5358164,'33872103046156124,"50 Lawrence ave"
','9374869903506410027072,"03/04/2021 10:20:12 AM",,"215 Collamer Rd","","Oxford","PA",'19363-1039,US,.0622,"DHL SM Parcel Expedited","",'535816410304154523251,"EN ROUTE TO DHL ECOMMERCE",10:53:45 AM,5358164,'33872103046156125,"50 Lawrence ave"
','9374869903506410188551,"03/04/2021 10:41:47 AM",,"10608 Wood Pointe Ct","","Glenn Dale","MD",'20769-2112,US,.0666,"DHL SM Parcel Expedited","",'535816410304154523251,"EN ROUTE TO DHL ECOMMERCE",10:53:45 AM,5358164,'33872103046156131,"50 Lawrence ave"
','9374869903506410196747,"03/04/2021 10:43:12 AM",,"303 Speedway Dr","","Fountain Inn","SC",'29644-9448,US,.0666,"DHL SM Parcel Expedited","",'535816410304154523251,"EN ROUTE TO DHL ECOMMERCE",10:53:45 AM,5358164,'33872103046156150,"50 Lawrence ave"
','9374869903506410191759,"03/04/2021 10:42:20 AM",,"1194 Fountain Dr SW","","atlanta","GA",'30314-3046,US,.0666,"DHL SM Parcel Expedited","",'535816410304154523251,"EN ROUTE TO DHL ECOMMERCE",10:53:45 AM,5358164,'33872103046156133,"50 Lawrence ave"
','9374869903506410140641,"03/04/2021 10:35:35 AM",,"7981 NW 68th St","Sjo # Sb108118","Miami","FL",'33166-3913,US,.0622,"DHL SM Parcel Expedited","",'535816410304154523251,"EN ROUTE TO DHL ECOMMERCE",10:53:45 AM,5358164,'33872103046156136,"50 Lawrence ave"
','9374869903506410123446,"03/04/2021 10:33:19 AM",,"122 Meadows Dr","","Boynton Beach","FL",'33436-9136,US,.0622,"DHL SM Parcel Expedited","",'535816410304154523251,"EN ROUTE TO DHL ECOMMERCE",10:53:45 AM,5358164,'33872103046156138,"50 Lawrence ave"
','9374869903506409626484,"03/04/2021 09:22:55 AM",,"304 Tomberlin Ave","","Seffner","FL",'33584-5448,US,.0622,"DHL SM Parcel Expedited","",'535816410304154523251,"EN ROUTE TO DHL ECOMMERCE",10:53:45 AM,5358164,'33872103046156130,"50 Lawrence ave"
','9374869903506410061588,"03/04/2021 10:25:40 AM",,"1800 Crabtree Rd Apt 904","","Tuscaloosa","AL",'35405-6794,US,.0622,"DHL SM Parcel Expedited","",'535816410304154523251,"EN ROUTE TO DHL ECOMMERCE",10:53:45 AM,5358164,'33872103046156147,"50 Lawrence ave"
','9374869903506409645706,"03/04/2021 09:25:55 AM",,"791 W County Line Rd Apt 111","","Jackson","MS",'39213-8214,US,.0622,"DHL SM Parcel Expedited","",'535816410304154523251,"EN ROUTE TO DHL ECOMMERCE",10:53:45 AM,5358164,'33872103046156140,"50 Lawrence ave"
','9374869903506410106555,"03/04/2021 10:31:51 AM",,"2790 Sirhal Dr Apt 317","","East Lansing","MI",'48823-7907,US,.0622,"DHL SM Parcel Expedited","",'535816410304154523251,"EN ROUTE TO DHL ECOMMERCE",10:53:45 AM,5358164,'33872103046156149,"50 Lawrence ave"
','9374869903506410207238,"03/04/2021 10:44:20 AM",,"850 Willowfield Rd","","New Lenox","IL",'60451-1520,US,.1776,"DHL SM Parcel Expedited","",'535816410304154523251,"EN ROUTE TO DHL ECOMMERCE",10:53:45 AM,5358164,'33872103046156141,"50 Lawrence ave"
','9374869903506409654142,"03/04/2021 09:26:40 AM",,"201 Larson Ave","","Lowell","AR",'72745-8701,US,.0622,"DHL SM Parcel Expedited","",'535816410304154523251,"EN ROUTE TO DHL ECOMMERCE",10:53:45 AM,5358164,'33872103046156146,"50 Lawrence ave"
','9374869903506410081517,"03/04/2021 10:28:21 AM",,"3212 Runabout Ct","","Plano","TX",'75023-5649,US,.0622,"DHL SM Parcel Expedited","",'535816410304154523251,"EN ROUTE TO DHL ECOMMERCE",10:53:45 AM,5358164,'33872103046156135,"50 Lawrence ave"
','9374869903506410094555,"03/04/2021 10:29:55 AM",,"920 N 4th St","","Payette","ID",'83661-2110,US,.0622,"DHL SM Parcel Expedited","",'535816410304154523251,"EN ROUTE TO DHL ECOMMERCE",10:53:45 AM,5358164,'33872103046156134,"50 Lawrence ave"
','9374869903506410053941,"03/04/2021 10:24:03 AM",,"8605 N 59th Ave Apt 2020","","Glendale","AZ",'85302-5449,US,.0622,"DHL SM Parcel Expedited","",'535816410304154523251,"EN ROUTE TO DHL ECOMMERCE",10:53:45 AM,5358164,'33872103046156127,"50 Lawrence ave"
','9374869903506410193081,"03/04/2021 10:42:10 AM",,"256 S La Fayette Park Pl Apt 201","","Los Angeles","CA",'90057-1385,US,.0666,"DHL SM Parcel Expedited","",'535816410304154523251,"EN ROUTE TO DHL ECOMMERCE",10:53:45 AM,5358164,'33872103046156139,"50 Lawrence ave"
','9374869903506409634892,"03/04/2021 09:24:02 AM",,"8721 Rincon Ave","","Sun Valley","CA",'91352-2329,US,.0622,"DHL SM Parcel Expedited","",'535816410304154523251,"EN ROUTE TO DHL ECOMMERCE",10:53:45 AM,5358164,'33872103046156142,"50 Lawrence ave"
','9374869903506410039044,"03/04/2021 10:22:06 AM",,"7156 Fair Oaks Blvd Apt 1","","Carmichael","CA",'95608-6427,US,.0622,"DHL SM Parcel Expedited","",'535816410304154523251,"EN ROUTE TO DHL ECOMMERCE",10:53:45 AM,5358164,'33872103046156148,"50 Lawrence ave"
','9374869903506410044024,"03/04/2021 10:22:51 AM",,"4200 Northwest Way","","Redmond","OR",'97756-8745,US,.0622,"DHL SM Parcel Expedited","",'535816410304154523251,"EN ROUTE TO DHL ECOMMERCE",10:53:45 AM,5358164,'33872103046156128,"50 Lawrence ave"
','9374869903506410102458,"03/04/2021 10:30:58 AM",,"PO Box 291","","Echo","OR",'97826-0291,US,.0622,"DHL SM Parcel Expedited","",'535816410304154523251,"EN ROUTE TO DHL ECOMMERCE",10:53:45 AM,5358164,'33872103046156129,"50 Lawrence ave"
','9374869903506410191865,"03/04/2021 10:41:58 AM",,"PO Box 1641","","Omak","WA",'98841-1641,US,.0666,"DHL SM Parcel Expedited","",'535816410304154523251,"EN ROUTE TO DHL ECOMMERCE",10:53:45 AM,5358164,'33872103046156137,"50 Lawrence ave"
'20210304153033874OELITST,'9361269903506410100564,"03/04/2021 10:30:34 AM",,"44 Throne Hill Road","","Groton","MA",'01450,US,1.3125,"DHL SM Parcel Plus Ground","",'536104310304181323351,"EN ROUTE TO DHL ECOMMERCE",01:19:09 PM,5361043,'33872103046514583,"225 NY-303"
'20210304155903180HA10T5X,'9361269903506410338196,"03/04/2021 10:59:05 AM",,"64 Hollis st","","Groton","MA",'01450,US,1.4375,"DHL SM Parcel Plus Ground","",'536104310304181323351,"EN ROUTE TO DHL ECOMMERCE",01:19:09 PM,5361043,'33872103046514639,"225 NY-303"
'20210304152048422O4FXIYV,'9361269903506410031004,"03/04/2021 10:20:48 AM",,"33 Tennyson St","","Worcester","MA",'01610,US,1.3125,"DHL SM Parcel Plus Ground","",'536104310304181323351,"EN ROUTE TO DHL ECOMMERCE",01:19:09 PM,5361043,'33872103046514663,"225 NY-303"
'202103041520443425LFGUJ2,'9361269903506410029391,"03/04/2021 10:20:44 AM",,"11 Merriam Rd","","Framingham","MA",'01701,US,1.3125,"DHL SM Parcel Plus Ground","",'536104310304181323351,"EN ROUTE TO DHL ECOMMERCE",01:19:09 PM,5361043,'33872103046514624,"225 NY-303"
'20210304153031653GTZWYLX,'9361269903506410099400,"03/04/2021 10:30:32 AM",,"26 DUGGAN RD","","Acton","MA",'01720,US,1.3125,"DHL SM Parcel Plus Ground","",'536104310304181323351,"EN ROUTE TO DHL ECOMMERCE",01:19:09 PM,5361043,'33872103046514621,"225 NY-303"
'20210304152614226W1S2UBK,'9361269903506410065542,"03/04/2021 10:26:14 AM",,"16 Roxbury Ave","","Natick","MA",'01760,US,1.3125,"DHL SM Parcel Plus Ground","",'536104310304181323351,"EN ROUTE TO DHL ECOMMERCE",01:19:09 PM,5361043,'33872103046514675,"225 NY-303"
'20210304152620403EKYHYTZ,'9361269903506410069007,"03/04/2021 10:26:20 AM",,"5 Ballardvale Street","","Wilmington","MA",'01887,US,1.3125,"DHL SM Parcel Plus Ground","",'536104310304181323351,"EN ROUTE TO DHL ECOMMERCE",01:19:09 PM,5361043,'33872103046514552,"225 NY-303"
'20210304165615583PP1I24U,'9361269903506410757249,"03/04/2021 11:56:17 AM",,"11 Intrepid Cir","","Marblehead","MA",'01945,US,1.3125,"DHL SM Parcel Plus Ground","",'536104310304181323351,"EN ROUTE TO DHL ECOMMERCE",01:19:09 PM,5361043,'33872103046514485,"225 NY-303"
'20210304152614229RWNVIHW,'9361269903506410065535,"03/04/2021 10:26:14 AM",,"5 Fayette St","#2","Cambridge","MA",'02139,US,1.3125,"DHL SM Parcel Plus Ground","",'536104310304181323351,"EN ROUTE TO DHL ECOMMERCE",01:19:09 PM,5361043,'33872103046514687,"225 NY-303"
'2021030415244324932NSITU,'9361269903506410058926,"03/04/2021 10:24:43 AM",,"800 Boylston St., Prudential Tower","Ropes & Gray","Boston","MA",'02199,US,1.3125,"DHL SM Parcel Plus Ground","",'536104310304181323351,"EN ROUTE TO DHL ECOMMERCE",01:19:09 PM,5361043,'33872103046514686,"225 NY-303"
'202103041559087963TOI2LN,'9361269903506410336659,"03/04/2021 10:59:09 AM",,"54 SARGENT ROAD","","BROOKLINE","MA",'02445,US,1.4375,"DHL SM Parcel Plus Ground","",'536104310304181323351,"EN ROUTE TO DHL ECOMMERCE",01:19:09 PM,5361043,'33872103046514565,"225 NY-303"
'20210304152040578Q1TE3KI,'9361269903506410030823,"03/04/2021 10:20:42 AM",,"32 whites avenue","builidng f-apt 5504","watertown","MA",'02472,US,1.3125,"DHL SM Parcel Plus Expedited","",'536104310304181323351,"EN ROUTE TO DHL ECOMMERCE",01:19:09 PM,5361043,'33872103046514523,"225 NY-303"
'20210304152040541A4LX2OK,'9361269903506410029292,"03/04/2021 10:20:43 AM",,"14 Farrington","","Arlington","MA",'02474,US,1.3125,"DHL SM Parcel Plus Ground","",'536104310304181323351,"EN ROUTE TO DHL ECOMMERCE",01:19:09 PM,5361043,'33872103046514504,"225 NY-303"
'20210304153031291NKJDU3E,'9361269903506410100434,"03/04/2021 10:30:31 AM",,"55 Arch Street","","Manchester","NH",'03103,US,1.3125,"DHL SM Parcel Plus Ground","",'536104310304181323351,"EN ROUTE TO DHL ECOMMERCE",01:19:09 PM,5361043,'33872103046514521,"225 NY-303"
'20210304155903180LHB3S4O,'9361269903506410337144,"03/04/2021 10:59:05 AM",,"55 Mystic Cove Road","","Raymond","ME",'04071,US,1.4375,"DHL SM Parcel Plus Ground","",'536104310304181323351,"EN ROUTE TO DHL ECOMMERCE",01:19:09 PM,5361043,'33872103046514638,"225 NY-303"
'20210304152446572G5SWWXP,'9361269903506410057233,"03/04/2021 10:24:47 AM",,"333 Christian Street","","Wallingford","CT",'06070,US,1.3125,"DHL SM Parcel Plus Ground","",'536104310304181323351,"EN ROUTE TO DHL ECOMMERCE",01:19:09 PM,5361043,'33872103046514646,"225 NY-303"
'20210304153031383TR04TAK,'9361269903506410099387,"03/04/2021 10:30:32 AM",,"14 Elmwood Way","","Clinton","CT",'06413,US,1.3125,"DHL SM Parcel Plus Ground","",'536104310304181323351,"EN ROUTE TO DHL ECOMMERCE",01:19:09 PM,5361043,'33872103046514630,"225 NY-303"
'20210304152445758QR3BIJZ,'9361269903506410055680,"03/04/2021 10:24:46 AM",,"39 Puritan Road","","Trumbull","CT",'06611,US,1.3125,"DHL SM Parcel Plus Ground","",'536104310304181323351,"EN ROUTE TO DHL ECOMMERCE",01:19:09 PM,5361043,'33872103046514578,"225 NY-303"
'20210304152047463020RMCJ,'9361269903506410028653,"03/04/2021 10:20:47 AM",,"18 Blue Trail Drive","","Prospect","CT",'06712,US,1.3125,"DHL SM Parcel Plus Ground","",'536104310304181323351,"EN ROUTE TO DHL ECOMMERCE",01:19:09 PM,5361043,'33872103046514507,"225 NY-303"
'20210304155911552YDRPWY1,'9361269903506410338462,"03/04/2021 10:59:12 AM",,"44 Mulberry Street","","Ridgefield","CT",'06877,US,1.4375,"DHL SM Parcel Plus Ground","",'536104310304181323351,"EN ROUTE TO DHL ECOMMERCE",01:19:09 PM,5361043,'33872103046514493,"225 NY-303"
'20210304155911818SHJR0HF,'9361269903506410338479,"03/04/2021 10:59:12 AM",,"379 Westhill Rd","","Stamford","CT",'069021709,US,1.4375,"DHL SM Parcel Plus Ground","",'536104310304181323351,"EN ROUTE TO DHL ECOMMERCE",01:19:09 PM,5361043,'33872103046514566,"225 NY-303"
'20210304152614225124N3TP,'9361269903506410068550,"03/04/2021 10:26:14 AM",,"1450 Washington Street","Unit 208","Hoboken","NJ",'07030,US,1.3125,"DHL SM Parcel Plus Ground","",'536104310304181323351,"EN ROUTE TO DHL ECOMMERCE",01:19:09 PM,5361043,'33872103046514614,"225 NY-303"
'20210304165615577CKQ0PPP,'9361269903506410756655,"03/04/2021 11:56:17 AM",,"586 Grove Street","","Montclair","NJ",'07043,US,1.3125,"DHL SM Parcel Plus Ground","",'536104310304181323351,"EN ROUTE TO DHL ECOMMERCE",01:19:09 PM,5361043,'33872103046514492,"225 NY-303"
'20210304152616539MC4RV0R,'9361269903506410067768,"03/04/2021 10:26:17 AM",,"15 white terrace","","Nutley","NJ",'07110,US,1.3125,"DHL SM Parcel Plus Ground","",'536104310304181323351,"EN ROUTE TO DHL ECOMMERCE",01:19:09 PM,5361043,'33872103046514647,"225 NY-303"
'2021030415303005053GYLPS,'9361269903506410100885,"03/04/2021 10:30:30 AM",,"153 Carlisle Terrace","","Ridgewood","NJ",'07450,US,1.3125,"DHL SM Parcel Plus Ground","",'536104310304181323351,"EN ROUTE TO DHL ECOMMERCE",01:19:09 PM,5361043,'33872103046514690,"225 NY-303"
'20210304152048425LXALQ1S,'9361269903506410029520,"03/04/2021 10:20:48 AM",,"630 ROBERT ST","","RIDGEWOOD","NJ",'07450,US,1.3125,"DHL SM Parcel Plus Ground","",'536104310304181323351,"EN ROUTE TO DHL ECOMMERCE",01:19:09 PM,5361043,'33872103046514514,"225 NY-303"
'20210304155905535VW14OQO,'9361269903506410336598,"03/04/2021 10:59:07 AM",,"465 Fairfield Avenue","","Ridgewood","NJ",'07450,US,1.4375,"DHL SM Parcel Plus Ground","",'536104310304181323351,"EN ROUTE TO DHL ECOMMERCE",01:19:09 PM,5361043,'33872103046514670,"225 NY-303"
'20210304152619745EA1MEF1,'9361269903506410069953,"03/04/2021 10:26:20 AM",,"167 Lexington Ave","","Westwood","NJ",'07675,US,1.3125,"DHL SM Parcel Plus Ground","",'536104310304181323351,"EN ROUTE TO DHL ECOMMERCE",01:19:09 PM,5361043,'33872103046514688,"225 NY-303"
'20210304155916051Z11ZBJ0,'9361269903506410339353,"03/04/2021 10:59:16 AM",,"1442 Dorsett Drive","","Wall","NJ",'07719,US,1.4375,"DHL SM Parcel Plus Ground","",'536104310304181323351,"EN ROUTE TO DHL ECOMMERCE",01:19:09 PM,5361043,'33872103046514481,"225 NY-303"
'20210304153027480GDPQ4LO,'9361269903506410099257,"03/04/2021 10:30:28 AM",,"Po box 144","","Brookside","NJ",'07926,US,1.3125,"DHL SM Parcel Plus Ground","",'536104310304181323351,"EN ROUTE TO DHL ECOMMERCE",01:19:09 PM,5361043,'33872103046514535,"225 NY-303"
'20210304152617735LHAPZJZ,'9361269903506410069847,"03/04/2021 10:26:18 AM",,"524 Maple Avenue","","Collingswood","NJ",'08108,US,1.3125,"DHL SM Parcel Plus Ground","",'536104310304181323351,"EN ROUTE TO DHL ECOMMERCE",01:19:09 PM,5361043,'33872103046514619,"225 NY-303"
'20210304152053329D2O15TG,'9361269903506410029704,"03/04/2021 10:20:53 AM",,"3 Greene Court","","West Windsor","NJ",'08550,US,1.3125,"DHL SM Parcel Plus Ground","",'536104310304181323351,"EN ROUTE TO DHL ECOMMERCE",01:19:09 PM,5361043,'33872103046514503,"225 NY-303"
'20210304152043317JPWUAXN,'9361269903506410029339,"03/04/2021 10:20:43 AM",,"3 Sunflower Lane","","Hamilton","NJ",'08620,US,1.3125,"DHL SM Parcel Plus Ground","",'536104310304181323351,"EN ROUTE TO DHL ECOMMERCE",01:19:09 PM,5361043,'33872103046514505,"225 NY-303"
'20210304153030058PRAGEIY,'9361269903506410100403,"03/04/2021 10:30:30 AM",,"23 Sara Drive","","Robbinsville","NJ",'08691,US,1.3125,"DHL SM Parcel Plus Ground","",'536104310304181323351,"EN ROUTE TO DHL ECOMMERCE",01:19:09 PM,5361043,'33872103046514557,"225 NY-303"
'20210304171008242OS4CWKR,'9361269903506410849111,"03/04/2021 12:10:08 PM",,"433 Euclid Avenue","","Manasquan","NJ",'08736,US,1,"DHL SM Parcel Plus Ground","",'536104310304181323351,"EN ROUTE TO DHL ECOMMERCE",01:19:09 PM,5361043,'33872103046514475,"225 NY-303"
'20210304155910557XPZOS2I,'9361269903506410336734,"03/04/2021 10:59:11 AM",,"2103 BEACH BLVD","","PT PLEASANT","NJ",'08742,US,1.4375,"DHL SM Parcel Plus Ground","",'536104310304181323351,"EN ROUTE TO DHL ECOMMERCE",01:19:09 PM,5361043,'33872103046514627,"225 NY-303"
'20210304152042999B4A1NSL,'9361269903506410029315,"03/04/2021 10:20:43 AM",,"305 West Broadway","#123","NYC","NY",'10013,US,1.3125,"DHL SM Parcel Plus Ground","",'536104310304181323351,"EN ROUTE TO DHL ECOMMERCE",01:19:09 PM,5361043,'33872103046514524,"225 NY-303"
'202103041520494905S4TV2N,'9361269903506410029629,"03/04/2021 10:20:51 AM",,"360 FURMAN STREET","APT 511","BROOKLYN","NY",'11201,US,1.3125,"DHL SM Parcel Plus Ground","",'536104310304181323351,"EN ROUTE TO DHL ECOMMERCE",01:19:09 PM,5361043,'33872103046514496,"225 NY-303"
'202103041526181723C4ELKK,'9361269903506410068956,"03/04/2021 10:26:18 AM",,"1655","","Brooklyn","NY",'11204,US,1.3125,"DHL SM Parcel Plus Ground","",'536104310304181323351,"EN ROUTE TO DHL ECOMMERCE",01:19:09 PM,5361043,'33872103046514659,"225 NY-303"
'2021030415590317930NOJ2G,'9361269903506410336529,"03/04/2021 10:59:05 AM",,"2134 erma dr","","East Meadow","NY",'11554,US,1.4375,"DHL SM Parcel Plus Ground","",'536104310304181323351,"EN ROUTE TO DHL ECOMMERCE",01:19:09 PM,5361043,'33872103046514626,"225 NY-303"
'20210304171507370VRW54AZ,'9361269903506410880275,"03/04/2021 12:15:08 PM",,"52 Cedar Road","","East Northport","NY",'11731,US,2.625,"DHL SM Parcel Plus Ground","",'536104310304181323351,"EN ROUTE TO DHL ECOMMERCE",01:19:09 PM,5361043,'33872103046514489,"225 NY-303"
'202103041524463352O0XPT5,'9361269903506410055703,"03/04/2021 10:24:46 AM",,"213 1st Street","","East Northport","NY",'11731,US,1.3125,"DHL SM Parcel Plus Ground","",'536104310304181323351,"EN ROUTE TO DHL ECOMMERCE",01:19:09 PM,5361043,'33872103046514542,"225 NY-303"
'202103041530275583K5BUCF,'9361269903506410098649,"03/04/2021 10:30:28 AM",,"241 1st Ave","","Massapequa Park","NY",'11762,US,1.3125,"DHL SM Parcel Plus Ground","",'536104310304181323351,"EN ROUTE TO DHL ECOMMERCE",01:19:09 PM,5361043,'33872103046514559,"225 NY-303"
'20210304153027887OE2YCLV,'9361269903506410098663,"03/04/2021 10:30:28 AM",,"1878 Jackson Avenue","","Seaford","NY",'11783,US,1.3125,"DHL SM Parcel Plus Ground","",'536104310304181323351,"EN ROUTE TO DHL ECOMMERCE",01:19:09 PM,5361043,'33872103046514599,"225 NY-303"
'20210304165615586AR0FH0A,'9361269903506410758284,"03/04/2021 11:56:18 AM",,"34 Springwood Lane","","East Hampton","NY",'11937,US,1.3125,"DHL SM Parcel Plus Ground","",'536104310304181323351,"EN ROUTE TO DHL ECOMMERCE",01:19:09 PM,5361043,'33872103046514490,"225 NY-303"
'20210304152049491VZUVYJP,'9361269903506410031028,"03/04/2021 10:20:50 AM",,"16 Stella Lane","A","Amsterdam","NY",'12010,US,1.3125,"DHL SM Parcel Plus Ground","",'536104310304181323351,"EN ROUTE TO DHL ECOMMERCE",01:19:09 PM,5361043,'33872103046514674,"225 NY-303"
'20210304155905528KPQLJUP,'9361269903506410336604,"03/04/2021 10:59:07 AM",,"1 Tall Oaks Road","","Marlboro","NY",'12542,US,1.4375,"DHL SM Parcel Plus Ground","",'536104310304181323351,"EN ROUTE TO DHL ECOMMERCE",01:19:09 PM,5361043,'33872103046514573,"225 NY-303"
'20210304152615059XQPJJJ0,'9361269903506410068581,"03/04/2021 10:26:15 AM",,"29 Briarwood Drive","","Wappingers Falls","NY",'12590,US,1.3125,"DHL SM Parcel Plus Ground","",'536104310304181323351,"EN ROUTE TO DHL ECOMMERCE",01:19:09 PM,5361043,'33872103046514699,"225 NY-303"
'20210304152617316CLOQOJG,'9361269903506410069830,"03/04/2021 10:26:17 AM",,"1434 Quaker Road","","Barker","NY",'14012,US,1.3125,"DHL SM Parcel Plus Ground","",'536104310304181323351,"EN ROUTE TO DHL ECOMMERCE",01:19:09 PM,5361043,'33872103046514603,"225 NY-303"
'20210304152442570UMKQBNE,'9361269903506410055635,"03/04/2021 10:24:43 AM",,"9496 W. Hill Road","","Boston","NY",'14025,US,1.3125,"DHL SM Parcel Plus Ground","",'536104310304181323351,"EN ROUTE TO DHL ECOMMERCE",01:19:09 PM,5361043,'33872103046514516,"225 NY-303"
'20210304153034666UBZZA1O,'9361269903506410101929,"03/04/2021 10:30:35 AM",,"3933 Charing Cross","","Canandaigua","NY",'14424,US,1.3125,"DHL SM Parcel Plus Ground","",'536104310304181323351,"EN ROUTE TO DHL ECOMMERCE",01:19:09 PM,5361043,'33872103046514561,"225 NY-303"
'20210304155905536GUR13JR,'9361269903506410338981,"03/04/2021 10:59:07 AM",,"90 West sixth St","","Corning","NY",'14830,US,1.4375,"DHL SM Parcel Plus Ground","",'536104310304181323351,"EN ROUTE TO DHL ECOMMERCE",01:19:09 PM,5361043,'33872103046514666,"225 NY-303"
'20210304155908797O34WVZX,'9361269903506410339049,"03/04/2021 10:59:09 AM",,"239 Oakville Rd","","Beaver Falls","PA",'15010,US,1.4375,"DHL SM Parcel Plus Ground","",'536104310304181323351,"EN ROUTE TO DHL ECOMMERCE",01:19:09 PM,5361043,'33872103046514635,"225 NY-303"
'20210304152440752WCYVGKV,'9361269903506410058162,"03/04/2021 10:24:46 AM",,"1103 Eleanor Place","","GIBSONIA","PA",'15044,US,1.3125,"DHL SM Parcel Plus Ground","",'536104310304181323351,"EN ROUTE TO DHL ECOMMERCE",01:19:09 PM,5361043,'33872103046514596,"225 NY-303"
'20210304152442637KGOPMEY,'9361269903506410055628,"03/04/2021 10:24:43 AM",,"707 E 24TH AVE","","ALTOONA","PA",'166014025,US,1.3125,"DHL SM Parcel Plus Ground","",'536104310304181323351,"EN ROUTE TO DHL ECOMMERCE",01:19:09 PM,5361043,'33872103046514576,"225 NY-303"
'20210304153029344ZQEDCW0,'9361269903506410098748,"03/04/2021 10:30:30 AM",,"200 Brodbeck Drive","","Duncansville","PA",'16635,US,1.3125,"DHL SM Parcel Plus Ground","",'536104310304181323351,"EN ROUTE TO DHL ECOMMERCE",01:19:09 PM,5361043,'33872103046514530,"225 NY-303"
'20210304153034620OYX1UMD,'9361269903506410099509,"03/04/2021 10:30:35 AM",,"7823 Yellow Church Road","","Seven Valleys","PA",'17360,US,1.3125,"DHL SM Parcel Plus Ground","",'536104310304181323351,"EN ROUTE TO DHL ECOMMERCE",01:19:09 PM,5361043,'33872103046514691,"225 NY-303"
'20210304152455532LYKSELR,'9361269903506410058407,"03/04/2021 10:24:56 AM",,"157 W Frederick St","","Millersville","PA",'17551,US,1.3125,"DHL SM Parcel Plus Ground","",'536104310304181323351,"EN ROUTE TO DHL ECOMMERCE",01:19:09 PM,5361043,'33872103046514607,"225 NY-303"
'20210304152440823RYMN1RI,'9361269903506410058032,"03/04/2021 10:24:41 AM",,"4221 Campbell Drive","","Bethlehem","PA",'18020,US,1.3125,"DHL SM Parcel Plus Ground","",'536104310304181323351,"EN ROUTE TO DHL ECOMMERCE",01:19:09 PM,5361043,'33872103046514540,"225 NY-303"
'20210304152052264UQNPIVN,'9361269903506410029667,"03/04/2021 10:20:52 AM",,"2322 Weinmann Way","","Yardley","PA",'19067,US,1.3125,"DHL SM Parcel Plus Ground","",'536104310304181323351,"EN ROUTE TO DHL ECOMMERCE",01:19:09 PM,5361043,'33872103046514641,"225 NY-303"
'2021030415204824323EQIYZ,'9361269903506410030984,"03/04/2021 10:20:48 AM",,"1332 MORRIS ROAD","","WYNNEWOOD","PA",'19096,US,1.3125,"DHL SM Parcel Plus Ground","",'536104310304181323351,"EN ROUTE TO DHL ECOMMERCE",01:19:09 PM,5361043,'33872103046514682,"225 NY-303"
'20210304155912342BHBUNBT,'9361269903506410339827,"03/04/2021 10:59:12 AM",,"5142 Delancey St.","1","Philadelphia","PA",'19143,US,1.4375,"DHL SM Parcel Plus Ground","",'536104310304181323351,"EN ROUTE TO DHL ECOMMERCE",01:19:09 PM,5361043,'33872103046514567,"225 NY-303"
'20210304152050880A0XGQNA,'9361269903506410031042,"03/04/2021 10:20:51 AM",,"1545 Hilltop Road","","Downgintown","PA",'19335,US,1.3125,"DHL SM Parcel Plus Ground","",'536104310304181323351,"EN ROUTE TO DHL ECOMMERCE",01:19:09 PM,5361043,'33872103046514509,"225 NY-303"
'20210304152049097GLMFJQZ,'9361269903506410030113,"03/04/2021 10:20:49 AM",,"638 Shoemaker Lane","","King of Prussia","PA",'19406,US,1.3125,"DHL SM Parcel Plus Ground","",'536104310304181323351,"EN ROUTE TO DHL ECOMMERCE",01:19:09 PM,5361043,'33872103046514510,"225 NY-303"
'202103041524441411WXMVKP,'9361269903506410058100,"03/04/2021 10:24:44 AM",,"731 S Towamencin Ave","","Lansdale","PA",'19446,US,1.3125,"DHL SM Parcel Plus Ground","",'536104310304181323351,"EN ROUTE TO DHL ECOMMERCE",01:19:09 PM,5361043,'33872103046514653,"225 NY-303"
'20210304152438567VIY2HNX,'9361269903506410055512,"03/04/2021 10:24:39 AM",,"511 Isadore Drive","","New Castle","DE",'19720,US,1.3125,"DHL SM Parcel Plus Ground","",'536104310304181323351,"EN ROUTE TO DHL ECOMMERCE",01:19:09 PM,5361043,'33872103046514539,"225 NY-303"
'2021030415244488815II2PO,'9361269903506410057189,"03/04/2021 10:24:45 AM",,"3616 17th Street NE","","Washington","DC",'20018,US,1.3125,"DHL SM Parcel Plus Ground","",'536104310304181323351,"EN ROUTE TO DHL ECOMMERCE",01:19:09 PM,5361043,'33872103046514577,"225 NY-303"
'20210304153030984XRPEXDT,'9361269903506410100441,"03/04/2021 10:30:32 AM",,"24203 Audubon Trail Drive","","Aldie","VA",'20105,US,1.3125,"DHL SM Parcel Plus Ground","",'536104310304181323351,"EN ROUTE TO DHL ECOMMERCE",01:19:09 PM,5361043,'33872103046514611,"225 NY-303"
'20210304152445418Q1JICEU,'9361269903506410058155,"03/04/2021 10:24:45 AM",,"25224 Larks Terrace","","South Riding","VA",'20152,US,1.3125,"DHL SM Parcel Plus Ground","",'536104310304181323351,"EN ROUTE TO DHL ECOMMERCE",01:19:09 PM,5361043,'33872103046514632,"225 NY-303"
'20210304153032677WJHVCLT,'9361269903506410100519,"03/04/2021 10:30:33 AM",,"9909 Markham Street","","Silver Spring","MD",'20901,US,1.3125,"DHL SM Parcel Plus Ground","",'536104310304181323351,"EN ROUTE TO DHL ECOMMERCE",01:19:09 PM,5361043,'33872103046514531,"225 NY-303"
'20210304153035424A3LTAXY,'9361269903506410100625,"03/04/2021 10:30:36 AM",,"1717 Dogwood Drive","","Frederick","MD",'21701,US,1.3125,"DHL SM Parcel Plus Ground","",'536104310304181323351,"EN ROUTE TO DHL ECOMMERCE",01:19:09 PM,5361043,'33872103046514697,"225 NY-303"
'20210304152614969GCAB313,'9361269903506410067683,"03/04/2021 10:26:15 AM",,"205 JENKINS CREEK CT","","WALKERSVILLE","MD",'21793,US,1.3125,"DHL SM Parcel Plus Ground","",'536104310304181323351,"EN ROUTE TO DHL ECOMMERCE",01:19:09 PM,5361043,'33872103046514551,"225 NY-303"
'20210304155910645O5KFPKK,'9361269903506410339186,"03/04/2021 10:59:11 AM",,"5525 Starboard Ct","","Fairfax","VA",'22032,US,1.4375,"DHL SM Parcel Plus Ground","",'536104310304181323351,"EN ROUTE TO DHL ECOMMERCE",01:19:09 PM,5361043,'33872103046514672,"225 NY-303"
'20210304152616503RNCWNVG,'9361269903506410065672,"03/04/2021 10:26:17 AM",,"5216 11th Rd N","","Arlington","VA",'222052425,US,1.3125,"DHL SM Parcel Plus Ground","",'536104310304181323351,"EN ROUTE TO DHL ECOMMERCE",01:19:09 PM,5361043,'33872103046514527,"225 NY-303"
'20210304171626358EF2L4HE,'9361269903506410886796,"03/04/2021 12:16:27 PM",,"108 Meadowgate Dr","","Forest","VA",'24551,US,2.3125,"DHL SM Parcel Plus Ground","",'536104310304181323351,"EN ROUTE TO DHL ECOMMERCE",01:19:09 PM,5361043,'33872103046514482,"225 NY-303"
'20210304153033856JKVUAVX,'9361269903506410101905,"03/04/2021 10:30:34 AM",,"4 Birch Avenue","","Wheeling","WV",'26003,US,1.3125,"DHL SM Parcel Plus Ground","",'536104310304181323351,"EN ROUTE TO DHL ECOMMERCE",01:19:09 PM,5361043,'33872103046514613,"225 NY-303"
'20210304152615812OGEG5XQ,'9361269903506410065610,"03/04/2021 10:26:16 AM",,"369 Rabbit Farm Trail","","Advance","NC",'27006,US,1.3125,"DHL SM Parcel Plus Ground","",'536104310304181323351,"EN ROUTE TO DHL ECOMMERCE",01:19:09 PM,5361043,'33872103046514677,"225 NY-303"
'20210304152615913E21SKQF,'9361269903506410068642,"03/04/2021 10:26:16 AM",,"198 Old Homeplace Dr","","Advance","NC",'27006,US,1.3125,"DHL SM Parcel Plus Ground","",'536104310304181323351,"EN ROUTE TO DHL ECOMMERCE",01:19:09 PM,5361043,'33872103046514617,"225 NY-303"
'20210304152615777OWZRBKK,'9361269903506410065641,"03/04/2021 10:26:16 AM",,"112 Leckford Way","","Cary","NC",'27513,US,1.3125,"DHL SM Parcel Plus Ground","",'536104310304181323351,"EN ROUTE TO DHL ECOMMERCE",01:19:09 PM,5361043,'33872103046514600,"225 NY-303"
'20210304155908284SMJD0FQ,'9361269903506410339025,"03/04/2021 10:59:08 AM",,"110 Loch Haven Lane","","Cary","NC",'27518,US,1.4375,"DHL SM Parcel Plus Ground","",'536104310304181323351,"EN ROUTE TO DHL ECOMMERCE",01:19:09 PM,5361043,'33872103046514648,"225 NY-303"
'202103041524399395OTWLJF,'9361269903506410054805,"03/04/2021 10:24:40 AM",,"2404 Grayson Creek Dr.","","Wake Forest","NC",'27587,US,1.3125,"DHL SM Parcel Plus Ground","",'536104310304181323351,"EN ROUTE TO DHL ECOMMERCE",01:19:09 PM,5361043,'33872103046514660,"225 NY-303"
'20210304155913311YMZUGFQ,'9361269903506410339841,"03/04/2021 10:59:13 AM",,"611 Sawtooth Oak Drive","","Landis","NC",'28088,US,1.4375,"DHL SM Parcel Plus Ground","",'536104310304181323351,"EN ROUTE TO DHL ECOMMERCE",01:19:09 PM,5361043,'33872103046514484,"225 NY-303"
'20210304155907966Q1HXOS3,'9361269903506410339001,"03/04/2021 10:59:08 AM",,"7007 Hamilton Mill Drive","","Waxhaw","NC",'28173,US,1.4375,"DHL SM Parcel Plus Ground","",'536104310304181323351,"EN ROUTE TO DHL ECOMMERCE",01:19:09 PM,5361043,'33872103046514563,"225 NY-303"
'20210304171008235DYQZ4HM,'9361269903506410850926,"03/04/2021 12:10:10 PM",,"2627 Idlewood Circle","","Charlotte","NC",'28209,US,1,"DHL SM Parcel Plus Ground","",'536104310304181323351,"EN ROUTE TO DHL ECOMMERCE",01:19:09 PM,5361043,'33872103046514479,"225 NY-303"
'20210304155909559QESADK3,'9361269903506410337243,"03/04/2021 10:59:10 AM",,"4328 Cameron Oaks Drive","","Charlotte","NC",'28211,US,1.4375,"DHL SM Parcel Plus Ground","",'536104310304181323351,"EN ROUTE TO DHL ECOMMERCE",01:19:09 PM,5361043,'33872103046514649,"225 NY-303"
'20210304153032385UWESKTO,'9361269903506410100496,"03/04/2021 10:30:32 AM",,"20417 Island Forest Drive","","Cornelius","NC",'28301,US,1.3125,"DHL SM Parcel Plus Ground","",'536104310304181323351,"EN ROUTE TO DHL ECOMMERCE",01:19:09 PM,5361043,'33872103046514558,"225 NY-303"
'20210304153028423FM3ZU3J,'9361269903506410100311,"03/04/2021 10:30:29 AM",,"133Woodlands West","","Columbia","SC",'29229,US,1.3125,"DHL SM Parcel Plus Ground","",'536104310304181323351,"EN ROUTE TO DHL ECOMMERCE",01:19:09 PM,5361043,'33872103046514529,"225 NY-303"
'20210304152439947EZXDXU4,'9361269903506410055550,"03/04/2021 10:24:40 AM",,"105 standford ct","Street Address 2","ladson","SC",'29456,US,1.3125,"DHL SM Parcel Plus Ground","",'536104310304181323351,"EN ROUTE TO DHL ECOMMERCE",01:19:09 PM,5361043,'33872103046514587,"225 NY-303"
'20210304155903266BAU5XRB,'9361269903506410337137,"03/04/2021 10:59:05 AM",,"117 birch river rd","","Greenville","SC",'29611,US,1.4375,"DHL SM Parcel Plus Ground","",'536104310304181323351,"EN ROUTE TO DHL ECOMMERCE",01:19:09 PM,5361043,'33872103046514564,"225 NY-303"
'20210304170606211KYDDWB3,'9361269903506410826808,"03/04/2021 12:06:08 PM",,"201 Chippy Road","","Greer","SC",'29650,US,1.3125,"DHL SM Parcel Plus Ground","",'536104310304181323351,"EN ROUTE TO DHL ECOMMERCE",01:19:09 PM,5361043,'33872103046514488,"225 NY-303"
'20210304153027575O4ZREE5,'9361269903506410100281,"03/04/2021 10:30:28 AM",,"587 14th street E","","Fairfax","SC",'29827,US,1.3125,"DHL SM Parcel Plus Ground","",'536104310304181323351,"EN ROUTE TO DHL ECOMMERCE",01:19:09 PM,5361043,'33872103046514518,"225 NY-303"
'20210304152616938NNDRGPK,'9361269903506410065696,"03/04/2021 10:26:17 AM",,"1775 Noblin Summit Dr","","Duluth","GA",'30097,US,1.3125,"DHL SM Parcel Plus Ground","",'536104310304181323351,"EN ROUTE TO DHL ECOMMERCE",01:19:09 PM,5361043,'33872103046514546,"225 NY-303"
'20210304155908003RXPEOFO,'9361269903506410336635,"03/04/2021 10:59:08 AM",,"15333 GA HWY 109","","Meansville","GA",'30256,US,1.4375,"DHL SM Parcel Plus Ground","",'536104310304181323351,"EN ROUTE TO DHL ECOMMERCE",01:19:09 PM,5361043,'33872103046514476,"225 NY-303"
'20210304152614227TYV3OG5,'9361269903506410068567,"03/04/2021 10:26:14 AM",,"4579 Lake Falls Drive","","Buford","GA",'30519,US,1.3125,"DHL SM Parcel Plus Ground","",'536104310304181323351,"EN ROUTE TO DHL ECOMMERCE",01:19:09 PM,5361043,'33872103046514657,"225 NY-303"
'20210304152619633ITXN3S5,'9361269903506410065757,"03/04/2021 10:26:20 AM",,"85 oak grove lane","","Dawsonville","GA",'30534,US,1.3125,"DHL SM Parcel Plus Ground","",'536104310304181323351,"EN ROUTE TO DHL ECOMMERCE",01:19:09 PM,5361043,'33872103046514602,"225 NY-303"
'20210304152447057SNVKTC3,'9361269903506410055734,"03/04/2021 10:24:47 AM",,"11862 Atlin Dr","","Orlando","FL",'32837,US,1.3125,"DHL SM Parcel Plus Ground","",'536104310304181323351,"EN ROUTE TO DHL ECOMMERCE",01:19:09 PM,5361043,'33872103046514597,"225 NY-303"
'2021030415302927354SRR5B,'9361269903506410098731,"03/04/2021 10:30:29 AM",,"292 Buttonwood Shores Drive","","Key Largo","FL",'33037,US,1.3125,"DHL SM Parcel Plus Ground","",'536104310304181323351,"EN ROUTE TO DHL ECOMMERCE",01:19:09 PM,5361043,'33872103046514534,"225 NY-303"
'20210304152446118V4JEIBB,'9361269903506410055710,"03/04/2021 10:24:46 AM",,"10827 Whitehawk Street","N/A","Plantation","FL",'33324,US,1.3125,"DHL SM Parcel Plus Ground","",'536104310304181323351,"EN ROUTE TO DHL ECOMMERCE",01:19:09 PM,5361043,'33872103046514655,"225 NY-303"
'20210304152047460Z5SZ1CV,'9361269903506410028660,"03/04/2021 10:20:48 AM",,"105 S O’Brien Street","Apt 104","Tampa","FL",'33609,US,1.3125,"DHL SM Parcel Plus Ground","",'536104310304181323351,"EN ROUTE TO DHL ECOMMERCE",01:19:09 PM,5361043,'33872103046514662,"225 NY-303"
'20210304181225780VNDWCKV,'9361269903506411256772,"03/04/2021 01:12:28 PM",,"10133 Sailfish Lane","","Naples","FL",'34109,US,1.3125,"DHL SM Parcel Plus Ground","",'536104310304181323351,"EN ROUTE TO DHL ECOMMERCE",01:19:09 PM,5361043,'33872103046514480,"225 NY-303"
'20210304153033673VMNSZD1,'9361269903506410099462,"03/04/2021 10:30:34 AM",,"4760 Sweetshade Dr.","","Sarasota","FL",'34241,US,1.3125,"DHL SM Parcel Plus Ground","",'536104310304181323351,"EN ROUTE TO DHL ECOMMERCE",01:19:09 PM,5361043,'33872103046514612,"225 NY-303"
'202103041559098325QW5NWZ,'9361269903506410338394,"03/04/2021 10:59:10 AM",,"2845 Winterberry Way","","Owens Cross Roads","AL",'35763,US,1.4375,"DHL SM Parcel Plus Ground","",'536104310304181323351,"EN ROUTE TO DHL ECOMMERCE",01:19:09 PM,5361043,'33872103046514574,"225 NY-303"
'20210304152440825DFFP2NA,'9361269903506410058858,"03/04/2021 10:24:41 AM",,"2511 Tollgate Rd","B","Huntsville","AL",'35801,US,1.3125,"DHL SM Parcel Plus Ground","",'536104310304181323351,"EN ROUTE TO DHL ECOMMERCE",01:19:09 PM,5361043,'33872103046514588,"225 NY-303"
'20210304152438559A34K5LU,'9361269903506410057028,"03/04/2021 10:24:39 AM",,"307 Mealer Street","","Franklin","TN",'37067,US,1.3125,"DHL SM Parcel Plus Ground","",'536104310304181323351,"EN ROUTE TO DHL ECOMMERCE",01:19:09 PM,5361043,'33872103046514586,"225 NY-303"
'20210304155907480WXPVSIP,'9361269903506410337168,"03/04/2021 10:59:07 AM",,"4065 houston Antioch road","","Lexington","KY",'40516,US,1.4375,"DHL SM Parcel Plus Ground","",'536104310304181323351,"EN ROUTE TO DHL ECOMMERCE",01:19:09 PM,5361043,'33872103046514634,"225 NY-303"
'20210304152044067RQDAYE0,'9361269903506410028578,"03/04/2021 10:20:44 AM",,"1858 Joe Walker Rd","","Galena","OH",'43021,US,1.3125,"DHL SM Parcel Plus Ground","",'536104310304181323351,"EN ROUTE TO DHL ECOMMERCE",01:19:09 PM,5361043,'33872103046514554,"225 NY-303"
'20210304152617479R0QZZ5J,'9361269903506410065719,"03/04/2021 10:26:18 AM",,"346 Trails End","","Aurora","OH",'44202,US,1.3125,"DHL SM Parcel Plus Ground","",'536104310304181323351,"EN ROUTE TO DHL ECOMMERCE",01:19:09 PM,5361043,'33872103046514658,"225 NY-303"
'20210304165615611TLVZ0JK,'9361269903506410757225,"03/04/2021 11:56:17 AM",,"1189 Stearns St","","Brunswick","OH",'44212,US,1.3125,"DHL SM Parcel Plus Ground","",'536104310304181323351,"EN ROUTE TO DHL ECOMMERCE",01:19:09 PM,5361043,'33872103046514486,"225 NY-303"
'20210304152615739RPQKMTU,'9361269903506410068871,"03/04/2021 10:26:16 AM",,"5588 Bilney Ct.","","Medina","OH",'44256,US,1.3125,"DHL SM Parcel Plus Ground","",'536104310304181323351,"EN ROUTE TO DHL ECOMMERCE",01:19:09 PM,5361043,'33872103046514580,"225 NY-303"
'20210304153031109FOWUNPU,'9361269903506410099394,"03/04/2021 10:30:31 AM",,"150 W Buckeye Street","","West Salem","OH",'44287,US,1.3125,"DHL SM Parcel Plus Ground","",'536104310304181323351,"EN ROUTE TO DHL ECOMMERCE",01:19:09 PM,5361043,'33872103046514537,"225 NY-303"
'20210304152441672MUQPP3P,'9361269903506410055598,"03/04/2021 10:24:42 AM",,"5731 Stone Trace","","Deerfield Township","OH",'45040,US,1.3125,"DHL SM Parcel Plus Ground","",'536104310304181323351,"EN ROUTE TO DHL ECOMMERCE",01:19:09 PM,5361043,'33872103046514693,"225 NY-303"
'202103041530308850FLKU1Q,'9361269903506410100427,"03/04/2021 10:30:31 AM",,"7646 O’Hara Dr","","Morrow","OH",'45152,US,1.3125,"DHL SM Parcel Plus Ground","",'536104310304181323351,"EN ROUTE TO DHL ECOMMERCE",01:19:09 PM,5361043,'33872103046514519,"225 NY-303"
'20210304153030040ONAAADZ,'9361269903506410098762,"03/04/2021 10:30:30 AM",,"5244 Crested Owl Ct","","Morrow","OH",'45152,US,1.3125,"DHL SM Parcel Plus Ground","",'536104310304181323351,"EN ROUTE TO DHL ECOMMERCE",01:19:09 PM,5361043,'33872103046514536,"225 NY-303"
'20210304152615848AXW23KD,'9361269903506410065627,"03/04/2021 10:26:16 AM",,"8256 Arborcrest Drive","","cincinnati","OH",'45209,US,1.3125,"DHL SM Parcel Plus Ground","",'536104310304181323351,"EN ROUTE TO DHL ECOMMERCE",01:19:09 PM,5361043,'33872103046514581,"225 NY-303"
'20210304152621114G3LUB0D,'9361269903506410070843,"03/04/2021 10:26:21 AM",,"1463 Dordine Ln","","Cincinnati","OH",'45231,US,1.3125,"DHL SM Parcel Plus Ground","",'536104310304181323351,"EN ROUTE TO DHL ECOMMERCE",01:19:09 PM,5361043,'33872103046514679,"225 NY-303"
'20210304155910975CIRI5Y5,'9361269903506410338431,"03/04/2021 10:59:11 AM",,"521 Rustic Trail","","Beavercreek","OH",'45434,US,1.4375,"DHL SM Parcel Plus Ground","",'536104310304181323351,"EN ROUTE TO DHL ECOMMERCE",01:19:09 PM,5361043,'33872103046514636,"225 NY-303"
'20210304152614227BISCQWR,'9361269903506410068543,"03/04/2021 10:26:14 AM",,"71 Hearthstone Drive","","Lucasville","OH",'45648,US,1.3125,"DHL SM Parcel Plus Ground","",'536104310304181323351,"EN ROUTE TO DHL ECOMMERCE",01:19:09 PM,5361043,'33872103046514545,"225 NY-303"
'202103041520450351MN1IVN,'9361269903506410030908,"03/04/2021 10:20:45 AM",,"475 Patriot Ridge Drive","","Wheelersburg","OH",'45694,US,1.3125,"DHL SM Parcel Plus Ground","",'536104310304181323351,"EN ROUTE TO DHL ECOMMERCE",01:19:09 PM,5361043,'33872103046514501,"225 NY-303"
'20210304152617238AOOOXOX,'9361269903506410068949,"03/04/2021 10:26:17 AM",,"PO Box 22","","New Knoxville","OH",'45871,US,1.3125,"DHL SM Parcel Plus Ground","",'536104310304181323351,"EN ROUTE TO DHL ECOMMERCE",01:19:09 PM,5361043,'33872103046514592,"225 NY-303"
'20210304152618638VFVOSF0,'9361269903506410069915,"03/04/2021 10:26:19 AM",,"14219 West Prevail Dr","","Carmel","IN",'46033,US,1.3125,"DHL SM Parcel Plus Ground","",'536104310304181323351,"EN ROUTE TO DHL ECOMMERCE",01:19:09 PM,5361043,'33872103046514548,"225 NY-303"
'20210304152443366DDEEEJI,'9361269903506410055659,"03/04/2021 10:24:44 AM",,"6401 Red Day Rd","","Martinsville","IN",'46151,US,1.3125,"DHL SM Parcel Plus Ground","",'536104310304181323351,"EN ROUTE TO DHL ECOMMERCE",01:19:09 PM,5361043,'33872103046514585,"225 NY-303"
'20210304152615035FCONCNN,'9361269903506410065573,"03/04/2021 10:26:15 AM",,"6438 N. Brook Ln","","Martinsville","IN",'46151,US,1.3125,"DHL SM Parcel Plus Ground","",'536104310304181323351,"EN ROUTE TO DHL ECOMMERCE",01:19:09 PM,5361043,'33872103046514633,"225 NY-303"
'20210304152439975VN0RXPO,'9361269903506410054812,"03/04/2021 10:24:40 AM",,"6885 E. Co. Rd. 900 S.","","Walton","IN",'46994,US,1.3125,"DHL SM Parcel Plus Ground","",'536104310304181323351,"EN ROUTE TO DHL ECOMMERCE",01:19:09 PM,5361043,'33872103046514631,"225 NY-303"
'202103041520433302W0BJWC,'9361269903506410029407,"03/04/2021 10:20:45 AM",,"1142 kenilworth pl","","Clawson","MI",'48017,US,1.3125,"DHL SM Parcel Plus Ground","",'536104310304181323351,"EN ROUTE TO DHL ECOMMERCE",01:19:09 PM,5361043,'33872103046514555,"225 NY-303"
'20210304155907966AXWB0OQ,'9361269903506410336628,"03/04/2021 10:59:08 AM",,"4857 N. Whitman Circle","","Ann Arbor","MI",'48103,US,1.4375,"DHL SM Parcel Plus Ground","",'536104310304181323351,"EN ROUTE TO DHL ECOMMERCE",01:19:09 PM,5361043,'33872103046514625,"225 NY-303"
'20210304152047479GOHNVVK,'9361269903506410029490,"03/04/2021 10:20:48 AM",,"4800 Grover Drive","","brighton","MI",'481164720,US,1.3125,"DHL SM Parcel Plus Ground","",'536104310304181323351,"EN ROUTE TO DHL ECOMMERCE",01:19:09 PM,5361043,'33872103046514628,"225 NY-303"
'20210304153034450ZMISB5V,'9361269903506410101936,"03/04/2021 10:30:35 AM",,"4525 Bluebird Dr.","","Commerce Township","MI",'48382,US,1.3125,"DHL SM Parcel Plus Ground","",'536104310304181323351,"EN ROUTE TO DHL ECOMMERCE",01:19:09 PM,5361043,'33872103046514538,"225 NY-303"
'20210304152443111NY4LG31,'9361269903506410057134,"03/04/2021 10:24:43 AM",,"9726 Wicklow Hill Ct","","Fenton","MI",'48430,US,1.3125,"DHL SM Parcel Plus Ground","",'536104310304181323351,"EN ROUTE TO DHL ECOMMERCE",01:19:09 PM,5361043,'33872103046514593,"225 NY-303"
'20210304152048481ZPEVELF,'9361269903506410029544,"03/04/2021 10:20:48 AM",,"12245 Townline Road","","Grand Blanc","MI",'48439,US,1.3125,"DHL SM Parcel Plus Ground","",'536104310304181323351,"EN ROUTE TO DHL ECOMMERCE",01:19:09 PM,5361043,'33872103046514526,"225 NY-303"
'202103041559054680HSJ0NR,'9361269903506410336581,"03/04/2021 10:59:07 AM",,"3066 W 3 Mile Rd","","White Cloud","MI",'49349,US,1.4375,"DHL SM Parcel Plus Ground","",'536104310304181323351,"EN ROUTE TO DHL ECOMMERCE",01:19:09 PM,5361043,'33872103046514569,"225 NY-303"
'20210304153028595BKB4IQU,'9361269903506410099295,"03/04/2021 10:30:29 AM",,"N67W31027 CLUB CIR E","","HARTLAND","WI",'53029,US,1.3125,"DHL SM Parcel Plus Ground","",'536104310304181323351,"EN ROUTE TO DHL ECOMMERCE",01:19:09 PM,5361043,'33872103046514608,"225 NY-303"
'20210304155903183NMVZWJ3,'9361269903506410338165,"03/04/2021 10:59:05 AM",,"8914 West Center Street","","Milwaukee","WI",'53222,US,1.4375,"DHL SM Parcel Plus Ground","",'536104310304181323351,"EN ROUTE TO DHL ECOMMERCE",01:19:09 PM,5361043,'33872103046514562,"225 NY-303"
'20210304155907885B1OUWH3,'9361269903506410336611,"03/04/2021 10:59:08 AM",,"2606 Newberry Ave","","Green Bay","WI",'54302,US,1.4375,"DHL SM Parcel Plus Ground","",'536104310304181323351,"EN ROUTE TO DHL ECOMMERCE",01:19:09 PM,5361043,'33872103046514640,"225 NY-303"
'20210304152443435MTXPRWM,'9361269903506410058940,"03/04/2021 10:24:43 AM",,"502 Oakwood Court","","Mosinee","WI",'54455,US,1.3125,"DHL SM Parcel Plus Ground","",'536104310304181323351,"EN ROUTE TO DHL ECOMMERCE",01:19:09 PM,5361043,'33872103046514644,"225 NY-303"
'20210304152442482FPV2GA3,'9361269903506410058919,"03/04/2021 10:24:42 AM",,"5431 Richland Cove","","Wisconsin Rapids","WI",'54494,US,1.3125,"DHL SM Parcel Plus Ground","",'536104310304181323351,"EN ROUTE TO DHL ECOMMERCE",01:19:09 PM,5361043,'33872103046514643,"225 NY-303"
'202103041520525350GD0T1B,'9361269903506410031080,"03/04/2021 10:20:53 AM",,"13238 9th Ave S","","Zimmerman","MN",'55398,US,1.3125,"DHL SM Parcel Plus Ground","",'536104310304181323351,"EN ROUTE TO DHL ECOMMERCE",01:19:09 PM,5361043,'33872103046514512,"225 NY-303"
'20210304152615008XH1R2AT,'9361269903506410065580,"03/04/2021 10:26:15 AM",,"10515 266th Ave NW","","Zimmerman","MN",'55398,US,1.3125,"DHL SM Parcel Plus Ground","",'536104310304181323351,"EN ROUTE TO DHL ECOMMERCE",01:19:09 PM,5361043,'33872103046514556,"225 NY-303"
'202103041524470673WQO2DT,'9361269903506410059022,"03/04/2021 10:24:47 AM",,"108 E Wabasha St","","Duluth","MN",'55803,US,1.3125,"DHL SM Parcel Plus Ground","",'536104310304181323351,"EN ROUTE TO DHL ECOMMERCE",01:19:09 PM,5361043,'33872103046514579,"225 NY-303"
'20210304152040576EEUSHRW,'9361269903506410029285,"03/04/2021 10:20:42 AM",,"105 Maverick Drive","","Mankato","MN",'56001,US,1.3125,"DHL SM Parcel Plus Ground","",'536104310304181323351,"EN ROUTE TO DHL ECOMMERCE",01:19:09 PM,5361043,'33872103046514553,"225 NY-303"
'20210304152614227I0LMLFV,'9361269903506410066808,"03/04/2021 10:26:15 AM",,"17502 Lake Allen Dr","","Brainerd","MN",'56401,US,1.3125,"DHL SM Parcel Plus Ground","",'536104310304181323351,"EN ROUTE TO DHL ECOMMERCE",01:19:09 PM,5361043,'33872103046514676,"225 NY-303"
'20210304153036443ZVDRJC1,'9361269903506410101011,"03/04/2021 10:30:37 AM",,"392 Addison Ave.","","Elmhurst","IL",'601262308,US,1.3125,"DHL SM Parcel Plus Ground","",'536104310304181323351,"EN ROUTE TO DHL ECOMMERCE",01:19:09 PM,5361043,'33872103046514698,"225 NY-303"
'20210304152047460V0PEKC1,'9361269903506410029506,"03/04/2021 10:20:48 AM",,"8410 Coop Ave","","Joliet","IL",'60431,US,1.3125,"DHL SM Parcel Plus Ground","",'536104310304181323351,"EN ROUTE TO DHL ECOMMERCE",01:19:09 PM,5361043,'33872103046514681,"225 NY-303"
'20210304153027571GYKAJYH,'9361269903506410099271,"03/04/2021 10:30:28 AM",,"629 Wild Indigo Ave","","Romeoville","IL",'60446,US,1.3125,"DHL SM Parcel Plus Ground","",'536104310304181323351,"EN ROUTE TO DHL ECOMMERCE",01:19:09 PM,5361043,'33872103046514515,"225 NY-303"
'202103041520442384EFMEZP,'9361269903506410030021,"03/04/2021 10:20:44 AM",,"319 Bartram Road","","Riverside","IL",'60546,US,1.3125,"DHL SM Parcel Plus Ground","",'536104310304181323351,"EN ROUTE TO DHL ECOMMERCE",01:19:09 PM,5361043,'33872103046514525,"225 NY-303"
'20210304152053116CU210PS,'9361269903506410028769,"03/04/2021 10:20:53 AM",,"2400 Trillium Lane","","Naperville","IL",'60565,US,1.3125,"DHL SM Parcel Plus Ground","",'536104310304181323351,"EN ROUTE TO DHL ECOMMERCE",01:19:09 PM,5361043,'33872103046514684,"225 NY-303"
'20210304153028464Q5EPO1I,'9361269903506410100304,"03/04/2021 10:30:28 AM",,"3531 N Hoyne Avenue","","Chicago","IL",'60618,US,1.3125,"DHL SM Parcel Plus Ground","",'536104310304181323351,"EN ROUTE TO DHL ECOMMERCE",01:19:09 PM,5361043,'33872103046514533,"225 NY-303"
'20210304152445725T4XJJB3,'9361269903506410057202,"03/04/2021 10:24:46 AM",,"4552 N 100th St","","Mason","IL",'624432106,US,1.3125,"DHL SM Parcel Plus Ground","",'536104310304181323351,"EN ROUTE TO DHL ECOMMERCE",01:19:09 PM,5361043,'33872103046514669,"225 NY-303"
'202103041520450130DBQ13P,'9361269903506410030922,"03/04/2021 10:20:45 AM",,"16203 Marina Del Ray Lane","","Wildwood","MO",'63040,US,1.3125,"DHL SM Parcel Plus Ground","",'536104310304181323351,"EN ROUTE TO DHL ECOMMERCE",01:19:09 PM,5361043,'33872103046514502,"225 NY-303"
'20210304152453134TR0J5ED,'9361269903506410058322,"03/04/2021 10:24:53 AM",,"11720 Park Haven Ct.","","St. Louis","MO",'63126,US,1.3125,"DHL SM Parcel Plus Ground","",'536104310304181323351,"EN ROUTE TO DHL ECOMMERCE",01:19:09 PM,5361043,'33872103046514544,"225 NY-303"
'202103041524488372EDZKFQ,'9361269903506410055796,"03/04/2021 10:24:49 AM",,"9400 Parkside Dr","","Brentwood","MO",'63144,US,1.3125,"DHL SM Parcel Plus Ground","",'536104310304181323351,"EN ROUTE TO DHL ECOMMERCE",01:19:09 PM,5361043,'33872103046514543,"225 NY-303"
'20210304152047464QSRXJIG,'9361269903506410029483,"03/04/2021 10:20:47 AM",,"1346 Auburn Hils","","St. Charles","MO",'63304,US,1.3125,"DHL SM Parcel Plus Ground","",'536104310304181323351,"EN ROUTE TO DHL ECOMMERCE",01:19:09 PM,5361043,'33872103046514673,"225 NY-303"
'20210304152617847FUEMGXF,'9361269903506410069854,"03/04/2021 10:26:18 AM",,"2403 Pine Cone Road","","Poplar Bluff","MO",'63901,US,1.3125,"DHL SM Parcel Plus Ground","",'536104310304181323351,"EN ROUTE TO DHL ECOMMERCE",01:19:09 PM,5361043,'33872103046514547,"225 NY-303"
'20210304152454774BOCSMZI,'9361269903506410057431,"03/04/2021 10:24:55 AM",,"17320 NW 130th Court","","Platte City","MO",'64079,US,1.3125,"DHL SM Parcel Plus Ground","",'536104310304181323351,"EN ROUTE TO DHL ECOMMERCE",01:19:09 PM,5361043,'33872103046514606,"225 NY-303"
'20210304155911531PBJXXBB,'9361269903506410338455,"03/04/2021 10:59:12 AM",,"10412 N Brooklyn Ave","","Kansas City","MO",'64155,US,1.4375,"DHL SM Parcel Plus Ground","",'536104310304181323351,"EN ROUTE TO DHL ECOMMERCE",01:19:09 PM,5361043,'33872103046514494,"225 NY-303"
'20210304152444337FZDNL4Y,'9361269903506410057295,"03/04/2021 10:24:49 AM",,"4831 Deer Creek Drive","","Lincoln","NE",'68516,US,1.3125,"DHL SM Parcel Plus Ground","",'536104310304181323351,"EN ROUTE TO DHL ECOMMERCE",01:19:09 PM,5361043,'33872103046514656,"225 NY-303"
'20210304153030438U41HJLL,'9361269903506410099349,"03/04/2021 10:30:31 AM",,"116 FOUNTAINVIEW DR.","","YOUNGSVILLE","LA",'70592,US,1.3125,"DHL SM Parcel Plus Ground","",'536104310304181323351,"EN ROUTE TO DHL ECOMMERCE",01:19:09 PM,5361043,'33872103046514610,"225 NY-303"
'20210304152621818UBGHRVZ,'9361269903506410065801,"03/04/2021 10:26:22 AM",,"239 E Hillcrest Lane","","Mustang","OK",'73064,US,1.3125,"DHL SM Parcel Plus Ground","",'536104310304181323351,"EN ROUTE TO DHL ECOMMERCE",01:19:09 PM,5361043,'33872103046514550,"225 NY-303"
'20210304152049097V2QOCDX,'9361269903506410029568,"03/04/2021 10:20:49 AM",,"11801 Gwendolyn Ln","","Oklahoma City","OK",'73131,US,1.3125,"DHL SM Parcel Plus Ground","",'536104310304181323351,"EN ROUTE TO DHL ECOMMERCE",01:19:09 PM,5361043,'33872103046514683,"225 NY-303"
'20210304152438636IGM5F2J,'9361269903506410054768,"03/04/2021 10:24:39 AM",,"PO Box 735","","Texhoma","OK",'73949,US,1.3125,"DHL SM Parcel Plus Ground","",'536104310304181323351,"EN ROUTE TO DHL ECOMMERCE",01:19:09 PM,5361043,'33872103046514590,"225 NY-303"
'20210304152442396Q3OBMPB,'9361269903506410058063,"03/04/2021 10:24:42 AM",,"286 Karabeth Ln","","Hallsville","TX",'75650,US,1.3125,"DHL SM Parcel Plus Ground","",'536104310304181323351,"EN ROUTE TO DHL ECOMMERCE",01:19:09 PM,5361043,'33872103046514668,"225 NY-303"
'20210304152050106K3GMJAT,'9361269903506410030120,"03/04/2021 10:20:50 AM",,"1511 Creekside Circle","","Mansfield","TX",'76063,US,1.3125,"DHL SM Parcel Plus Ground","",'536104310304181323351,"EN ROUTE TO DHL ECOMMERCE",01:19:09 PM,5361043,'33872103046514508,"225 NY-303"
'20210304152618271WMSSBBM,'9361269903506410068758,"03/04/2021 10:26:18 AM",,"4230 Judson Ave","","Houston","TX",'77005,US,1.3125,"DHL SM Parcel Plus Ground","",'536104310304181323351,"EN ROUTE TO DHL ECOMMERCE",01:19:09 PM,5361043,'33872103046514601,"225 NY-303"
'20210304170623236KZDEOXI,'9361269903506410830102,"03/04/2021 12:06:25 PM",,"7502 Dogwood Falls Road","","Houston","TX",'77095,US,1.3125,"DHL SM Parcel Plus Ground","",'536104310304181323351,"EN ROUTE TO DHL ECOMMERCE",01:19:09 PM,5361043,'33872103046514483,"225 NY-303"
'20210304153035397RZFOYJI,'9361269903506410100601,"03/04/2021 10:30:36 AM",,"911 Oak Vista Ct","","Friendswood","TX",'77546,US,1.3125,"DHL SM Parcel Plus Ground","",'536104310304181323351,"EN ROUTE TO DHL ECOMMERCE",01:19:09 PM,5361043,'33872103046514665,"225 NY-303"
'20210304171257239SB1HSBU,'9361269903506410864572,"03/04/2021 12:12:59 PM",,"2508 Kaibab Rd.","","League City","TX",'77573,US,1,"DHL SM Parcel Plus Ground","",'536104310304181323351,"EN ROUTE TO DHL ECOMMERCE",01:19:09 PM,5361043,'33872103046514477,"225 NY-303"
'20210304155909556TZUH3XA,'9361269903506410339100,"03/04/2021 10:59:10 AM",,"6904 daugherty","","Austin","TX",'78757,US,1.4375,"DHL SM Parcel Plus Ground","",'536104310304181323351,"EN ROUTE TO DHL ECOMMERCE",01:19:09 PM,5361043,'33872103046514650,"225 NY-303"
'20210304152618868O55DB4M,'9361269903506410068789,"03/04/2021 10:26:19 AM",,"2700 Duncan St","","Pampa","TX",'79065,US,1.3125,"DHL SM Parcel Plus Ground","",'536104310304181323351,"EN ROUTE TO DHL ECOMMERCE",01:19:09 PM,5361043,'33872103046514620,"225 NY-303"
'20210304152453865EUBLIZE,'9361269903506410058360,"03/04/2021 10:24:54 AM",,"18389 W. 84th Pl.","","Arvada","CO",'80007,US,1.3125,"DHL SM Parcel Plus Ground","",'536104310304181323351,"EN ROUTE TO DHL ECOMMERCE",01:19:09 PM,5361043,'33872103046514591,"225 NY-303"
'20210304155912370X1ZCVJ0,'9361269903506410339834,"03/04/2021 10:59:12 AM",,"5609 South Greenwood Street","","Littleton","CO",'80120,US,1.4375,"DHL SM Parcel Plus Ground","",'536104310304181323351,"EN ROUTE TO DHL ECOMMERCE",01:19:09 PM,5361043,'33872103046514568,"225 NY-303"
'20210304152446491EOR3PAU,'9361269903506410059008,"03/04/2021 10:24:46 AM",,"11889 Trail Ct","","Parker","CO",'80134,US,1.3125,"DHL SM Parcel Plus Ground","",'536104310304181323351,"EN ROUTE TO DHL ECOMMERCE",01:19:09 PM,5361043,'33872103046514645,"225 NY-303"
'20210304152444058ZQYRANZ,'9361269903506410055673,"03/04/2021 10:24:44 AM",,"8733 E Northfield Blvd","","Denver","CO",'80238,US,1.3125,"DHL SM Parcel Plus Ground","",'536104310304181323351,"EN ROUTE TO DHL ECOMMERCE",01:19:09 PM,5361043,'33872103046514541,"225 NY-303"
'20210304153033236RF3EHGI,'9361269903506410101882,"03/04/2021 10:30:33 AM",,"1735 Exeter st","","Berthoud","CO",'805137010,US,1.3125,"DHL SM Parcel Plus Ground","",'536104310304181323351,"EN ROUTE TO DHL ECOMMERCE",01:19:09 PM,5361043,'33872103046514696,"225 NY-303"
'20210304152616635CYIIYLA,'9361269903506410067775,"03/04/2021 10:26:17 AM",,"4735 Saxton Holliw Rd","","Colorado Springs","CO",'80908,US,1.3125,"DHL SM Parcel Plus Ground","",'536104310304181323351,"EN ROUTE TO DHL ECOMMERCE",01:19:09 PM,5361043,'33872103046514582,"225 NY-303"
'20210304155910289AMC0YRJ,'9361269903506410339155,"03/04/2021 10:59:11 AM",,"9220 Chieftan Dr","","Colorado Spgs","CO",'809251017,US,1.4375,"DHL SM Parcel Plus Ground","",'536104310304181323351,"EN ROUTE TO DHL ECOMMERCE",01:19:09 PM,5361043,'33872103046514652,"225 NY-303"
'20210304152441850BRP4KKI,'9361269903506410057110,"03/04/2021 10:24:42 AM",,"822B Powderhorn Ln","#11900","Jackson","WY",'83001,US,1.3125,"DHL SM Parcel Plus Ground","",'536104310304181323351,"EN ROUTE TO DHL ECOMMERCE",01:19:09 PM,5361043,'33872103046514667,"225 NY-303"
'20210304152049536PGP44I2,'9361269903506410030151,"03/04/2021 10:20:51 AM",,"106 W Rush CT","","Eagle","ID",'83616,US,1.3125,"DHL SM Parcel Plus Ground","",'536104310304181323351,"EN ROUTE TO DHL ECOMMERCE",01:19:09 PM,5361043,'33872103046514497,"225 NY-303"
'202103041526190711XK2DGH,'9361269903506410068987,"03/04/2021 10:26:19 AM",,"410 W. Ada St","","Boise","ID",'83702,US,1.3125,"DHL SM Parcel Plus Ground","",'536104310304181323351,"EN ROUTE TO DHL ECOMMERCE",01:19:09 PM,5361043,'33872103046514549,"225 NY-303"
'20210304152617114JSVQM4L,'9361269903506410067812,"03/04/2021 10:26:17 AM",,"3672 E Alta Ridge Ct","","Boise","ID",'83716,US,1.3125,"DHL SM Parcel Plus Ground","",'536104310304181323351,"EN ROUTE TO DHL ECOMMERCE",01:19:09 PM,5361043,'33872103046514618,"225 NY-303"
'20210304152443425M0ZQYZT,'9361269903506410058933,"03/04/2021 10:24:43 AM",,"6057 w 9740 n.","","Highland","UT",'84003,US,1.3125,"DHL SM Parcel Plus Ground","",'536104310304181323351,"EN ROUTE TO DHL ECOMMERCE",01:19:09 PM,5361043,'33872103046514680,"225 NY-303"
'20210304152445568M0GU5E3,'9361269903506410058995,"03/04/2021 10:24:46 AM",,"4304 E. EVANS RANCH DRIVE","","EAGLE MOUNTAI","UT",'84005,US,1.3125,"DHL SM Parcel Plus Ground","",'536104310304181323351,"EN ROUTE TO DHL ECOMMERCE",01:19:09 PM,5361043,'33872103046514654,"225 NY-303"
'202103041520405340E2P2ES,'9361269903506410029278,"03/04/2021 10:20:42 AM",,"548 N Mountain Peak Dr","","Saratoga Springs","UT",'84045,US,1.3125,"DHL SM Parcel Plus Ground","",'536104310304181323351,"EN ROUTE TO DHL ECOMMERCE",01:19:09 PM,5361043,'33872103046514532,"225 NY-303"
'20210304152447905IC45CPJ,'9361269903506410057264,"03/04/2021 10:24:48 AM",,"252 N. 240 E.","","Vineyard","UT",'84059,US,1.3125,"DHL SM Parcel Plus Ground","",'536104310304181323351,"EN ROUTE TO DHL ECOMMERCE",01:19:09 PM,5361043,'33872103046514598,"225 NY-303"
'20210304152051775IWHSA33,'9361269903506410028745,"03/04/2021 10:20:52 AM",,"6894 Cody Trail","","Park City","UT",'84098,US,1.3125,"DHL SM Parcel Plus Ground","",'536104310304181323351,"EN ROUTE TO DHL ECOMMERCE",01:19:09 PM,5361043,'33872103046514511,"225 NY-303"
'20210304152615114PVK2XZA,'9361269903506410068598,"03/04/2021 10:26:15 AM",,"2690 Daybreaker Drive","","Park City","UT",'84098,US,1.3125,"DHL SM Parcel Plus Ground","",'536104310304181323351,"EN ROUTE TO DHL ECOMMERCE",01:19:09 PM,5361043,'33872103046514615,"225 NY-303"
'20210304152451475SZK43L5,'9361269903506410059091,"03/04/2021 10:24:52 AM",,"1430 E Penrose Drive","","Salt Lake City","UT",'84103,US,1.3125,"DHL SM Parcel Plus Ground","",'536104310304181323351,"EN ROUTE TO DHL ECOMMERCE",01:19:09 PM,5361043,'33872103046514604,"225 NY-303"
'20210304152442666PSREAP4,'9361269903506410057127,"03/04/2021 10:24:43 AM",,"4526 S. Loren Von Drive","","Salt Lake City","UT",'84124,US,1.3125,"DHL SM Parcel Plus Ground","",'536104310304181323351,"EN ROUTE TO DHL ECOMMERCE",01:19:09 PM,5361043,'33872103046514589,"225 NY-303"
'20210304152042981QYW3JAH,'9361269903506410029322,"03/04/2021 10:20:43 AM",,"277 S. West Lane","","Provo","UT",'84601,US,1.3125,"DHL SM Parcel Plus Ground","",'536104310304181323351,"EN ROUTE TO DHL ECOMMERCE",01:19:09 PM,5361043,'33872103046514571,"225 NY-303"
'20210304155909065TQFFMZ3,'9361269903506410337212,"03/04/2021 10:59:09 AM",,"282 N Cortez Dr","","Elk Ridge","UT",'84651,US,1.4375,"DHL SM Parcel Plus Ground","",'536104310304181323351,"EN ROUTE TO DHL ECOMMERCE",01:19:09 PM,5361043,'33872103046514671,"225 NY-303"
'20210304152444836C31YUJG,'9361269903506410058124,"03/04/2021 10:24:45 AM",,"11358 E Ramblewood Ave","","Mesa","AZ",'85212,US,1.3125,"DHL SM Parcel Plus Ground","",'536104310304181323351,"EN ROUTE TO DHL ECOMMERCE",01:19:09 PM,5361043,'33872103046514595,"225 NY-303"
'20210304152444887UON1245,'9361269903506410058148,"03/04/2021 10:24:45 AM",,"12236 E Cloud Rd","","Chandler","AZ",'85249,US,1.3125,"DHL SM Parcel Plus Ground","",'536104310304181323351,"EN ROUTE TO DHL ECOMMERCE",01:19:09 PM,5361043,'33872103046514517,"225 NY-303"
'20210304152040576ILRVW2P,'9361269903506410030007,"03/04/2021 10:20:43 AM",,"5026 e redfield road","","Scottsdale","AZ",'85254,US,1.3125,"DHL SM Parcel Plus Ground","",'536104310304181323351,"EN ROUTE TO DHL ECOMMERCE",01:19:09 PM,5361043,'33872103046514623,"225 NY-303"
'20210304152444612H0WQI0U,'9361269903506410058117,"03/04/2021 10:24:45 AM",,"29703 N. 121st Ave","","Peoria","AZ",'85383,US,1.3125,"DHL SM Parcel Plus Ground","",'536104310304181323351,"EN ROUTE TO DHL ECOMMERCE",01:19:09 PM,5361043,'33872103046514572,"225 NY-303"
'202103041530338613TT5QYY,'9361269903506410101899,"03/04/2021 10:30:34 AM",,"2694 N Vuelta Vista Campestre","","Tucson","AZ",'85715,US,1.3125,"DHL SM Parcel Plus Ground","",'536104310304181323351,"EN ROUTE TO DHL ECOMMERCE",01:19:09 PM,5361043,'33872103046514522,"225 NY-303"
'202103041530309241TOOBZK,'9361269903506410099370,"03/04/2021 10:30:31 AM",,"12740 Buckthorn lane","","Reno","NV",'89511,US,1.3125,"DHL SM Parcel Plus Ground","",'536104310304181323351,"EN ROUTE TO DHL ECOMMERCE",01:19:09 PM,5361043,'33872103046514520,"225 NY-303"
'20210304155908284KTACCRH,'9361269903506410336710,"03/04/2021 10:59:10 AM",,"4230 West Don Tapia Place","","los angeles","CA",'90008,US,1.4375,"DHL SM Parcel Plus Ground","",'536104310304181323351,"EN ROUTE TO DHL ECOMMERCE",01:19:09 PM,5361043,'33872103046514570,"225 NY-303"
'20210304155903177O1RO3YI,'9361269903506410336536,"03/04/2021 10:59:05 AM",,"551 dalehurst Ave","","Los Angeles","CA",'90024,US,1.4375,"DHL SM Parcel Plus Ground","",'536104310304181323351,"EN ROUTE TO DHL ECOMMERCE",01:19:09 PM,5361043,'33872103046514491,"225 NY-303"
'20210304152615270XXC22KF,'9361269903506410067690,"03/04/2021 10:26:15 AM",,"7330 W 89th st","","LOS ANGELES","CA",'90045,US,1.3125,"DHL SM Parcel Plus Ground","",'536104310304181323351,"EN ROUTE TO DHL ECOMMERCE",01:19:09 PM,5361043,'33872103046514616,"225 NY-303"
'202103041559141215T0S1L4,'9361269903506410338509,"03/04/2021 10:59:14 AM",,"1743 E. 123rd St","","Los Angeles","CA",'90059,US,3.3125,"DHL SM Parcel Plus Ground","",'536104310304181323351,"EN ROUTE TO DHL ECOMMERCE",01:19:09 PM,5361043,'33872103046514637,"225 NY-303"
'20210304152052288MWEAF0Z,'9361269903506410031073,"03/04/2021 10:20:52 AM",,"16312 Orchard Bend Road","","Poway","CA",'920641723,US,1.3125,"DHL SM Parcel Plus Ground","",'536104310304181323351,"EN ROUTE TO DHL ECOMMERCE",01:19:09 PM,5361043,'33872103046514498,"225 NY-303"
'20210304152439914KDSEULC,'9361269903506410058018,"03/04/2021 10:24:40 AM",,"43 CHRISTOPHER STREET","","LADERA RANCH","CA",'92694,US,1.3125,"DHL SM Parcel Plus Ground","",'536104310304181323351,"EN ROUTE TO DHL ECOMMERCE",01:19:09 PM,5361043,'33872103046514642,"225 NY-303"
'202103041530328143CNOL4O,'9361269903506410099455,"03/04/2021 10:30:33 AM",,"2050 Spruce Ave","","Fresno","CA",'93711,US,1.3125,"DHL SM Parcel Plus Ground","",'536104310304181323351,"EN ROUTE TO DHL ECOMMERCE",01:19:09 PM,5361043,'33872103046514695,"225 NY-303"
'20210304152440978FYH50GX,'9361269903506410057066,"03/04/2021 10:24:41 AM",,"1028 Iverson","","Salinas","CA",'93901,US,1.3125,"DHL SM Parcel Plus Ground","",'536104310304181323351,"EN ROUTE TO DHL ECOMMERCE",01:19:09 PM,5361043,'33872103046514685,"225 NY-303"
'20210304153027473KTZMA3D,'9361269903506410099288,"03/04/2021 10:30:28 AM",,"84 companion way","","Pacific grove","CA",'93950,US,1.3125,"DHL SM Parcel Plus Ground","",'536104310304181323351,"EN ROUTE TO DHL ECOMMERCE",01:19:09 PM,5361043,'33872103046514629,"225 NY-303"
'20210304155910363TQUJ4T3,'9361269903506410339148,"03/04/2021 10:59:10 AM",,"289 San Marcos Ave","","San Francisco","CA",'94116,US,1.4375,"DHL SM Parcel Plus Ground","",'536104310304181323351,"EN ROUTE TO DHL ECOMMERCE",01:19:09 PM,5361043,'33872103046514651,"225 NY-303"
'20210304155905469CSHFLWB,'9361269903506410338974,"03/04/2021 10:59:07 AM",,"740 Westmoor Circle","","Oakley","CA",'94561,US,1.4375,"DHL SM Parcel Plus Ground","",'536104310304181323351,"EN ROUTE TO DHL ECOMMERCE",01:19:09 PM,5361043,'33872103046514622,"225 NY-303"
'20210304152053091V522HE4,'9361269903506410029698,"03/04/2021 10:20:53 AM",,"561 Fairbanks Ave","","Oakland","CA",'94610,US,1.3125,"DHL SM Parcel Plus Ground","",'536104310304181323351,"EN ROUTE TO DHL ECOMMERCE",01:19:09 PM,5361043,'33872103046514692,"225 NY-303"
'20210304165615582ZKPHIES,'9361269903506410758277,"03/04/2021 11:56:17 AM",,"19 Shell road","","mill valley","CA",'94941,US,1.3125,"DHL SM Parcel Plus Ground","",'536104310304181323351,"EN ROUTE TO DHL ECOMMERCE",01:19:09 PM,5361043,'33872103046514495,"225 NY-303"
'20210304152043847YNE1151,'9361269903506410029346,"03/04/2021 10:20:44 AM",,"2476 Parquet Ct","","San Jose","CA",'95124,US,1.3125,"DHL SM Parcel Plus Ground","",'536104310304181323351,"EN ROUTE TO DHL ECOMMERCE",01:19:09 PM,5361043,'33872103046514499,"225 NY-303"
'20210304171232850ERLQV4P,'9361269903506410862585,"03/04/2021 12:12:33 PM",,"5461 Ligurian Drive","","San Jose","CA",'95138,US,1,"DHL SM Parcel Plus Ground","",'536104310304181323351,"EN ROUTE TO DHL ECOMMERCE",01:19:09 PM,5361043,'33872103046514478,"225 NY-303"
'20210304152044272SLAJG01,'9361269903506410030038,"03/04/2021 10:20:44 AM",,"2060 Felsina Avenue","","Manteca","CA",'95337,US,1.3125,"DHL SM Parcel Plus Ground","",'536104310304181323351,"EN ROUTE TO DHL ECOMMERCE",01:19:09 PM,5361043,'33872103046514506,"225 NY-303"
'20210304152044625ELUF514,'9361269903506410028608,"03/04/2021 10:20:45 AM",,"PO Box 529","","Mariposa","CA",'95338,US,1.3125,"DHL SM Parcel Plus Ground","",'536104310304181323351,"EN ROUTE TO DHL ECOMMERCE",01:19:09 PM,5361043,'33872103046514661,"225 NY-303"
'202103041559125955S2VAUY,'9361269903506410339278,"03/04/2021 10:59:13 AM",,"353 Eagle Drive","","Ione","CA",'95640,US,3.4375,"DHL SM Parcel Plus Ground","",'536104310304181323351,"EN ROUTE TO DHL ECOMMERCE",01:19:09 PM,5361043,'33872103046514664,"225 NY-303"
'20210304152047464WAUN2ES,'9361269903506410030960,"03/04/2021 10:20:48 AM",,"2589 Cold Springs Rd","","Placerville","CA",'95667,US,1.3125,"DHL SM Parcel Plus Ground","",'536104310304181323351,"EN ROUTE TO DHL ECOMMERCE",01:19:09 PM,5361043,'33872103046514513,"225 NY-303"
'202103041524496564ZD4AUN,'9361269903506410058254,"03/04/2021 10:24:50 AM",,"808 Sao Jorge Way","","Sacramento","CA",'95831,US,1.3125,"DHL SM Parcel Plus Ground","",'536104310304181323351,"EN ROUTE TO DHL ECOMMERCE",01:19:09 PM,5361043,'33872103046514528,"225 NY-303"
'20210304152443875NGKPPBW,'9361269903506410057165,"03/04/2021 10:24:44 AM",,"3527 Mountain View Heights","","Montague","CA",'96064,US,1.3125,"DHL SM Parcel Plus Ground","",'536104310304181323351,"EN ROUTE TO DHL ECOMMERCE",01:19:09 PM,5361043,'33872103046514594,"225 NY-303"
'2021030415262055932CT31E,'9361269903506410069014,"03/04/2021 10:26:21 AM",,"1220 NW 102ND AVE","","Portland","OR",'97229,US,1.3125,"DHL SM Parcel Plus Ground","",'536104310304181323351,"EN ROUTE TO DHL ECOMMERCE",01:19:09 PM,5361043,'33872103046514689,"225 NY-303"
'20210304153030040HHWP1VL,'9361269903506410100397,"03/04/2021 10:30:30 AM",,"1625 chasa street","","eugene","OR",'97401,US,1.3125,"DHL SM Parcel Plus Ground","",'536104310304181323351,"EN ROUTE TO DHL ECOMMERCE",01:19:09 PM,5361043,'33872103046514609,"225 NY-303"
'20210304152451664SAFCOOO,'9361269903506410057363,"03/04/2021 10:24:52 AM",,"2975 High Street","","Eugene","OR",'97405,US,1.3125,"DHL SM Parcel Plus Ground","",'536104310304181323351,"EN ROUTE TO DHL ECOMMERCE",01:19:09 PM,5361043,'33872103046514605,"225 NY-303"
'20210304152040576AOREMGS,'9361269903506410030847,"03/04/2021 10:20:43 AM",,"449 Riley Ct E","","Enumclaw","WA",'98022,US,1.3125,"DHL SM Parcel Plus Ground","",'536104310304181323351,"EN ROUTE TO DHL ECOMMERCE",01:19:09 PM,5361043,'33872103046514500,"225 NY-303"
'20210304152615997E2D3IVS,'9361269903506410067737,"03/04/2021 10:26:16 AM",,"1018 S 30th Ct","","Renton","WA",'98055,US,1.3125,"DHL SM Parcel Plus Ground","",'536104310304181323351,"EN ROUTE TO DHL ECOMMERCE",01:19:09 PM,5361043,'33872103046514678,"225 NY-303"
'202103041524471920ILC2GJ,'9361269903506410058193,"03/04/2021 10:24:47 AM",,"9265 44th Ave SW","","Seattle","WA",'98136,US,1.3125,"DHL SM Parcel Plus Ground","",'536104310304181323351,"EN ROUTE TO DHL ECOMMERCE",01:19:09 PM,5361043,'33872103046514694,"225 NY-303"
'20210304170606182HSO5JDN,'9361269903506410827287,"03/04/2021 12:06:07 PM",,"4052 SW myrtle st.","","Seattle","WA",'98136,US,1.3125,"DHL SM Parcel Plus Ground","",'536104310304181323351,"EN ROUTE TO DHL ECOMMERCE",01:19:09 PM,5361043,'33872103046514487,"225 NY-303"
'20210304152452423V0AYXOV,'9361269903506410058315,"03/04/2021 10:24:52 AM",,"10810 130th St NW","","Gig Harbor","WA",'98329,US,1.3125,"DHL SM Parcel Plus Ground","",'536104310304181323351,"EN ROUTE TO DHL ECOMMERCE",01:19:09 PM,5361043,'33872103046514584,"225 NY-303"
'20210304153031639Y4CTJVO,'9361269903506410101868,"03/04/2021 10:30:32 AM",,"1249 S Cheyenne CT","","Tacoma","WA",'98405,US,1.3125,"DHL SM Parcel Plus Ground","",'536104310304181323351,"EN ROUTE TO DHL ECOMMERCE",01:19:09 PM,5361043,'33872103046514560,"225 NY-303"
'20210304152441677SOUHOEJ,'9361269903506410055604,"03/04/2021 10:24:42 AM",,"9611 39th Loop NE","","Olympia","WA",'98516,US,1.3125,"DHL SM Parcel Plus Ground","",'536104310304181323351,"EN ROUTE TO DHL ECOMMERCE",01:19:09 PM,5361043,'33872103046514575,"225 NY-303"
'202103041614293030D3RU1P,',"03/04/2021 11:14:33 AM",,"83 Skye Crescent","","Hammonds Plains","NS",'B4B 1W8,CA,1.4375,"DHL Parcel Intl Direct","",'46985376,"EN ROUTE TO DHL ECOMMERCE",01:19:09 PM,5361043,'33872103046514701,"225 NY-303"
'20210304161637905V5JIUVL,',"03/04/2021 11:16:41 AM",,"14 Swanwick Ave","--","Toronto","ON",'M4E 1Z1,CA,1.4375,"DHL Parcel Intl Direct","",'46985376,"EN ROUTE TO DHL ECOMMERCE",01:19:09 PM,5361043,'33872103046514700,"225 NY-303"
'20210304161550937ONBRMNP,',"03/04/2021 11:15:53 AM",,"3322 shayler road","","Kelowna","BC",'V1V 5G6,CA,1.4375,"DHL Parcel Intl Direct","",'46985376,"EN ROUTE TO DHL ECOMMERCE",01:19:09 PM,5361043,'33872103046514705,"225 NY-303"
'20210304161724875KSVFUVS,',"03/04/2021 11:17:28 AM",,"3003 Dundee Dr.","","Prince George","BC",'V2K 3R5,CA,1.4375,"DHL Parcel Intl Direct","",'46985376,"EN ROUTE TO DHL ECOMMERCE",01:19:09 PM,5361043,'33872103046514703,"225 NY-303"
'20210304161511629LFFC0V4,',"03/04/2021 11:15:14 AM",,"3818 West Broadway","","Vancouver","BC",'V6R 2C3,CA,1.4375,"DHL Parcel Intl Direct","",'46985376,"EN ROUTE TO DHL ECOMMERCE",01:19:09 PM,5361043,'33872103046514702,"225 NY-303"
'20210304161806172NIWTPWN,',"03/04/2021 11:18:07 AM",,"1406 Dempsey Road","","North Vancouver","BC",'V7K 1S6,CA,1.4375,"DHL Parcel Intl Direct","",'46985376,"EN ROUTE TO DHL ECOMMERCE",01:19:09 PM,5361043,'33872103046514704,"225 NY-303"