Customer Confirmation Number,Delivery Confirmation Number,Receive Date,Recipient Name,Address Line 1,Address Line 2,City,State,Zip or Postal Code,Country,Weight (LBs),Mail Product Name,Customer Reference,BOL Number,Last Event Description,Last Event Time,Pickup Account Number,DHL Tracking Number,Pickup Address
','9374869903506254799166,"02/02/2021 09:56:44 AM",,"12 IROQUOIS ST","","ROXBURY CROSSING","MA",'02120,US,.9375,"DHL SM Parcel Expedited","1352533",'535103010202150223151,"EN ROUTE TO DHL ECOMMERCE",10:19:38 AM,5351030,'33872102027935550,"660 LEFFERTS AVE"
','9361269903506254799405,"02/02/2021 09:56:49 AM",,"66 QUINT AVE # 2","","ALLSTON","MA",'02134,US,1.875,"DHL SM Parcel Plus Expedited","1352533",'535103010202150223151,"EN ROUTE TO DHL ECOMMERCE",10:19:38 AM,5351030,'33872102027935537,"660 LEFFERTS AVE"
','9361269903506254800231,"02/02/2021 09:56:46 AM",,"26 SUSHALA WAY","","PLYMOUTH","MA",'02360,US,1.875,"DHL SM Parcel Plus Expedited","1352533",'535103010202150223151,"EN ROUTE TO DHL ECOMMERCE",10:19:38 AM,5351030,'33872102027935536,"660 LEFFERTS AVE"
','9374869903506254800459,"02/02/2021 09:56:49 AM",,"39 BEECHWOOD RD","","HUDSON","NH",'03051,US,.375,"DHL SM Parcel Expedited","1352533",'535103010202150223151,"EN ROUTE TO DHL ECOMMERCE",10:19:38 AM,5351030,'33872102027935546,"660 LEFFERTS AVE"
','9361269903506254797784,"02/02/2021 09:56:47 AM",,"110 PINE GROVE RD","","GUILFORD","CT",'06437,US,1.875,"DHL SM Parcel Plus Expedited","1352533",'535103010202150223151,"EN ROUTE TO DHL ECOMMERCE",10:19:38 AM,5351030,'33872102027935539,"660 LEFFERTS AVE"
','9361269903506254798804,"02/02/2021 09:56:49 AM",,"1529 FLATBUSH AVE # 2B","","BROOKLYN","NY",'11210,US,1.875,"DHL SM Parcel Plus Expedited","1352533",'535103010202150223151,"EN ROUTE TO DHL ECOMMERCE",10:19:38 AM,5351030,'33872102027935556,"660 LEFFERTS AVE"
','9374869903506254798411,"02/02/2021 09:56:43 AM",,"21032 HERMANVILLE RD","","LEXINGTON PARK","MD",'20653,US,.3125,"DHL SM Parcel Expedited","1352533",'535103010202150223151,"EN ROUTE TO DHL ECOMMERCE",10:19:38 AM,5351030,'33872102027935531,"660 LEFFERTS AVE"
','9361269903506254800378,"02/02/2021 09:56:48 AM",,"440 LINCOLN DR","","GLEN BURNIE","MD",'21060,US,1.875,"DHL SM Parcel Plus Expedited","1352533",'535103010202150223151,"EN ROUTE TO DHL ECOMMERCE",10:19:38 AM,5351030,'33872102027935553,"660 LEFFERTS AVE"
','9361269903506254800927,"02/02/2021 09:56:49 AM",,"1478 OLD ELK NECK RD","","ELKTON","MD",'21921,US,2.5,"DHL SM Parcel Plus Expedited","1352533",'535103010202150223151,"EN ROUTE TO DHL ECOMMERCE",10:19:38 AM,5351030,'33872102027935545,"660 LEFFERTS AVE"
','9361269903506254800521,"02/02/2021 09:56:50 AM",,"5018 CLOVER HILL RD","","INDIAN TRAIL","NC",'28079,US,2.5,"DHL SM Parcel Plus Expedited","1352533",'535103010202150223151,"EN ROUTE TO DHL ECOMMERCE",10:19:38 AM,5351030,'33872102027935543,"660 LEFFERTS AVE"
','9374869903506254800879,"02/02/2021 09:56:48 AM",,"581 RAFORD WILSON RD","","COMMERCE","GA",'30529,US,.375,"DHL SM Parcel Expedited","1352533",'535103010202150223151,"EN ROUTE TO DHL ECOMMERCE",10:19:38 AM,5351030,'33872102027935533,"660 LEFFERTS AVE"
','9374869903506254800138,"02/02/2021 09:56:42 AM",,"14081 HERITAGE LANDING BLVD","#245","PUNTA GORDA","FL",'33955,US,.1875,"DHL SM Parcel Expedited","1352533",'535103010202150223151,"EN ROUTE TO DHL ECOMMERCE",10:19:38 AM,5351030,'33872102027935548,"660 LEFFERTS AVE"
','9374869903506254798336,"02/02/2021 09:56:42 AM",,"13003 CAMDEN CIR SE","","HUNTSVILLE","AL",'35803,US,.375,"DHL SM Parcel Expedited","1352533",'535103010202150223151,"EN ROUTE TO DHL ECOMMERCE",10:19:38 AM,5351030,'33872102027935530,"660 LEFFERTS AVE"
','9361269903506254797715,"02/02/2021 09:56:45 AM",,"PO BOX 485","","EUFAULA","AL",'36072,US,2.5,"DHL SM Parcel Plus Expedited","1352533",'535103010202150223151,"EN ROUTE TO DHL ECOMMERCE",10:19:38 AM,5351030,'33872102027935538,"660 LEFFERTS AVE"
','9374869903506254799272,"02/02/2021 09:56:46 AM",,"3725 FAWN DR","","CANFIELD","OH",'44406,US,.5625,"DHL SM Parcel Expedited","1352533",'535103010202150223151,"EN ROUTE TO DHL ECOMMERCE",10:19:38 AM,5351030,'33872102027935552,"660 LEFFERTS AVE"
','9374869903506254801890,"02/02/2021 09:56:51 AM",,"16601 GRANTS TRL","","ORLAND PARK","IL",'60467,US,.375,"DHL SM Parcel Expedited","1352533",'535103010202150223151,"EN ROUTE TO DHL ECOMMERCE",10:19:38 AM,5351030,'33872102027935559,"660 LEFFERTS AVE"
','9374869903506254798558,"02/02/2021 09:56:46 AM",,"2619 ROCKPORT LN APT 204","","NAPERVILLE","IL",'60564,US,.1875,"DHL SM Parcel Expedited","1352533",'535103010202150223151,"EN ROUTE TO DHL ECOMMERCE",10:19:38 AM,5351030,'33872102027935529,"660 LEFFERTS AVE"
','9361269903506254799214,"02/02/2021 09:56:44 AM",,"1432 W HIGHLAND AVE FL 1","","CHICAGO","IL",'60660,US,1.375,"DHL SM Parcel Plus Expedited","1352533",'535103010202150223151,"EN ROUTE TO DHL ECOMMERCE",10:19:38 AM,5351030,'33872102027935551,"660 LEFFERTS AVE"
','9361269903506254800286,"02/02/2021 09:56:47 AM",,"4201 N POST RD","","OMAHA","NE",'68112,US,1.25,"DHL SM Parcel Plus Expedited","1352533",'535103010202150223151,"EN ROUTE TO DHL ECOMMERCE",10:19:38 AM,5351030,'33872102027935555,"660 LEFFERTS AVE"
','9361269903506254798514,"02/02/2021 09:56:46 AM",,"500 COUNTY ROAD 841","","BUNA","TX",'77612,US,1.875,"DHL SM Parcel Plus Expedited","1352533",'535103010202150223151,"EN ROUTE TO DHL ECOMMERCE",10:19:38 AM,5351030,'33872102027935532,"660 LEFFERTS AVE"
','9361269903506254798613,"02/02/2021 09:56:47 AM",,"115 SUGAR CT","","BOULDER","CO",'80302,US,2.5,"DHL SM Parcel Plus Expedited","1352533",'535103010202150223151,"EN ROUTE TO DHL ECOMMERCE",10:19:38 AM,5351030,'33872102027935540,"660 LEFFERTS AVE"
','9374869903506254799104,"02/02/2021 09:56:42 AM",,"2012 RIVER GLEN DR","","BERTHOUD","CO",'80513,US,.875,"DHL SM Parcel Expedited","1352533",'535103010202150223151,"EN ROUTE TO DHL ECOMMERCE",10:19:38 AM,5351030,'33872102027935541,"660 LEFFERTS AVE"
','9374869903506254798459,"02/02/2021 09:56:44 AM",,"1652 E LIGHTHOUSE LN","","VENICE","UT",'84701,US,.375,"DHL SM Parcel Expedited","1352533",'535103010202150223151,"EN ROUTE TO DHL ECOMMERCE",10:19:38 AM,5351030,'33872102027935558,"660 LEFFERTS AVE"
','9374869903506254799388,"02/02/2021 09:56:48 AM",,"23348 W WATKINS ST","","BUCKEYE","AZ",'85326,US,.5,"DHL SM Parcel Expedited","1352533",'535103010202150223151,"EN ROUTE TO DHL ECOMMERCE",10:19:38 AM,5351030,'33872102027935554,"660 LEFFERTS AVE"
','9374869903506254799173,"02/02/2021 09:56:44 AM",,"264 S 17TH AVE","","YUMA","AZ",'85364,US,.875,"DHL SM Parcel Expedited","1352533",'535103010202150223151,"EN ROUTE TO DHL ECOMMERCE",10:19:38 AM,5351030,'33872102027935557,"660 LEFFERTS AVE"
','9374869903506254798503,"02/02/2021 09:56:46 AM",,"11 CALM WINDS CT","","NORTH LAS VEGAS","NV",'89031,US,.375,"DHL SM Parcel Expedited","1352533",'535103010202150223151,"EN ROUTE TO DHL ECOMMERCE",10:19:38 AM,5351030,'33872102027935542,"660 LEFFERTS AVE"
','9374869903506254799142,"02/02/2021 09:56:43 AM",,"5420 VINEYARD DR","","PASO ROBLES","CA",'93446,US,.5,"DHL SM Parcel Expedited","1352533",'535103010202150223151,"EN ROUTE TO DHL ECOMMERCE",10:19:38 AM,5351030,'33872102027935544,"660 LEFFERTS AVE"
','9361269903506254799337,"02/02/2021 09:56:47 AM",,"1445 ALVARADO AVE","","BURLINGAME","CA",'94010,US,1.875,"DHL SM Parcel Plus Expedited","1352533",'535103010202150223151,"EN ROUTE TO DHL ECOMMERCE",10:19:38 AM,5351030,'33872102027935535,"660 LEFFERTS AVE"
','9374869903506254797643,"02/02/2021 09:56:42 AM",,"112 UNIVERSITY AVE APT 3","","LOS GATOS","CA",'95030,US,.875,"DHL SM Parcel Expedited","1352533",'535103010202150223151,"EN ROUTE TO DHL ECOMMERCE",10:19:38 AM,5351030,'33872102027935549,"660 LEFFERTS AVE"
','9374869903506254800145,"02/02/2021 09:56:42 AM",,"12300 POWERHOUSE RD","","POTTER VALLEY","CA",'95469,US,.625,"DHL SM Parcel Expedited","1352533",'535103010202150223151,"EN ROUTE TO DHL ECOMMERCE",10:19:38 AM,5351030,'33872102027935534,"660 LEFFERTS AVE"
','9361269903506254798699,"02/02/2021 09:56:48 AM",,"12010 SW SETTLER WAY","","BEAVERTON","OR",'97008,US,2.25,"DHL SM Parcel Plus Expedited","1352533",'535103010202150223151,"EN ROUTE TO DHL ECOMMERCE",10:19:38 AM,5351030,'33872102027935547,"660 LEFFERTS AVE"
','9374869903506255442085,"02/02/2021 11:08:25 AM",,"34 Green Pasture Rd","","Bethel","CT",'06801-1258,US,.0666,"DHL SM Parcel Expedited","",'535816410202163023451,"EN ROUTE TO DHL ECOMMERCE",11:47:11 AM,5358164,'33872102028108855,"50 Lawrence ave"
','9374869903506255397262,"02/02/2021 11:03:52 AM",,"201 Hudson St Apt 1N","","Cornwall on Hudson","NY",'12520-1532,US,.0666,"DHL SM Parcel Expedited","",'535816410202163023451,"EN ROUTE TO DHL ECOMMERCE",11:47:11 AM,5358164,'33872102028108853,"50 Lawrence ave"
','9374869903506255436947,"02/02/2021 11:07:49 AM",,"10608 Wood Pointe Ct","","Glenn Dale","MD",'20769-2112,US,.0666,"DHL SM Parcel Expedited","",'535816410202163023451,"EN ROUTE TO DHL ECOMMERCE",11:47:11 AM,5358164,'33872102028108847,"50 Lawrence ave"
','9374869903506255291850,"02/02/2021 10:54:00 AM",,"4606 Cedar Cliff Rd","","Chester","VA",'23831-6780,US,.0622,"DHL SM Parcel Expedited","",'535816410202163023451,"EN ROUTE TO DHL ECOMMERCE",11:47:11 AM,5358164,'33872102028108858,"50 Lawrence ave"
'35A1CC665AAC4290B96C9D3E2,',"02/02/2021 11:30:48 AM",MARK DAVIES,"B204/5 GRAND COURT","","FAIRY MEADOW","NSW",'2519,AU,0,"DHL Parcel Intl Standard","",'42538498,"EN ROUTE TO DHL ECOMMERCE",11:34:28 AM,5358164,'33882102028089901,"50 Lawrence ave"
'35A1CC665AAC4290B96C9D3E2,',"02/02/2021 11:11:32 AM",,"B204/5 Grand Court","","Fairy Meadow","NSW",'2519,AU,.0662,"DHL Parcel Intl Standard","",'42538498,"EN ROUTE TO DHL ECOMMERCE",11:47:11 AM,5358164,'33872102028109654,"50 Lawrence ave"
','9374869903506255296138,"02/02/2021 10:54:53 AM",,"2300 Woodlawn St","","Kannapolis","NC",'28083-3066,US,.0622,"DHL SM Parcel Expedited","",'535816410202163023451,"EN ROUTE TO DHL ECOMMERCE",11:47:11 AM,5358164,'33872102028108864,"50 Lawrence ave"
','9374869903506255405011,"02/02/2021 11:04:28 AM",,"1285 Bunnlevel Erwin Rd","","Bunnlevel","NC",'28323-8909,US,.0622,"DHL SM Parcel Expedited","",'535816410202163023451,"EN ROUTE TO DHL ECOMMERCE",11:47:11 AM,5358164,'33872102028108854,"50 Lawrence ave"
','9374869903506255429468,"02/02/2021 11:06:56 AM",,"285 Tambec Trce NW","","Lilburn","GA",'30047-2847,US,.0666,"DHL SM Parcel Expedited","",'535816410202163023451,"EN ROUTE TO DHL ECOMMERCE",11:47:11 AM,5358164,'33872102028108843,"50 Lawrence ave"
','9374869903506255263833,"02/02/2021 10:50:41 AM",,"701 Josephine Ln","","Adel","GA",'31620-3974,US,.0622,"DHL SM Parcel Expedited","",'535816410202163023451,"EN ROUTE TO DHL ECOMMERCE",11:47:11 AM,5358164,'33872102028108861,"50 Lawrence ave"
','9374869903506255505384,"02/02/2021 11:16:43 AM",,"1215 Cloverlawn Ave","","Orlando","FL",'32806-1540,US,.0622,"DHL SM Parcel Expedited","",'535816410202163023451,"EN ROUTE TO DHL ECOMMERCE",11:47:11 AM,5358164,'33872102028108850,"50 Lawrence ave"
','9374869903506255431713,"02/02/2021 11:07:20 AM",,"13362 Willow Bluestar Loop","","Riverview","FL",'33579-6604,US,.0666,"DHL SM Parcel Expedited","",'535816410202163023451,"EN ROUTE TO DHL ECOMMERCE",11:47:11 AM,5358164,'33872102028108856,"50 Lawrence ave"
','9374869903506255409750,"02/02/2021 11:05:06 AM",,"PO Box 61","60 E Main","Burkettsville","OH",'45310-0061,US,.0666,"DHL SM Parcel Expedited","",'535816410202163023451,"EN ROUTE TO DHL ECOMMERCE",11:47:11 AM,5358164,'33872102028108849,"50 Lawrence ave"
','9374869903506255098886,"02/02/2021 10:33:34 AM",,"17864 Patrick St","","Romulus","MI",'48174-9688,US,.0622,"DHL SM Parcel Expedited","",'535816410202163023451,"EN ROUTE TO DHL ECOMMERCE",11:47:11 AM,5358164,'33872102028108860,"50 Lawrence ave"
'83288981780E4A83A5B39614B,',"02/02/2021 11:30:48 AM",BRETT ARCHIBALD,"UNIT 1","36 COLLIER AVE","BALCATTA","WA",'6021,AU,0,"DHL Parcel Intl Standard","",'42538498,"EN ROUTE TO DHL ECOMMERCE",11:34:28 AM,5358164,'33882102028089902,"50 Lawrence ave"
'83288981780E4A83A5B39614B,',"02/02/2021 11:10:47 AM",,"Unit 1","36 Collier Ave","Balcatta","WA",'6021,AU,.0662,"DHL Parcel Intl Standard","",'42538498,"EN ROUTE TO DHL ECOMMERCE",11:47:11 AM,5358164,'33872102028109653,"50 Lawrence ave"
','9374869903506255423718,"02/02/2021 11:06:23 AM",,"5313 W Patterson Ave","","Chicago","IL",'60641-3347,US,.0666,"DHL SM Parcel Expedited","",'535816410202163023451,"EN ROUTE TO DHL ECOMMERCE",11:47:11 AM,5358164,'33872102028108844,"50 Lawrence ave"
','9374869903506255339576,"02/02/2021 11:00:00 AM",,"1010 Mill St","","Lamar","MO",'64759-1539,US,.0622,"DHL SM Parcel Expedited","",'535816410202163023451,"EN ROUTE TO DHL ECOMMERCE",11:47:11 AM,5358164,'33872102028108863,"50 Lawrence ave"
','9374869903506255400566,"02/02/2021 11:04:10 AM",,"4700 Cardenas Dr","","New Orleans","LA",'70127-3737,US,.0622,"DHL SM Parcel Expedited","",'535816410202163023451,"EN ROUTE TO DHL ECOMMERCE",11:47:11 AM,5358164,'33872102028108852,"50 Lawrence ave"
','9374869903506255531277,"02/02/2021 11:19:49 AM",,"3410 Judson St","","Shreveport","LA",'71109-3308,US,.0622,"DHL SM Parcel Expedited","",'535816410202163023451,"EN ROUTE TO DHL ECOMMERCE",11:47:11 AM,5358164,'33872102028108845,"50 Lawrence ave"
'A43E839D33324FE286CB5D28C,',"02/02/2021 11:30:48 AM",MATTHEW JOHNSON,"13 CANN ST","","PENGUIN","TAS",'7316,AU,0,"DHL Parcel Intl Standard","",'42538498,"EN ROUTE TO DHL ECOMMERCE",11:34:28 AM,5358164,'33882102028089903,"50 Lawrence ave"
'A43E839D33324FE286CB5D28C,',"02/02/2021 11:10:10 AM",,"13 Cann St","","Penguin","TAS",'7316,AU,.0662,"DHL Parcel Intl Standard","",'42538498,"EN ROUTE TO DHL ECOMMERCE",11:47:11 AM,5358164,'33872102028109655,"50 Lawrence ave"
','9374869903506255276307,"02/02/2021 10:52:08 AM",,"1655 Blue Bell Rd Apt 181","","Houston","TX",'77038-2917,US,.0622,"DHL SM Parcel Expedited","",'535816410202163023451,"EN ROUTE TO DHL ECOMMERCE",11:47:11 AM,5358164,'33872102028108857,"50 Lawrence ave"
','9374869903506255416734,"02/02/2021 11:05:54 AM",,"23115 Quiet Heron Ct","","Katy","TX",'77493-1852,US,.0666,"DHL SM Parcel Expedited","",'535816410202163023451,"EN ROUTE TO DHL ECOMMERCE",11:47:11 AM,5358164,'33872102028108842,"50 Lawrence ave"
','9374869903506255254251,"02/02/2021 10:49:14 AM",,"11510 W Bermuda Dr","","Avondale","AZ",'85392-4251,US,.0622,"DHL SM Parcel Expedited","",'535816410202163023451,"EN ROUTE TO DHL ECOMMERCE",11:47:11 AM,5358164,'33872102028108859,"50 Lawrence ave"
','9374869903506255448414,"02/02/2021 11:09:06 AM",,"657 Via Armado","","Chula Vista","CA",'91910-7922,US,.0666,"DHL SM Parcel Expedited","",'535816410202163023451,"EN ROUTE TO DHL ECOMMERCE",11:47:11 AM,5358164,'33872102028108848,"50 Lawrence ave"
','9374869903506255521308,"02/02/2021 11:18:45 AM",,"1117 Mirror Lake Dr","","Merced","CA",'95340-0671,US,.0622,"DHL SM Parcel Expedited","",'535816410202163023451,"EN ROUTE TO DHL ECOMMERCE",11:47:11 AM,5358164,'33872102028108846,"50 Lawrence ave"
','9300169903506255307557,"02/02/2021 10:56:45 AM",,"2965 Westgate Pl","","Fairbanks","AK",'99709-4747,US,.0622,"DHL SM Parcel Expedited","",'535816410202163023451,"EN ROUTE TO DHL ECOMMERCE",11:47:11 AM,5358164,'33872102028108862,"50 Lawrence ave"
'1A041986D8B2436DBE85529D7,',"02/02/2021 11:30:48 AM",CHARLES LAPOINTE,"977 AV MYRAND","","QUÉBEC","QC",'G1V 2W1,CA,0,"DHL Parcel Intl Standard","",'42538498,"EN ROUTE TO DHL ECOMMERCE",11:34:28 AM,5358164,'33882102028089900,"50 Lawrence ave"
'1A041986D8B2436DBE85529D7,',"02/02/2021 10:32:09 AM",,"977 Av Myrand","","Québec","QC",'G1V 2W1,CA,.0625,"DHL Parcel Intl Standard","",'42538498,"EN ROUTE TO DHL ECOMMERCE",11:47:11 AM,5358164,'33872102028109656,"50 Lawrence ave"