Customer Confirmation Number,Delivery Confirmation Number,Receive Date,Recipient Name,Address Line 1,Address Line 2,City,State,Zip or Postal Code,Country,Weight (LBs),Mail Product Name,Customer Reference,BOL Number,Last Event Description,Last Event Time,Pickup Account Number,DHL Tracking Number,Pickup Address
'2021020214401608730WJCRU,',"02/03/2021 03:33:30 AM",NATALIA  POINTON,"12 BUTTERS ST","","MOIL","NT",'0810,AU,0,"DHL Parcel Intl Standard","",'42540701,"EN ROUTE TO DHL ECOMMERCE",03:35:14 AM,5344480,'33882102030300744,"1584 CARROLL ST"
'20210202150723618SIGWYFR,',"02/03/2021 03:33:31 AM",BERNARDO SEGUÍ,"CERVINO 3775","6, 1","BUENOS AIRES","C",'1425,AR,0,"DHL Parcel Intl Standard","",'42540702,"EN ROUTE TO DHL ECOMMERCE",03:35:14 AM,5344480,'33882102030297585,"1584 CARROLL ST"
'20210202144016114DXNYDFH,',"02/03/2021 03:33:30 AM",JOHN TODD,"30 PYRAMID ST","","EMU PLAINS","NSW",'2750,AU,0,"DHL Parcel Intl Standard","",'42540701,"EN ROUTE TO DHL ECOMMERCE",03:35:14 AM,5344480,'33882102030300587,"1584 CARROLL ST"
'20210202144016087UJYRG3L,',"02/03/2021 03:33:30 AM",EPI CHEUNG PUN,"9 PERENNIAL DR","","KURUNJANG","VIC",'3337,AU,0,"DHL Parcel Intl Standard","",'42540701,"EN ROUTE TO DHL ECOMMERCE",03:35:14 AM,5344480,'33882102030300745,"1584 CARROLL ST"
'202102021446013815IJSSJ4,',"02/03/2021 03:33:30 AM",ANTOINETTE BOYD,"119 BANOOL CRES","","MOUNT ELIZA","VIC",'3930,AU,0,"DHL Parcel Intl Standard","",'42540701,"EN ROUTE TO DHL ECOMMERCE",03:35:14 AM,5344480,'33882102030300741,"1584 CARROLL ST"
'20210202144221317BZFWRMW,',"02/03/2021 03:33:30 AM",MICHAEL MAINHARDT,"41 GREENORE ST","","BRACKEN RIDGE","QLD",'4017,AU,0,"DHL Parcel Intl Standard","",'42540701,"EN ROUTE TO DHL ECOMMERCE",03:35:14 AM,5344480,'33882102030300588,"1584 CARROLL ST"
'202102021446022622POO3LN,',"02/03/2021 03:33:30 AM",HELEN HAYWARD,"11 BANJO PATTERSON PL","","DALBY","QLD",'4405,AU,0,"DHL Parcel Intl Standard","",'42540701,"EN ROUTE TO DHL ECOMMERCE",03:35:14 AM,5344480,'33882102030300742,"1584 CARROLL ST"
'20210202144601373IVZJ1IS,',"02/03/2021 03:33:30 AM",YANGHAN LIU,"80 EHUD","","KFAR HA'ORANIM","HAGADA HAMA'ARAVIT",'73134,IL,0,"DHL Parcel Intl Standard","",'42540701,"EN ROUTE TO DHL ECOMMERCE",03:35:14 AM,5344480,'33882102030300740,"1584 CARROLL ST"
'20210202144016083DIABMXT,',"02/03/2021 03:33:30 AM",XIAN  SAN LIU,"27 NAHAL MODI'IN","","KFAR HA'ORANIM","HAGADA HAMA'ARAVIT",'73134,IL,0,"DHL Parcel Intl Standard","",'42540701,"EN ROUTE TO DHL ECOMMERCE",03:35:14 AM,5344480,'33882102030300743,"1584 CARROLL ST"
'20210202144016108SDBSWHG,',"02/03/2021 03:33:30 AM",SAM S LIU,"23 NAHAL MODI'IN","","KFAR HA'ORANIM","HAGADA HAMA'ARAVIT",'73134,IL,0,"DHL Parcel Intl Standard","",'42540701,"EN ROUTE TO DHL ECOMMERCE",03:35:14 AM,5344480,'33882102030300586,"1584 CARROLL ST"
'20210202150722835JWKVWCA,',"02/03/2021 03:33:31 AM",NATHALIE NERIEC,"6661 RUE ALMA","","MONTREAL","QC",'H2S 2W4,CA,0,"DHL Parcel Intl Standard","",'42540702,"EN ROUTE TO DHL ECOMMERCE",03:35:14 AM,5344480,'33882102030297583,"1584 CARROLL ST"
'20210202184526887MVTU4C0,',"02/03/2021 03:33:31 AM",DANIELLE COLMER,"119 GAFNEY LAKE RD","","L'AMABLE","ON",'K0L 2L0,CA,0,"DHL Parcel Intl Standard","",'42540702,"EN ROUTE TO DHL ECOMMERCE",03:35:14 AM,5344480,'33882102030297588,"1584 CARROLL ST"
'202102021507234853GERAZE,',"02/03/2021 03:33:31 AM",GIULIA PIAZZA,"59 REGENT AVE","","HAMILTON","ON",'L9B 1T1,CA,0,"DHL Parcel Intl Standard","",'42540702,"EN ROUTE TO DHL ECOMMERCE",03:35:14 AM,5344480,'33882102030297584,"1584 CARROLL ST"
'202102021814523343BA4HW2,',"02/03/2021 03:33:31 AM",CRYSTAL PARRAS,"91 JAMESON AVE APT 805","","TORONTO","ON",'M6K 2W9,CA,0,"DHL Parcel Intl Standard","",'42540702,"EN ROUTE TO DHL ECOMMERCE",03:35:14 AM,5344480,'33882102030297586,"1584 CARROLL ST"
'20210202144221371TKMLAMX,',"02/03/2021 03:33:30 AM",PETER WALDNER,"PO BOX 880","283 RED DEER ROAD","LAC DU BONNET","MB",'R0E 1A0,CA,0,"DHL Parcel Intl Standard","",'42540701,"EN ROUTE TO DHL ECOMMERCE",03:35:14 AM,5344480,'33882102030300739,"1584 CARROLL ST"
'20210202150722787VEMWCW5,',"02/03/2021 03:33:31 AM",SHYANNE CORDELL,"1846 BAYWATER ST SW","","AIRDRIE","AB",'T4B 0A8,CA,0,"DHL Parcel Intl Standard","",'42540702,"EN ROUTE TO DHL ECOMMERCE",03:35:14 AM,5344480,'33882102030297582,"1584 CARROLL ST"
'20210202144221335YBIUFLK,',"02/03/2021 03:33:30 AM",DON LOEWEN LOEWEN,"6-44523 MCLAREN DR","","CHILLIWACK","BC",'V2R 0C2,CA,0,"DHL Parcel Intl Standard","",'42540701,"EN ROUTE TO DHL ECOMMERCE",03:35:14 AM,5344480,'33882102030300738,"1584 CARROLL ST"
'20210202184526968PQNJU3Y,',"02/03/2021 03:33:31 AM",KARA TODD,"3519 MCKINLEY CRT","","ABBOTSFORD","BC",'V2S 8L9,CA,0,"DHL Parcel Intl Standard","",'42540702,"EN ROUTE TO DHL ECOMMERCE",03:35:14 AM,5344480,'33882102030297589,"1584 CARROLL ST"
'20210202181452346I4ERUUZ,',"02/03/2021 03:33:31 AM",ASHLEY ARYCHUK,"127 ARDEN AVE","","YELLOWKNIFE","NT",'X1A 3G7,CA,0,"DHL Parcel Intl Standard","",'42540702,"EN ROUTE TO DHL ECOMMERCE",03:35:14 AM,5344480,'33882102030297587,"1584 CARROLL ST"
'202102021650450874JIB1HH,',"02/03/2021 12:09:49 PM",VERI TANG,"JALAN INPEKSI CAKUNG DRAIN","NO. 1","JAKARTA TIMUR","DKI JAKARTA",'13910,ID,0,"DHL Parcel Intl Standard","",'42541039,"EN ROUTE TO DHL ECOMMERCE",12:14:12 PM,5345229,'33882102031013513,"1584 CARROLL ST"
'20210201175112296VMWY44J,',"02/03/2021 12:09:50 PM",ABDULAZEEZ OLUKOSO,"7400 RUE SHERBROOKE W APT 206","","MONTREAL","QC",'H4B 1R8,CA,0,"DHL Parcel Intl Standard","",'42541040,"EN ROUTE TO DHL ECOMMERCE",12:14:12 PM,5345229,'33882102031013502,"1584 CARROLL ST"
'20210201175112005D3AA1SL,',"02/03/2021 12:09:50 PM",SEAN PATRICK,"494 CAMELOT DR","","SUDBURY","ON",'P3B 3M7,CA,0,"DHL Parcel Intl Standard","",'42541040,"EN ROUTE TO DHL ECOMMERCE",12:14:12 PM,5345229,'33882102031013501,"1584 CARROLL ST"
'20210201175117368TJAQPEW,',"02/03/2021 12:09:50 PM",MARTIN MAIER,"414-10 WALGROVE WALK SE","","CALGARY","AB",'T2X 4E3,CA,0,"DHL Parcel Intl Standard","",'42541040,"EN ROUTE TO DHL ECOMMERCE",12:14:12 PM,5345229,'33882102031013503,"1584 CARROLL ST"
'20210201175121810YN0MLYK,',"02/03/2021 12:09:50 PM",BRYAN LA NOIRE,"214 SUNPINE POINTE","","SHERWOOD PARK","AB",'T8H 0Z6,CA,0,"DHL Parcel Intl Standard","",'42541040,"EN ROUTE TO DHL ECOMMERCE",12:14:12 PM,5345229,'33882102031013504,"1584 CARROLL ST"
','9374869903506262010574,"02/03/2021 10:43:36 AM",,"30 Auburn St Apt 6","","Hartford","CT",'06112-2061,US,.0666,"DHL SM Parcel Expedited","",'535816410203161823551,"EN ROUTE TO DHL ECOMMERCE",11:34:45 AM,5358164,'33872102030968878,"50 Lawrence ave"
','9374869903506262283992,"02/03/2021 11:17:03 AM",,"53 Irving Ave","","Englewood Cliffs","NJ",'07632-1434,US,.0622,"DHL SM Parcel Expedited","",'535816410203161823551,"EN ROUTE TO DHL ECOMMERCE",11:34:45 AM,5358164,'33872102030968861,"50 Lawrence ave"
','9374869903506262287808,"02/03/2021 11:17:39 AM",,"53 Irving Ave","","Englewood Cliffs","NJ",'07632-1434,US,.0622,"DHL SM Parcel Expedited","",'535816410203161823551,"EN ROUTE TO DHL ECOMMERCE",11:34:45 AM,5358164,'33872102030968872,"50 Lawrence ave"
','9374869903506261938619,"02/03/2021 10:34:39 AM",,"3015 Spruce Ave","","Egg Harbor Township","NJ",'08234-5428,US,.0622,"DHL SM Parcel Expedited","",'535816410203161823551,"EN ROUTE TO DHL ECOMMERCE",11:34:45 AM,5358164,'33872102030968888,"50 Lawrence ave"
','9374869903506262041202,"02/03/2021 10:46:36 AM",,"460 Neptune Ave Apt 13L","","Brooklyn","NY",'11224-4320,US,.0666,"DHL SM Parcel Expedited","",'535816410203161823551,"EN ROUTE TO DHL ECOMMERCE",11:34:45 AM,5358164,'33872102030968868,"50 Lawrence ave"
','9374869903506262014367,"02/03/2021 10:43:51 AM",,"122 Coal Hill Rd","","North Bangor","NY",'12966-3308,US,.0666,"DHL SM Parcel Expedited","",'535816410203161823551,"EN ROUTE TO DHL ECOMMERCE",11:34:45 AM,5358164,'33872102030968867,"50 Lawrence ave"
','9374869903506262017368,"02/03/2021 10:44:22 AM",,"33 Burgess Ln","RR 2 Box 154c","Towanda","PA",'18848-7722,US,.0666,"DHL SM Parcel Expedited","",'535816410203161823551,"EN ROUTE TO DHL ECOMMERCE",11:34:45 AM,5358164,'33872102030968884,"50 Lawrence ave"
','9374869903506262064454,"02/03/2021 10:49:31 AM",,"934 Gilbert Creek Rd","","Baisden","WV",'25608-1004,US,.0666,"DHL SM Parcel Expedited","",'535816410203161823551,"EN ROUTE TO DHL ECOMMERCE",11:34:45 AM,5358164,'33872102030968866,"50 Lawrence ave"
','9374869903506261952448,"02/03/2021 10:36:11 AM",,"1423 Lake Washington Rd","","Washington","WV",'26181-8222,US,.0622,"DHL SM Parcel Expedited","",'535816410203161823551,"EN ROUTE TO DHL ECOMMERCE",11:34:45 AM,5358164,'33872102030968871,"50 Lawrence ave"
','9374869903506261999306,"02/03/2021 10:42:03 AM",,"2423 Lane St","","Kannapolis","NC",'28083-9214,US,.0622,"DHL SM Parcel Expedited","",'535816410203161823551,"EN ROUTE TO DHL ECOMMERCE",11:34:45 AM,5358164,'33872102030968869,"50 Lawrence ave"
','9374869903506261738769,"02/03/2021 10:11:24 AM",,"120 Tall Pines Ct","","Clover","SC",'29710-8965,US,.0622,"DHL SM Parcel Expedited","",'535816410203161823551,"EN ROUTE TO DHL ECOMMERCE",11:34:45 AM,5358164,'33872102030968876,"50 Lawrence ave"
','9374869903506262067653,"02/03/2021 10:49:50 AM",,"2113 Heathers Cv","","Augusta","GA",'30906-8129,US,.1332,"DHL SM Parcel Expedited","",'535816410203161823551,"EN ROUTE TO DHL ECOMMERCE",11:34:45 AM,5358164,'33872102030968863,"50 Lawrence ave"
','9374869903506261881403,"02/03/2021 10:28:29 AM",,"136 NW 67th St","","Miami","FL",'33150-4064,US,.0622,"DHL SM Parcel Expedited","",'535816410203161823551,"EN ROUTE TO DHL ECOMMERCE",11:34:45 AM,5358164,'33872102030968870,"50 Lawrence ave"
','9374869903506262017030,"02/03/2021 10:44:07 AM",,"8613 NW 58th St","","Tamarac","FL",'33321-4419,US,.0666,"DHL SM Parcel Expedited","",'535816410203161823551,"EN ROUTE TO DHL ECOMMERCE",11:34:45 AM,5358164,'33872102030968873,"50 Lawrence ave"
','9374869903506262019560,"02/03/2021 10:44:38 AM",,"7488 Wyngate Dr","","Clarkston","MI",'48348-4769,US,.0666,"DHL SM Parcel Expedited","",'535816410203161823551,"EN ROUTE TO DHL ECOMMERCE",11:34:45 AM,5358164,'33872102030968877,"50 Lawrence ave"
','9374869903506262057678,"02/03/2021 10:48:48 AM",,"6881 NW 54th Ct","","Johnston","IA",'50131-1241,US,.0666,"DHL SM Parcel Expedited","",'535816410203161823551,"EN ROUTE TO DHL ECOMMERCE",11:34:45 AM,5358164,'33872102030968881,"50 Lawrence ave"
','9374869903506262054837,"02/03/2021 10:47:59 AM",,"5335 Long Island Rd","","Kearney","NE",'68845-0332,US,.0666,"DHL SM Parcel Expedited","",'535816410203161823551,"EN ROUTE TO DHL ECOMMERCE",11:34:45 AM,5358164,'33872102030968879,"50 Lawrence ave"
','9374869903506262049529,"02/03/2021 10:47:44 AM",,"505 W Peddicord St","","Dermott","AR",'71638-2019,US,.0666,"DHL SM Parcel Expedited","",'535816410203161823551,"EN ROUTE TO DHL ECOMMERCE",11:34:45 AM,5358164,'33872102030968880,"50 Lawrence ave"
','9374869903506262078307,"02/03/2021 10:50:58 AM",,"11721 Parade Dr","","Frisco","TX",'75036-1019,US,.0666,"DHL SM Parcel Expedited","",'535816410203161823551,"EN ROUTE TO DHL ECOMMERCE",11:34:45 AM,5358164,'33872102030968862,"50 Lawrence ave"
','9374869903506262032088,"02/03/2021 10:45:46 AM",,"1410 Springwood Ln","","Port Lavaca","TX",'77979-3741,US,.0666,"DHL SM Parcel Expedited","",'535816410203161823551,"EN ROUTE TO DHL ECOMMERCE",11:34:45 AM,5358164,'33872102030968864,"50 Lawrence ave"
','9374869903506261874115,"02/03/2021 10:27:46 AM",,"5677 Outback Ct","","Boulder","CO",'80301-3557,US,.0622,"DHL SM Parcel Expedited","",'535816410203161823551,"EN ROUTE TO DHL ECOMMERCE",11:34:45 AM,5358164,'33872102030968883,"50 Lawrence ave"
','9374869903506262041783,"02/03/2021 10:46:52 AM",,"515 E 4th St","","Casa Grande","AZ",'85122-4508,US,.0666,"DHL SM Parcel Expedited","",'535816410203161823551,"EN ROUTE TO DHL ECOMMERCE",11:34:45 AM,5358164,'33872102030968865,"50 Lawrence ave"
','9374869903506262027954,"02/03/2021 10:45:29 AM",,"3912 Aspencrest Dr","","Las Vegas","NV",'89108-5323,US,.0666,"DHL SM Parcel Expedited","",'535816410203161823551,"EN ROUTE TO DHL ECOMMERCE",11:34:45 AM,5358164,'33872102030968885,"50 Lawrence ave"
','9374869903506261968692,"02/03/2021 10:38:16 AM",,"61 S Vinedo Ave Apt 7","","Pasadena","CA",'91107-3760,US,.0622,"DHL SM Parcel Expedited","",'535816410203161823551,"EN ROUTE TO DHL ECOMMERCE",11:34:45 AM,5358164,'33872102030968886,"50 Lawrence ave"
','9374869903506261835956,"02/03/2021 10:23:49 AM",,"14201 Nordhoff St Apt F9","","Panorama City","CA",'91402-1936,US,.0622,"DHL SM Parcel Expedited","",'535816410203161823551,"EN ROUTE TO DHL ECOMMERCE",11:34:45 AM,5358164,'33872102030968882,"50 Lawrence ave"
','9374869903506262061279,"02/03/2021 10:49:05 AM",,"2575 Alliance Rd Apt 15H","","Arcata","CA",'95521-5038,US,.0666,"DHL SM Parcel Expedited","",'535816410203161823551,"EN ROUTE TO DHL ECOMMERCE",11:34:45 AM,5358164,'33872102030968874,"50 Lawrence ave"
','9374869903506261978851,"02/03/2021 10:39:07 AM",,"8301 Leda Ct","","Antelope","CA",'95843-5971,US,.0622,"DHL SM Parcel Expedited","",'535816410203161823551,"EN ROUTE TO DHL ECOMMERCE",11:34:45 AM,5358164,'33872102030968887,"50 Lawrence ave"
','9374869903506261857538,"02/03/2021 10:26:09 AM",,"10621 1st Dr SE","","Everett","WA",'98208-7001,US,.0622,"DHL SM Parcel Expedited","",'535816410203161823551,"EN ROUTE TO DHL ECOMMERCE",11:34:45 AM,5358164,'33872102030968875,"50 Lawrence ave"
'35EA8198AC7E4B40BF0BD5D38,',"02/03/2021 10:51:37 AM",,"3072 Rue Edmond-Rostand","","Laval","QC",'H7P 5X8,CA,.0662,"DHL Parcel Intl Standard","",'42541019,"EN ROUTE TO DHL ECOMMERCE",11:34:45 AM,5358164,'33872102030969236,"50 Lawrence ave"
'469E3E210AE24826A0DEFC003,',"02/03/2021 10:10:24 AM",,"10 Hollywood St S","","Hamilton","ON",'L8S 3B1,CA,.0625,"DHL Parcel Intl Standard","",'42541019,"EN ROUTE TO DHL ECOMMERCE",11:34:45 AM,5358164,'33872102030969238,"50 Lawrence ave"
'C436292775AB4DA7822CAC72C,',"02/03/2021 10:52:11 AM",,"1 cromwell road","cleethorpes","n.e.lincs","Lincolnshire",'dn35 0al,GB,.0662,"DHL Parcel Intl Standard","",'42541019,"EN ROUTE TO DHL ECOMMERCE",11:34:45 AM,5358164,'33872102030969237,"50 Lawrence ave"