Customer Confirmation Number,Delivery Confirmation Number,Receive Date,Recipient Name,Address Line 1,Address Line 2,City,State,Zip or Postal Code,Country,Weight (LBs),Mail Product Name,Customer Reference,BOL Number,Last Event Description,Last Event Time,Pickup Account Number,DHL Tracking Number,Pickup Address
'7814172791296,'9261290249307241763102,"02/17/2021 11:59:31 AM",Brenda Lucas,"761 Roberson Creek Rd","","Pittsboro","NC",'27312,US,15,"DHL SM Parcel Plus Expedited","",'53452861021716553700,"EN ROUTE TO DHL ECOMMERCE",12:11:36 PM,5345286,'33812102172351348,"1584 CARROLL ST."
'2814172540331,'9261290249307241760804,"02/17/2021 11:59:31 AM",Nathan Rosenberg,"1 Century Ln Apt 306","","Miami Beach","FL",'33139,US,12,"DHL SM Parcel Plus Expedited","",'53452861021716553700,"EN ROUTE TO DHL ECOMMERCE",12:11:36 PM,5345286,'33812102172351347,"1584 CARROLL ST."
'2814173095249,'9261290249307241769302,"02/17/2021 11:59:31 AM",Emma Soave,"2291 NW 35th St","","Boca Raton","FL",'33431,US,10,"DHL SM Parcel Plus Expedited","",'53452861021716553700,"EN ROUTE TO DHL ECOMMERCE",12:11:36 PM,5345286,'33812102172351349,"1584 CARROLL ST."
'GM555348587000081403,',"02/17/2021 03:38:51 AM",ALEXANDRA BLAIS,"2-838 RUE VALOIS","","VAUDREUIL-DORION","QC",'J7V 0Z7,CA,.19,"DHL Parcel Intl Standard","",',"EN ROUTE TO DHL ECOMMERCE",03:39:25 AM,5345286,'33882102171826798,"1584 CARROLL ST."
'GM555348587000081410,',"02/17/2021 03:38:51 AM",BRENNA MACNAUGHTON,"B-2244 BOYER RD","","OTTAWA","ON",'K1C 1R4,CA,.19,"DHL Parcel Intl Standard","",',"EN ROUTE TO DHL ECOMMERCE",03:39:25 AM,5345286,'33882102171826802,"1584 CARROLL ST."
'GM555348587000081397,',"02/17/2021 03:38:51 AM",RYAN MCNAMARA,"1612 ASHLEY CARDILL LANE","","GREELY","ON",'K4P 1M7,CA,.19,"DHL Parcel Intl Standard","",',"EN ROUTE TO DHL ECOMMERCE",03:39:25 AM,5345286,'33882102171826799,"1584 CARROLL ST."
'GM555348587000081427,',"02/17/2021 03:38:51 AM",VALENTINA CONTRERAS,"169 GROVES TERR","","NEWMARKET","ON",'L3Y 8C7,CA,.19,"DHL Parcel Intl Standard","",',"EN ROUTE TO DHL ECOMMERCE",03:39:25 AM,5345286,'33882102171826800,"1584 CARROLL ST."
'GM555348587000081434,',"02/17/2021 03:38:51 AM",MONICA BARANSKI,"215 4TH AVE","","KIMBERLEY","BC",'V1A 2R4,CA,.19,"DHL Parcel Intl Standard","",',"EN ROUTE TO DHL ECOMMERCE",03:39:25 AM,5345286,'33882102171826801,"1584 CARROLL ST."
','9374869903506331438971,"02/17/2021 09:21:40 AM",,"814 Prince St Apt 3A","","Teaneck","NJ",'07666-4440,US,.0622,"DHL SM Parcel Expedited","",'535816410217165923351,"EN ROUTE TO DHL ECOMMERCE",12:01:56 PM,5358164,'33872102172353054,"50 Lawrence ave"
','9374869903506332371727,"02/17/2021 11:46:49 AM",,"126 Creamery Rd","","Oswego","NY",'13126-6160,US,.0622,"DHL SM Parcel Expedited","",'535816410217165923351,"EN ROUTE TO DHL ECOMMERCE",12:01:56 PM,5358164,'33872102172353044,"50 Lawrence ave"
','9374869903506331471268,"02/17/2021 09:28:36 AM",,"25700 SW 153rd Ct","","Homestead","FL",'33032-6200,US,.0666,"DHL SM Parcel Expedited","",'535816410217165923351,"EN ROUTE TO DHL ECOMMERCE",12:01:56 PM,5358164,'33872102172353059,"50 Lawrence ave"
','9374869903506332413755,"02/17/2021 11:50:43 AM",,"250 W Sample Rd","Apt D208","Pompano Beach","FL",'33064-8800,US,.0622,"DHL SM Parcel Expedited","",'535816410217165923351,"EN ROUTE TO DHL ECOMMERCE",12:01:56 PM,5358164,'33872102172353042,"50 Lawrence ave"
','9374869903506332422511,"02/17/2021 11:51:41 AM",,"7517 NW 42nd Dr","","Coral Springs","FL",'33065-2014,US,.0622,"DHL SM Parcel Expedited","",'535816410217165923351,"EN ROUTE TO DHL ECOMMERCE",12:01:56 PM,5358164,'33872102172353048,"50 Lawrence ave"
','9374869903506331472920,"02/17/2021 09:29:04 AM",,"82159 D St N","","Pinellas Park","FL",'33781-1723,US,.0666,"DHL SM Parcel Expedited","",'535816410217165923351,"EN ROUTE TO DHL ECOMMERCE",12:01:56 PM,5358164,'33872102172353056,"50 Lawrence ave"
','9374869903506332429503,"02/17/2021 11:52:36 AM",,"10 Fairview Blvd","","Fort Myers Beach","FL",'33931-4514,US,.0622,"DHL SM Parcel Expedited","",'535816410217165923351,"EN ROUTE TO DHL ECOMMERCE",12:01:56 PM,5358164,'33872102172353047,"50 Lawrence ave"
','9374869903506331418119,"02/17/2021 09:17:54 AM",,"527 Malone Cir","","Florence","AL",'35630-2320,US,.0622,"DHL SM Parcel Expedited","",'535816410217165923351,"EN ROUTE TO DHL ECOMMERCE",12:01:56 PM,5358164,'33872102172353058,"50 Lawrence ave"
','9374869903506332390902,"02/17/2021 11:48:00 AM",,"1541 Pine Ridge Rd","","Montgomery","AL",'36109-1355,US,.0622,"DHL SM Parcel Expedited","",'535816410217165923351,"EN ROUTE TO DHL ECOMMERCE",12:01:56 PM,5358164,'33872102172353050,"50 Lawrence ave"
','9374869903506331472586,"02/17/2021 09:29:17 AM",,"18153 Idlewild Dr","","Cntry Clb Hls","IL",'60478-5177,US,.0666,"DHL SM Parcel Expedited","",'535816410217165923351,"EN ROUTE TO DHL ECOMMERCE",12:01:56 PM,5358164,'33872102172353057,"50 Lawrence ave"
','9374869903506332442601,"02/17/2021 11:54:44 AM",,"PO Box 694","","Natalia","TX",'78059-0694,US,.0622,"DHL SM Parcel Expedited","",'535816410217165923351,"EN ROUTE TO DHL ECOMMERCE",12:01:56 PM,5358164,'33872102172353043,"50 Lawrence ave"
','9374869903506331501347,"02/17/2021 09:34:19 AM",,"11957 W Melinda Ln","","Sun City","AZ",'85373-5662,US,.0622,"DHL SM Parcel Expedited","",'535816410217165923351,"EN ROUTE TO DHL ECOMMERCE",12:01:56 PM,5358164,'33872102172353053,"50 Lawrence ave"
','9374869903506332358988,"02/17/2021 11:44:40 AM",,"R.581 NORTH 13TH STREET","","ARTESIA","NM",'88210,US,.0622,"DHL SM Parcel Expedited","",'535816410217165923351,"EN ROUTE TO DHL ECOMMERCE",12:01:56 PM,5358164,'33872102172353051,"50 Lawrence ave"
'7FA264A739204EC3A807DB788,',"02/17/2021 09:30:58 AM",,"Shaharut","Raz alon","Shaharut","Hevel eilot",'8886500,IL,.1325,"DHL Parcel Intl Standard","",'43572510,"EN ROUTE TO DHL ECOMMERCE",12:01:56 PM,5358164,'33872102172353061,"50 Lawrence ave"
','9374869903506331470544,"02/17/2021 09:28:49 AM",,"6371 Arizona Cir","","Los Angeles","CA",'90045-1201,US,.0666,"DHL SM Parcel Expedited","",'535816410217165923351,"EN ROUTE TO DHL ECOMMERCE",12:01:56 PM,5358164,'33872102172353055,"50 Lawrence ave"
','9374869903506332367249,"02/17/2021 11:46:00 AM",,"3628 W 144th Pl","","Hawthorne","CA",'90250-8447,US,.0622,"DHL SM Parcel Expedited","",'535816410217165923351,"EN ROUTE TO DHL ECOMMERCE",12:01:56 PM,5358164,'33872102172353045,"50 Lawrence ave"
','9374869903506332449662,"02/17/2021 11:55:40 AM",,"3020 Sunset Ln","","Oxnard","CA",'93035-3943,US,.0622,"DHL SM Parcel Expedited","",'535816410217165923351,"EN ROUTE TO DHL ECOMMERCE",12:01:56 PM,5358164,'33872102172353046,"50 Lawrence ave"
','9374869903506331426008,"02/17/2021 09:19:15 AM",,"12895 Uvas Rd","","Morgan Hill","CA",'95037-9418,US,.0622,"DHL SM Parcel Expedited","",'535816410217165923351,"EN ROUTE TO DHL ECOMMERCE",12:01:56 PM,5358164,'33872102172353052,"50 Lawrence ave"
','9374869903506332436440,"02/17/2021 11:53:36 AM",,"12895 Uvas Rd","","Morgan Hill","CA",'95037-9418,US,.0622,"DHL SM Parcel Expedited","",'535816410217165923351,"EN ROUTE TO DHL ECOMMERCE",12:01:56 PM,5358164,'33872102172353049,"50 Lawrence ave"
'C33F7DF6C737458D94BEB36A7,',"02/17/2021 10:35:25 AM",,"55 Spruce Place SW","Unit# 2206","Calgary","AB",'T3C3X5,CA,.375,"DHL Parcel Intl Standard","",'43572510,"EN ROUTE TO DHL ECOMMERCE",12:01:56 PM,5358164,'33872102172353060,"50 Lawrence ave"