Customer Confirmation Number,Delivery Confirmation Number,Receive Date,Recipient Name,Address Line 1,Address Line 2,City,State,Zip or Postal Code,Country,Weight (LBs),Mail Product Name,Customer Reference,BOL Number,Last Event Description,Last Event Time,Pickup Account Number,DHL Tracking Number,Pickup Address
'6810471612940,'9261290249307241754704,"02/16/2021 11:26:34 am",james sokoloski,"40 skyview drive","","colchester","CT",'06415,US,4,"DHL SM Parcel Plus Expedited","",'53452861021616183000,"EN ROUTE TO DHL ECOMMERCE",11:51:23 AM,5345286,'33812102160079632,"1584 CARROLL ST."
'2814140919334,'9261290249307241714203,"02/16/2021 11:26:34 am",Patricia Escriout,"4112 39th place #B2","","Sunnyside","NY",'11104,US,4,"DHL SM Parcel Plus Expedited","",'53452861021616183000,"EN ROUTE TO DHL ECOMMERCE",11:51:23 AM,5345286,'33812102160079621,"1584 CARROLL ST."
'1814151930914,'9261290249307241737004,"02/16/2021 11:26:34 am",Shonta Holmes,"101 Centre Mall #5D","","Brooklyn","NY",'11231,US,6,"DHL SM Parcel Plus Expedited","",'53452861021616183000,"EN ROUTE TO DHL ECOMMERCE",11:51:23 AM,5345286,'33812102160079631,"1584 CARROLL ST."
'6810450184502,'9274890249307241713202,"02/16/2021 11:26:34 am",Pauline Spence,"68 Chanel dr. E","","Shirley","NY",'11967,US,.375,"DHL SM Parcel Expedited","",'53452861021616183000,"EN ROUTE TO DHL ECOMMERCE",11:51:23 AM,5345286,'33812102160079620,"1584 CARROLL ST."
'4814141126795,'9274890249307241720309,"02/16/2021 11:26:34 am",Natasha Laird,"215 Montauk Hwy","","Speonk","NY",'11972,US,.75,"DHL SM Parcel Expedited","",'53452861021616183000,"EN ROUTE TO DHL ECOMMERCE",11:51:23 AM,5345286,'33812102160079623,"1584 CARROLL ST."
'114-1226078-6440239,'9274890249307241711604,"02/16/2021 11:26:34 am",Cindy L. Ramsey,"28222 KEYSER RD","","EVANS MILLS","NY",'13637,US,.1875,"DHL SM Parcel Expedited","",'53452861021616183000,"EN ROUTE TO DHL ECOMMERCE",11:51:23 AM,5345286,'33812102160079619,"1584 CARROLL ST."
'6810450454679,'9261290249307241721201,"02/16/2021 11:26:34 am",Mitesh Patel,"730 Teaberry Lane","","State College","PA",'16803,US,4,"DHL SM Parcel Plus Expedited","",'53452861021616183000,"EN ROUTE TO DHL ECOMMERCE",11:51:23 AM,5345286,'33812102160079625,"1584 CARROLL ST."
'2810449904560,'9274890249307241708604,"02/16/2021 11:26:34 am",Donna J Williams,"1522 Lochwood Rd","","Baltimore","MD",'21218,US,.375,"DHL SM Parcel Expedited","",'53452861021616183000,"EN ROUTE TO DHL ECOMMERCE",11:51:23 AM,5345286,'33812102160079616,"1584 CARROLL ST."
'4814141302951,'9274890249307241723508,"02/16/2021 11:26:34 am",Mary Ward,"2005 Kingstree Dr","","Monroe","NC",'28112,US,.375,"DHL SM Parcel Expedited","",'53452861021616183000,"EN ROUTE TO DHL ECOMMERCE",11:51:23 AM,5345286,'33812102160079628,"1584 CARROLL ST."
'1814141225439,'9274890249307241722006,"02/16/2021 11:26:34 am",Angel Doyle,"1815 Molly Cir","","York","SC",'29745,US,.75,"DHL SM Parcel Expedited","",'53452861021616183000,"EN ROUTE TO DHL ECOMMERCE",11:51:23 AM,5345286,'33812102160079626,"1584 CARROLL ST."
'112-8174601-8449801,'9274890249307241709601,"02/16/2021 11:26:34 am",Jane B. Hersh,"213 Settlers Row North","","Ponte Vedra Beach","FL",'32082,US,.375,"DHL SM Parcel Expedited","",'53452861021616183000,"EN ROUTE TO DHL ECOMMERCE",11:51:23 AM,5345286,'33812102160079618,"1584 CARROLL ST."
'2814141150399,'9274890249307241721108,"02/16/2021 11:26:34 am",Wayne Gerber,"6600 NW 15th Avenue","","Fort Lauderdale","FL",'33309,US,.5,"DHL SM Parcel Expedited","",'53452861021616183000,"EN ROUTE TO DHL ECOMMERCE",11:51:23 AM,5345286,'33812102160079624,"1584 CARROLL ST."
'112-0224339-6982603,'9274890249307241715404,"02/16/2021 11:26:34 am",Angela Haley,"4705 STUART GLEN DR","","NASHVILLE","TN",'37215,US,.1875,"DHL SM Parcel Expedited","",'53452861021616183000,"EN ROUTE TO DHL ECOMMERCE",11:51:23 AM,5345286,'33812102160079622,"1584 CARROLL ST."
'1810449943979,'9274890249307241709304,"02/16/2021 11:26:34 am",Hwida Asmar,"4123 S lake Ct","","Shelby township","MI",'48316,US,.75,"DHL SM Parcel Expedited","",'53452861021616183000,"EN ROUTE TO DHL ECOMMERCE",11:51:23 AM,5345286,'33812102160079617,"1584 CARROLL ST."
'2810450703700,'9261290249307241725704,"02/16/2021 11:26:34 am",Penelope Preston,"825 Knipp Dr","","Mascoutah","IL",'62258,US,8,"DHL SM Parcel Plus Expedited","",'53452861021616183000,"EN ROUTE TO DHL ECOMMERCE",11:51:23 AM,5345286,'33812102160079630,"1584 CARROLL ST."
'112-2175886-2487417,'9274890249307241708109,"02/16/2021 11:26:34 am",sonia,"10134 PILLOT ST","","HOUSTON","TX",'77029,US,.1875,"DHL SM Parcel Expedited","",'53452861021616183000,"EN ROUTE TO DHL ECOMMERCE",11:51:23 AM,5345286,'33812102160079615,"1584 CARROLL ST."
'6814141238437,'9274890249307241722105,"02/16/2021 11:26:34 am",Kanessa Walls,"3018 Bradley Rd.","","Perris","CA",'92571,US,.75,"DHL SM Parcel Expedited","",'53452861021616183000,"EN ROUTE TO DHL ECOMMERCE",11:51:23 AM,5345286,'33812102160079627,"1584 CARROLL ST."
'1810439412579,'9274890249307241703104,"02/16/2021 11:26:34 am",Patricia Basye,"887 NW Meadows Dr","","McMinnville","OR",'97128,US,.375,"DHL SM Parcel Expedited","",'53452861021616183000,"EN ROUTE TO DHL ECOMMERCE",11:51:23 AM,5345286,'33812102160079614,"1584 CARROLL ST."
'114-6054460-3258603,'9274890249307241723805,"02/16/2021 11:26:34 am",LASHONDA D BRADLEY,"625 N DEKUM","","PORTLAND","OR",'97217,US,.1875,"DHL SM Parcel Expedited","",'53452861021616183000,"EN ROUTE TO DHL ECOMMERCE",11:51:23 AM,5345286,'33812102160079629,"1584 CARROLL ST."
'GM555348799000001187,',"02/16/2021 04:00:41 am",VAL T,"21 WISEMAN DR","","AJAX","ON",'L1Z 1K9,CA,.38,"DHL Parcel Intl Standard","",',"EN ROUTE TO DHL ECOMMERCE",04:05:08 AM,5345286,'33882102169666138,"1584 CARROLL ST."
','9374869903506325845075,"02/16/2021 09:37:34 am",,"15 Lambert St # 2","","Cranston","RI",'02910-1719,US,.0622,"DHL SM Parcel Expedited","",'535816410216144723651,"EN ROUTE TO DHL ECOMMERCE",09:54:44 AM,5358164,'33872102169971677,"50 Lawrence ave"
','9374869903506325786897,"02/16/2021 09:26:31 am",,"123 Beemer Church Rd","","Branchville","NJ",'07826-5704,US,.0622,"DHL SM Parcel Expedited","",'535816410216144723651,"EN ROUTE TO DHL ECOMMERCE",09:54:44 AM,5358164,'33872102169971684,"50 Lawrence ave"
','9374869903506325789096,"02/16/2021 09:27:13 am",,"4409 Cottendale Dr","","Durham","NC",'27703-5851,US,.0622,"DHL SM Parcel Expedited","",'535816410216144723651,"EN ROUTE TO DHL ECOMMERCE",09:54:44 AM,5358164,'33872102169971682,"50 Lawrence ave"
','9374869903506325883978,"02/16/2021 09:43:08 am",,"4150 Beauregard Rd","","Wesson","MS",'39191-9212,US,.0666,"DHL SM Parcel Expedited","",'535816410216144723651,"EN ROUTE TO DHL ECOMMERCE",09:54:44 AM,5358164,'33872102169971681,"50 Lawrence ave"
','9374869903506325860665,"02/16/2021 09:40:02 am",,"1026 Carneal Rd","","Lexington","KY",'40505-3308,US,.0622,"DHL SM Parcel Expedited","",'535816410216144723651,"EN ROUTE TO DHL ECOMMERCE",09:54:44 AM,5358164,'33872102169971678,"50 Lawrence ave"
','9374869903506325891485,"02/16/2021 09:44:16 am",,"3209 N 7th Ave","","Sioux Falls","SD",'57104-7302,US,.0666,"DHL SM Parcel Expedited","",'535816410216144723651,"EN ROUTE TO DHL ECOMMERCE",09:54:44 AM,5358164,'33872102169971683,"50 Lawrence ave"
','9374869903506325897708,"02/16/2021 09:45:17 am",,"PO Box 2383","","Des Plaines","IL",'60017-2383,US,.0622,"DHL SM Parcel Expedited","",'535816410216144723651,"EN ROUTE TO DHL ECOMMERCE",09:54:44 AM,5358164,'33872102169971688,"50 Lawrence ave"
','9374869903506325856682,"02/16/2021 09:39:07 am",,"1335 N Murray St","","Wichita","KS",'67212-4252,US,.0622,"DHL SM Parcel Expedited","",'535816410216144723651,"EN ROUTE TO DHL ECOMMERCE",09:54:44 AM,5358164,'33872102169971685,"50 Lawrence ave"
','9374869903506325878608,"02/16/2021 09:42:51 am",,"1015 Angus Rd","","Monroe","LA",'71202-9756,US,.0666,"DHL SM Parcel Expedited","",'535816410216144723651,"EN ROUTE TO DHL ECOMMERCE",09:54:44 AM,5358164,'33872102169971679,"50 Lawrence ave"
','9374869903506325893243,"02/16/2021 09:44:27 am",,"PO Box 416","","Argyle","TX",'76226-0416,US,.0666,"DHL SM Parcel Expedited","",'535816410216144723651,"EN ROUTE TO DHL ECOMMERCE",09:54:44 AM,5358164,'33872102169971680,"50 Lawrence ave"
','9374869903506325883725,"02/16/2021 09:43:49 am",,"2937 Lois Ln","","Santa Fe","NM",'87507-4825,US,.0666,"DHL SM Parcel Expedited","",'535816410216144723651,"EN ROUTE TO DHL ECOMMERCE",09:54:44 AM,5358164,'33872102169971687,"50 Lawrence ave"
','9374869903506325778427,"02/16/2021 09:25:05 am",,"42537 Bagley Ln","","Astoria","OR",'97103-8458,US,.0622,"DHL SM Parcel Expedited","",'535816410216144723651,"EN ROUTE TO DHL ECOMMERCE",09:54:44 AM,5358164,'33872102169971686,"50 Lawrence ave"
'810A73B56A9847EDB05929E54,',"02/16/2021 09:46:17 am",,"1429 Crois Carol","","Laval","QC",'H7W 1G5,CA,.1325,"DHL Parcel Intl Standard","",'43570470,"EN ROUTE TO DHL ECOMMERCE",09:54:44 AM,5358164,'33872102169971691,"50 Lawrence ave"