Customer Confirmation Number,Delivery Confirmation Number,Receive Date,Recipient Name,Address Line 1,Address Line 2,City,State,Zip or Postal Code,Country,Weight (LBs),Mail Product Name,Customer Reference,BOL Number,Last Event Description,Last Event Time,Pickup Account Number,DHL Tracking Number,Pickup Address
'2021011115401620805HIH3R,',"01/11/2021 10:47:41 AM",WAYNE HANNON,"125 GOODYEAR AVENUE","","GRAND FALLS-WINDSOR","NL",'A2A1J5,CA,0,"DHL Parcel Intl Standard","",'48824961,"EN ROUTE TO DHL ECOMMERCE",10:49:20 AM,5345229,'33882101112540643,"1584 CARROLL ST"
'2021011115401620805HIH3R,',"01/11/2021 10:40:19 AM",,"125 Goodyear Avenue","","Grand Falls-Windsor","NL",'A2A1J5,CA,.25,"DHL Parcel Intl Standard","",'48824961,"EN ROUTE TO DHL ECOMMERCE",10:49:50 AM,5345229,'33872101112542034,"1584 CARROLL ST"
'20210111154016722IXIAQGG,',"01/11/2021 10:47:41 AM",ALEXANDRE VACHON,"718 BOUL LAMONTAGNE","","SAINTE-MARIE","QC",'G6E 0K4,CA,0,"DHL Parcel Intl Standard","",'48824961,"EN ROUTE TO DHL ECOMMERCE",10:49:20 AM,5345229,'33882101112540645,"1584 CARROLL ST"
'20210111154016722IXIAQGG,',"01/11/2021 10:40:19 AM",,"718 Boul Lamontagne","","Sainte-Marie","QC",'G6E 0K4,CA,.3125,"DHL Parcel Intl Standard","",'48824961,"EN ROUTE TO DHL ECOMMERCE",10:49:50 AM,5345229,'33872101112542037,"1584 CARROLL ST"
'20210111154030120BUUV3CH,',"01/11/2021 10:47:41 AM",ABASSI AKREM,"600 BOUL ALPHONSE-DESJARDINS","","LEVIS","QC",'G6V 5T2,CA,0,"DHL Parcel Intl Standard","",'48824961,"EN ROUTE TO DHL ECOMMERCE",10:49:20 AM,5345229,'33882101112540649,"1584 CARROLL ST"
'20210111154030120BUUV3CH,',"01/11/2021 10:40:31 AM",,"600 Boul Alphonse-Desjardins","","Levis","QC",'G6V 5T2,CA,.1875,"DHL Parcel Intl Standard","",'48824961,"EN ROUTE TO DHL ECOMMERCE",10:49:50 AM,5345229,'33872101112542032,"1584 CARROLL ST"
'20210111154444183YMXPJXA,',"01/11/2021 10:47:41 AM",BILL CHAPMAN,"1963 GLENMEAD RD","","PETERBOROUGH","ON",'K9L 1W8,CA,0,"DHL Parcel Intl Standard","",'48824961,"EN ROUTE TO DHL ECOMMERCE",10:49:20 AM,5345229,'33882101112540651,"1584 CARROLL ST"
'20210111154444183YMXPJXA,',"01/11/2021 10:44:46 AM",,"1963 Glenmead Rd","","Peterborough","ON",'K9L 1W8,CA,.25,"DHL Parcel Intl Standard","",'48824961,"EN ROUTE TO DHL ECOMMERCE",10:49:50 AM,5345229,'33872101112542035,"1584 CARROLL ST"
'20210111154018011DYISXJ0,',"01/11/2021 10:47:41 AM",ANTHONY JAMES,"1030 OAK MEADOW RD","","OAKVILLE","ON",'L6M 1J7,CA,0,"DHL Parcel Intl Standard","",'48824961,"EN ROUTE TO DHL ECOMMERCE",10:49:20 AM,5345229,'33882101112540646,"1584 CARROLL ST"
'20210111154018011DYISXJ0,',"01/11/2021 10:40:21 AM",,"1030 Oak Meadow Rd","","Oakville","ON",'L6M 1J7,CA,.25,"DHL Parcel Intl Standard","",'48824961,"EN ROUTE TO DHL ECOMMERCE",10:49:50 AM,5345229,'33872101112542030,"1584 CARROLL ST"
'20210111154444175UXKT35L,',"01/11/2021 10:47:41 AM",J ANDRE SAMPSON,"BUZZER 1580","30 LIVONIA PL APT 1003","TORONTO","ON",'M1E 4W7,CA,0,"DHL Parcel Intl Standard","",'48824961,"EN ROUTE TO DHL ECOMMERCE",10:49:20 AM,5345229,'33882101112540650,"1584 CARROLL ST"
'20210111154444175UXKT35L,',"01/11/2021 10:44:47 AM",,"buzzer 1580","30 Livonia Pl Apt 1003","Toronto","ON",'M1E 4W7,CA,.25,"DHL Parcel Intl Standard","",'48824961,"EN ROUTE TO DHL ECOMMERCE",10:49:50 AM,5345229,'33872101112542036,"1584 CARROLL ST"
'20210111154016722GJLJO0O,',"01/11/2021 10:47:41 AM",LIAQUAT KURSATTE,"219 GRAND RIDGE DR","","CAMBRIDGE","ON",'N1S 4W7,CA,0,"DHL Parcel Intl Standard","",'48824961,"EN ROUTE TO DHL ECOMMERCE",10:49:20 AM,5345229,'33882101112540644,"1584 CARROLL ST"
'20210111154016722GJLJO0O,',"01/11/2021 10:40:19 AM",,"219 Grand Ridge Dr","","Cambridge","ON",'N1S 4W7,CA,.25,"DHL Parcel Intl Standard","",'48824961,"EN ROUTE TO DHL ECOMMERCE",10:49:50 AM,5345229,'33872101112542031,"1584 CARROLL ST"
'20210111154022878SMEVTAS,',"01/11/2021 10:47:41 AM",RONY ABAMONGA,"14ENGLISH LANE","","BRANTFORD","ON",'N3T 0H2,CA,0,"DHL Parcel Intl Standard","",'48824961,"EN ROUTE TO DHL ECOMMERCE",10:49:20 AM,5345229,'33882101112540648,"1584 CARROLL ST"
'20210111154022878SMEVTAS,',"01/11/2021 10:40:24 AM",,"14English Lane","","Brantford","ON",'N3t 0H2,CA,.25,"DHL Parcel Intl Standard","",'48824961,"EN ROUTE TO DHL ECOMMERCE",10:49:50 AM,5345229,'33872101112542038,"1584 CARROLL ST"
'20210111154021589ISCSS2E,',"01/11/2021 10:47:41 AM",KERRI ANDREWS,"18-900 FERGUSON RD","","PORCUPINE","ON",'P0N 1C0,CA,0,"DHL Parcel Intl Standard","",'48824961,"EN ROUTE TO DHL ECOMMERCE",10:49:20 AM,5345229,'33882101112540647,"1584 CARROLL ST"
'20210111154021589ISCSS2E,',"01/11/2021 10:40:29 AM",,"18-900 Ferguson Rd","","Porcupine","ON",'P0N 1C0,CA,.1875,"DHL Parcel Intl Standard","",'48824961,"EN ROUTE TO DHL ECOMMERCE",10:49:50 AM,5345229,'33872101112542033,"1584 CARROLL ST"
','9374869903506136848326,"01/11/2021 12:15:19 PM",,"157 Warrenton St","","Springfield","MA",'01109-1917,US,.0666,"DHL SM Parcel Expedited","",'535816410111174323651,"EN ROUTE TO DHL ECOMMERCE",12:48:16 PM,5358164,'33872101112886906,"50 Lawrence ave"
','9374869903506137135111,"01/11/2021 12:41:49 PM",,"157 warrenton st","","Springfield","MA",'01109-1917,US,.0666,"DHL SM Parcel Expedited","",'535816410111174323651,"EN ROUTE TO DHL ECOMMERCE",12:48:16 PM,5358164,'33872101112886854,"50 Lawrence ave"
','9374869903506136578278,"01/11/2021 11:51:24 AM",,"157 Warrenton St","","Springfield","MA",'01109-1917,US,.0666,"DHL SM Parcel Expedited","",'535816410111174323651,"EN ROUTE TO DHL ECOMMERCE",12:48:16 PM,5358164,'33872101112886860,"50 Lawrence ave"
','9374869903506136821985,"01/11/2021 12:12:32 PM",,"399 Pinedale Ave","","Athol","MA",'01331-1040,US,.0666,"DHL SM Parcel Expedited","",'535816410111174323651,"EN ROUTE TO DHL ECOMMERCE",12:48:16 PM,5358164,'33872101112886885,"50 Lawrence ave"
','9374869903506136752593,"01/11/2021 12:05:13 PM",,"99 Notch Rd","","Corinth","ME",'04427-3100,US,.0666,"DHL SM Parcel Expedited","",'535816410111174323651,"EN ROUTE TO DHL ECOMMERCE",12:48:16 PM,5358164,'33872101112886903,"50 Lawrence ave"
','9374869903506136587133,"01/11/2021 11:52:03 AM",,"24 Worthington Dr","","Farmington","CT",'06032-1493,US,.0666,"DHL SM Parcel Expedited","",'535816410111174323651,"EN ROUTE TO DHL ECOMMERCE",12:48:16 PM,5358164,'33872101112886864,"50 Lawrence ave"
','9374869903506136171875,"01/11/2021 11:17:15 AM",,"72 Shaffer Rd","","Bridgewater","NJ",'08807-5606,US,.0622,"DHL SM Parcel Expedited","",'535816410111174323651,"EN ROUTE TO DHL ECOMMERCE",12:48:16 PM,5358164,'33872101112886923,"50 Lawrence ave"
','9374869903506136795446,"01/11/2021 12:09:36 PM",,"2 east 167 st jerome apt # 34","","bronx","NY",'10452-8209,US,.0666,"DHL SM Parcel Expedited","",'535816410111174323651,"EN ROUTE TO DHL ECOMMERCE",12:48:16 PM,5358164,'33872101112886868,"50 Lawrence ave"
','9374869903506136234990,"01/11/2021 11:22:22 AM",,"1630 Macombs Rd Apt 4H","","Bronx","NY",'10453-7619,US,.0622,"DHL SM Parcel Expedited","",'535816410111174323651,"EN ROUTE TO DHL ECOMMERCE",12:48:16 PM,5358164,'33872101112886920,"50 Lawrence ave"
','9374869903506136094907,"01/11/2021 11:09:38 AM",,"256 Westside Ave","","Haverstraw","NY",'10927-1213,US,.0622,"DHL SM Parcel Expedited","",'535816410111174323651,"EN ROUTE TO DHL ECOMMERCE",12:48:16 PM,5358164,'33872101112886918,"50 Lawrence ave"
','9374869903506136860793,"01/11/2021 12:16:09 PM",,"7 Kings Ct Apt 3","","Camillus","NY",'13031-1747,US,.1332,"DHL SM Parcel Expedited","",'535816410111174323651,"EN ROUTE TO DHL ECOMMERCE",12:48:16 PM,5358164,'33872101112886909,"50 Lawrence ave"
','9374869903506136714621,"01/11/2021 12:01:44 PM",,"207 Bornt Hill Rd","Apt 34","Endicott","NY",'13760-9705,US,.0666,"DHL SM Parcel Expedited","",'535816410111174323651,"EN ROUTE TO DHL ECOMMERCE",12:48:16 PM,5358164,'33872101112886875,"50 Lawrence ave"
','9374869903506136792957,"01/11/2021 12:09:04 PM",,"850 Indiana Rd","","Verona","PA",'15147-2702,US,.0666,"DHL SM Parcel Expedited","",'535816410111174323651,"EN ROUTE TO DHL ECOMMERCE",12:48:16 PM,5358164,'33872101112886900,"50 Lawrence ave"
','9374869903506136709542,"01/11/2021 12:01:18 PM",,"172 cherriwood rd","","pulaski","PA",'16143-2502,US,.0666,"DHL SM Parcel Expedited","",'535816410111174323651,"EN ROUTE TO DHL ECOMMERCE",12:48:16 PM,5358164,'33872101112886897,"50 Lawrence ave"
','9374869903506136598122,"01/11/2021 11:52:37 AM",,"1642 Callone Ave","","Bethlehem","PA",'18017-4132,US,.0666,"DHL SM Parcel Expedited","",'535816410111174323651,"EN ROUTE TO DHL ECOMMERCE",12:48:16 PM,5358164,'33872101112886874,"50 Lawrence ave"
','9374869903506136977422,"01/11/2021 12:27:35 PM",,"158 Lowrys Ln","","Bryn Mawr","PA",'19010-1026,US,.0666,"DHL SM Parcel Expedited","",'535816410111174323651,"EN ROUTE TO DHL ECOMMERCE",12:48:16 PM,5358164,'33872101112886852,"50 Lawrence ave"
','9374869903506136824429,"01/11/2021 12:13:05 PM",,"4307 N Fairhill St","","Philadelphia","PA",'19140-2305,US,.0666,"DHL SM Parcel Expedited","",'535816410111174323651,"EN ROUTE TO DHL ECOMMERCE",12:48:16 PM,5358164,'33872101112886870,"50 Lawrence ave"
','9374869903506136975008,"01/11/2021 12:27:10 PM",,"5033 Royal Birkdale Ave","","Waldorf","MD",'20602-5186,US,.0666,"DHL SM Parcel Expedited","",'535816410111174323651,"EN ROUTE TO DHL ECOMMERCE",12:48:16 PM,5358164,'33872101112886853,"50 Lawrence ave"
','9374869903506136621523,"01/11/2021 11:54:09 AM",,"3801 Kenilworth Ave Apt 407E","","Bladensburg","MD",'20710-2132,US,.0666,"DHL SM Parcel Expedited","",'535816410111174323651,"EN ROUTE TO DHL ECOMMERCE",12:48:16 PM,5358164,'33872101112886862,"50 Lawrence ave"
','9374869903506135017938,"01/11/2021 09:47:12 AM",,"3584 Argonne Ave","Trlr 41","Norfolk","VA",'23509-2110,US,.0622,"DHL SM Parcel Expedited","",'535816410111174323651,"EN ROUTE TO DHL ECOMMERCE",12:48:16 PM,5358164,'33872101112886930,"50 Lawrence ave"
','9374869903506136453520,"01/11/2021 11:40:41 AM",,"1000 Kcm Dr","","Yadkinville","NC",'27055-8741,US,.0622,"DHL SM Parcel Expedited","",'535816410111174323651,"EN ROUTE TO DHL ECOMMERCE",12:48:16 PM,5358164,'33872101112886904,"50 Lawrence ave"
','9374869903506136958698,"01/11/2021 12:25:46 PM",,"718 Old Mill Rd","","High Point","NC",'27265-9676,US,.0666,"DHL SM Parcel Expedited","",'535816410111174323651,"EN ROUTE TO DHL ECOMMERCE",12:48:16 PM,5358164,'33872101112886858,"50 Lawrence ave"
','9374869903506136473948,"01/11/2021 11:42:31 AM",,"106 New Timber Path","","Apex","NC",'27502-3766,US,.0622,"DHL SM Parcel Expedited","",'535816410111174323651,"EN ROUTE TO DHL ECOMMERCE",12:48:16 PM,5358164,'33872101112886905,"50 Lawrence ave"
','9374869903506136469934,"01/11/2021 11:42:11 AM",,"106 New Timber Path","","Apex","NC",'27502-3766,US,.0622,"DHL SM Parcel Expedited","",'535816410111174323651,"EN ROUTE TO DHL ECOMMERCE",12:48:16 PM,5358164,'33872101112886914,"50 Lawrence ave"
','9374869903506136724125,"01/11/2021 12:02:46 PM",,"3004 Geiger Cir","","Apex","NC",'27539-5036,US,.0666,"DHL SM Parcel Expedited","",'535816410111174323651,"EN ROUTE TO DHL ECOMMERCE",12:48:16 PM,5358164,'33872101112886881,"50 Lawrence ave"
','9374869903506136363034,"01/11/2021 11:33:23 AM",,"2121 Versatile Rd","Apt 304","Raleigh","NC",'27603-3389,US,.0622,"DHL SM Parcel Expedited","",'535816410111174323651,"EN ROUTE TO DHL ECOMMERCE",12:48:16 PM,5358164,'33872101112886913,"50 Lawrence ave"
','9374869903506136631799,"01/11/2021 11:54:56 AM",,"4001 Meriwether Dr","Apt E4","Durham","NC",'27704-2888,US,.0666,"DHL SM Parcel Expedited","",'535816410111174323651,"EN ROUTE TO DHL ECOMMERCE",12:48:16 PM,5358164,'33872101112886891,"50 Lawrence ave"
','9374869903506136758779,"01/11/2021 12:05:42 PM",,"3261 Scranton Dr","","Mount Pleasant","SC",'29466-8539,US,.0666,"DHL SM Parcel Expedited","",'535816410111174323651,"EN ROUTE TO DHL ECOMMERCE",12:48:16 PM,5358164,'33872101112886907,"50 Lawrence ave"
','9374869903506136780244,"01/11/2021 12:07:47 PM",,"418 Willow Ct SE","","Conyers","GA",'30094-3868,US,.0666,"DHL SM Parcel Expedited","",'535816410111174323651,"EN ROUTE TO DHL ECOMMERCE",12:48:16 PM,5358164,'33872101112886899,"50 Lawrence ave"
','9374869903506136663134,"01/11/2021 11:57:15 AM",,"539 Brenston Ct","","Ellenwood","GA",'30294-4903,US,.0666,"DHL SM Parcel Expedited","",'535816410111174323651,"EN ROUTE TO DHL ECOMMERCE",12:48:16 PM,5358164,'33872101112886895,"50 Lawrence ave"
','9374869903506136618011,"01/11/2021 11:53:50 AM",,"Po box 21422","","Tallahassee","FL",'32316-1422,US,.0666,"DHL SM Parcel Expedited","",'535816410111174323651,"EN ROUTE TO DHL ECOMMERCE",12:48:16 PM,5358164,'33872101112886867,"50 Lawrence ave"
','9374869903506136691724,"01/11/2021 11:59:50 AM",,"23753 Milford Dr","","Eustis","FL",'32736-7973,US,.0666,"DHL SM Parcel Expedited","",'535816410111174323651,"EN ROUTE TO DHL ECOMMERCE",12:48:16 PM,5358164,'33872101112886901,"50 Lawrence ave"
','9374869903506136731611,"01/11/2021 12:03:16 PM",,"8588 NW 56th St","Bla00787","Doral","FL",'33166-6212,US,.0666,"DHL SM Parcel Expedited","",'535816410111174323651,"EN ROUTE TO DHL ECOMMERCE",12:48:16 PM,5358164,'33872101112886908,"50 Lawrence ave"
','9374869903506137019831,"01/11/2021 12:30:55 PM",,"50 NW 209th St","","Miami","FL",'33169-2238,US,.1776,"DHL SM Parcel Expedited","",'535816410111174323651,"EN ROUTE TO DHL ECOMMERCE",12:48:16 PM,5358164,'33872101112886857,"50 Lawrence ave"
','9374869903506136341018,"01/11/2021 11:31:17 AM",,"11438 60th Ter","","Seminole","FL",'33772-6643,US,.0622,"DHL SM Parcel Expedited","",'535816410111174323651,"EN ROUTE TO DHL ECOMMERCE",12:48:16 PM,5358164,'33872101112886917,"50 Lawrence ave"
','9374869903506136293119,"01/11/2021 11:27:23 AM",,"120 57th Ave E","","Bradenton","FL",'34203-6240,US,.0622,"DHL SM Parcel Expedited","",'535816410111174323651,"EN ROUTE TO DHL ECOMMERCE",12:48:16 PM,5358164,'33872101112886915,"50 Lawrence ave"
','9374869903506136834688,"01/11/2021 12:13:46 PM",,"2305 SE 157th Lane Rd","","Summerfield","FL",'34491-5034,US,.0666,"DHL SM Parcel Expedited","",'535816410111174323651,"EN ROUTE TO DHL ECOMMERCE",12:48:16 PM,5358164,'33872101112886910,"50 Lawrence ave"
','9374869903506136273029,"01/11/2021 11:25:41 AM",,"15811 Hicks Rd","","Hudson","FL",'34667-8814,US,.0622,"DHL SM Parcel Expedited","",'535816410111174323651,"EN ROUTE TO DHL ECOMMERCE",12:48:16 PM,5358164,'33872101112886911,"50 Lawrence ave"
','9374869903506136769874,"01/11/2021 12:06:48 PM",,"4938 County Road 117A","","Wildwood","FL",'34785-9669,US,.0666,"DHL SM Parcel Expedited","",'535816410111174323651,"EN ROUTE TO DHL ECOMMERCE",12:48:16 PM,5358164,'33872101112886873,"50 Lawrence ave"
','9374869903506136649916,"01/11/2021 11:56:07 AM",,"437 Gunstocker Rd","","georgetown","TN",'37336-6604,US,.0666,"DHL SM Parcel Expedited","",'535816410111174323651,"EN ROUTE TO DHL ECOMMERCE",12:48:16 PM,5358164,'33872101112886898,"50 Lawrence ave"
'CCBB9EDF840E423796FE85D94,',"01/11/2021 12:36:11 PM",,"181 Edenvale crescent","","Kinglake West","VIC",'3757,AU,.0662,"DHL Parcel Intl Standard","",'42065713,"EN ROUTE TO DHL ECOMMERCE",12:48:16 PM,5358164,'33872101112891814,"50 Lawrence ave"
','9374869903506134801095,"01/11/2021 09:26:07 AM",,"4097 Timbertrail Dr E","","Columbus","OH",'43224-1608,US,.0622,"DHL SM Parcel Expedited","",'535816410111174323651,"EN ROUTE TO DHL ECOMMERCE",12:48:16 PM,5358164,'33872101112886935,"50 Lawrence ave"
','9374869903506134936087,"01/11/2021 09:40:37 AM",,"3158 E Tabor St","","Indianapolis","IN",'46203-4725,US,.0622,"DHL SM Parcel Expedited","",'535816410111174323651,"EN ROUTE TO DHL ECOMMERCE",12:48:16 PM,5358164,'33872101112886927,"50 Lawrence ave"
','9374869903506136310045,"01/11/2021 11:28:48 AM",,"1225 Wildflower Way","","Schererville","IN",'46375-1287,US,.0622,"DHL SM Parcel Expedited","",'535816410111174323651,"EN ROUTE TO DHL ECOMMERCE",12:48:16 PM,5358164,'33872101112886916,"50 Lawrence ave"
','9374869903506136106136,"01/11/2021 11:10:52 AM",,"1730 Dianne Ave","","Evansville","IN",'47714-5423,US,.0622,"DHL SM Parcel Expedited","",'535816410111174323651,"EN ROUTE TO DHL ECOMMERCE",12:48:16 PM,5358164,'33872101112886925,"50 Lawrence ave"
','9374869903506136328545,"01/11/2021 11:29:58 AM",,"23137 Park Place Dr","","Southfield","MI",'48033-7111,US,.0622,"DHL SM Parcel Expedited","",'535816410111174323651,"EN ROUTE TO DHL ECOMMERCE",12:48:16 PM,5358164,'33872101112886896,"50 Lawrence ave"
','9374869903506134949407,"01/11/2021 09:41:31 AM",,"8025 Fieldcrest Dr","","Brighton","MI",'48116-8316,US,.0622,"DHL SM Parcel Expedited","",'535816410111174323651,"EN ROUTE TO DHL ECOMMERCE",12:48:16 PM,5358164,'33872101112886933,"50 Lawrence ave"
','9374869903506136151143,"01/11/2021 11:15:26 AM",,"1555 Harwood Dr","","Oxford","MI",'48371-4433,US,.0622,"DHL SM Parcel Expedited","",'535816410111174323651,"EN ROUTE TO DHL ECOMMERCE",12:48:16 PM,5358164,'33872101112886924,"50 Lawrence ave"
'5A7FB532AC1F4C4AA6122193D,',"01/11/2021 12:35:27 PM",,"845 1/6 Ayam Ct","","Nanum","QLD",'4874,AU,.0662,"DHL Parcel Intl Standard","",'42065713,"EN ROUTE TO DHL ECOMMERCE",12:48:16 PM,5358164,'33872101112891821,"50 Lawrence ave"
','9374869903506137023982,"01/11/2021 12:31:26 PM",,"441 E Bridge St","","Lyons","MI",'48851-9685,US,.1776,"DHL SM Parcel Expedited","",'535816410111174323651,"EN ROUTE TO DHL ECOMMERCE",12:48:16 PM,5358164,'33872101112886856,"50 Lawrence ave"
'C3EB170A4DAD4BFD946B8C655,',"01/11/2021 12:38:14 PM",,"box 368","","Mt Gambier","South Australia",'5290,AU,.1875,"DHL Parcel Intl Standard","",'42065713,"EN ROUTE TO DHL ECOMMERCE",12:48:16 PM,5358164,'33872101112891820,"50 Lawrence ave"
','9374869903506136668061,"01/11/2021 11:57:51 AM",,"210 Huron St","","Horicon","WI",'53032-1561,US,.0666,"DHL SM Parcel Expedited","",'535816410111174323651,"EN ROUTE TO DHL ECOMMERCE",12:48:16 PM,5358164,'33872101112886878,"50 Lawrence ave"
','9374869903506137004103,"01/11/2021 12:29:47 PM",,"816 Hazel Ridge Rd Apt 406","","Elkhorn","WI",'53121-1252,US,.3109,"DHL SM Parcel Expedited","",'535816410111174323651,"EN ROUTE TO DHL ECOMMERCE",12:48:16 PM,5358164,'33872101112886848,"50 Lawrence ave"
','9374869903506136806371,"01/11/2021 12:10:50 PM",,"10155 W Appleton Ave","","Milwaukee","WI",'53225-2517,US,.0666,"DHL SM Parcel Expedited","",'535816410111174323651,"EN ROUTE TO DHL ECOMMERCE",12:48:16 PM,5358164,'33872101112886883,"50 Lawrence ave"
','9374869903506136802557,"01/11/2021 12:10:07 PM",,"10001 PINECONE CT","","NECEDAH","WI",'54646,US,.0666,"DHL SM Parcel Expedited","",'535816410111174323651,"EN ROUTE TO DHL ECOMMERCE",12:48:16 PM,5358164,'33872101112886879,"50 Lawrence ave"
','9374869903506136609149,"01/11/2021 11:53:17 AM",,"10924 Kilpatrick Ave Apt 1N","","Oak Lawn","IL",'60453-5633,US,.0666,"DHL SM Parcel Expedited","",'535816410111174323651,"EN ROUTE TO DHL ECOMMERCE",12:48:16 PM,5358164,'33872101112886888,"50 Lawrence ave"
','9374869903506137013426,"01/11/2021 12:30:25 PM",,"6085 Whitefriars Way","","Rockford","IL",'61109-4137,US,.1776,"DHL SM Parcel Expedited","",'535816410111174323651,"EN ROUTE TO DHL ECOMMERCE",12:48:16 PM,5358164,'33872101112886855,"50 Lawrence ave"
','9374869903506136816363,"01/11/2021 12:11:57 PM",,"218 W 7th St","","Eldon","MO",'65026-1604,US,.0666,"DHL SM Parcel Expedited","",'535816410111174323651,"EN ROUTE TO DHL ECOMMERCE",12:48:16 PM,5358164,'33872101112886866,"50 Lawrence ave"
','9374869903506136720219,"01/11/2021 12:02:14 PM",,"218 W 7th St","","Eldon","MO",'65026-1604,US,.0666,"DHL SM Parcel Expedited","",'535816410111174323651,"EN ROUTE TO DHL ECOMMERCE",12:48:16 PM,5358164,'33872101112886889,"50 Lawrence ave"
','9374869903506136736890,"01/11/2021 12:03:45 PM",,"8147 Parallel Pkwy","","Kansas City","KS",'66112-2010,US,.0666,"DHL SM Parcel Expedited","",'535816410111174323651,"EN ROUTE TO DHL ECOMMERCE",12:48:16 PM,5358164,'33872101112886861,"50 Lawrence ave"
','9374869903506136682142,"01/11/2021 11:59:23 AM",,"809 Magnolia St","","Franklin","LA",'70538-4612,US,.0666,"DHL SM Parcel Expedited","",'535816410111174323651,"EN ROUTE TO DHL ECOMMERCE",12:48:16 PM,5358164,'33872101112886890,"50 Lawrence ave"
','9374869903506136658864,"01/11/2021 11:56:44 AM",,"11305 bel air pl","","oklahoma city","OK",'73120-7909,US,.0666,"DHL SM Parcel Expedited","",'535816410111174323651,"EN ROUTE TO DHL ECOMMERCE",12:48:16 PM,5358164,'33872101112886859,"50 Lawrence ave"
','9374869903506136247082,"01/11/2021 11:23:28 AM",,"PO Box 1311","","Broken Bow","OK",'74728-1311,US,.0622,"DHL SM Parcel Expedited","",'535816410111174323651,"EN ROUTE TO DHL ECOMMERCE",12:48:16 PM,5358164,'33872101112886921,"50 Lawrence ave"
','9374869903506134790849,"01/11/2021 09:25:03 AM",,"3212 Runabout Ct","","Plano","TX",'75023-5649,US,.0622,"DHL SM Parcel Expedited","",'535816410111174323651,"EN ROUTE TO DHL ECOMMERCE",12:48:16 PM,5358164,'33872101112886931,"50 Lawrence ave"
','9374869903506136871072,"01/11/2021 12:17:07 PM",,"2714 Martsy Ct","","Arlington","TX",'76014-2808,US,.1332,"DHL SM Parcel Expedited","",'535816410111174323651,"EN ROUTE TO DHL ECOMMERCE",12:48:16 PM,5358164,'33872101112886869,"50 Lawrence ave"
','9374869903506134906790,"01/11/2021 09:37:12 AM",,"928 Glenndon Dr","","Fort Worth","TX",'76120-1393,US,.0622,"DHL SM Parcel Expedited","",'535816410111174323651,"EN ROUTE TO DHL ECOMMERCE",12:48:16 PM,5358164,'33872101112886932,"50 Lawrence ave"
','9374869903506136745762,"01/11/2021 12:04:35 PM",,"1473 Oakwood Dr","","Stephenville","TX",'76401-1651,US,.0666,"DHL SM Parcel Expedited","",'535816410111174323651,"EN ROUTE TO DHL ECOMMERCE",12:48:16 PM,5358164,'33872101112886876,"50 Lawrence ave"
','9374869903506136696996,"01/11/2021 12:00:30 PM",,"2623 S Glen Haven Blvd","","Houston","TX",'77025-2131,US,.0666,"DHL SM Parcel Expedited","",'535816410111174323651,"EN ROUTE TO DHL ECOMMERCE",12:48:16 PM,5358164,'33872101112886886,"50 Lawrence ave"
','9374869903506136846056,"01/11/2021 12:14:58 PM",,"10606 Piping Rock Ln","","Houston","TX",'77042-2823,US,.0666,"DHL SM Parcel Expedited","",'535816410111174323651,"EN ROUTE TO DHL ECOMMERCE",12:48:16 PM,5358164,'33872101112886887,"50 Lawrence ave"
','9374869903506136787946,"01/11/2021 12:08:31 PM",,"48 ROAD 5009","","CLEVELAND","TX",'77327-3422,US,.0666,"DHL SM Parcel Expedited","",'535816410111174323651,"EN ROUTE TO DHL ECOMMERCE",12:48:16 PM,5358164,'33872101112886892,"50 Lawrence ave"
','9374869903506136968482,"01/11/2021 12:26:39 PM",,"2390 Linson St","","Beaumont","TX",'77703-5339,US,.0666,"DHL SM Parcel Expedited","",'535816410111174323651,"EN ROUTE TO DHL ECOMMERCE",12:48:16 PM,5358164,'33872101112886849,"50 Lawrence ave"
','9374869903506136347249,"01/11/2021 11:32:06 AM",,"1033 W Point Rd","","Corpus Christi","TX",'78416-2130,US,.0622,"DHL SM Parcel Expedited","",'535816410111174323651,"EN ROUTE TO DHL ECOMMERCE",12:48:16 PM,5358164,'33872101112886884,"50 Lawrence ave"
','9374869903506136675274,"01/11/2021 11:58:45 AM",,"8364 W Myron Ave","","Magna","UT",'84044-1823,US,.0666,"DHL SM Parcel Expedited","",'535816410111174323651,"EN ROUTE TO DHL ECOMMERCE",12:48:16 PM,5358164,'33872101112886882,"50 Lawrence ave"
','9374869903506134965551,"01/11/2021 09:42:35 AM",,"517 E Whitton Ave","","Phoenix","AZ",'85012-2317,US,.0622,"DHL SM Parcel Expedited","",'535816410111174323651,"EN ROUTE TO DHL ECOMMERCE",12:48:16 PM,5358164,'33872101112886926,"50 Lawrence ave"
','9374869903506136584118,"01/11/2021 11:51:45 AM",,"511 E Kachina Ave Apt 1","","Apache JCT","AZ",'85119-7693,US,.0666,"DHL SM Parcel Expedited","",'535816410111174323651,"EN ROUTE TO DHL ECOMMERCE",12:48:16 PM,5358164,'33872101112886894,"50 Lawrence ave"
','9374869903506136218815,"01/11/2021 11:21:06 AM",,"3790 E Felix Blvd","","Tucson","AZ",'85706-1926,US,.0622,"DHL SM Parcel Expedited","",'535816410111174323651,"EN ROUTE TO DHL ECOMMERCE",12:48:16 PM,5358164,'33872101112886919,"50 Lawrence ave"
','9374869903506134780055,"01/11/2021 09:24:00 AM",,"2575 Sherwood St","Apt 31","Las Vegas","NV",'89109-1300,US,.0622,"DHL SM Parcel Expedited","",'535816410111174323651,"EN ROUTE TO DHL ECOMMERCE",12:48:16 PM,5358164,'33872101112886928,"50 Lawrence ave"
','9374869903506136984420,"01/11/2021 12:28:21 PM",,"523 3/4 S Ferris Ave","","Los Angeles","CA",'90022-1980,US,.0666,"DHL SM Parcel Expedited","",'535816410111174323651,"EN ROUTE TO DHL ECOMMERCE",12:48:16 PM,5358164,'33872101112886851,"50 Lawrence ave"
','9374869903506136652329,"01/11/2021 11:56:22 AM",,"19850 east arrow hWY f11","","Covina","CA",'91724,US,.0666,"DHL SM Parcel Expedited","",'535816410111174323651,"EN ROUTE TO DHL ECOMMERCE",12:48:16 PM,5358164,'33872101112886872,"50 Lawrence ave"
','9374869903506136441398,"01/11/2021 11:39:48 AM",,"45315 La Cruz Dr","","Temecula","CA",'92590-4935,US,.0622,"DHL SM Parcel Expedited","",'535816410111174323651,"EN ROUTE TO DHL ECOMMERCE",12:48:16 PM,5358164,'33872101112886912,"50 Lawrence ave"
','9374869903506136624456,"01/11/2021 11:54:38 AM",,"2806 Karla St","","Bakersfield","CA",'93312-3225,US,.0666,"DHL SM Parcel Expedited","",'535816410111174323651,"EN ROUTE TO DHL ECOMMERCE",12:48:16 PM,5358164,'33872101112886865,"50 Lawrence ave"
','9374869903506136131183,"01/11/2021 11:13:31 AM",,"333 S Dennison Rd Spc 61","","Tehachapi","CA",'93561-1559,US,.0622,"DHL SM Parcel Expedited","",'535816410111174323651,"EN ROUTE TO DHL ECOMMERCE",12:48:16 PM,5358164,'33872101112886922,"50 Lawrence ave"
','9374869903506136614594,"01/11/2021 11:53:34 AM",,"15018 Breckinridge Ave","","Marina","CA",'93933-5075,US,.0666,"DHL SM Parcel Expedited","",'535816410111174323651,"EN ROUTE TO DHL ECOMMERCE",12:48:16 PM,5358164,'33872101112886877,"50 Lawrence ave"
','9374869903506136591383,"01/11/2021 11:52:19 AM",,"40 28th St Apt 2","","San Francisco","CA",'94110-4932,US,.0666,"DHL SM Parcel Expedited","",'535816410111174323651,"EN ROUTE TO DHL ECOMMERCE",12:48:16 PM,5358164,'33872101112886880,"50 Lawrence ave"
','9374869903506137029717,"01/11/2021 12:32:03 PM",,"248 3rd St","Ste 531","Oakland","CA",'94607-4375,US,.1776,"DHL SM Parcel Expedited","",'535816410111174323651,"EN ROUTE TO DHL ECOMMERCE",12:48:16 PM,5358164,'33872101112886850,"50 Lawrence ave"
','9374869903506136639948,"01/11/2021 11:55:36 AM",,"499 Madison St","","Eureka","CA",'95503-5932,US,.0666,"DHL SM Parcel Expedited","",'535816410111174323651,"EN ROUTE TO DHL ECOMMERCE",12:48:16 PM,5358164,'33872101112886863,"50 Lawrence ave"
','9374869903506136742532,"01/11/2021 12:04:09 PM",,"10446 Martis Dr","","Truckee","CA",'96161-1815,US,.0666,"DHL SM Parcel Expedited","",'535816410111174323651,"EN ROUTE TO DHL ECOMMERCE",12:48:16 PM,5358164,'33872101112886902,"50 Lawrence ave"
','9374869903506134925449,"01/11/2021 09:39:31 AM",,"42537 Bagley Ln","","Astoria","OR",'97103-8458,US,.0622,"DHL SM Parcel Expedited","",'535816410111174323651,"EN ROUTE TO DHL ECOMMERCE",12:48:16 PM,5358164,'33872101112886929,"50 Lawrence ave"
','9374869903506136774038,"01/11/2021 12:07:19 PM",,"2963 SE Tumblestone Dr","","Hillsboro","OR",'97123-7963,US,.0666,"DHL SM Parcel Expedited","",'535816410111174323651,"EN ROUTE TO DHL ECOMMERCE",12:48:16 PM,5358164,'33872101112886871,"50 Lawrence ave"
','9374869903506134760330,"01/11/2021 09:22:20 AM",,"2333 SE 130th Ave Apt 207","","Portland","OR",'97233-1484,US,.0622,"DHL SM Parcel Expedited","",'535816410111174323651,"EN ROUTE TO DHL ECOMMERCE",12:48:16 PM,5358164,'33872101112886934,"50 Lawrence ave"
','9374869903506136634912,"01/11/2021 11:55:12 AM",,"30233 7th Ave S","","Federal Way","WA",'98003-4050,US,.0666,"DHL SM Parcel Expedited","",'535816410111174323651,"EN ROUTE TO DHL ECOMMERCE",12:48:16 PM,5358164,'33872101112886893,"50 Lawrence ave"
'9F4FD4ED24D5477DB0E81F97F,',"01/11/2021 12:33:30 PM",,"551 Mountain RD","551 Mountain RD","Moncton","NB",'E1C2N6,CA,.0662,"DHL Parcel Intl Standard","",'42065713,"EN ROUTE TO DHL ECOMMERCE",12:48:16 PM,5358164,'33872101112891817,"50 Lawrence ave"
'CE6F3618C9474834BDAAAF388,',"01/11/2021 11:37:54 AM",,"169 Rue Principale","","Saint-Lazare-de-Bellechasse","QC",'G0R 3J0,CA,.0625,"DHL Parcel Intl Standard","",'42065713,"EN ROUTE TO DHL ECOMMERCE",12:48:16 PM,5358164,'33872101112891823,"50 Lawrence ave"
'07BE065C56034966ADB26B84F,',"01/11/2021 12:34:09 PM",,"10023 Saint Denis","","Montreal","QC",'H3L 2H8,CA,.0662,"DHL Parcel Intl Standard","",'42065713,"EN ROUTE TO DHL ECOMMERCE",12:48:16 PM,5358164,'33872101112891819,"50 Lawrence ave"
'D7F6BC5A0D8347FD956EFC28A,',"01/11/2021 12:40:43 PM",,"2020 Carleton Court","","Burlington","ON",'L7P3S6,CA,.3088,"DHL Parcel Intl Standard","",'42065713,"EN ROUTE TO DHL ECOMMERCE",12:48:16 PM,5358164,'33872101112891818,"50 Lawrence ave"
'FCC0207D2B1748DCB500C18C9,',"01/11/2021 12:39:52 PM",,"Box 593","","Yorkton","SK",'S3N 2W7,CA,.1762,"DHL Parcel Intl Standard","",'42065713,"EN ROUTE TO DHL ECOMMERCE",12:48:16 PM,5358164,'33872101112891822,"50 Lawrence ave"
'F1602CA1A8664187A8D4081EB,',"01/11/2021 12:34:51 PM",,"506 Selwyn Oaks Pl","","Victoria","BC",'V9B6K7,CA,.0662,"DHL Parcel Intl Standard","",'42065713,"EN ROUTE TO DHL ECOMMERCE",12:48:16 PM,5358164,'33872101112891816,"50 Lawrence ave"
'F54E104C3211462B8EFCA2946,',"01/11/2021 12:36:57 PM",,"2539","route 114","weldon","NB",'e4h 4p8,CA,.1325,"DHL Parcel Intl Standard","",'42065713,"EN ROUTE TO DHL ECOMMERCE",12:48:16 PM,5358164,'33872101112891815,"50 Lawrence ave"