Customer Confirmation Number,Delivery Confirmation Number,Receive Date,Recipient Name,Address Line 1,Address Line 2,City,State,Zip or Postal Code,Country,Weight (LBs),Mail Product Name,Customer Reference,BOL Number,Last Event Description,Last Event Time,Pickup Account Number,DHL Tracking Number,Pickup Address
','9374869903506397392576,"03/02/2021 10:02:00 AM",,"21 Camp Rd","","Gill","MA",'01354-9604,US,.0666,"DHL SM Parcel Expedited","",'535816410302150923151,"EN ROUTE TO DHL ECOMMERCE",10:14:01 AM,5358164,'33872103020382985,"50 Lawrence ave"
','9374869903506397354376,"03/02/2021 09:56:33 AM",,"1121 Westbriar Dr Apt 35","","Henrico","VA",'23238-5048,US,.0666,"DHL SM Parcel Expedited","",'535816410302150923151,"EN ROUTE TO DHL ECOMMERCE",10:14:01 AM,5358164,'33872103020382983,"50 Lawrence ave"
','9374869903506397356608,"03/02/2021 09:56:45 AM",,"110 Destiny Dr","","Gaffney","SC",'29341-2202,US,.0666,"DHL SM Parcel Expedited","",'535816410302150923151,"EN ROUTE TO DHL ECOMMERCE",10:14:01 AM,5358164,'33872103020382987,"50 Lawrence ave"
','9374869903506397407348,"03/02/2021 10:03:31 AM",,"5769 Fairington Farms Ct","","Lithonia","GA",'30038-1551,US,.0666,"DHL SM Parcel Expedited","",'535816410302150923151,"EN ROUTE TO DHL ECOMMERCE",10:14:01 AM,5358164,'33872103020382984,"50 Lawrence ave"
','9374869903506397112891,"03/02/2021 09:27:09 AM",,"1064 Martin Rd","","Midway","GA",'31320-4308,US,.0622,"DHL SM Parcel Expedited","",'535816410302150923151,"EN ROUTE TO DHL ECOMMERCE",10:14:01 AM,5358164,'33872103020382999,"50 Lawrence ave"
','9374869903506397200895,"03/02/2021 09:38:08 AM",,"3501 PINE COVE CT","APT 101C","TAMPA","FL",'33614-2160,US,.0622,"DHL SM Parcel Expedited","",'535816410302150923151,"EN ROUTE TO DHL ECOMMERCE",10:14:01 AM,5358164,'33872103020382995,"50 Lawrence ave"
'E492414EBB0946F59FAD1BD70,',"03/02/2021 10:07:14 AM",,"15 Booran Parade","Tootgarook","Tootgarook","VIC",'3941,AU,.0662,"DHL Parcel Intl Standard","",'49738674,"EN ROUTE TO DHL ECOMMERCE",10:14:01 AM,5358164,'33872103020389474,"50 Lawrence ave"
','9374869903506397354826,"03/02/2021 09:56:20 AM",,"296 Camp Rd","","Wallingford","KY",'41093-8420,US,.0666,"DHL SM Parcel Expedited","",'535816410302150923151,"EN ROUTE TO DHL ECOMMERCE",10:14:01 AM,5358164,'33872103020382989,"50 Lawrence ave"
','9374869903506397414841,"03/02/2021 10:04:23 AM",,"908 N Anderson St","","Bismarck","ND",'58501-3408,US,.0666,"DHL SM Parcel Expedited","",'535816410302150923151,"EN ROUTE TO DHL ECOMMERCE",10:14:01 AM,5358164,'33872103020382993,"50 Lawrence ave"
'4E4435FB5E884A26A8BA76D53,',"03/02/2021 10:05:21 AM",,"Strada provinciale 33 Per Castelferretti n.12","","Chiaravalle","AN",'60033,IT,.0662,"DHL Parcel Intl Standard","",'49738674,"EN ROUTE TO DHL ECOMMERCE",10:14:01 AM,5358164,'33872103020389473,"50 Lawrence ave"
','9374869903506397070054,"03/02/2021 09:22:04 AM",,"4523 Elm St","","Downers Grove","IL",'60515-2921,US,.0622,"DHL SM Parcel Expedited","",'535816410302150923151,"EN ROUTE TO DHL ECOMMERCE",10:14:01 AM,5358164,'33872103020382998,"50 Lawrence ave"
','9374869903506397400042,"03/02/2021 10:02:35 AM",,"8143 Jones St","","Saint James","LA",'70086-7521,US,.0666,"DHL SM Parcel Expedited","",'535816410302150923151,"EN ROUTE TO DHL ECOMMERCE",10:14:01 AM,5358164,'33872103020382982,"50 Lawrence ave"
','9374869903506397262978,"03/02/2021 09:45:47 AM",,"108 Greg Dr","","Sunset","LA",'70584-5507,US,.0622,"DHL SM Parcel Expedited","",'535816410302150923151,"EN ROUTE TO DHL ECOMMERCE",10:14:01 AM,5358164,'33872103020382997,"50 Lawrence ave"
','9374869903506397386124,"03/02/2021 10:00:23 AM",,"PO Box 10581","","Fort Smith","AR",'72917-0581,US,.0666,"DHL SM Parcel Expedited","",'535816410302150923151,"EN ROUTE TO DHL ECOMMERCE",10:14:01 AM,5358164,'33872103020382991,"50 Lawrence ave"
','9374869903506397311454,"03/02/2021 09:51:41 AM",,"14935 S Richmond Ave Apt 1536","","Houston","TX",'77082-1593,US,.0622,"DHL SM Parcel Expedited","",'535816410302150923151,"EN ROUTE TO DHL ECOMMERCE",10:14:01 AM,5358164,'33872103020382981,"50 Lawrence ave"
','9374869903506397402008,"03/02/2021 10:02:54 AM",,"1853 S Pueblo Blvd","","Pueblo","CO",'81005-2105,US,.0666,"DHL SM Parcel Expedited","",'535816410302150923151,"EN ROUTE TO DHL ECOMMERCE",10:14:01 AM,5358164,'33872103020382986,"50 Lawrence ave"
','9374869903506397185932,"03/02/2021 09:36:28 AM",,"3121 George St","","Los Angeles","CA",'90031-2751,US,.0622,"DHL SM Parcel Expedited","",'535816410302150923151,"EN ROUTE TO DHL ECOMMERCE",10:14:01 AM,5358164,'33872103020384001,"50 Lawrence ave"
','9374869903506397103554,"03/02/2021 09:26:15 AM",,"327 Hillside Ter","","Vista","CA",'92084-5143,US,.0622,"DHL SM Parcel Expedited","",'535816410302150923151,"EN ROUTE TO DHL ECOMMERCE",10:14:01 AM,5358164,'33872103020382996,"50 Lawrence ave"
','9374869903506397279228,"03/02/2021 09:48:00 AM",,"317 Clement St","","San Francisco","CA",'94118-2315,US,.0622,"DHL SM Parcel Expedited","",'535816410302150923151,"EN ROUTE TO DHL ECOMMERCE",10:14:01 AM,5358164,'33872103020382990,"50 Lawrence ave"
','9374869903506397396352,"03/02/2021 10:02:11 AM",,"16480 Darlington St","","Delhi","CA",'95315-9287,US,.0666,"DHL SM Parcel Expedited","",'535816410302150923151,"EN ROUTE TO DHL ECOMMERCE",10:14:01 AM,5358164,'33872103020382992,"50 Lawrence ave"
','9374869903506397352310,"03/02/2021 09:56:08 AM",,"PO Box 241","9966 Hwy 140","El Portal","CA",'95318-0241,US,.0666,"DHL SM Parcel Expedited","",'535816410302150923151,"EN ROUTE TO DHL ECOMMERCE",10:14:01 AM,5358164,'33872103020382994,"50 Lawrence ave"
','9374869903506397085997,"03/02/2021 09:24:03 AM",,"5969 Mack Rd","","Sacramento","CA",'95823-4641,US,.0622,"DHL SM Parcel Expedited","",'535816410302150923151,"EN ROUTE TO DHL ECOMMERCE",10:14:01 AM,5358164,'33872103020384000,"50 Lawrence ave"
','9374869903506397292494,"03/02/2021 09:50:11 AM",,"1363 Bartlett Ct NW","","Silverdale","WA",'98383-8933,US,.0622,"DHL SM Parcel Expedited","",'535816410302150923151,"EN ROUTE TO DHL ECOMMERCE",10:14:01 AM,5358164,'33872103020382988,"50 Lawrence ave"