Customer Confirmation Number,Delivery Confirmation Number,Receive Date,Recipient Name,Address Line 1,Address Line 2,City,State,Zip or Postal Code,Country,Weight (LBs),Mail Product Name,Customer Reference,BOL Number,Last Event Description,Last Event Time,Pickup Account Number,DHL Tracking Number,Pickup Address
','9374869903506428607242,"03/08/2021 12:12:25 PM",,"3000 AVENUE K","","BROOKLYN","NY",'11210,US,.1875,"DHL SM Parcel Expedited","1341317",'535032110308171523551,"EN ROUTE TO DHL ECOMMERCE",12:17:16 PM,5350321,'33872103084642793,"519 FLUSHING AVE"
','9374869903506425956305,"03/08/2021 09:24:13 AM",,"160 Meadowbrook Ln","","Fitchburg","MA",'01420-6359,US,.0666,"DHL SM Parcel Expedited","",'535816410308142423651,"EN ROUTE TO DHL ECOMMERCE",09:31:12 AM,5358164,'33872103084192158,"50 Lawrence ave"
','9374869903506425863481,"03/08/2021 09:16:54 AM",,"275 Dennett St","","Portsmouth","NH",'03801-3615,US,.0622,"DHL SM Parcel Expedited","",'535816410308142423651,"EN ROUTE TO DHL ECOMMERCE",09:31:12 AM,5358164,'33872103084192153,"50 Lawrence ave"
','9374869903506425853161,"03/08/2021 09:16:01 AM",,"8878 Goose Landing Cir","","Columbia","MD",'21045-2173,US,.0622,"DHL SM Parcel Expedited","",'535816410308142423651,"EN ROUTE TO DHL ECOMMERCE",09:31:12 AM,5358164,'33872103084192155,"50 Lawrence ave"
','9374869903506425932484,"03/08/2021 09:22:13 AM",,"8200 Butler Greenwood Dr","","Royal Palm Beach","FL",'33411-4537,US,.0622,"DHL SM Parcel Expedited","",'535816410308142423651,"EN ROUTE TO DHL ECOMMERCE",09:31:12 AM,5358164,'33872103084192156,"50 Lawrence ave"
','9374869903506425898674,"03/08/2021 09:18:57 AM",,"22694 Louisville Rd","","Park City","KY",'42160-9344,US,.0622,"DHL SM Parcel Expedited","",'535816410308142423651,"EN ROUTE TO DHL ECOMMERCE",09:31:12 AM,5358164,'33872103084192154,"50 Lawrence ave"
','9374869903506425772400,"03/08/2021 09:10:23 AM",,"1334 Cedar St","","San Bernardino","CA",'92404-5452,US,.0622,"DHL SM Parcel Expedited","",'535816410308142423651,"EN ROUTE TO DHL ECOMMERCE",09:31:12 AM,5358164,'33872103084192159,"50 Lawrence ave"
','9374869903506425951874,"03/08/2021 09:23:28 AM",,"6402 SE 60th Ave","","Portland","OR",'97206-6716,US,.0666,"DHL SM Parcel Expedited","",'535816410308142423651,"EN ROUTE TO DHL ECOMMERCE",09:31:12 AM,5358164,'33872103084192157,"50 Lawrence ave"