Customer Confirmation Number,Delivery Confirmation Number,Receive Date,Recipient Name,Address Line 1,Address Line 2,City,State,Zip or Postal Code,Country,Weight (LBs),Mail Product Name,Customer Reference,BOL Number,Last Event Description,Last Event Time,Pickup Account Number,DHL Tracking Number,Pickup Address
'GM555348587000081656,',"03/25/2021 03:41:18 AM",JOANNE MCINTYRE,"71 ALBATROSS CRES","","HARRISON","ACT",'2914,AU,.19,"DHL Parcel Intl Standard","",',"EN ROUTE TO DHL ECOMMERCE",03:44:25 AM,5345286,'33882103254921987,"1584 CARROLL ST."
'GM555348587000081687,',"03/25/2021 03:41:18 AM",LORETTA SMULDERS,"6 SUMSION RD","","WAMURAN","QLD",'4512,AU,.19,"DHL Parcel Intl Standard","",',"EN ROUTE TO DHL ECOMMERCE",03:44:25 AM,5345286,'33882103254921988,"1584 CARROLL ST."
'GM555348587000081663,',"03/25/2021 03:41:18 AM",JANET HARRISON,"30  30 GODWIN PL","","PELICAN WATERS","QLD",'4551,AU,.19,"DHL Parcel Intl Standard","",',"EN ROUTE TO DHL ECOMMERCE",03:44:25 AM,5345286,'33882103254921989,"1584 CARROLL ST."
'GM555348587000081670,',"03/25/2021 03:41:18 AM",SANDRA LISK,"26 DEVON ST","","LARGS BAY","SA",'5016,AU,.19,"DHL Parcel Intl Standard","",',"EN ROUTE TO DHL ECOMMERCE",03:44:25 AM,5345286,'33882103254921990,"1584 CARROLL ST."
'GM555348587000081694,',"03/25/2021 03:41:18 AM",BESSIE WONG,"8737 161 ST UNIT 32","","SURREY","BC",'V4N 5G3,CA,.19,"DHL Parcel Intl Standard","",',"EN ROUTE TO DHL ECOMMERCE",03:44:25 AM,5345286,'33882103254921986,"1584 CARROLL ST."
','9361269903506523768200,"03/25/2021 10:34:30 AM",,"1130 RIVER RD","","WELLS","VT",'05774,US,3.3125,"DHL SM Parcel Plus Ground","1352533",'535103010325155223451,"EN ROUTE TO DHL ECOMMERCE",11:56:47 AM,5351030,'33872103255780458,"660 LEFFERTS AVE"
','9361269903506523767128,"03/25/2021 10:34:32 AM",,"1431 30TH ST","","PARKERSBURG","WV",'26104,US,3.3125,"DHL SM Parcel Plus Ground","1352533",'535103010325155223451,"EN ROUTE TO DHL ECOMMERCE",11:56:47 AM,5351030,'33872103255780457,"660 LEFFERTS AVE"
','9361269903506524111562,"03/25/2021 11:16:09 AM",,"1455 DOVE LANDING RD","","YORK","SC",'29745,US,2.3125,"DHL SM Parcel Plus Ground","1352533",'535103010325155223451,"EN ROUTE TO DHL ECOMMERCE",11:56:47 AM,5351030,'33872103255780455,"660 LEFFERTS AVE"
','9361269903506524117557,"03/25/2021 11:16:43 AM",,"17205 N APPLEGATE RD","","GRANTS PASS","OR",'97527,US,1.3125,"DHL SM Parcel Plus Ground","1352533",'535103010325155223451,"EN ROUTE TO DHL ECOMMERCE",11:56:47 AM,5351030,'33872103255780456,"660 LEFFERTS AVE"
'A9CEBB9B0F1F4A78813950690,',"03/25/2021 08:48:30 AM",,"4 Russell Hardens","","London","",'NW11 9NL,GB,1.2,"DHL Parcel Intl Standard","",'47009718,"EN ROUTE TO DHL ECOMMERCE",08:50:16 AM,5355557,'33872103255379943,"561 EMPIRE BLVD"
','9374869903506524764313,"03/25/2021 12:42:16 PM",,"134 Lincoln St","","Worcester","MA",'01605-2444,US,.0622,"DHL SM Parcel Expedited","",'535816410325174123651,"EN ROUTE TO DHL ECOMMERCE",01:46:14 PM,5358164,'33872103256055663,"50 Lawrence ave"
','9374869903506524809724,"03/25/2021 12:50:18 PM",,"1215 7th St Apt 2","","North Bergen","NJ",'07047-1739,US,.0622,"DHL SM Parcel Expedited","",'535816410325174123651,"EN ROUTE TO DHL ECOMMERCE",01:46:14 PM,5358164,'33872103256055664,"50 Lawrence ave"
','9374869903506524744407,"03/25/2021 12:38:25 PM",,"159-20 Harlem River Dr Apt 14F","","New York","NY",'10039-1212,US,.0622,"DHL SM Parcel Expedited","",'535816410325174123651,"EN ROUTE TO DHL ECOMMERCE",01:46:14 PM,5358164,'33872103256055661,"50 Lawrence ave"
','9374869903506523503197,"03/25/2021 10:01:31 AM",,"1102 Ridge Rd","","Sellersville","PA",'18960-1348,US,.0622,"DHL SM Parcel Expedited","",'535816410325174123651,"EN ROUTE TO DHL ECOMMERCE",01:46:14 PM,5358164,'33872103256055679,"50 Lawrence ave"
','9374869903506523544473,"03/25/2021 10:07:04 AM",,"2217 Hoffnagle St","","Philadelphia","PA",'19152-2511,US,.0622,"DHL SM Parcel Expedited","",'535816410325174123651,"EN ROUTE TO DHL ECOMMERCE",01:46:14 PM,5358164,'33872103256055680,"50 Lawrence ave"
','9374869903506525099162,"03/25/2021 01:37:02 PM",,"508 Hill Rd","","Womelsdorf","PA",'19567-9218,US,.0622,"DHL SM Parcel Expedited","",'535816410325174123651,"EN ROUTE TO DHL ECOMMERCE",01:46:14 PM,5358164,'33872103256055669,"50 Lawrence ave"
','9374869903506524822761,"03/25/2021 12:51:27 PM",,"2902 Lakebrook Cir","Cir# 104","Halethorpe","MD",'21227-3315,US,.0622,"DHL SM Parcel Expedited","",'535816410325174123651,"EN ROUTE TO DHL ECOMMERCE",01:46:14 PM,5358164,'33872103256055666,"50 Lawrence ave"
','9374869903506523188035,"03/25/2021 09:21:43 AM",,"20101 Bay Ridge Dr # 21","","Laurinburg","NC",'28352-8461,US,.0666,"DHL SM Parcel Expedited","",'535816410325174123651,"EN ROUTE TO DHL ECOMMERCE",01:46:14 PM,5358164,'33872103256055685,"50 Lawrence ave"
','9374869903506523688719,"03/25/2021 10:26:01 AM",,"1166 Hazymist Ln","","Johns Island","SC",'29455-3260,US,.0622,"DHL SM Parcel Expedited","",'535816410325174123651,"EN ROUTE TO DHL ECOMMERCE",01:46:14 PM,5358164,'33872103256055671,"50 Lawrence ave"
','9374869903506523708790,"03/25/2021 10:28:49 AM",,"18333 NW 262nd Ave","","Alachua","FL",'32615-3439,US,.0622,"DHL SM Parcel Expedited","",'535816410325174123651,"EN ROUTE TO DHL ECOMMERCE",01:46:14 PM,5358164,'33872103256055677,"50 Lawrence ave"
','9374869903506523158540,"03/25/2021 09:18:18 AM",,"11115 NW 22nd Ct","","Miami","FL",'33167-3054,US,.0666,"DHL SM Parcel Expedited","",'535816410325174123651,"EN ROUTE TO DHL ECOMMERCE",01:46:14 PM,5358164,'33872103256055667,"50 Lawrence ave"
','9374869903506525098097,"03/25/2021 01:36:49 PM",,"4601 Heavens Way","","New Port Richey","FL",'34652-1521,US,.0622,"DHL SM Parcel Expedited","",'535816410325174123651,"EN ROUTE TO DHL ECOMMERCE",01:46:14 PM,5358164,'33872103256055673,"50 Lawrence ave"
','9374869903506524802510,"03/25/2021 12:48:26 PM",,"4855 Sparrow Dr","","Saint Cloud","FL",'34772-8348,US,.0622,"DHL SM Parcel Expedited","",'535816410325174123651,"EN ROUTE TO DHL ECOMMERCE",01:46:14 PM,5358164,'33872103256055665,"50 Lawrence ave"
','9374869903506525067086,"03/25/2021 01:31:07 PM",,"380 Peavler Ln","","Rutledge","TN",'37861-4136,US,.0622,"DHL SM Parcel Expedited","",'535816410325174123651,"EN ROUTE TO DHL ECOMMERCE",01:46:14 PM,5358164,'33872103256055660,"50 Lawrence ave"
'81B516A68722400FA6A6203E3,',"03/25/2021 09:24:08 AM",,"5 Kala St","","Rochedale South","QLD",'4123,AU,.0662,"DHL Parcel Intl Standard","",'47005707,"EN ROUTE TO DHL ECOMMERCE",01:46:14 PM,5358164,'33872103256052292,"50 Lawrence ave"
','9374869903506523187465,"03/25/2021 09:21:54 AM",,"PO Box 570","","Albany","KY",'42602-0570,US,.0666,"DHL SM Parcel Expedited","",'535816410325174123651,"EN ROUTE TO DHL ECOMMERCE",01:46:14 PM,5358164,'33872103256055681,"50 Lawrence ave"
'E4531E30251045D49CD9F35AF,',"03/25/2021 09:25:14 AM",,"Bilu 8, app. 5","","Kfar-Saba","",'44710,IL,.0662,"DHL Parcel Intl Standard","",'47005707,"EN ROUTE TO DHL ECOMMERCE",01:46:14 PM,5358164,'33872103256052293,"50 Lawrence ave"
','9374869903506523488050,"03/25/2021 10:00:11 AM",,"7967 Lieber Rd","","Indianapolis","IN",'46260-2834,US,.0622,"DHL SM Parcel Expedited","",'535816410325174123651,"EN ROUTE TO DHL ECOMMERCE",01:46:14 PM,5358164,'33872103256055674,"50 Lawrence ave"
','9374869903506524748634,"03/25/2021 12:39:33 PM",,"380 Briarwood Dr","","Valparaiso","IN",'46385-8808,US,.0622,"DHL SM Parcel Expedited","",'535816410325174123651,"EN ROUTE TO DHL ECOMMERCE",01:46:14 PM,5358164,'33872103256055662,"50 Lawrence ave"
','9374869903506523620542,"03/25/2021 10:17:22 AM",,"6528 College Ave SE","","Grand Rapids","MI",'49548-6947,US,.0622,"DHL SM Parcel Expedited","",'535816410325174123651,"EN ROUTE TO DHL ECOMMERCE",01:46:14 PM,5358164,'33872103256055676,"50 Lawrence ave"
','9374869903506523569551,"03/25/2021 10:09:57 AM",,"515 S Northern Blvd","","Sugar Creek","MO",'64054-1052,US,.0622,"DHL SM Parcel Expedited","",'535816410325174123651,"EN ROUTE TO DHL ECOMMERCE",01:46:14 PM,5358164,'33872103256055678,"50 Lawrence ave"
','9374869903506523198065,"03/25/2021 09:23:02 AM",,"212 N Magnolia St","","Attica","KS",'67009-9241,US,.1332,"DHL SM Parcel Expedited","",'535816410325174123651,"EN ROUTE TO DHL ECOMMERCE",01:46:14 PM,5358164,'33872103256055684,"50 Lawrence ave"
','9374869903506524788999,"03/25/2021 12:46:16 PM",,"1300 Missouri Ave","","Fremont","NE",'68025-2026,US,.0622,"DHL SM Parcel Expedited","",'535816410325174123651,"EN ROUTE TO DHL ECOMMERCE",01:46:14 PM,5358164,'33872103256055659,"50 Lawrence ave"
','9374869903506523600063,"03/25/2021 10:13:50 AM",,"9820 E 73rd St Apt 424","","Tulsa","OK",'74133-3228,US,.0622,"DHL SM Parcel Expedited","",'535816410325174123651,"EN ROUTE TO DHL ECOMMERCE",01:46:14 PM,5358164,'33872103256055682,"50 Lawrence ave"
','9374869903506523477412,"03/25/2021 09:58:46 AM",,"1012 Rising Moon Dr","","Haslet","TX",'76052-3379,US,.0622,"DHL SM Parcel Expedited","",'535816410325174123651,"EN ROUTE TO DHL ECOMMERCE",01:46:14 PM,5358164,'33872103256055683,"50 Lawrence ave"
','9374869903506523705454,"03/25/2021 10:27:57 AM",,"612 E Dickson St","","Navasota","TX",'77868-2206,US,.0622,"DHL SM Parcel Expedited","",'535816410325174123651,"EN ROUTE TO DHL ECOMMERCE",01:46:14 PM,5358164,'33872103256055670,"50 Lawrence ave"
','9374869903506524722078,"03/25/2021 12:34:24 PM",,"5295 Prominence Pt","","Colorado Springs","CO",'80923-4488,US,.0622,"DHL SM Parcel Expedited","",'535816410325174123651,"EN ROUTE TO DHL ECOMMERCE",01:46:14 PM,5358164,'33872103256055658,"50 Lawrence ave"
','9374869903506523680539,"03/25/2021 10:24:52 AM",,"16954 W Central St","","Surprise","AZ",'85388-1514,US,.0622,"DHL SM Parcel Expedited","",'535816410325174123651,"EN ROUTE TO DHL ECOMMERCE",01:46:14 PM,5358164,'33872103256055675,"50 Lawrence ave"
','9374869903506523159752,"03/25/2021 09:18:30 AM",,"5417 Grape St","","San Diego","CA",'92105-5506,US,.0666,"DHL SM Parcel Expedited","",'535816410325174123651,"EN ROUTE TO DHL ECOMMERCE",01:46:14 PM,5358164,'33872103256055668,"50 Lawrence ave"
','9374869903506523194272,"03/25/2021 09:22:48 AM",,"925 S. NAPA ST.","","Spokane","WA",'99202-3456,US,.0666,"DHL SM Parcel Expedited","",'535816410325174123651,"EN ROUTE TO DHL ECOMMERCE",01:46:14 PM,5358164,'33872103256055672,"50 Lawrence ave"