Customer Confirmation Number,Delivery Confirmation Number,Receive Date,Recipient Name,Address Line 1,Address Line 2,City,State,Zip or Postal Code,Country,Weight (LBs),Mail Product Name,Customer Reference,BOL Number,Last Event Description,Last Event Time,Pickup Account Number,DHL Tracking Number,Pickup Address
'GM555348587000079462,',"01/09/2021 03:31:19 AM",BRIAN MCBRIDE,"2 PARK LAKE AVE","","WILLIAMSWOOD","NS",'B3V 1B9,CA,.19,"DHL Parcel Intl Standard","",',"EN ROUTE TO DHL ECOMMERCE",03:34:22 AM,5345286,'33882101099614807,"1584 CARROLL ST."
'GM555348587000079547,',"01/09/2021 03:31:19 AM",ISABELLE CHOUINARD,"300 CH CARTIER","","SAINT-HILARION","QC",'G0A 3V0,CA,.19,"DHL Parcel Intl Standard","",',"EN ROUTE TO DHL ECOMMERCE",03:34:22 AM,5345286,'33882101099614801,"1584 CARROLL ST."
'GM555348587000079233,',"01/09/2021 03:31:19 AM",MANON LALLEMAND,"2265 RUE PRINCIPALE","","LABRECQUE","QC",'G0W 2S0,CA,.19,"DHL Parcel Intl Standard","",',"EN ROUTE TO DHL ECOMMERCE",03:34:22 AM,5345286,'33882101099614796,"1584 CARROLL ST."
'GM555348587000079271,',"01/09/2021 03:31:19 AM",JONATHAN OUELLLET,"3697 RTE DE L'AÉROPORT","","QUÉBEC","QC",'G3K 1V1,CA,.19,"DHL Parcel Intl Standard","",',"EN ROUTE TO DHL ECOMMERCE",03:34:22 AM,5345286,'33882101099614930,"1584 CARROLL ST."
'GM555348587000079264,',"01/09/2021 03:31:19 AM",MATHIEU BERVALDI,"4817A RUE GARNIER MONTREAL QC RUE","","MONTRÉAL","QC",'H2J 3S8,CA,.19,"DHL Parcel Intl Standard","",',"EN ROUTE TO DHL ECOMMERCE",03:34:22 AM,5345286,'33882101099614917,"1584 CARROLL ST."
'GM555348587000079493,',"01/09/2021 03:31:19 AM",HANCESCA ALTIDOR,"2692 RUE MODUGNO APP 2","","SAINT-LAURENT","QC",'H4R 1Z9,CA,.19,"DHL Parcel Intl Standard","",',"EN ROUTE TO DHL ECOMMERCE",03:34:22 AM,5345286,'33882101099614797,"1584 CARROLL ST."
'GM555348587000079578,',"01/09/2021 03:31:19 AM",SARAH MONTPLAISIR,"770 26 RUE","","POINTE-CALUMET","QC",'J0N 1G1,CA,.19,"DHL Parcel Intl Standard","",',"EN ROUTE TO DHL ECOMMERCE",03:34:22 AM,5345286,'33882101099614916,"1584 CARROLL ST."
'GM555348587000079448,',"01/09/2021 03:31:19 AM",LARA GULAKOVA,"169 RUE PAUL-LAPLANTE","","SAINT-JEAN-SUR-RICHELIEU","QC",'J2W 2W9,CA,.19,"DHL Parcel Intl Standard","",',"EN ROUTE TO DHL ECOMMERCE",03:34:22 AM,5345286,'33882101099614802,"1584 CARROLL ST."
'GM555348587000079318,',"01/09/2021 03:31:19 AM",OLIVIER CRUSSON,"3724 BOUL GAREAU","","SAINT-HUBERT","QC",'J3Y 0M2,CA,.19,"DHL Parcel Intl Standard","",',"EN ROUTE TO DHL ECOMMERCE",03:34:22 AM,5345286,'33882101099614919,"1584 CARROLL ST."
'GM555348587000079219,',"01/09/2021 03:31:19 AM",WENDY TWERDUN,"5675 BOUL MARIE-VICTORIN","","BROSSARD","QC",'J4W 1A2,CA,.19,"DHL Parcel Intl Standard","",',"EN ROUTE TO DHL ECOMMERCE",03:34:22 AM,5345286,'33882101099614793,"1584 CARROLL ST."
'GM555348587000079561,',"01/09/2021 03:31:19 AM",CLAUDE PERREAULT,"1213 RUE RÉMIGNY","","REPENTIGNY","QC",'J5Y 3M8,CA,.19,"DHL Parcel Intl Standard","",',"EN ROUTE TO DHL ECOMMERCE",03:34:22 AM,5345286,'33882101099614790,"1584 CARROLL ST."
'GM555348587000079530,',"01/09/2021 03:31:19 AM",ADRIEN VERRON,"213 RUE CORBEIL","","REPENTIGNY","QC",'J5Z 4K3,CA,.19,"DHL Parcel Intl Standard","",',"EN ROUTE TO DHL ECOMMERCE",03:34:22 AM,5345286,'33882101099614931,"1584 CARROLL ST."
'GM555348587000079585,',"01/09/2021 03:31:19 AM",JEAN-PHILIPPE TREMBLAY,"2169 RUE FLORENT","","TERREBONNE","QC",'J6W 6A9,CA,.19,"DHL Parcel Intl Standard","",',"EN ROUTE TO DHL ECOMMERCE",03:34:22 AM,5345286,'33882101099614787,"1584 CARROLL ST."
'GM555348587000079202,',"01/09/2021 03:31:19 AM",DAVID BARIL,"13680 RUE LATREILLE","","MIRABEL","QC",'J7N 1P7,CA,.19,"DHL Parcel Intl Standard","",',"EN ROUTE TO DHL ECOMMERCE",03:34:22 AM,5345286,'33882101099614920,"1584 CARROLL ST."
'GM555348587000079394,',"01/09/2021 03:31:19 AM",NATALIE DZEPINA NATALIE DZEPIN,"304-85 RUE MAURICE AVELINE","","SAINTE-ADÈLE","QC",'J8B 2M8,CA,.19,"DHL Parcel Intl Standard","",',"EN ROUTE TO DHL ECOMMERCE",03:34:22 AM,5345286,'33882101099614794,"1584 CARROLL ST."
'GM555348587000079431,',"01/09/2021 03:31:19 AM",CATHY SCARABELLI,"6113 JAMES BELL DR","","MANOTICK","ON",'K4M 1B3,CA,.19,"DHL Parcel Intl Standard","",',"EN ROUTE TO DHL ECOMMERCE",03:34:22 AM,5345286,'33882101099614918,"1584 CARROLL ST."
'GM555348587000079554,',"01/09/2021 03:31:19 AM",GABBY BELZILE,"19 LENNOX ST","","KINGSTON","ON",'K7M 4S1,CA,.19,"DHL Parcel Intl Standard","",',"EN ROUTE TO DHL ECOMMERCE",03:34:22 AM,5345286,'33882101099614929,"1584 CARROLL ST."
'GM555348587000079486,',"01/09/2021 03:31:19 AM",BOBBY A SMITH,"1072 OLD COLONY RD","","KINGSTON","ON",'K7P 1M5,CA,.19,"DHL Parcel Intl Standard","",',"EN ROUTE TO DHL ECOMMERCE",03:34:22 AM,5345286,'33882101099614805,"1584 CARROLL ST."
'GM555348587000079356,',"01/09/2021 03:31:19 AM",JULIE STEVENSON,"516 NUTHATCH DR","","PETAWAWA","ON",'K8H 0A8,CA,.19,"DHL Parcel Intl Standard","",',"EN ROUTE TO DHL ECOMMERCE",03:34:22 AM,5345286,'33882101099614925,"1584 CARROLL ST."
'GM555348587000079516,',"01/09/2021 03:31:19 AM",TAYLOR KEMP,"89 GEORGE ST","","VICTORIA HARBOUR","ON",'L0K 2A0,CA,.19,"DHL Parcel Intl Standard","",',"EN ROUTE TO DHL ECOMMERCE",03:34:22 AM,5345286,'33882101099614926,"1584 CARROLL ST."
'GM555348587000079387,',"01/09/2021 03:31:19 AM",PRISCILLA MARR,"35 IVY CRES","","STOUFFVILLE","ON",'L4A 5B1,CA,.19,"DHL Parcel Intl Standard","",',"EN ROUTE TO DHL ECOMMERCE",03:34:22 AM,5345286,'33882101099614810,"1584 CARROLL ST."
'GM555348587000079615,',"01/09/2021 03:31:19 AM",NICOLE GUEGUEIRRE,"3 PHILIPS VIEW CRES","","RICHMOND HILL","ON",'L4E 0M1,CA,.19,"DHL Parcel Intl Standard","",',"EN ROUTE TO DHL ECOMMERCE",03:34:22 AM,5345286,'33882101099614924,"1584 CARROLL ST."
'GM555348587000079240,',"01/09/2021 03:31:19 AM",GREG LINESS,"82 LETITIA ST","","BARRIE","ON",'L4N 1P1,CA,.19,"DHL Parcel Intl Standard","",',"EN ROUTE TO DHL ECOMMERCE",03:34:22 AM,5345286,'33882101099614803,"1584 CARROLL ST."
'GM555348587000079479,',"01/09/2021 03:31:19 AM",KAREN LAUZON,"7 GREENWICH ST UNIT 204","","BARRIE","ON",'L4N 7Y8,CA,.19,"DHL Parcel Intl Standard","",',"EN ROUTE TO DHL ECOMMERCE",03:34:22 AM,5345286,'33882101099614928,"1584 CARROLL ST."
'GM555348587000079295,',"01/09/2021 03:31:19 AM",KRISHMA MANANDHAR,"2920 HEADON FOREST DR UNIT 18","","BURLINGTON","ON",'L7M 4H1,CA,.19,"DHL Parcel Intl Standard","",',"EN ROUTE TO DHL ECOMMERCE",03:34:22 AM,5345286,'33882101099614791,"1584 CARROLL ST."
'GM555348587000079196,',"01/09/2021 03:31:19 AM",GEORGINA MITROPOULOS,"DUNDAS","3 SOBLE PL","DUNDAS","ON",'L9H 6V3,CA,.19,"DHL Parcel Intl Standard","",',"EN ROUTE TO DHL ECOMMERCE",03:34:22 AM,5345286,'33882101099614795,"1584 CARROLL ST."
'GM555348587000079363,',"01/09/2021 03:31:19 AM",CRISTINA GIRALDO,"404-12 BATER AVE","","TORONTO","ON",'M4K 2C3,CA,.19,"DHL Parcel Intl Standard","",',"EN ROUTE TO DHL ECOMMERCE",03:34:22 AM,5345286,'33882101099614914,"1584 CARROLL ST."
'GM555348587000079332,',"01/09/2021 03:31:19 AM",YULIYA KRAMARENKO,"ETOBICOKE ONTARIO CANADA","39-26 APPLEWOOD LANE","TORONTO","ON",'M9C 0C1,CA,.19,"DHL Parcel Intl Standard","",',"EN ROUTE TO DHL ECOMMERCE",03:34:22 AM,5345286,'33882101099614923,"1584 CARROLL ST."
'GM555348587000079349,',"01/09/2021 03:31:19 AM",SONDRA SCOTT,"540 WEBSTER ST","","PALMERSTON","ON",'N0G2P0,CA,.19,"DHL Parcel Intl Standard","",',"EN ROUTE TO DHL ECOMMERCE",03:34:22 AM,5345286,'33882101099614806,"1584 CARROLL ST."
'GM555348587000079301,',"01/09/2021 03:31:19 AM",CHRIS MAKOHN,"206 CHARLES ST","","STRATFORD","ON",'N5A 5Y2,CA,.19,"DHL Parcel Intl Standard","",',"EN ROUTE TO DHL ECOMMERCE",03:34:22 AM,5345286,'33882101099614798,"1584 CARROLL ST."
'GM555348587000079509,',"01/09/2021 03:31:19 AM",ALEXANDRIA LIGHTBODY,"456 CHAMBERS DR","","WINDSOR","ON",'N8N 4R5,CA,.19,"DHL Parcel Intl Standard","",',"EN ROUTE TO DHL ECOMMERCE",03:34:22 AM,5345286,'33882101099614811,"1584 CARROLL ST."
'GM555348587000079424,',"01/09/2021 03:31:19 AM",SARAH PARCHER,"98 POLLOCK ST","","KIRKLAND LAKE","ON",'P2N 1Y9,CA,.19,"DHL Parcel Intl Standard","",',"EN ROUTE TO DHL ECOMMERCE",03:34:22 AM,5345286,'33882101099614792,"1584 CARROLL ST."
'GM555348587000079455,',"01/09/2021 03:31:19 AM",TANJA ENNS,"18 ASPEN ONE DR","","STEINBACH","MB",'R5G 0M1,CA,.19,"DHL Parcel Intl Standard","",',"EN ROUTE TO DHL ECOMMERCE",03:34:22 AM,5345286,'33882101099614927,"1584 CARROLL ST."
'GM555348587000079288,',"01/09/2021 03:31:19 AM",ELAINE BEHIEL,"204-221 CAMERON RD SE","","MEDICINE HAT","AB",'T1B 4B5,CA,.19,"DHL Parcel Intl Standard","",',"EN ROUTE TO DHL ECOMMERCE",03:34:22 AM,5345286,'33882101099614809,"1584 CARROLL ST."
'GM555348587000079257,',"01/09/2021 03:31:19 AM",GEORGE MCFAUL,"2628 COCHRANE RD NW","","CALGARY","AB",'T2M 4H7,CA,.19,"DHL Parcel Intl Standard","",',"EN ROUTE TO DHL ECOMMERCE",03:34:22 AM,5345286,'33882101099614788,"1584 CARROLL ST."
'GM555348587000079592,',"01/09/2021 03:31:19 AM",TERRY HAMILTON,"112 BRIGHTONSTONE BAY SE","","CALGARY","AB",'T2Z 4B2,CA,.19,"DHL Parcel Intl Standard","",',"EN ROUTE TO DHL ECOMMERCE",03:34:22 AM,5345286,'33882101099614915,"1584 CARROLL ST."
'GM555348587000079608,',"01/09/2021 03:31:19 AM",SHELDON GOOD,"3327 36 AVE SW","","CALGARY","AB",'T3E 1C2,CA,.19,"DHL Parcel Intl Standard","",',"EN ROUTE TO DHL ECOMMERCE",03:34:22 AM,5345286,'33882101099614799,"1584 CARROLL ST."
'GM555348587000079189,',"01/09/2021 03:31:19 AM",DENILLE GARCIA,"247 AUBURN SHORES LANDNG SE","","CALGARY","AB",'T3M 2A6,CA,.19,"DHL Parcel Intl Standard","",',"EN ROUTE TO DHL ECOMMERCE",03:34:22 AM,5345286,'33882101099614804,"1584 CARROLL ST."
'GM555348587000079523,',"01/09/2021 03:31:19 AM",BART FRASCA,"10 SLEIGH DR","","REDWOOD MEADOWS","AB",'T3Z 1A1,CA,.19,"DHL Parcel Intl Standard","",',"EN ROUTE TO DHL ECOMMERCE",03:34:22 AM,5345286,'33882101099614808,"1584 CARROLL ST."
'GM555348587000079417,',"01/09/2021 03:31:19 AM",LORA GERBER,"PO BOX 6413 STN MAIN","","DRAYTON VALLEY","AB",'T7A 1R8,CA,.19,"DHL Parcel Intl Standard","",',"EN ROUTE TO DHL ECOMMERCE",03:34:22 AM,5345286,'33882101099614922,"1584 CARROLL ST."
'GM555348587000079325,',"01/09/2021 03:31:19 AM",DANIELLE GABRIEL,"169 BLACK BEAR CRES","","FORT MCMURRAY","AB",'T9K 2J5,CA,.19,"DHL Parcel Intl Standard","",',"EN ROUTE TO DHL ECOMMERCE",03:34:22 AM,5345286,'33882101099614800,"1584 CARROLL ST."
'GM555348587000079370,',"01/09/2021 03:31:19 AM",ETHAN KOKE,"419-1485 PARKWAY BLVD","","COQUITLAM","BC",'V3E 3E6,CA,.19,"DHL Parcel Intl Standard","",',"EN ROUTE TO DHL ECOMMERCE",03:34:22 AM,5345286,'33882101099614786,"1584 CARROLL ST."
'GM555348587000079400,',"01/09/2021 03:31:19 AM",BELLA HOTCHIN,"302-2565 BEACH DR","","VICTORIA","BC",'V8R 6K3,CA,.19,"DHL Parcel Intl Standard","",',"EN ROUTE TO DHL ECOMMERCE",03:34:22 AM,5345286,'33882101099614789,"1584 CARROLL ST."
'GM555348587000079226,',"01/09/2021 03:31:19 AM",CINDY DAVIDSON,"125 ARBUTUS CRES","","LADYSMITH","BC",'V9G 1T8,CA,.19,"DHL Parcel Intl Standard","",',"EN ROUTE TO DHL ECOMMERCE",03:34:22 AM,5345286,'33882101099614921,"1584 CARROLL ST."