Customer Confirmation Number,Delivery Confirmation Number,Receive Date,Recipient Name,Address Line 1,Address Line 2,City,State,Zip or Postal Code,Country,Weight (LBs),Mail Product Name,Customer Reference,BOL Number,Last Event Description,Last Event Time,Pickup Account Number,DHL Tracking Number,Pickup Address
'GM555348587000081908,',"04/07/2021 03:25:06 AM",NICOLA KEAN,"U 13  196-202 WYNDHAM ST","","ALEXANDRIA","NSW",'2015,AU,.19,"DHL Parcel Intl Standard","",',"EN ROUTE TO DHL ECOMMERCE",03:30:13 AM,5345286,'33882104071312693,"1584 CARROLL ST."
'GM555348587000081946,',"04/07/2021 03:25:06 AM",KELLY VELLA,"13 PALM VALLEY RD","","TUMBI UMBI","NSW",'2261,AU,.19,"DHL Parcel Intl Standard","",',"EN ROUTE TO DHL ECOMMERCE",03:30:13 AM,5345286,'33882104071312696,"1584 CARROLL ST."
'GM555348587000081878,',"04/07/2021 03:25:06 AM",CARA RIGBY,"13 SHARMAN CT","","BUNDOORA","VIC",'3083,AU,.19,"DHL Parcel Intl Standard","",',"EN ROUTE TO DHL ECOMMERCE",03:30:13 AM,5345286,'33882104071312699,"1584 CARROLL ST."
'GM555348587000081939,',"04/07/2021 03:25:06 AM",KIM FORTE,"64 MAIR ST E","","BAKERY HILL","VIC",'3350,AU,.19,"DHL Parcel Intl Standard","",',"EN ROUTE TO DHL ECOMMERCE",03:30:13 AM,5345286,'33882104071312692,"1584 CARROLL ST."
'GM555348587000081922,',"04/07/2021 03:25:06 AM",CHRISTINE MISCHKE,"723  723 STAPYLTON JACOBS WELL RD","","WOONGOOLBA","QLD",'4207,AU,.19,"DHL Parcel Intl Standard","",',"EN ROUTE TO DHL ECOMMERCE",03:30:13 AM,5345286,'33882104071312694,"1584 CARROLL ST."
'GM555348587000081885,',"04/07/2021 03:25:06 AM",NICOLA GARNEYS,"27 CREEKSIDE ESP","","COOLOOLA COVE","QLD",'4580,AU,.19,"DHL Parcel Intl Standard","",',"EN ROUTE TO DHL ECOMMERCE",03:30:13 AM,5345286,'33882104071312698,"1584 CARROLL ST."
'GM555348587000081892,',"04/07/2021 03:25:06 AM",SHARON GREENHALGH,"86  86 SEA PARK RD","","BURNETT HEADS","QLD",'4670,AU,.19,"DHL Parcel Intl Standard","",',"EN ROUTE TO DHL ECOMMERCE",03:30:13 AM,5345286,'33882104071312695,"1584 CARROLL ST."
'GM555348799000001316,',"04/07/2021 03:25:06 AM",BOBBIE LEE,"A-518 JIN YU CHENG BUILDING YANGMEI BANTIAN STREET","LONGGANG DISTRICT","SHENZHEN","",'518129,CN,.5,"DHL Parcel Intl Standard","",',"EN ROUTE TO DHL ECOMMERCE",03:30:13 AM,5345286,'33882104071309221,"1584 CARROLL ST."
'GM555348587000081915,',"04/07/2021 03:25:06 AM",KYLIE JENNINGS,"478 ROSEDALE RD","","ROSEDALE","SA",'5350,AU,.19,"DHL Parcel Intl Standard","",',"EN ROUTE TO DHL ECOMMERCE",03:30:13 AM,5345286,'33882104071312697,"1584 CARROLL ST."