Customer Confirmation Number,Delivery Confirmation Number,Receive Date,Recipient Name,Address Line 1,Address Line 2,City,State,Zip or Postal Code,Country,Weight (LBs),Mail Product Name,Customer Reference,BOL Number,Last Event Description,Last Event Time,Pickup Account Number,DHL Tracking Number,Pickup Address
','9374869903506361616387,"02/23/2021 10:57:13 AM",,"131 Hudson Ave Apt 3D","","Red Bank","NJ",'07701-2159,US,.0666,"DHL SM Parcel Expedited","",'535816410223161023651,"EN ROUTE TO DHL ECOMMERCE",11:16:16 AM,5358164,'33872102234416051,"50 Lawrence ave"
','9374869903506361439962,"02/23/2021 10:35:53 AM",,"2039 Gates Ave Apt 3L","","Ridgewood","NY",'11385-3014,US,.0622,"DHL SM Parcel Expedited","",'535816410223161023651,"EN ROUTE TO DHL ECOMMERCE",11:16:16 AM,5358164,'33872102234416043,"50 Lawrence ave"
','9374869903506360860071,"02/23/2021 09:20:21 AM",,"6712 Townline Rd","","North Tonawanda","NY",'14120-9511,US,.0622,"DHL SM Parcel Expedited","",'535816410223161023651,"EN ROUTE TO DHL ECOMMERCE",11:16:16 AM,5358164,'33872102234416056,"50 Lawrence ave"
','9374869903506361608689,"02/23/2021 10:56:25 AM",,"3801 Kenilworth Ave Apt 407E","","Bladensburg","MD",'20710-2132,US,.0666,"DHL SM Parcel Expedited","",'535816410223161023651,"EN ROUTE TO DHL ECOMMERCE",11:16:16 AM,5358164,'33872102234416050,"50 Lawrence ave"
','9374869903506361511026,"02/23/2021 10:45:50 AM",,"4405 STAMP ACT LN","","VIRGINIA BCH","VA",'23462-2324,US,.0622,"DHL SM Parcel Expedited","",'535816410223161023651,"EN ROUTE TO DHL ECOMMERCE",11:16:16 AM,5358164,'33872102234416054,"50 Lawrence ave"
','9374869903506361494992,"02/23/2021 10:43:16 AM",,"802 Sunset Rd","","Cherryville","NC",'28021-2751,US,.0622,"DHL SM Parcel Expedited","",'535816410223161023651,"EN ROUTE TO DHL ECOMMERCE",11:16:16 AM,5358164,'33872102234416042,"50 Lawrence ave"
','9374869903506361613089,"02/23/2021 10:56:40 AM",,"3002 N FLOYD AVE","","LUMBERTON","NC",'28358-2943,US,.0666,"DHL SM Parcel Expedited","",'535816410223161023651,"EN ROUTE TO DHL ECOMMERCE",11:16:16 AM,5358164,'33872102234416048,"50 Lawrence ave"
','9374869903506360868640,"02/23/2021 09:21:24 AM",,"672 Edwards Rd","","Quincy","FL",'32351-7530,US,.0622,"DHL SM Parcel Expedited","",'535816410223161023651,"EN ROUTE TO DHL ECOMMERCE",11:16:16 AM,5358164,'33872102234416059,"50 Lawrence ave"
','9374869903506361609051,"02/23/2021 10:56:10 AM",,"450 Amity Ave","","Cocoa","FL",'32927-8716,US,.0666,"DHL SM Parcel Expedited","",'535816410223161023651,"EN ROUTE TO DHL ECOMMERCE",11:16:16 AM,5358164,'33872102234416049,"50 Lawrence ave"
','9374869903506361453241,"02/23/2021 10:37:28 AM",,"2210 NW 167th Ave Apt 09-205","","Pembroke Pines","FL",'33028-1877,US,.0622,"DHL SM Parcel Expedited","",'535816410223161023651,"EN ROUTE TO DHL ECOMMERCE",11:16:16 AM,5358164,'33872102234416044,"50 Lawrence ave"
','9374869903506361546301,"02/23/2021 10:49:30 AM",,"110 Harbor Lake Cir","","Greenacres","FL",'33413-2125,US,.0622,"DHL SM Parcel Expedited","",'535816410223161023651,"EN ROUTE TO DHL ECOMMERCE",11:16:16 AM,5358164,'33872102234416055,"50 Lawrence ave"
','9374869903506360556912,"02/23/2021 08:35:59 AM",,"1400 NW 9th Ave Apt 16","","Boca Raton","FL",'33486-1326,US,.1332,"DHL SM Parcel Expedited","",'535816410223161023651,"EN ROUTE TO DHL ECOMMERCE",11:16:16 AM,5358164,'33872102234416061,"50 Lawrence ave"
','9374869903506361562011,"02/23/2021 10:51:28 AM",,"3120 Catron Ln","","Morristown","TN",'37814-2511,US,.0666,"DHL SM Parcel Expedited","",'535816410223161023651,"EN ROUTE TO DHL ECOMMERCE",11:16:16 AM,5358164,'33872102234416046,"50 Lawrence ave"
','9374869903506360878717,"02/23/2021 09:22:45 AM",,"2305 Decamp Ave","","Elkhart","IN",'46517-2416,US,.0622,"DHL SM Parcel Expedited","",'535816410223161023651,"EN ROUTE TO DHL ECOMMERCE",11:16:16 AM,5358164,'33872102234416058,"50 Lawrence ave"
','9374869903506361558915,"02/23/2021 10:51:00 AM",,"13763 Heritage Rd","","Sterling Heights","MI",'48312-6531,US,.0666,"DHL SM Parcel Expedited","",'535816410223161023651,"EN ROUTE TO DHL ECOMMERCE",11:16:16 AM,5358164,'33872102234416053,"50 Lawrence ave"
','9374869903506361460508,"02/23/2021 10:38:35 AM",,"7651 Jesup St","","Indianola","IA",'50125-7288,US,.0622,"DHL SM Parcel Expedited","",'535816410223161023651,"EN ROUTE TO DHL ECOMMERCE",11:16:16 AM,5358164,'33872102234416045,"50 Lawrence ave"
','9374869903506361631717,"02/23/2021 10:58:45 AM",,"PO Box 1111","","Darby","MT",'59829-1111,US,.1332,"DHL SM Parcel Expedited","",'535816410223161023651,"EN ROUTE TO DHL ECOMMERCE",11:16:16 AM,5358164,'33872102234416041,"50 Lawrence ave"
','9374869903506361631366,"02/23/2021 10:58:27 AM",,"71180 Bay Dr","","Covington","LA",'70433-6930,US,.0666,"DHL SM Parcel Expedited","",'535816410223161023651,"EN ROUTE TO DHL ECOMMERCE",11:16:16 AM,5358164,'33872102234416040,"50 Lawrence ave"
','9374869903506361521612,"02/23/2021 10:47:07 AM",,"1018 E 4th St","","National City","CA",'91950-1506,US,.0622,"DHL SM Parcel Expedited","",'535816410223161023651,"EN ROUTE TO DHL ECOMMERCE",11:16:16 AM,5358164,'33872102234416052,"50 Lawrence ave"
','9374869903506360810649,"02/23/2021 09:14:27 AM",,"1209 Shafter Ave","","Pacific Grove","CA",'93950-5526,US,.0622,"DHL SM Parcel Expedited","",'535816410223161023651,"EN ROUTE TO DHL ECOMMERCE",11:16:16 AM,5358164,'33872102234416060,"50 Lawrence ave"
','9374869903506360898111,"02/23/2021 09:25:02 AM",,"1505 E Sonora St","","Stockton","CA",'95205-6112,US,.0622,"DHL SM Parcel Expedited","",'535816410223161023651,"EN ROUTE TO DHL ECOMMERCE",11:16:16 AM,5358164,'33872102234416057,"50 Lawrence ave"
','9374869903506361630109,"02/23/2021 10:58:14 AM",,"4440 Oakhollow Dr Apt 107","","Sacramento","CA",'95842-4003,US,.0666,"DHL SM Parcel Expedited","",'535816410223161023651,"EN ROUTE TO DHL ECOMMERCE",11:16:16 AM,5358164,'33872102234416039,"50 Lawrence ave"
','9374869903506361555617,"02/23/2021 10:50:45 AM",,"1918 Sleater Kinney Rd NE","","Olympia","WA",'98506-3735,US,.0666,"DHL SM Parcel Expedited","",'535816410223161023651,"EN ROUTE TO DHL ECOMMERCE",11:16:16 AM,5358164,'33872102234416047,"50 Lawrence ave"
'48A8047BBCD94BC7A7E692C82,',"02/23/2021 10:59:55 AM",,"19 Australia drive","","brampton","ON",'L6R3E4,CA,.0662,"DHL Parcel Intl Standard","",'42580579,"EN ROUTE TO DHL ECOMMERCE",11:16:16 AM,5358164,'33872102234413540,"50 Lawrence ave"