Customer Confirmation Number,Delivery Confirmation Number,Receive Date,Recipient Name,Address Line 1,Address Line 2,City,State,Zip or Postal Code,Country,Weight (LBs),Mail Product Name,Customer Reference,BOL Number,Last Event Description,Last Event Time,Pickup Account Number,DHL Tracking Number,Pickup Address
'GM555348799000001194,',"02/18/2021 03:49:42 AM",CAROLINE BOLT,"FLAT 2","11 MAPLETON CRESCENT","LONDON","SURREY",'SW18 4GY,GB,1,"DHL Parcel Intl Standard","",',"EN ROUTE TO DHL ECOMMERCE",03:54:29 AM,5345286,'33882102184045584,"1584 CARROLL ST."
','9374869903506336913336,"02/18/2021 10:01:20 AM",,"305 Suburban Ave","","Fairfield","CT",'06825-1851,US,.0666,"DHL SM Parcel Expedited","",'535816410218150823851,"EN ROUTE TO DHL ECOMMERCE",10:14:59 AM,5358164,'33872102184511006,"50 Lawrence ave"
','9374869903506336786657,"02/18/2021 09:40:37 AM",,"3574 DeKalb Ave Apt 4L","","Bronx","NY",'10467-1177,US,.0622,"DHL SM Parcel Expedited","",'535816410218150823851,"EN ROUTE TO DHL ECOMMERCE",10:14:59 AM,5358164,'33872102184511013,"50 Lawrence ave"
','9374869903506336666454,"02/18/2021 09:16:04 AM",,"5 Montrose Ln","","East Northport","NY",'11731-1356,US,.0622,"DHL SM Parcel Expedited","",'535816410218150823851,"EN ROUTE TO DHL ECOMMERCE",10:14:59 AM,5358164,'33872102184511017,"50 Lawrence ave"
','9374869903506336920983,"02/18/2021 10:02:26 AM",,"662 Cokesbury Ave","","Baltimore","MD",'21218-5418,US,.0666,"DHL SM Parcel Expedited","",'535816410218150823851,"EN ROUTE TO DHL ECOMMERCE",10:14:59 AM,5358164,'33872102184511001,"50 Lawrence ave"
','9374869903506336945573,"02/18/2021 10:06:27 AM",,"1012 Hillside Ave # B","","Norfolk","VA",'23503-2008,US,.0622,"DHL SM Parcel Expedited","",'535816410218150823851,"EN ROUTE TO DHL ECOMMERCE",10:14:59 AM,5358164,'33872102184511005,"50 Lawrence ave"
','9374869903506336671069,"02/18/2021 09:17:49 AM",,"4606 Cedar Cliff Rd","","Chester","VA",'23831-6780,US,.0622,"DHL SM Parcel Expedited","",'535816410218150823851,"EN ROUTE TO DHL ECOMMERCE",10:14:59 AM,5358164,'33872102184511018,"50 Lawrence ave"
','9374869903506336862269,"02/18/2021 09:53:57 AM",,"4028 Fountain Grove Dr","","High Point","NC",'27265-8058,US,.0622,"DHL SM Parcel Expedited","",'535816410218150823851,"EN ROUTE TO DHL ECOMMERCE",10:14:59 AM,5358164,'33872102184511016,"50 Lawrence ave"
','9374869903506336680917,"02/18/2021 09:19:35 AM",,"511 Orange St","","Wilmington","NC",'28401-4659,US,.0622,"DHL SM Parcel Expedited","",'535816410218150823851,"EN ROUTE TO DHL ECOMMERCE",10:14:59 AM,5358164,'33872102184511014,"50 Lawrence ave"
'1518D5314ACA4EFD97A6C9C0D,',"02/18/2021 10:05:25 AM",,"17 Prismatic Pl","","Leopold","VIC",'3224,AU,.1325,"DHL Parcel Intl Standard","",'46197855,"EN ROUTE TO DHL ECOMMERCE",10:14:59 AM,5358164,'33872102184511019,"50 Lawrence ave"
','9374869903506336782635,"02/18/2021 09:39:36 AM",,"186 LIBERTY LN","","APPLETON","WI",'54915-8132,US,.0622,"DHL SM Parcel Expedited","",'535816410218150823851,"EN ROUTE TO DHL ECOMMERCE",10:14:59 AM,5358164,'33872102184511012,"50 Lawrence ave"
','9374869903506336829538,"02/18/2021 09:48:54 AM",,"1153 Mississippi St NE","","Minneapolis","MN",'55432-4654,US,.0622,"DHL SM Parcel Expedited","",'535816410218150823851,"EN ROUTE TO DHL ECOMMERCE",10:14:59 AM,5358164,'33872102184511009,"50 Lawrence ave"
','9374869903506336956142,"02/18/2021 10:07:29 AM",,"3019 Countryside Dr","","Belvidere","IL",'61008-9030,US,.0666,"DHL SM Parcel Expedited","",'535816410218150823851,"EN ROUTE TO DHL ECOMMERCE",10:14:59 AM,5358164,'33872102184511007,"50 Lawrence ave"
','9374869903506336790210,"02/18/2021 09:41:23 AM",,"513 W 26th St","","Higginsville","MO",'64037-1803,US,.0622,"DHL SM Parcel Expedited","",'535816410218150823851,"EN ROUTE TO DHL ECOMMERCE",10:14:59 AM,5358164,'33872102184511010,"50 Lawrence ave"
','9374869903506336916061,"02/18/2021 10:01:51 AM",,"823 Comanche Dr","","Abita Springs","LA",'70420-3346,US,.0666,"DHL SM Parcel Expedited","",'535816410218150823851,"EN ROUTE TO DHL ECOMMERCE",10:14:59 AM,5358164,'33872102184511002,"50 Lawrence ave"
','9374869903506336884940,"02/18/2021 09:56:52 AM",,"PO Box 252","","De Leon","TX",'76444-0252,US,.0622,"DHL SM Parcel Expedited","",'535816410218150823851,"EN ROUTE TO DHL ECOMMERCE",10:14:59 AM,5358164,'33872102184511011,"50 Lawrence ave"
','9374869903506336825950,"02/18/2021 09:48:06 AM",,"39641 N Luke Ln","","San Tan Valley","AZ",'85140-5687,US,.0622,"DHL SM Parcel Expedited","",'535816410218150823851,"EN ROUTE TO DHL ECOMMERCE",10:14:59 AM,5358164,'33872102184511008,"50 Lawrence ave"
','9374869903506336919758,"02/18/2021 10:02:37 AM",,"840 W Carmelita Ave","","Montebello","CA",'90640-5503,US,.0666,"DHL SM Parcel Expedited","",'535816410218150823851,"EN ROUTE TO DHL ECOMMERCE",10:14:59 AM,5358164,'33872102184511003,"50 Lawrence ave"
','9374869903506336849314,"02/18/2021 09:51:53 AM",,"515 Rush Dr Apt 65","","San Marcos","CA",'92078-7956,US,.0622,"DHL SM Parcel Expedited","",'535816410218150823851,"EN ROUTE TO DHL ECOMMERCE",10:14:59 AM,5358164,'33872102184511015,"50 Lawrence ave"
','9374869903506336841899,"02/18/2021 09:50:34 AM",,"143 Clovis Ave","Com Fort Suites","Clovis","CA",'93612-1113,US,.0622,"DHL SM Parcel Expedited","",'535816410218150823851,"EN ROUTE TO DHL ECOMMERCE",10:14:59 AM,5358164,'33872102184511000,"50 Lawrence ave"
','9374869903506336842339,"02/18/2021 09:51:00 AM",,"143 Clovis Ave","Com Fort Suites","Clovis","CA",'93612-1113,US,.0622,"DHL SM Parcel Expedited","",'535816410218150823851,"EN ROUTE TO DHL ECOMMERCE",10:14:59 AM,5358164,'33872102184511004,"50 Lawrence ave"