Customer Confirmation Number,Delivery Confirmation Number,Receive Date,Recipient Name,Address Line 1,Address Line 2,City,State,Zip or Postal Code,Country,Weight (LBs),Mail Product Name,Customer Reference,BOL Number,Last Event Description,Last Event Time,Pickup Account Number,DHL Tracking Number,Pickup Address
'GM555348587000081649,',"03/24/2021 03:10:12 AM",HAYLEY HAYLEY FLOWERS,"PAUL CRESCENT","1/45","BELLS CREEK","QLD",'4551,AU,.19,"DHL Parcel Intl Standard","",',"EN ROUTE TO DHL ECOMMERCE",03:14:34 AM,5345286,'33882103242103626,"1584 CARROLL ST."
','9374869903506517536217,"03/24/2021 10:41:18 AM",,"32 Hahn Ave","","Rochelle Park","NJ",'07662-3502,US,.0666,"DHL SM Parcel Expedited","",'535816410324144623251,"EN ROUTE TO DHL ECOMMERCE",10:48:31 AM,5358164,'33872103242887449,"50 Lawrence ave"
','9374869903506517418032,"03/24/2021 10:25:52 AM",,"40 Harrison St","","Rochester","NY",'14605-3000,US,.0622,"DHL SM Parcel Expedited","",'535816410324144623251,"EN ROUTE TO DHL ECOMMERCE",10:48:31 AM,5358164,'33872103242887438,"50 Lawrence ave"
','9374869903506517552521,"03/24/2021 10:44:00 AM",,"36 E Knowles Ave","","Glenolden","PA",'19036-2104,US,.0622,"DHL SM Parcel Expedited","",'535816410324144623251,"EN ROUTE TO DHL ECOMMERCE",10:48:31 AM,5358164,'33872103242887447,"50 Lawrence ave"
','9374869903506517484440,"03/24/2021 10:35:35 AM",,"8116 Washington Ln","","Wyncote","PA",'19095-1617,US,.0622,"DHL SM Parcel Expedited","",'535816410324144623251,"EN ROUTE TO DHL ECOMMERCE",10:48:31 AM,5358164,'33872103242887437,"50 Lawrence ave"
','9374869903506517543079,"03/24/2021 10:42:27 AM",,"544 Snow Hill Rd","","Stockton","MD",'21864-2108,US,.0666,"DHL SM Parcel Expedited","",'535816410324144623251,"EN ROUTE TO DHL ECOMMERCE",10:48:31 AM,5358164,'33872103242887444,"50 Lawrence ave"
','9374869903506517408491,"03/24/2021 10:25:06 AM",,"1112 Brigadier Dr","","Fredericksburg","VA",'22401-6634,US,.0622,"DHL SM Parcel Expedited","",'535816410324144623251,"EN ROUTE TO DHL ECOMMERCE",10:48:31 AM,5358164,'33872103242887432,"50 Lawrence ave"
','9374869903506517495743,"03/24/2021 10:37:09 AM",,"6115 Tidewater Dr Apt 309","","Norfolk","VA",'23509-0020,US,.0622,"DHL SM Parcel Expedited","",'535816410324144623251,"EN ROUTE TO DHL ECOMMERCE",10:48:31 AM,5358164,'33872103242887441,"50 Lawrence ave"
','9374869903506517537993,"03/24/2021 10:41:38 AM",,"700 LAMMS GROVE RD","","CARTHAGE","NC",'28327-7360,US,.0666,"DHL SM Parcel Expedited","",'535816410324144623251,"EN ROUTE TO DHL ECOMMERCE",10:48:31 AM,5358164,'33872103242887431,"50 Lawrence ave"
','9374869903506517504148,"03/24/2021 10:38:06 AM",,"3018 Sabal Ct","","Murrells Inlet","SC",'29576-8571,US,.0622,"DHL SM Parcel Expedited","",'535816410324144623251,"EN ROUTE TO DHL ECOMMERCE",10:48:31 AM,5358164,'33872103242887435,"50 Lawrence ave"
','9374869903506517476506,"03/24/2021 10:34:33 AM",,"8 Brookvale Dr","","Williamston","SC",'29697-2036,US,.0622,"DHL SM Parcel Expedited","",'535816410324144623251,"EN ROUTE TO DHL ECOMMERCE",10:48:31 AM,5358164,'33872103242887446,"50 Lawrence ave"
'8AF3941A75694EEAA385AF6EC,',"03/24/2021 10:45:34 AM",,"4 Gitsham St","","Lucas","Victoria",'3350,AU,.0662,"DHL Parcel Intl Standard","",'47007932,"EN ROUTE TO DHL ECOMMERCE",10:48:31 AM,5358164,'33872103242887093,"50 Lawrence ave"
','9374869903506517529059,"03/24/2021 10:40:40 AM",,"5142 50th Ave W","","Bradenton","FL",'34210-4902,US,.0666,"DHL SM Parcel Expedited","",'535816410324144623251,"EN ROUTE TO DHL ECOMMERCE",10:48:31 AM,5358164,'33872103242887433,"50 Lawrence ave"
','9374869903506517544984,"03/24/2021 10:42:37 AM",,"516 E Main St","","Jonesborough","TN",'37659-1516,US,.0666,"DHL SM Parcel Expedited","",'535816410324144623251,"EN ROUTE TO DHL ECOMMERCE",10:48:31 AM,5358164,'33872103242887434,"50 Lawrence ave"
','9374869903506517534626,"03/24/2021 10:41:28 AM",,"24 Boyd Rd","","Tylertown","MS",'39667-5560,US,.0666,"DHL SM Parcel Expedited","",'535816410324144623251,"EN ROUTE TO DHL ECOMMERCE",10:48:31 AM,5358164,'33872103242887450,"50 Lawrence ave"
','9374869903506517547916,"03/24/2021 10:43:07 AM",,"2270 S Nye School Rd","","Beloit","WI",'53511-8636,US,.1332,"DHL SM Parcel Expedited","",'535816410324144623251,"EN ROUTE TO DHL ECOMMERCE",10:48:31 AM,5358164,'33872103242887439,"50 Lawrence ave"
','9374869903506517471877,"03/24/2021 10:33:28 AM",,"901 N Bennett St","","Appleton","WI",'54914-3602,US,.0622,"DHL SM Parcel Expedited","",'535816410324144623251,"EN ROUTE TO DHL ECOMMERCE",10:48:31 AM,5358164,'33872103242887442,"50 Lawrence ave"
','9374869903506517545509,"03/24/2021 10:42:47 AM",,"1964 Tower Rd","","Granby","MO",'64844-8245,US,.0666,"DHL SM Parcel Expedited","",'535816410324144623251,"EN ROUTE TO DHL ECOMMERCE",10:48:31 AM,5358164,'33872103242887448,"50 Lawrence ave"
','9374869903506517449036,"03/24/2021 10:30:29 AM",,"105 N Rockisland St Apt 18","","Angleton","TX",'77515-5825,US,.0622,"DHL SM Parcel Expedited","",'535816410324144623251,"EN ROUTE TO DHL ECOMMERCE",10:48:31 AM,5358164,'33872103242887445,"50 Lawrence ave"
','9374869903506517422589,"03/24/2021 10:26:52 AM",,"PO Box 1180","","Helotes","TX",'78023-1180,US,.0622,"DHL SM Parcel Expedited","",'535816410324144623251,"EN ROUTE TO DHL ECOMMERCE",10:48:31 AM,5358164,'33872103242887451,"50 Lawrence ave"
','9374869903506517438030,"03/24/2021 10:29:12 AM",,"1496 E 8th St","","Loveland","CO",'80537-5010,US,.0622,"DHL SM Parcel Expedited","",'535816410324144623251,"EN ROUTE TO DHL ECOMMERCE",10:48:31 AM,5358164,'33872103242887436,"50 Lawrence ave"
','9374869903506517431376,"03/24/2021 10:28:16 AM",,"914 Lombard Dr Apt B","","Redlands","CA",'92374-4400,US,.0622,"DHL SM Parcel Expedited","",'535816410324144623251,"EN ROUTE TO DHL ECOMMERCE",10:48:31 AM,5358164,'33872103242887443,"50 Lawrence ave"
','9374869903506517537368,"03/24/2021 10:41:48 AM",,"642 W Barstow Ave Apt D","","Clovis","CA",'93612-1511,US,.0666,"DHL SM Parcel Expedited","",'535816410324144623251,"EN ROUTE TO DHL ECOMMERCE",10:48:31 AM,5358164,'33872103242887440,"50 Lawrence ave"
'20210324145427100P530S0B,'9374869903506517644295,"03/24/2021 10:54:27 AM",,"20 WHITE ST","","SHREWSBURY","NJ",'077024441,US,.25,"DHL SM Parcel Ground","",'536725110324154523751,"EN ROUTE TO DHL ECOMMERCE",11:49:24 AM,5367251,'33872103243010128,"5818 13TH AVE"
'20210324145312270GX452VM,'9374869903506517635378,"03/24/2021 10:53:14 AM",,"5001 15TH AVE APT 5C","","BROOKLYN","NY",'112193718,US,.5,"DHL SM Parcel Ground","",'536725110324154523751,"EN ROUTE TO DHL ECOMMERCE",11:49:24 AM,5367251,'33872103243010129,"5818 13TH AVE"
'20210324151357551BD1Q3QK,'9361269903506517776266,"03/24/2021 11:14:00 AM",,"6481 FRANZ WARNER PKWY","","WHITSETT","NC",'273779214,US,15,"DHL SM Parcel Plus Ground","",'536725110324154523751,"EN ROUTE TO DHL ECOMMERCE",11:49:24 AM,5367251,'33872103243010127,"5818 13TH AVE"
'20210324153407090FHK5EN0,'9361269903506517931412,"03/24/2021 11:34:09 AM",,"PO BOX 1088","","CUYAHOGA FALLS","OH",'442231088,US,2,"DHL SM Parcel Plus Ground","",'536725110324154523751,"EN ROUTE TO DHL ECOMMERCE",11:49:24 AM,5367251,'33872103243010126,"5818 13TH AVE"
'202103241602188781ZOWTGW,'9361269903506518162440,"03/24/2021 12:02:21 PM",,"3880 W WHEELHOUSE RD","","MILWAUKEE","WI",'532082275,US,5,"DHL SM Parcel Plus Ground","",'536725110324161123751,"EN ROUTE TO DHL ECOMMERCE",12:14:41 PM,5367251,'33872103243068062,"5818 13TH AVE"